Name,Team,Minutes,Primary Position,Secondary Position,Nationality,Age,Height,All Goals,NP Goals,xG,xG/Shot,Shots,Goal Conversion%,Shooting%,Shot Touch%,Penalty Conversion%,PSxG,Assists,xG Assisted,Key Passes,OP Assists,OP xG Assisted,OP Key Passes,SP Assists,SP xG Assisted,SP Key Passes,Scoring Contribution,xG & xG Assisted,Shots & Key Passes,O/U Performance,Dribbles,Successful Dribbles,Failed Dribbles,Dribble%,Fouls Won,Penalty Wins,Dispossessed,Turnovers,Interceptions,PAdj Interceptions,Clearances,PAdj Clearances,Defensive Actions,Aggressive Actions,Blocks/Shot,Defensive Regains,Average DA X,Ball Recov. F2,Ball Recoveries,Tackles,Tack&Int,Tack/DP%,PAdj Tackles,PAdj Tack&Int,Fouls,Dribbles Stopped%,Dribbled Past,Aerial Win%,Aerial Wins,Errors,Pressures,PAdj Pressures,Pressure Regains,Counterpressures,Counterpress Regains,Average Pressure X,Pressures F2,Pressures F2%,Counterpressures F2,Counterpressures F2%,Yellow Cards,2nd Yellows,Red Cards,OP Passes,Passing%,Long Balls,L/R Footedness%,Long Ball%,Pr. Long Balls,UPr. Long Balls,Passes Pressured%,Pr. Pass%,Pr. Pass% Dif.,Average Pass X,Deep Progressions,xGBuildup,xGChain,Carries,Carry%,Carry Length,OP F3 Passes,PintoB,OP Passes Into Box,SP PintoB,Passes Inside Box,Touches In Box,PinTin,Throughballs,Successful Box Cross%,Successful Crosses,Crossing%,Deep Completions,Pass Forward%,Pass Sideways%,Pass Backward%,F3 Pass Forward%,F3 Pass Sideways%,F3 Pass Backward%,Pass Length,Pr. Pass Length,Pass Length Ratio,Pr. Pass Length%,Pr. Pass Length Dif.,Succ. Pass Length,Succ.Pr. Pass Length
Declan Phillips,Bedford Town,337,Right Wing,Right Defensive Midfielder,England,,,0,0,21,3,48,0,55,24,0,22,0,42,40,0,46,44,0,0,0,0,28,43,19,65,81,37,88,63,0,43,41,69,20,35,11,79,82,53,91,46,52,30,86,79,51,21,18,77,8,18,76,60,100,80,11,98,51,99,40,55,42,42,34,22,100,100,11,2,23,75,9,25,35,81,9,69,70,8,16,14,8,41,78,28,69,68,76,71,66,64,0,12,78,93,58,72,12,71,1,97,76,37,27,16,98,22,25,51
Declan Rose,AFC Totton,2366,Right Back,Right Wing Back,England,24.0,,0,0,26,4,56,0,31,42,0,28,89,87,87,65,74,64,97,95,94,64,60,68,64,43,48,40,68,20,0,69,71,45,53,77,80,13,13,76,42,27,74,89,27,31,43,31,37,70,17,64,71,70,100,14,16,37,25,64,31,25,40,27,34,22,100,100,66,9,87,11,23,81,93,37,25,74,50,84,42,45,48,77,27,62,92,74,95,45,31,42,88,50,80,30,43,85,8,53,73,22,52,89,81,14,15,11,86,74
Declan Weeks,Chester,2567,Right Centre Midfielder,Right Defensive Midfielder,Wales,30.0,,41,43,35,10,57,36,33,48,0,36,87,90,97,84,83,97,91,94,92,67,65,82,60,34,36,35,58,43,0,35,66,30,32,57,53,69,64,56,93,60,99,96,77,50,48,79,55,66,17,23,46,51,100,69,65,99,92,99,60,68,66,90,58,55,100,100,85,37,84,20,49,56,88,43,37,45,60,94,86,77,70,70,21,92,95,94,92,76,44,60,81,61,79,77,69,64,38,46,65,45,37,68,37,36,91,3,67,51
Deegan Atherton,Worksop Town FC,1499,Right Back,Right Centre Back,England,27.0,,0,0,22,38,19,0,78,67,0,21,0,27,40,0,28,44,0,0,0,0,18,28,28,11,10,18,29,10,0,68,72,65,52,88,82,49,67,81,96,24,90,99,92,82,63,71,59,84,70,22,83,86,13,45,30,98,47,98,20,29,23,37,29,43,100,100,59,10,81,26,20,90,90,47,19,60,35,93,44,39,23,68,8,59,78,79,78,31,14,32,0,12,84,61,23,92,4,34,83,13,46,87,82,15,52,25,83,86
Demico Burton,Leamington FC,1601,Left Back,Left Wing,England,23.0,180.0,0,0,55,65,45,0,16,43,0,31,0,39,26,0,42,27,0,0,0,0,45,33,8,50,52,51,52,68,0,9,48,53,30,79,66,67,73,80,96,27,55,77,95,81,86,63,43,52,70,42,60,76,14,62,25,98,65,99,24,36,27,42,21,65,100,100,8,0,24,80,4,77,42,61,2,80,36,31,4,8,3,26,98,15,39,27,74,30,54,45,54,21,46,28,34,93,4,32,12,98,45,67,33,17,92,3,59,48
Deniche Hill,Buxton,867,Left Back,Left Wing Back,Bermuda,22.0,173.0,0,0,14,64,9,0,0,75,0,0,0,44,21,0,48,22,0,0,0,0,25,10,21,54,61,48,68,86,0,19,58,81,84,73,83,47,36,34,88,31,52,84,93,91,87,97,95,85,24,47,62,55,100,43,65,95,46,99,25,31,26,43,46,35,100,100,42,60,33,77,51,71,30,29,29,15,37,59,38,34,31,48,88,52,15,17,0,0,12,9,72,100,0,0,0,74,6,85,59,20,82,34,70,57,15,93,36,56
Dennon Lewis,Dorking Wanderers FC,2969,Left Wing Back,Left Midfielder,England,29.0,178.0,67,69,76,59,77,49,88,18,0,86,94,99,96,79,96,91,98,98,96,84,93,92,11,51,46,59,29,14,0,24,37,16,19,43,51,15,8,23,26,76,50,23,19,16,93,33,23,91,57,91,67,48,100,19,36,56,55,98,82,45,80,65,80,62,100,100,33,2,46,57,5,45,75,69,10,72,98,51,71,85,36,39,99,68,95,92,94,88,75,80,77,17,98,35,86,21,58,80,23,26,96,70,51,11,48,8,57,49
Deon Moore,Maidstone United,2301,Centre Forward,Left Centre Forward,England,27.0,179.0,86,88,91,95,73,86,94,13,0,95,84,85,82,87,90,90,0,0,0,89,92,76,50,34,34,38,48,53,88,16,19,20,18,15,17,66,43,20,79,99,43,5,10,12,25,11,12,32,4,83,26,91,100,74,64,98,82,99,99,98,99,94,96,49,100,100,16,11,3,63,19,9,3,97,23,64,99,18,84,88,9,11,81,69,40,45,0,96,91,89,0,100,45,33,97,13,59,87,7,58,94,7,19,90,55,81,9,17
Dermi Lusala,Dagenham & Redbridge,1797,Right Wing Back,Right Back,England,23.0,185.0,73,75,62,80,46,92,40,42,0,55,0,52,72,0,57,77,0,60,66,57,56,54,49,53,45,63,17,61,0,22,52,41,41,67,62,75,79,47,93,41,82,86,83,61,75,78,59,74,83,42,56,67,100,76,61,98,53,99,41,55,45,51,51,70,100,100,33,24,49,11,46,70,44,69,29,50,54,33,43,46,27,38,54,51,74,86,0,54,55,61,0,13,84,82,42,75,13,64,49,21,89,61,60,38,70,37,60,68
Devante Stanley,Hemel Hempstead Town,2212,Right Back,Right Wing Back,England,29.0,,0,0,18,37,15,0,17,64,0,18,0,66,37,0,71,41,0,0,0,0,43,24,9,30,38,25,84,16,0,50,74,43,38,73,70,26,24,40,56,28,78,93,63,48,89,48,39,84,76,73,67,38,100,27,25,80,34,92,24,26,25,30,27,18,100,100,48,4,60,4,5,72,88,19,16,77,56,92,43,33,29,66,92,61,79,81,79,47,15,34,64,36,72,60,27,93,4,34,74,21,53,85,70,8,29,6,73,66
Dillon Morse,South Shields,1486,Right Centre Back,Left Centre Back,England,31.0,178.0,67,69,65,99,15,99,99,81,0,77,0,33,23,0,35,24,0,0,0,50,51,14,45,0,0,0,0,34,0,87,90,27,48,86,98,14,18,79,68,15,12,81,34,26,95,70,57,81,85,88,60,62,100,15,45,67,28,96,13,17,17,17,6,27,100,100,99,97,82,45,78,86,77,39,94,49,20,67,98,96,99,94,79,33,34,37,0,0,30,27,76,100,0,0,23,51,88,22,80,28,17,63,71,63,54,64,68,75
Dillon Senan De Silva,Dagenham & Redbridge,378,Right Wing Back,Right Back,Sri Lanka,24.0,176.0,0,0,16,1,44,0,55,56,0,27,0,89,86,0,93,93,0,0,0,0,60,61,3,72,40,90,2,66,0,16,25,54,61,51,56,58,30,0,83,74,73,67,36,40,95,26,40,26,70,89,60,77,100,58,63,98,62,99,81,77,84,73,81,28,100,100,28,0,29,28,2,64,45,91,2,56,93,49,44,59,23,28,88,47,94,95,89,67,65,73,92,12,99,83,54,62,44,42,57,44,51,67,59,96,36,22,80,54
Dion Kelly-Evans,Chester,1816,Right Back,Left Back,England,29.0,177.0,46,48,50,80,32,64,50,48,0,31,0,31,44,0,30,38,0,72,80,30,38,36,29,10,13,0,100,37,0,63,89,38,42,76,80,44,43,85,92,30,43,74,89,65,96,86,66,68,87,76,50,68,100,39,37,97,69,99,25,29,25,47,23,52,100,100,43,29,60,50,38,74,69,24,21,28,48,70,39,31,25,77,3,52,68,70,72,54,41,48,0,16,72,78,49,82,10,57,68,19,70,65,51,18,51,14,56,51
Djavan Pedro,Southport,490,Centre Forward,Right Centre Forward,England,23.0,182.0,77,79,94,83,92,50,66,3,0,95,88,60,53,90,66,59,0,0,0,84,90,84,26,43,45,45,52,13,0,34,21,11,12,10,12,90,58,0,53,99,60,13,24,15,95,16,12,3,70,90,48,88,100,91,77,93,93,99,99,99,98,95,74,8,100,100,7,1,1,65,44,2,0,95,3,51,96,20,70,84,2,11,90,31,45,51,0,59,95,94,0,100,48,100,47,29,27,91,16,28,98,1,4,99,99,74,10,53
Dom Tear,Scarborough Athletic,2736,Centre Attacking Midfielder,Left Centre Midfielder,England,26.0,180.0,75,77,85,96,64,75,46,23,0,76,0,22,28,0,23,30,0,0,0,60,71,49,14,47,45,51,37,56,86,12,36,33,29,52,54,70,58,41,80,68,97,84,34,29,33,32,27,46,12,48,23,70,100,75,65,95,95,99,68,71,66,93,55,47,100,100,22,19,16,70,46,45,15,89,27,55,62,23,44,44,13,24,59,36,30,33,0,56,72,65,58,44,30,14,69,43,29,81,22,64,78,14,12,90,93,48,18,24
Dominic Bernard,Weston-super-Mare AFC,687,Right Back,Left Back,Republic of Ireland,29.0,180.0,0,0,0,0,0,0,0,100,0,0,0,33,39,0,35,43,0,0,0,0,13,16,34,34,34,37,52,34,0,49,67,36,25,42,37,37,33,61,84,50,68,85,48,37,65,53,34,78,81,60,78,55,100,41,38,95,67,97,47,43,52,77,80,6,100,100,45,51,27,42,32,37,30,58,36,28,43,53,13,13,27,66,11,48,17,19,0,70,45,34,0,0,41,61,85,72,20,54,54,16,92,32,21,37,94,22,28,36
Dominic Odusanya,Chelmsford City,1873,Left Defensive Midfielder,Centre Defensive Midfielder,England,27.0,169.0,46,47,49,80,31,64,50,69,0,41,0,35,26,0,37,27,0,0,0,29,39,25,27,23,27,22,81,28,0,85,72,26,26,63,63,25,19,76,40,42,95,91,32,25,75,42,30,67,52,77,80,79,100,27,34,64,60,99,46,34,48,53,42,39,100,100,52,22,69,68,32,70,77,83,42,76,45,71,16,25,22,76,14,49,47,43,68,41,36,34,51,100,0,0,41,77,28,33,62,69,22,82,75,14,49,20,76,79
Dominic Poleon,Farnborough,2078,Centre Forward,Left Centre Forward,St. Lucia,32.0,190.0,93,93,96,95,85,84,88,2,99,96,65,42,53,69,45,59,0,0,0,89,91,76,61,55,56,55,47,17,0,16,29,10,11,16,15,37,17,0,21,98,32,2,12,10,92,10,9,76,0,92,11,23,18,46,38,60,77,99,98,85,97,91,96,86,100,100,1,40,0,21,0,3,0,84,31,33,96,6,48,79,5,19,81,31,33,36,0,64,88,84,0,65,41,33,87,1,28,99,2,42,98,2,11,74,96,85,2,27
Dominic Revan,Salisbury,3051,Right Centre Back,Right Back,England,25.0,192.0,39,41,14,33,12,84,55,85,0,27,0,29,21,0,31,22,0,0,0,25,15,11,49,26,21,34,19,20,0,69,75,38,48,80,84,38,29,88,90,24,21,88,62,45,96,75,60,92,72,84,44,57,100,42,54,97,48,99,21,30,26,33,18,63,100,100,57,53,42,70,22,82,46,46,26,16,26,41,11,9,44,79,85,29,30,30,48,24,21,17,0,19,44,28,18,71,39,32,57,51,45,66,81,25,14,88,61,74
Dominic Samuel,Ebbsfleet United,1845,Centre Forward,Right Centre Forward,England,32.0,182.0,99,99,99,93,97,92,86,1,99,99,0,29,32,0,31,34,0,0,0,97,96,87,88,19,17,27,29,57,0,25,45,14,17,34,45,20,10,70,8,95,44,6,8,8,26,8,10,72,46,90,24,68,100,27,43,28,32,79,98,69,98,48,94,70,100,100,8,40,6,44,67,27,2,97,54,67,91,8,73,90,8,34,70,48,44,50,0,53,93,91,0,53,36,61,65,10,66,86,4,84,87,12,29,97,87,83,19,40
Donovan Wilson,Dagenham & Redbridge,1112,Centre Forward,Right Centre Forward,England,29.0,180.0,74,76,72,49,75,61,55,5,0,89,0,18,23,0,19,24,0,0,0,59,53,57,66,42,51,35,77,40,0,13,14,10,9,15,14,70,29,27,20,99,16,0,33,18,98,29,16,12,32,91,4,41,100,70,54,61,60,99,97,95,97,70,79,100,100,100,1,2,0,82,0,7,1,99,14,87,87,11,17,28,8,3,39,23,31,35,0,68,87,83,85,100,45,81,76,44,87,29,42,59,59,6,18,39,15,83,2,5
Dylan Allen-Hadley,AFC Telford United,1341,Left Wing,Centre Forward,England,23.0,,98,99,96,95,85,97,96,8,0,98,90,80,66,92,85,74,0,0,0,99,95,80,99,78,87,61,77,57,0,1,19,27,39,6,7,43,38,0,21,97,19,1,12,16,12,14,21,42,4,64,18,31,100,49,46,54,74,92,95,81,92,83,82,80,100,100,11,42,9,66,80,0,8,78,26,23,77,39,72,88,31,20,99,42,23,25,0,95,95,93,0,28,57,43,94,11,15,99,7,37,98,14,3,97,97,21,23,13
Dylan Cogill,Worksop Town FC,935,Left Centre Back,Left Back,England,28.0,191.0,0,0,68,78,55,0,78,41,0,64,0,0,0,0,0,0,0,0,0,0,46,32,8,0,0,0,0,6,0,100,87,63,53,97,89,19,19,73,39,15,14,62,48,53,73,45,45,67,78,67,70,85,100,18,15,19,17,34,11,16,15,25,51,7,100,100,20,13,52,79,20,97,61,75,28,71,18,27,14,15,2,88,21,16,22,24,0,61,64,56,0,100,0,0,48,92,9,17,90,9,23,91,86,6,81,14,83,91
Dylan Dwyer,Southport,1167,Left Back,Centre Attacking Midfielder,England,22.0,181.0,55,57,17,3,34,78,98,58,0,48,0,36,45,0,37,44,0,68,72,38,21,38,70,23,28,20,86,33,0,66,79,56,62,75,78,34,43,80,70,26,71,96,60,54,65,66,62,54,36,51,77,58,100,33,37,80,23,92,24,28,27,25,26,14,2,100,80,12,50,86,1,83,86,45,21,60,37,90,17,13,58,80,34,65,67,66,74,0,0,15,0,20,67,14,27,90,5,49,81,11,63,72,79,6,7,71,47,61
Dylan Mitchell,Leamington FC,838,Right Defensive Midfielder,Right Centre Midfielder,England,20.0,171.0,0,0,17,18,20,0,0,73,0,0,0,46,54,0,29,36,0,88,87,0,29,35,18,37,44,33,75,32,0,31,68,58,40,53,42,79,84,70,97,42,99,99,85,72,65,57,44,46,16,31,27,53,100,78,54,99,97,100,40,48,34,72,17,67,100,100,58,14,52,11,15,55,70,44,47,90,35,40,9,7,28,76,53,31,65,50,82,44,13,17,0,100,0,0,51,64,22,65,62,55,35,70,55,15,68,11,61,61
Dylan Morgan,Torquay United,1237,Left Wing,Right Wing,England,23.0,175.0,95,96,78,42,90,87,67,16,0,85,0,65,80,0,68,86,0,72,71,89,73,89,96,89,93,79,68,35,0,11,26,12,15,41,53,70,55,71,75,77,85,48,41,22,66,64,35,58,74,66,10,31,100,76,93,94,90,99,78,81,76,92,70,53,100,100,45,16,26,47,8,48,34,77,22,50,99,60,62,64,63,36,94,94,86,95,58,93,88,93,61,37,81,19,98,44,16,91,31,22,96,40,45,11,5,46,23,13
Dylan Mottley-Henry,Chester,2253,Right Centre Forward,Left Centre Forward,England,28.0,178.0,86,88,87,83,79,81,79,14,0,93,75,75,60,79,80,64,0,64,64,87,85,72,77,40,18,65,1,73,98,15,26,25,28,45,47,28,10,58,46,87,50,16,13,16,70,16,19,64,6,89,52,96,100,34,37,80,62,99,92,68,90,75,86,62,100,100,14,2,6,32,10,37,9,96,4,45,83,10,69,78,7,20,74,33,31,34,0,87,87,83,47,4,58,35,78,47,18,88,9,22,99,10,11,41,48,60,6,9
Dylan Stephenson,Dagenham & Redbridge,1824,Right Centre Forward,Left Centre Forward,England,23.0,187.0,88,90,94,80,94,66,66,3,0,94,51,80,63,54,84,67,0,68,66,82,94,89,7,29,31,31,59,29,0,28,32,12,15,14,12,90,72,21,75,98,51,14,31,19,72,28,19,59,73,76,10,67,100,94,85,96,93,98,96,99,96,97,84,85,100,100,8,13,3,40,14,4,6,94,27,68,89,14,49,81,8,26,67,41,42,47,0,83,94,93,51,50,55,58,89,6,39,97,3,37,99,5,5,64,95,59,4,15
E.Simon,Tonbridge Angels FC,1027,Centre Forward,Right Centre Forward,England,29.0,,95,96,93,86,89,89,89,2,0,93,0,31,45,0,33,50,0,0,0,89,85,78,86,22,19,30,29,34,0,40,33,13,17,31,36,51,25,65,42,94,41,12,9,9,10,9,10,67,0,77,10,34,100,62,66,80,76,99,96,89,93,86,84,44,100,100,6,56,7,14,71,14,6,89,75,77,69,14,18,52,7,30,62,30,27,30,0,38,88,84,66,100,34,61,73,3,13,99,10,60,91,5,16,99,99,83,11,44
Ed Palmer,Torquay United,1012,Right Centre Back,Right Back,England,34.0,186.0,76,78,67,87,48,93,84,45,0,77,87,73,51,90,79,57,0,0,0,83,67,47,92,26,19,37,10,20,0,83,80,56,65,93,97,20,22,83,85,28,52,98,23,34,86,36,48,66,70,87,85,96,100,22,39,87,18,96,23,22,21,19,17,2,100,100,81,16,80,41,26,95,88,56,10,23,24,71,73,78,45,84,91,49,69,73,71,96,74,74,0,71,47,41,93,87,15,26,42,51,65,83,78,13,6,23,75,55
Eddie Panter,Bedford Town,551,Right Wing,Left Midfielder,England,,,0,0,52,37,55,0,0,35,0,0,85,99,48,88,99,53,0,0,0,60,86,50,2,45,41,53,29,97,0,15,29,22,10,35,16,83,51,45,74,85,54,14,78,46,99,33,18,35,97,91,4,18,100,83,32,98,97,99,81,89,81,96,64,47,100,100,6,1,3,41,0,22,14,92,15,92,93,16,46,73,11,17,97,33,66,77,0,89,79,80,0,28,84,27,64,30,28,90,48,17,94,15,1,47,96,13,11,7
Eduino Vaz,Hampton & Richmond,723,Left Wing Back,Left Wing,Guinea-Bissau,22.0,190.0,0,0,51,18,67,0,41,30,0,38,94,85,62,96,90,69,0,0,0,72,65,63,75,81,69,89,12,85,0,10,29,69,80,50,46,64,58,39,94,41,93,95,78,73,63,84,84,56,57,36,46,60,100,63,66,97,96,100,38,49,46,82,27,25,100,100,50,8,36,78,5,55,56,41,3,11,67,69,42,34,45,33,84,71,79,88,65,90,58,63,77,22,95,48,84,74,16,59,47,28,83,62,66,9,0,51,41,2
Eliott Whitehouse,Peterborough Sports FC,2094,Centre Defensive Midfielder,Right Defensive Midfielder,England,32.0,180.0,58,45,42,29,49,42,26,45,99,50,65,43,39,68,47,42,0,0,0,52,39,43,73,14,19,0,100,60,0,57,90,37,41,78,82,46,41,89,89,41,97,96,77,54,81,78,59,25,56,55,62,76,100,40,47,93,78,99,44,39,44,49,19,7,100,100,59,52,66,70,68,78,59,62,56,54,37,65,60,53,24,90,4,44,43,42,60,27,26,26,0,28,46,93,29,62,38,47,56,72,27,68,66,66,75,34,73,74
Elliot Forbes,Darlington,2082,Left Centre Back,Right Centre Back,England,27.0,194.0,44,46,38,39,39,50,14,44,0,39,0,29,34,0,30,37,0,0,0,28,28,34,39,41,51,33,81,26,0,73,70,31,34,87,87,21,19,81,84,22,52,99,41,31,90,46,35,91,88,83,84,92,100,25,31,85,43,99,20,24,24,28,14,59,100,100,52,21,69,20,26,92,75,81,40,75,25,65,58,43,28,78,95,28,38,39,51,70,51,46,49,69,34,93,72,92,8,21,79,28,23,86,86,17,27,55,82,86
Elliot Osborne,Macclesfield Town,648,Centre Defensive Midfielder,Right Defensive Midfielder,England,30.0,183.0,0,0,0,0,0,0,0,100,0,0,0,0,0,0,0,0,0,0,0,0,0,0,58,30,26,38,29,21,0,59,70,45,59,65,72,64,69,75,96,31,97,98,71,54,22,88,76,48,18,9,80,65,100,63,82,99,91,99,28,35,25,40,7,100,100,100,71,44,77,41,50,70,78,64,60,71,56,97,78,59,37,74,41,91,90,77,93,52,15,32,0,100,0,0,40,84,19,30,77,34,21,72,45,21,51,4,66,43
Ellis Brown,Bedford Town,1665,Left Wing,Left Midfielder,England,24.0,169.0,86,88,73,46,80,78,81,12,0,84,72,82,68,76,80,57,0,86,85,85,75,76,89,72,76,66,57,90,0,3,25,34,24,18,15,73,47,0,84,80,77,46,49,36,94,33,25,33,57,84,11,22,100,75,38,97,76,99,80,83,79,84,80,13,100,100,11,10,28,65,21,19,34,80,25,73,94,44,38,51,25,23,99,48,77,72,82,56,62,62,0,21,75,28,76,38,37,80,36,25,92,47,33,18,43,18,35,28
Ellis Stanton,Darlington,1132,Right Defensive Midfielder,Centre Attacking Midfielder,England,21.0,,0,0,55,46,54,0,55,43,0,44,99,95,93,99,96,97,95,80,80,97,76,74,99,33,40,28,81,52,0,38,65,44,42,53,55,86,77,79,95,70,98,80,76,57,85,73,55,42,42,62,29,54,100,86,84,99,93,99,73,87,75,91,57,28,100,100,37,39,31,58,24,47,38,77,92,98,71,70,67,74,23,68,44,84,86,86,84,89,67,69,92,69,62,85,84,43,60,55,32,80,52,43,29,47,64,18,43,31
Emeka Obi,Kidderminster Harriers,2574,Right Centre Back,Centre Back,Nigeria,24.0,196.0,63,65,71,96,44,81,78,60,0,72,0,26,21,0,27,22,0,0,0,46,55,30,27,17,16,23,44,39,87,68,79,70,59,94,98,23,23,99,94,22,55,99,54,62,96,70,62,70,88,87,98,95,2,23,35,97,37,99,23,25,27,27,15,35,6,100,73,46,52,17,36,94,55,54,17,10,23,43,44,46,37,75,54,27,40,42,49,63,61,56,45,72,25,41,55,83,27,23,82,18,34,70,67,45,64,33,71,74
Emlyn Lewis,Weston-super-Mare AFC,2661,Right Centre Back,Centre Back,Wales,29.0,175.0,52,54,57,82,39,69,30,66,0,40,45,32,25,48,34,24,0,59,62,45,44,29,49,15,13,22,29,43,0,69,87,58,48,95,93,18,19,98,90,10,28,98,52,51,96,47,43,87,74,87,91,90,100,18,17,89,25,97,9,13,10,15,5,28,100,100,53,9,70,53,16,96,84,63,10,34,21,45,68,59,18,77,88,21,18,20,0,51,55,44,0,100,31,27,45,91,9,21,81,24,24,90,81,10,12,6,86,71
Emmanuel Maja,King's Lynn Town FC,316,Left Defensive Midfielder,Left Centre Back,England,25.0,173.0,0,0,47,21,60,0,38,43,0,23,0,36,26,0,39,27,0,0,0,0,39,45,12,0,0,0,0,53,0,77,58,63,84,90,95,96,91,0,98,55,98,89,96,87,65,95,93,1,8,15,45,62,100,92,95,99,99,100,57,74,54,99,48,1,100,100,44,25,36,51,44,92,28,85,56,86,63,92,55,50,23,59,37,81,46,53,0,0,68,64,0,100,59,100,0,92,11,12,79,24,30,58,70,75,85,73,66,81
Emmanuel Maja,Bedford Town,673,Left Defensive Midfielder,Right Defensive Midfielder,England,25.0,173.0,0,0,10,1,17,0,0,100,0,0,0,13,15,0,14,16,0,0,0,0,8,12,46,24,25,26,68,27,0,66,70,54,47,86,79,73,58,80,95,34,93,98,74,61,98,53,46,4,97,87,67,92,100,64,44,97,97,99,32,35,25,62,12,6,100,100,27,8,47,51,55,86,40,92,11,43,36,63,16,11,5,73,1,30,27,30,0,0,11,11,0,100,0,0,0,91,10,22,89,10,18,79,77,40,71,37,79,84
Emmanuel Onariase,Maidenhead United,1800,Left Centre Back,Centre Back,England,29.0,188.0,46,48,70,89,51,44,47,82,0,64,51,23,24,54,24,25,0,0,0,45,53,36,29,13,17,0,100,24,0,74,80,75,83,96,98,39,36,99,93,17,37,99,86,83,99,90,89,64,98,95,99,97,100,34,42,94,26,94,14,20,12,19,8,25,100,100,54,49,43,67,40,94,47,59,33,27,22,44,49,46,22,76,21,24,14,16,0,69,70,61,52,100,36,93,74,86,22,20,89,9,34,67,41,53,29,6,69,30
Eno Nto,Hereford FC,624,Right Wing,Right Midfielder,England,23.0,180.0,72,74,69,60,65,69,55,29,0,77,0,94,77,0,96,85,0,0,0,56,80,67,3,89,83,92,20,90,0,2,8,14,17,32,34,27,22,35,21,87,16,1,8,9,4,8,9,73,0,35,13,39,100,35,55,43,57,90,85,58,81,59,63,100,100,100,11,3,11,67,2,23,22,71,10,64,95,26,14,57,27,15,99,39,47,43,68,93,81,77,0,2,95,51,93,6,30,98,2,54,98,27,23,52,62,33,26,23
Ethan Mann,South Shields,2352,Left Centre Back,Right Back,England,22.0,188.0,0,0,10,5,11,0,38,79,0,16,0,21,22,0,22,23,0,0,0,0,10,11,41,28,39,15,91,41,0,74,80,44,65,85,96,11,12,87,74,20,23,92,45,39,86,75,70,84,21,78,71,65,100,11,29,65,22,95,14,15,19,16,7,64,100,100,98,98,84,29,82,86,75,28,98,71,20,94,90,76,98,89,90,56,28,30,0,26,18,15,47,100,0,0,35,53,85,24,70,43,29,61,73,58,49,74,65,75
Ethan Mitchell,Fylde,2444,Left Centre Midfielder,Right Defensive Midfielder,England,23.0,190.0,0,0,58,65,49,0,67,53,0,56,82,65,78,86,71,86,0,0,0,57,58,58,41,42,54,30,84,40,0,22,61,22,31,60,71,74,56,69,94,64,70,74,79,47,88,95,75,23,63,63,64,65,21,70,95,99,96,100,66,66,63,91,46,42,100,100,86,72,46,56,68,61,36,68,74,55,52,57,84,78,75,65,32,82,60,71,0,65,63,63,46,74,38,27,73,33,57,69,25,85,55,27,38,63,46,63,29,34
Ethan Robson,Spennymoor Town,677,Right Defensive Midfielder,Centre Defensive Midfielder,England,29.0,180.0,69,71,81,64,82,48,55,33,0,88,79,54,40,0,40,34,98,88,78,74,73,69,62,24,25,26,68,42,0,48,71,54,41,71,70,65,66,61,98,56,99,99,82,67,72,78,59,43,32,40,81,69,100,62,55,99,77,100,55,49,47,54,24,57,100,100,76,60,59,75,52,71,57,70,74,70,45,57,82,83,46,70,9,71,74,81,67,0,58,61,0,44,68,97,0,55,52,46,48,74,38,59,62,49,27,47,61,53
Ethan Sutcliffe,Tonbridge Angels FC,1686,Right Centre Back,Centre Back,England,22.0,,48,49,58,99,17,92,97,100,0,61,53,36,21,56,39,22,0,0,0,46,47,14,47,16,13,23,29,15,0,66,79,39,27,93,80,30,35,79,88,14,14,90,78,56,93,38,28,85,70,74,73,90,100,29,11,94,25,93,9,19,14,21,13,48,100,100,14,5,26,50,4,92,42,74,4,24,21,18,43,35,2,69,83,13,20,17,54,44,39,28,53,100,0,0,33,93,4,26,87,11,38,87,84,13,10,32,81,74
Ethan Vaughan,Chippenham Town,2111,Left Back,Left Wing Back,Wales,22.0,178.0,0,0,44,58,35,0,72,50,0,37,0,59,36,0,64,39,0,0,0,0,48,34,7,50,45,58,29,60,0,56,43,27,30,62,69,49,31,53,83,36,25,68,68,43,93,74,50,41,82,78,84,62,100,47,61,94,65,99,31,36,34,45,24,34,100,100,54,22,40,73,5,62,67,50,28,50,42,58,40,40,47,48,35,49,66,71,66,57,50,53,49,6,85,45,51,76,9,73,41,14,97,62,49,15,83,15,51,60
Evan Humphries,Oxford City,445,Left Back,Left Centre Back,England,20.0,,0,0,0,0,0,0,0,100,0,0,90,62,33,0,0,0,99,97,89,66,35,12,91,0,0,0,0,14,0,45,78,63,63,83,82,38,46,77,77,18,9,65,81,71,52,88,78,86,21,24,30,54,100,37,43,71,29,92,16,26,21,28,27,100,100,100,57,11,52,76,4,87,79,40,5,14,37,71,1,1,31,81,16,39,48,0,87,0,0,0,0,100,0,0,0,94,3,35,90,7,50,53,63,8,0,63,30,0
Evander Grubb,Salisbury,559,Left Midfielder,Centre Attacking Midfielder,England,21.0,171.0,0,0,73,71,65,0,71,27,0,75,0,76,86,0,78,90,0,80,80,0,72,73,0,98,99,90,74,26,0,5,18,37,53,35,49,46,19,45,61,75,48,18,48,37,39,80,67,85,40,38,3,18,100,52,81,82,92,99,81,71,81,97,90,48,100,100,35,44,25,2,29,27,28,64,36,36,81,60,79,71,58,36,92,84,71,77,69,56,71,71,0,61,62,61,85,19,22,97,15,38,95,40,45,76,85,49,47,57
Ewan Clark,Oxford City,1815,Left Wing,Left Midfielder,England,22.0,173.0,72,75,61,63,54,83,53,39,0,78,0,54,54,0,54,48,0,77,80,57,56,51,49,69,64,75,29,58,0,18,23,38,27,46,37,46,55,27,62,60,50,50,36,32,39,26,23,82,21,50,2,12,16,53,50,75,54,94,59,55,61,58,66,16,100,100,40,31,39,68,29,45,46,61,57,81,66,63,12,20,51,34,88,72,72,76,72,75,65,65,51,54,55,21,77,59,10,89,61,19,82,47,56,28,50,59,41,56
Ewan Williams,Leamington FC,2575,Centre Attacking Midfielder,Right Defensive Midfielder,England,22.0,,71,73,61,62,54,80,55,43,0,69,46,31,48,48,33,53,0,0,0,61,47,49,80,30,34,29,71,62,0,60,54,46,37,68,59,69,71,67,89,47,97,90,66,52,56,38,33,70,37,39,60,84,22,72,39,96,87,99,43,49,40,63,24,87,100,100,25,19,26,52,45,68,22,84,11,20,55,44,26,24,8,49,80,38,37,39,49,68,63,57,0,71,31,81,76,71,20,57,60,32,62,37,45,63,59,53,41,46
Ezio Touray,Chippenham Town,1621,Left Centre Forward,Centre Forward,Italy,22.0,194.0,64,66,94,96,78,45,95,10,0,95,73,70,59,77,76,67,0,0,0,68,92,72,1,34,26,46,12,57,91,14,24,9,11,43,52,67,45,43,84,92,49,13,19,12,57,20,14,68,6,80,40,93,100,75,85,98,98,100,92,94,92,99,87,12,100,100,12,10,0,51,2,34,0,97,23,69,88,18,63,79,7,18,72,40,28,31,0,96,88,84,0,100,28,27,97,30,22,93,9,54,94,0,7,79,37,87,0,4
Faal Muhammadu,Maidstone United,818,Centre Forward,Right Centre Forward,England,28.0,196.0,81,66,96,70,98,36,84,1,28,97,92,84,79,94,89,87,0,0,0,81,96,97,2,53,45,64,17,39,0,9,7,16,11,16,17,63,52,39,88,95,69,40,10,11,30,10,9,50,0,84,9,58,100,72,67,99,95,99,93,91,90,98,82,100,100,100,7,3,5,70,17,4,9,82,19,85,84,17,72,94,12,14,92,31,66,78,0,44,92,92,0,66,38,41,52,58,49,44,52,52,53,12,12,84,31,52,14,6
Felipe Rodriguez-Gentile,Fylde,329,Right Wing,Right Midfielder,Argentina,19.0,177.0,97,98,92,81,91,93,84,6,0,99,99,99,95,99,99,98,0,0,0,99,99,96,99,58,44,72,10,51,0,16,36,13,11,13,24,53,46,0,62,77,46,35,70,36,88,91,59,76,32,69,25,43,100,54,90,89,88,98,80,69,78,83,50,100,100,100,17,36,13,51,95,7,7,86,23,23,71,21,91,98,16,42,93,52,28,31,0,0,77,71,99,100,0,0,0,37,40,78,8,93,70,3,22,98,75,90,7,26
Festus Arthur,Chester,882,Left Centre Back,Centre Back,Germany,25.0,187.0,0,0,35,31,39,0,17,66,0,16,0,21,21,0,22,22,0,0,0,0,21,27,24,0,0,0,0,14,0,82,82,28,28,98,98,9,11,88,60,8,14,99,37,28,99,63,41,86,92,93,94,94,100,8,12,29,12,92,6,7,6,7,1,69,100,100,74,20,77,74,23,98,89,23,48,84,9,31,33,23,27,88,39,15,0,0,0,76,60,48,0,0,36,61,62,90,12,21,84,18,25,90,68,23,47,0,90,70
Festus Arthur,King's Lynn Town FC,392,Centre Back,Left Centre Back,Germany,25.0,187.0,0,0,53,43,53,0,38,100,0,19,0,27,22,0,29,23,0,0,0,0,38,38,12,0,0,0,0,0,0,80,100,31,23,99,89,7,7,99,49,7,9,78,24,24,100,15,16,90,0,100,99,91,100,7,7,10,7,0,6,8,10,9,21,100,100,100,25,14,55,74,11,98,78,56,49,92,10,20,1,3,6,81,41,11,40,27,74,0,47,38,0,100,0,0,0,88,11,31,0,100,0,92,86,8,61,3,90,89
Fin Roberts,Chester,870,Left Centre Forward,Centre Forward,England,20.0,185.0,79,82,93,70,96,49,52,5,0,91,0,16,21,0,17,22,0,0,0,66,82,82,7,75,49,90,3,48,0,26,7,19,30,28,29,76,49,36,61,92,31,4,29,21,57,22,22,55,8,71,32,83,100,84,66,86,83,99,91,94,87,87,71,14,100,100,6,25,3,10,23,16,3,95,36,61,96,7,35,57,13,9,81,43,15,17,0,91,94,90,0,100,0,0,96,7,31,98,30,16,98,4,4,99,55,61,11,4
Finlay Barnes,Ebbsfleet United,1066,Right Attacking Midfielder,Centre Attacking Midfielder,England,25.0,176.0,94,95,82,70,79,93,86,25,0,95,0,96,94,0,97,98,0,60,73,88,90,90,61,82,87,73,63,81,95,5,29,27,32,10,13,89,70,0,98,87,78,42,25,22,32,39,31,58,12,59,20,29,100,93,99,99,98,100,85,96,84,99,79,46,100,100,60,63,23,85,34,14,22,79,69,60,93,79,94,95,74,46,79,97,76,86,60,96,92,94,86,36,81,87,95,19,37,92,15,60,87,19,21,48,50,49,17,18
Finlay Sinclair-Smith,Marine,2926,Left Wing,Left Midfielder,England,26.0,167.0,77,69,92,63,97,37,78,2,99,92,84,74,76,59,68,64,96,88,87,75,90,95,6,65,64,66,40,56,0,12,30,38,33,34,30,81,56,18,85,78,77,31,48,38,70,30,27,55,17,64,7,27,100,85,59,98,92,99,79,87,77,93,67,61,100,100,11,4,17,29,3,24,32,82,31,95,97,35,68,83,16,26,99,51,81,73,86,81,86,87,44,24,88,55,80,33,55,71,22,47,88,41,25,12,28,15,26,15
Finley Shrimpton,Chester,2060,Left Centre Midfielder,Right Back,England,23.0,159.0,69,71,60,49,59,71,67,40,0,71,78,61,56,82,66,63,0,0,0,74,57,55,88,37,43,33,73,32,0,45,61,34,30,70,71,51,51,79,82,46,98,98,72,49,88,68,46,67,47,67,60,62,100,51,46,92,69,98,45,42,42,60,42,58,100,100,58,31,41,46,36,68,45,52,33,46,56,71,59,54,37,63,70,75,36,39,0,64,51,45,0,6,56,58,57,81,10,57,56,43,55,53,50,34,17,31,51,31
Finley Wilkinson,Hemel Hempstead Town,1037,Left Wing,Centre Forward,England,23.0,187.0,58,60,79,79,70,44,79,9,0,77,65,53,39,69,57,43,0,0,0,61,70,58,18,25,25,29,52,39,0,31,47,36,35,23,25,60,51,0,61,75,66,26,33,30,76,29,28,50,40,77,7,37,100,64,65,92,72,99,74,70,72,77,72,45,100,100,9,11,22,48,58,14,20,86,27,75,76,24,47,49,9,33,82,38,38,43,0,79,66,60,0,50,46,48,72,50,54,51,25,84,57,44,20,70,40,9,50,15
Francis Mampolo,Dover Athletic,1311,Left Wing,Left Midfielder,England,23.0,184.0,53,54,63,38,69,40,72,20,0,73,99,89,74,99,93,83,0,0,0,92,73,69,97,93,89,95,21,47,0,1,1,14,11,30,26,84,60,57,88,68,78,52,78,41,88,43,23,30,36,63,14,32,100,84,53,98,78,99,63,72,60,69,43,100,100,100,12,10,15,52,33,18,17,91,10,31,81,34,40,59,33,4,98,45,70,80,57,89,74,75,90,15,82,61,91,47,27,80,19,37,94,31,23,52,38,26,30,16
Frank Tattum,Leamington FC,632,Centre Forward,Right Wing,England,20.0,,0,0,68,58,65,0,55,19,0,52,0,17,34,0,18,36,0,0,0,0,49,52,7,30,37,27,81,72,0,25,28,20,12,0,0,78,72,0,67,93,54,13,22,18,39,17,13,30,0,67,14,85,100,83,51,94,77,99,88,96,91,85,81,54,100,100,11,4,5,66,12,0,9,99,31,95,91,11,1,6,8,28,58,38,29,32,0,86,72,65,0,100,43,27,81,20,45,88,5,98,58,13,9,71,66,43,13,11
Frank Vincent,Dorking Wanderers FC,2334,Left Centre Midfielder,Left Centre Back,England,27.0,176.0,55,57,54,44,55,55,54,41,0,60,93,89,92,78,83,92,97,93,89,79,69,72,84,37,36,40,45,13,0,42,53,39,56,65,75,64,54,73,94,41,91,95,72,51,66,89,75,69,18,43,27,37,100,65,89,99,86,99,39,49,44,76,43,50,100,100,67,15,72,79,18,71,85,46,16,39,43,75,49,44,50,62,59,70,88,86,86,36,43,55,62,17,93,82,58,85,12,38,68,37,41,80,85,14,20,76,71,82
Frankie Baker,Tonbridge Angels FC,686,Centre Forward,Right Centre Forward,England,20.0,,85,87,93,99,58,96,97,14,0,91,95,94,72,96,96,80,0,0,0,93,95,60,64,34,25,47,10,55,98,2,19,0,0,9,7,80,32,0,88,98,76,20,19,11,97,11,8,9,70,92,2,51,100,83,41,99,95,100,96,97,96,99,94,100,100,100,0,6,0,65,0,0,0,95,11,50,99,6,85,82,2,0,94,24,63,74,0,97,76,76,79,100,41,61,90,30,86,45,11,98,47,0,0,97,99,75,0,10
Frankie Edwards,AFC Hornchurch,1401,Right Centre Back,Centre Back,England,20.0,195.0,0,0,53,90,29,0,14,68,0,19,57,66,28,60,72,30,0,0,0,34,56,25,11,8,0,18,0,11,0,82,81,44,40,97,96,24,24,90,90,15,45,98,46,40,90,51,41,79,89,81,57,88,1,25,24,92,46,98,13,19,15,18,3,81,100,100,41,7,62,16,17,98,72,76,23,80,26,37,69,59,11,74,40,22,31,34,0,70,52,46,0,100,0,0,63,94,4,19,87,11,29,88,90,15,8,86,85,87
Freddie Carter,Eastbourne Borough,1627,Left Centre Back,Right Centre Back,England,21.0,184.0,75,77,71,98,39,96,95,67,0,83,0,57,29,0,58,27,0,77,68,60,64,31,33,11,14,0,100,24,0,81,88,59,64,98,98,27,25,90,88,18,21,98,53,53,49,53,57,75,27,43,95,95,14,29,36,90,25,92,16,25,23,24,21,66,100,100,50,8,87,57,33,98,91,43,26,82,18,47,32,29,17,83,27,19,51,31,81,65,57,49,0,16,68,42,52,94,7,8,91,9,15,91,90,26,15,41,92,89
Freddie Grant,Chippenham Town,740,Left Centre Back,Right Centre Back,England,29.0,180.0,0,0,19,9,31,0,0,66,0,0,76,50,45,79,55,49,0,0,0,50,33,36,77,11,15,0,100,77,98,63,85,45,55,98,98,22,22,99,80,9,41,97,66,51,90,67,58,58,94,73,82,90,100,19,23,55,38,84,15,17,16,22,7,27,100,100,71,43,94,75,68,98,91,22,42,47,21,91,71,58,45,77,38,45,34,37,0,68,46,41,0,28,54,95,67,88,19,18,92,7,23,91,91,41,74,67,92,92
Fuad Sesay,Dover Athletic,1022,Left Back,,England,22.0,178.0,0,0,9,6,9,0,0,100,0,0,0,38,30,0,41,31,0,0,0,0,18,13,28,32,31,37,44,24,0,43,69,80,66,78,71,60,53,71,95,21,92,98,89,88,66,74,70,86,34,27,40,48,7,59,44,98,40,87,18,35,26,44,58,100,100,100,30,1,43,77,3,82,71,30,11,90,30,72,46,33,13,52,74,27,44,50,0,0,8,12,0,57,34,13,0,97,1,22,89,11,16,84,90,12,5,92,75,84
Gene Kennedy,Ebbsfleet United,1880,Right Defensive Midfielder,Left Defensive Midfielder,England,23.0,,46,47,68,63,62,38,43,40,0,62,0,38,37,0,41,40,0,0,0,29,55,51,9,19,23,16,88,36,0,53,73,46,51,66,72,39,27,71,87,49,99,98,55,45,86,61,52,55,40,74,86,79,100,38,52,95,75,99,51,44,54,62,36,71,100,100,70,54,45,19,52,63,43,79,64,63,50,79,89,82,46,70,10,77,41,46,0,53,66,61,69,69,27,15,64,63,51,35,58,72,26,40,30,70,72,23,46,34
Geneiro Maragh,Oxford City,319,Left Wing Back,Left Back,England,23.0,182.0,0,0,0,0,0,0,0,100,0,0,0,53,42,0,58,46,0,0,0,0,28,17,19,30,46,0,100,22,0,21,51,25,38,79,82,76,70,50,93,26,71,74,93,66,98,96,80,25,0,87,68,79,100,70,74,99,62,100,23,37,25,44,25,100,100,100,32,19,57,76,65,76,55,56,9,16,42,56,57,48,30,43,69,40,46,52,0,73,12,17,0,12,80,41,59,85,4,83,75,7,97,58,34,26,3,7,52,5
George Alexander,Eastbourne Borough,1430,Right Centre Forward,Left Centre Forward,England,25.0,176.0,89,91,92,99,64,96,64,16,0,94,56,40,46,60,40,46,0,74,69,85,84,56,70,46,42,54,29,19,0,31,23,11,13,35,43,58,31,21,51,97,47,14,9,9,8,13,11,51,24,72,7,42,100,67,74,91,85,99,97,92,94,92,82,81,100,100,9,6,16,36,58,25,14,78,27,87,88,19,64,74,7,22,57,39,56,52,71,87,88,86,0,71,55,31,91,41,26,85,13,72,82,24,29,95,85,51,36,38
George Birch,Weston-super-Mare AFC,308,Right Wing,Centre Attacking Midfielder,England,19.0,162.0,0,0,34,33,37,0,100,38,0,60,0,0,0,0,0,0,0,0,0,0,15,18,31,80,75,84,29,68,0,1,7,40,46,26,14,98,92,0,99,70,91,44,84,62,57,51,44,87,10,26,33,22,100,99,75,99,99,100,71,97,71,99,67,100,100,100,16,35,2,55,5,18,3,81,63,84,81,35,2,4,32,13,98,37,29,32,0,74,72,65,0,100,59,19,99,11,14,99,18,15,99,10,18,77,95,71,11,33
George Burroughs,Oxford City,2819,Right Back,Right Centre Back,Scotland,23.0,191.0,51,53,27,87,12,97,94,84,0,41,45,42,24,47,45,23,0,59,61,43,31,13,69,29,31,31,61,44,0,63,70,56,46,88,84,41,51,78,85,21,21,78,89,75,96,72,57,79,83,76,71,61,24,37,29,88,29,92,15,24,17,26,19,31,100,100,47,15,50,14,12,90,64,43,18,43,29,57,8,9,31,68,28,30,52,46,71,24,16,19,0,34,52,33,18,91,4,50,68,16,78,70,80,16,39,80,61,81
George Cantrill,Alfreton Town,2420,Right Defensive Midfielder,Left Defensive Midfielder,England,26.0,178.0,0,0,45,67,33,0,14,70,0,39,47,54,49,49,59,54,0,0,0,27,47,39,14,22,22,27,52,23,0,53,63,60,32,62,47,86,81,62,96,62,99,93,84,72,84,53,38,31,48,54,86,76,100,85,41,99,97,99,64,79,67,94,51,4,100,100,14,10,9,50,7,57,13,90,30,81,57,20,20,22,1,39,54,31,34,35,50,84,60,53,0,100,32,41,91,85,7,61,66,25,62,25,28,27,37,49,18,21
George Cox,Worthing FC,656,Left Back,Left Wing Back,England,28.0,171.0,70,72,52,31,59,74,38,42,0,54,80,92,74,83,94,66,0,80,85,75,71,62,70,30,26,38,29,14,0,42,46,25,44,47,65,40,27,76,66,71,66,42,80,50,85,96,83,91,81,58,38,48,100,41,83,89,77,99,68,52,66,64,38,56,100,100,73,21,65,84,35,42,77,43,32,61,64,67,98,97,70,66,18,83,90,87,88,85,79,81,0,46,86,41,80,55,12,89,45,11,98,52,36,30,86,14,47,47
George Fowler,Maidstone United,2942,Right Centre Back,Left Centre Back,England,28.0,183.0,0,0,43,42,42,0,86,63,0,40,0,34,23,0,36,22,0,62,61,0,34,30,14,10,12,0,100,24,0,73,79,58,59,89,88,8,8,90,41,15,27,97,12,27,80,11,28,88,57,90,84,89,24,9,10,52,21,95,21,16,24,19,13,82,100,100,52,20,59,40,24,87,74,27,12,21,24,43,57,44,18,78,61,23,40,45,0,55,59,54,0,28,44,46,59,91,8,27,86,9,62,84,74,19,14,13,80,62
George Francomb,Dorking Wanderers FC,685,Left Centre Back,Left Back,England,34.0,180.0,0,0,33,16,48,0,94,47,0,68,0,46,40,0,50,43,0,0,0,0,36,42,13,34,25,47,10,14,0,66,67,24,33,67,76,64,48,58,93,31,77,94,90,60,80,98,85,84,16,41,71,84,100,63,89,98,74,97,23,30,20,53,27,100,100,100,78,36,85,39,35,68,91,22,62,81,37,97,89,83,61,73,67,86,81,75,85,0,23,37,0,22,77,85,0,89,9,30,79,16,50,82,53,16,97,1,77,74
George Glendon,Radcliffe,1641,Centre Defensive Midfielder,Left Defensive Midfielder,England,31.0,177.0,0,0,44,82,24,0,98,52,0,50,53,35,44,56,35,41,0,72,76,31,36,33,35,18,9,33,1,18,0,56,74,52,49,60,60,47,56,72,86,59,85,83,34,38,76,33,36,90,42,77,33,38,15,56,50,97,70,99,63,59,65,65,51,47,100,100,36,30,26,1,17,59,32,60,23,29,46,60,27,23,14,66,39,47,51,51,63,30,42,42,73,71,28,14,52,75,22,45,76,31,28,46,50,28,30,46,40,40
George Horbury,Chorley,375,Right Defensive Midfielder,Centre Attacking Midfielder,England,21.0,180.0,0,0,43,37,45,0,0,36,0,0,93,64,67,95,69,75,0,0,0,71,51,51,89,67,76,53,75,18,0,1,63,71,65,73,62,98,97,77,94,67,99,98,91,84,52,28,44,51,55,15,69,84,100,99,77,99,99,99,61,91,60,99,56,100,100,100,36,19,29,72,33,73,28,92,15,30,76,54,64,51,24,26,36,75,90,95,74,67,62,71,0,100,54,41,98,70,17,65,55,90,0,34,52,88,61,72,45,55
George Marsh,Dagenham & Redbridge,810,Left Defensive Midfielder,Right Defensive Midfielder,England,27.0,177.0,0,0,12,1,28,0,0,56,0,0,0,64,56,0,42,37,0,92,87,0,39,40,11,21,14,33,5,79,0,70,67,16,20,63,68,66,53,74,82,45,97,97,87,50,93,83,53,21,70,68,76,51,4,59,63,93,84,98,45,46,43,68,32,1,100,100,57,50,42,41,18,63,56,43,45,41,42,42,47,32,23,78,23,33,78,52,90,0,0,11,97,71,38,27,0,47,31,76,79,28,25,64,74,32,15,70,62,62
George Moncur,Ebbsfleet United,647,Centre Attacking Midfielder,Left Centre Midfielder,England,32.0,175.0,0,0,58,17,78,0,31,32,0,32,99,85,93,99,89,98,0,0,0,88,68,89,96,55,54,58,40,15,0,31,62,0,0,25,31,27,38,0,16,80,79,43,16,10,26,23,12,91,70,68,8,15,100,35,47,52,46,52,78,54,75,48,57,100,100,100,68,88,21,35,71,21,16,90,88,56,79,43,70,60,70,54,80,97,53,61,0,92,73,70,0,19,58,48,87,2,83,87,2,97,70,15,19,80,79,60,17,25
George Moncur,Bedford Town,346,Centre Attacking Midfielder,Left Wing,England,32.0,175.0,0,0,31,13,48,0,0,55,0,0,95,45,56,96,48,63,0,0,0,73,34,48,96,29,25,36,29,34,0,25,29,36,16,42,29,49,42,0,90,60,42,31,76,53,100,30,20,62,0,100,2,11,100,47,22,98,23,48,61,43,46,34,79,100,100,100,19,83,22,61,58,24,23,87,92,76,63,39,7,11,19,40,47,71,68,67,76,91,71,69,0,100,0,0,57,35,26,89,23,78,66,42,53,35,67,61,38,58
George Munday,Hereford FC,354,Centre Forward,Right Centre Forward,England,19.0,,96,86,98,89,97,55,55,4,99,96,94,99,88,96,99,95,0,0,0,93,99,97,0,0,0,0,0,33,0,1,19,0,0,33,36,60,44,49,53,96,79,24,52,22,83,58,26,63,32,72,33,80,100,63,65,84,79,99,98,95,99,95,100,100,100,100,17,1,7,75,1,39,12,95,2,40,99,19,89,99,15,16,82,52,83,94,0,90,96,97,93,28,89,61,90,66,30,50,14,89,66,22,39,16,19,74,11,22
George Newell,Marine,1573,Centre Forward,Left Centre Forward,England,29.0,184.0,91,92,86,88,74,92,63,19,0,84,0,74,50,0,80,55,0,0,0,82,84,65,50,24,27,24,75,41,0,29,17,16,13,23,16,74,37,49,80,98,66,19,15,13,52,11,10,13,52,83,30,94,14,78,43,97,83,99,98,97,98,92,91,30,100,100,17,6,9,65,2,26,16,97,19,74,87,25,82,87,7,17,50,50,40,44,0,84,88,86,0,65,29,14,92,57,23,74,33,58,71,18,29,18,8,69,8,7
George Nikaj,Dover Athletic,2919,Right Wing,Right Midfielder,England,23.0,,88,88,85,58,92,67,55,3,99,88,56,82,63,59,87,71,0,0,0,82,85,86,41,78,78,76,45,33,93,5,21,20,15,32,27,80,68,25,76,86,72,29,36,24,35,25,18,67,5,47,17,66,100,86,63,97,94,99,84,93,84,98,88,82,100,100,8,0,13,78,7,42,14,96,4,76,96,30,49,66,13,17,97,36,47,52,48,84,92,91,44,46,58,19,97,71,23,51,48,32,78,36,58,26,20,80,28,43
George Peter Penn,Salisbury,312,Left Defensive Midfielder,Left Centre Midfielder,England,18.0,,0,0,27,18,37,0,0,45,0,0,0,25,43,0,26,47,0,0,0,0,19,38,27,0,0,0,0,0,0,29,65,26,37,62,67,73,27,71,91,55,98,98,90,60,83,91,70,23,0,45,97,90,100,67,81,98,98,99,60,61,60,94,37,18,100,100,58,46,14,26,3,56,25,61,93,98,43,58,7,9,32,62,64,47,29,32,0,0,30,25,0,100,0,0,0,78,23,37,85,15,25,26,31,28,94,52,19,48
George Pratt,Chorley,359,Left Centre Back,,England,22.0,193.0,84,86,67,58,64,92,26,46,0,83,0,0,0,0,0,0,0,0,0,72,45,41,93,0,0,0,0,19,0,100,85,34,18,98,97,27,17,99,92,9,15,91,82,56,98,41,26,48,70,88,76,75,100,21,10,58,22,46,8,19,17,28,46,25,100,100,40,23,68,82,30,99,71,63,12,18,12,18,10,20,15,100,62,13,0,0,0,69,75,65,0,0,0,0,77,84,25,23,84,10,55,90,92,21,5,96,90,92
George Walker,Kidderminster Harriers,819,Right Midfielder,Right Wing,England,22.0,172.0,0,0,59,54,56,0,30,26,0,27,73,40,35,76,44,37,0,0,0,47,49,45,43,60,45,74,8,21,0,2,20,16,20,12,13,44,15,0,73,92,82,27,42,24,57,61,37,72,21,60,3,12,100,48,70,91,91,100,89,74,87,95,79,66,100,100,15,1,8,70,30,0,11,89,9,82,96,23,41,41,25,10,99,41,62,72,0,65,60,60,0,4,89,28,34,17,52,86,10,30,98,8,3,91,55,37,10,3
George Ward,Buxton,2288,Right Centre Back,Left Centre Back,England,24.0,,74,76,47,62,38,96,78,70,0,66,0,31,23,0,33,24,0,0,0,59,36,27,84,19,23,15,89,47,0,64,78,49,59,93,97,16,16,91,88,16,32,99,58,49,98,74,65,71,70,90,84,93,100,14,22,73,33,98,18,15,16,19,5,49,6,100,86,52,84,51,57,94,84,55,44,39,14,61,27,27,70,84,97,25,28,31,0,61,53,46,47,100,0,0,59,83,34,15,90,10,15,84,86,36,14,67,84,82
George Wilkinson,Dover Athletic,811,Left Centre Midfielder,Right Centre Midfielder,England,22.0,171.0,0,0,43,55,35,0,78,47,0,46,73,70,63,77,64,45,0,87,87,47,54,45,32,16,14,23,29,16,0,33,50,25,22,44,43,59,33,56,76,61,85,56,37,27,41,34,24,50,0,51,15,47,100,63,55,93,78,99,54,59,60,77,59,32,100,100,22,3,40,48,12,48,56,87,15,79,69,31,27,43,8,42,1,36,83,52,93,87,71,67,91,61,72,41,90,86,6,59,76,25,40,68,60,11,57,22,54,63
George Williams,Hemel Hempstead Town,2065,Right Wing,Left Wing,Wales,30.0,172.0,44,46,76,70,70,35,79,29,0,71,78,90,90,52,69,66,96,97,96,61,82,80,4,54,51,58,34,59,0,35,41,28,25,37,37,34,23,22,64,82,94,57,29,24,71,32,25,64,8,77,24,34,100,38,38,87,79,99,84,65,85,89,89,74,100,100,32,3,44,47,19,27,61,62,42,98,95,32,55,60,26,39,62,75,95,85,96,38,74,76,79,28,95,33,81,38,26,87,26,23,97,61,27,27,65,4,56,29
George Wilson,Fylde,1131,Centre Attacking Midfielder,Centre Defensive Midfielder,England,25.0,181.0,56,58,74,39,85,37,16,27,0,73,84,53,57,87,55,51,0,72,80,70,65,77,72,50,50,53,44,30,0,14,41,15,21,44,57,55,46,50,91,69,77,71,55,30,73,84,54,52,12,62,14,27,100,56,88,98,95,100,71,64,71,93,54,77,100,100,75,86,37,53,61,41,31,61,94,77,51,68,92,89,71,55,69,81,58,63,59,67,67,64,0,31,54,83,69,13,61,85,22,62,80,25,34,59,62,60,26,36
Georgio Rasulo,Chesham United FC,2358,Centre Defensive Midfielder,Right Defensive Midfielder,England,29.0,177.0,43,44,33,26,39,47,38,71,0,44,0,41,50,0,42,52,0,71,63,27,33,42,30,31,36,28,77,41,0,51,69,47,52,58,60,60,61,57,87,55,98,98,41,39,47,52,48,52,8,52,45,51,100,64,67,97,92,99,51,52,50,65,21,50,100,100,74,42,45,38,24,57,56,65,54,64,39,56,41,34,52,75,27,59,63,70,58,36,34,43,47,65,38,16,48,65,21,67,76,23,44,49,45,34,73,30,46,52
Gerry McDonagh,Alfreton Town,651,Centre Forward,Left Centre Forward,Republic of Ireland,28.0,193.0,0,0,53,65,43,0,26,36,0,30,80,53,41,84,58,45,0,0,0,55,51,40,61,0,0,0,0,70,0,5,29,9,7,19,15,39,16,34,11,96,51,12,13,10,57,8,7,48,0,87,19,94,100,45,10,39,29,76,95,80,93,43,94,5,100,100,3,3,8,3,62,11,5,99,5,43,95,12,48,35,1,2,38,31,28,31,0,85,84,79,0,12,70,95,97,18,71,76,3,95,75,7,8,99,12,60,18,1
Giles Phillips,AFC Hornchurch,1188,Left Back,Right Centre Back,USA,28.0,190.0,55,56,49,96,19,96,38,75,0,50,61,46,17,65,50,18,0,0,0,58,44,14,75,23,17,34,10,20,0,80,76,18,19,97,97,32,20,88,93,14,32,98,66,36,87,62,36,79,59,70,99,97,100,32,37,96,40,99,10,22,16,32,24,51,100,100,33,5,30,68,4,96,49,66,7,36,29,41,54,47,6,65,73,25,30,27,58,54,29,23,0,100,0,0,42,95,3,27,85,15,31,69,73,21,20,52,63,64
Glen Taylor,Spennymoor Town,2630,Centre Forward,Left Centre Forward,England,36.0,191.0,97,94,97,81,98,67,84,5,99,98,86,84,63,89,89,71,0,0,0,94,97,95,39,31,26,40,19,72,87,49,24,12,13,31,32,33,23,29,28,95,40,4,12,11,90,10,10,69,10,92,66,97,100,41,31,72,74,99,96,81,96,80,74,69,100,100,23,7,15,52,40,26,15,98,17,65,84,30,71,89,11,35,52,57,61,71,0,87,96,96,86,65,54,77,90,38,39,78,25,86,54,16,20,88,70,58,20,23
Gold Omotayo,Eastbourne Borough,384,Left Centre Forward,Right Wing Back,Switzerland,32.0,193.0,0,0,82,88,68,0,94,17,0,72,0,58,77,0,63,86,0,0,0,0,75,70,0,35,54,0,100,42,0,3,30,0,0,46,56,57,24,72,89,77,87,29,25,13,57,43,20,53,0,75,89,99,1,63,88,97,89,100,82,80,83,91,70,29,100,100,22,10,6,67,44,42,2,99,23,68,98,16,83,88,7,11,59,75,25,28,0,99,95,93,92,100,0,0,99,22,86,56,16,85,67,7,20,77,43,83,7,15
Gold Omotayo,King's Lynn Town FC,1088,Right Centre Forward,Centre Forward,Switzerland,32.0,193.0,75,77,90,95,72,65,39,29,0,76,85,96,89,88,97,96,0,0,0,81,95,81,3,40,36,48,29,27,0,7,20,10,13,51,60,51,16,32,64,94,57,14,13,10,100,17,13,23,100,100,82,99,100,54,81,93,90,99,96,89,97,93,72,47,100,100,23,4,3,70,44,38,3,99,4,29,99,7,89,89,6,11,34,69,47,53,0,98,98,98,64,100,33,100,99,11,57,89,1,87,90,1,10,86,65,85,2,11
Greg Sandiford,Bedford Town,2522,Right Back,Left Back,England,21.0,178.0,0,0,12,5,18,0,38,64,0,23,72,59,61,49,39,32,95,91,91,46,35,37,69,19,17,27,29,38,0,65,77,70,46,76,62,46,43,64,89,25,36,70,63,66,95,24,30,91,46,82,48,56,100,50,18,97,32,96,18,29,22,30,28,67,100,100,15,1,59,53,9,77,82,29,4,50,58,58,3,7,5,67,42,26,88,50,95,34,22,26,0,31,88,51,25,94,3,27,61,36,54,88,71,11,25,3,81,65
Greg Taylor,Bedford Town,3283,Left Centre Back,Left Defensive Midfielder,England,36.0,186.0,39,40,46,45,44,37,9,52,0,25,53,47,31,56,51,33,0,0,0,39,43,36,38,31,34,31,68,41,0,64,71,35,24,85,74,19,19,77,75,17,38,96,57,40,88,27,22,87,74,75,86,87,100,20,9,72,23,75,18,21,21,20,14,40,100,100,30,3,66,75,16,88,81,68,3,23,26,43,15,17,10,70,61,23,42,45,47,44,47,44,73,57,42,71,52,95,3,16,89,10,25,90,84,9,17,10,87,80
Gregory Roland Luer,Horsham FC,2017,Right Wing,Centre Forward,England,31.0,180.0,59,61,62,65,54,61,72,31,0,77,66,81,68,70,85,71,0,74,73,62,67,56,28,42,44,44,52,42,0,44,40,35,33,43,37,39,46,30,64,71,77,41,21,24,55,20,22,92,4,76,47,64,100,51,40,90,55,98,75,63,74,64,77,86,100,100,37,5,20,68,4,44,31,80,23,86,74,31,71,74,26,56,86,59,71,71,76,89,70,69,0,29,72,19,88,55,13,88,28,21,97,43,57,24,70,67,35,64
Gus Mafuta,Hereford FC,1208,Left Defensive Midfielder,Centre Defensive Midfielder,England,30.0,177.0,55,56,61,51,60,48,55,40,0,56,0,32,39,0,34,43,0,0,0,37,47,50,27,37,52,19,91,36,0,47,89,21,15,57,56,42,49,69,89,40,97,90,68,39,97,57,32,42,0,86,82,54,100,38,27,94,49,99,38,39,46,43,38,52,100,100,50,55,21,37,22,56,23,74,51,42,37,24,62,53,33,72,50,36,24,27,0,0,42,33,62,100,32,41,73,54,40,60,63,45,41,30,54,48,33,83,29,47
H.Sparks,Horsham FC,2520,Left Back,Left Wing,England,30.0,176.0,0,0,31,19,43,0,69,45,0,47,87,65,54,63,44,39,97,92,86,62,47,45,81,17,13,27,13,11,0,63,69,42,46,74,75,46,54,70,81,30,34,71,71,53,72,69,54,83,54,50,36,32,100,47,45,90,58,98,27,34,30,39,21,43,100,100,55,23,56,90,8,76,79,34,42,73,33,68,32,31,39,67,39,48,71,55,84,25,26,31,46,23,78,55,25,84,8,60,79,13,61,73,79,10,19,67,59,73
Hakeem Sandah,Farnborough,1696,Left Wing,Left Wing Back,England,21.0,176.0,63,65,61,30,71,49,20,25,0,54,72,67,79,75,71,86,0,73,67,67,61,74,71,94,94,92,44,94,91,5,9,41,36,28,21,70,65,20,90,69,67,35,83,61,74,66,48,67,33,42,30,39,100,70,54,98,79,99,69,73,71,85,76,100,100,100,23,35,6,58,5,17,12,79,64,85,69,35,28,38,47,24,96,52,75,83,63,85,67,69,53,24,81,44,84,18,55,84,14,51,91,21,37,63,89,73,22,50
Hallam Hope,Radcliffe,526,Right Centre Forward,Left Centre Forward,Barbados,32.0,179.0,0,0,90,80,87,0,87,4,0,83,0,18,29,0,19,31,0,0,0,0,77,70,0,35,0,65,0,64,0,17,30,16,18,16,17,55,39,0,79,95,58,11,22,17,100,17,15,74,0,100,9,62,100,63,50,98,78,99,92,89,92,94,100,45,100,100,9,23,3,28,83,2,3,94,50,82,99,12,81,83,5,21,80,59,33,36,0,91,96,95,0,100,64,93,98,31,7,99,7,29,99,0,0,97,98,68,0,3
Hamza Bencherif,Worksop Town FC,525,Right Centre Back,Centre Back,Algeria,38.0,191.0,75,78,59,99,21,99,100,100,0,79,0,46,39,0,50,42,0,0,0,61,51,28,74,0,0,0,0,19,0,100,80,39,28,98,96,25,20,50,93,24,35,99,16,22,57,18,19,9,0,83,99,93,100,22,28,95,27,86,26,21,20,21,11,2,100,100,37,7,51,52,15,99,60,62,2,7,24,15,7,13,3,100,54,19,21,23,0,91,66,57,0,100,0,0,87,93,5,28,86,8,73,84,87,7,9,76,71,80
Hamzad Kargbo,Maidstone United,565,Centre Forward,Left Centre Forward,England,24.0,198.0,98,99,98,97,90,96,88,6,0,99,84,76,57,87,81,64,0,0,0,99,97,82,97,33,40,28,81,35,0,20,38,10,14,28,26,68,51,0,56,98,81,28,15,11,57,17,14,3,0,84,62,99,100,68,63,90,93,99,98,95,99,96,79,13,100,1,16,0,3,75,2,21,6,99,7,89,89,43,92,89,0,12,41,48,31,34,0,97,91,87,0,100,62,95,95,81,30,24,50,62,46,19,26,94,98,60,28,49
Harley Hamilton,Hereford FC,869,Right Centre Midfielder,Right Defensive Midfielder,England,22.0,,63,64,65,47,66,52,97,27,0,66,90,92,71,93,95,79,0,0,0,79,77,66,68,40,29,55,8,36,0,11,40,38,26,50,50,65,60,57,71,71,43,41,59,43,96,39,28,18,70,85,47,77,100,62,53,88,89,99,75,71,75,94,79,100,100,100,26,29,17,49,44,50,14,94,54,80,67,32,57,53,20,33,91,47,43,49,0,91,83,80,90,50,50,19,98,24,57,78,23,51,85,23,42,46,41,78,20,37
Harrison Sodje,Dover Athletic,2116,Left Back,,England,22.0,177.0,68,70,13,1,30,96,67,54,0,35,49,39,49,0,21,31,92,88,87,61,20,38,91,58,71,40,83,40,0,56,62,49,34,73,67,75,70,64,95,28,57,92,94,77,95,70,49,76,62,65,47,49,100,73,44,99,78,99,18,39,26,58,28,45,100,100,26,3,54,86,7,75,79,28,7,47,44,82,2,3,17,60,72,35,74,36,91,27,9,10,49,34,71,46,20,95,3,31,82,10,65,79,84,10,6,73,67,69
Harry Alfie Beadle,Dover Athletic,1645,Left Centre Back,Right Centre Midfielder,England,23.0,185.0,0,0,32,30,35,0,11,67,0,17,0,28,34,0,27,30,0,71,76,0,24,33,22,11,9,17,29,39,0,75,81,40,31,97,93,17,14,86,80,19,51,98,29,30,97,27,25,82,92,91,97,95,15,19,14,82,42,99,28,26,35,31,18,12,100,4,20,3,55,52,24,97,66,63,5,39,27,18,11,9,0,61,83,17,74,22,93,72,49,39,0,5,92,84,52,88,12,30,81,19,33,88,75,36,73,4,89,82
Harry Gardner,Hampton & Richmond,2396,Right Defensive Midfielder,Right Centre Midfielder,England,25.0,183.0,65,67,38,17,53,74,38,39,0,65,83,76,75,64,66,51,95,90,91,74,56,58,90,49,53,48,55,58,0,25,59,48,47,53,49,82,81,41,95,52,87,84,81,63,55,65,52,53,44,26,45,45,100,83,66,99,96,99,47,60,47,88,39,31,100,100,39,7,57,21,7,56,83,61,53,98,59,50,5,9,29,48,68,39,81,57,91,35,28,33,62,43,67,28,57,61,39,48,42,83,37,82,66,7,26,7,66,58
Harry Gibbs,AFC Hornchurch,3154,Left Centre Back,Left Back,England,28.0,,71,73,51,66,40,93,94,70,0,73,65,43,41,57,35,38,90,84,73,69,45,38,91,19,25,14,91,19,0,72,82,72,73,99,99,13,12,87,78,11,31,99,25,47,41,28,51,85,49,65,94,93,14,15,16,57,20,81,11,14,14,20,16,88,100,100,61,3,88,66,20,99,93,50,16,83,24,67,67,52,19,77,56,24,50,38,75,52,56,50,66,69,29,12,49,94,6,13,82,14,45,92,87,15,43,4,92,89
Harry Green,Scarborough Athletic,2371,Left Wing,Right Wing,England,24.0,178.0,55,57,83,60,88,36,27,14,0,64,61,47,47,50,49,49,91,71,63,58,73,78,8,92,90,92,35,80,94,4,17,16,18,19,24,42,42,18,66,84,94,56,22,17,10,18,16,68,17,32,25,41,100,48,42,91,73,99,84,68,80,81,78,51,100,100,37,6,39,29,32,35,39,86,18,71,84,67,56,69,54,27,93,79,74,84,58,66,69,71,84,34,73,41,79,57,21,76,57,25,76,38,54,46,74,72,37,63
Harry Hawkins,Alfreton Town,517,Left Defensive Midfielder,Left Centre Midfielder,England,20.0,,0,0,23,14,33,0,0,45,0,0,0,7,19,0,8,20,0,0,0,0,11,22,39,14,19,0,100,5,0,59,70,40,19,63,50,97,96,96,99,41,97,95,98,84,92,78,47,50,87,44,48,63,100,97,61,100,99,100,38,70,41,96,29,10,100,100,25,10,17,77,56,61,13,76,23,69,34,7,0,0,0,100,45,22,0,0,0,0,0,0,0,0,0,0,0,77,17,50,4,99,46,28,51,98,97,81,47,74
Harry Ibbitson,Chorley,1313,Right Centre Forward,Left Centre Forward,England,20.0,,86,88,93,92,82,77,72,13,0,95,59,63,71,0,55,75,94,87,70,82,89,79,22,37,40,38,59,75,94,5,29,9,8,19,12,96,87,51,92,99,65,14,14,11,21,16,11,79,5,69,12,83,100,99,86,99,99,100,98,99,97,99,88,80,100,100,7,2,5,51,44,9,4,98,10,72,97,24,55,76,5,16,70,36,33,31,57,79,91,88,0,50,31,15,93,26,66,70,19,43,92,3,4,93,92,68,4,11
Harry Lee,Salisbury,921,Left Back,Right Wing Back,England,19.0,,0,0,19,29,18,0,55,54,0,16,0,74,50,0,77,48,0,76,75,0,49,32,7,27,20,39,10,23,0,59,75,53,53,74,74,52,46,27,92,41,42,74,35,39,24,37,41,47,46,37,14,34,100,56,52,98,60,99,41,44,42,52,41,17,100,100,31,3,25,66,1,76,57,38,6,43,44,57,10,19,15,62,84,31,52,47,72,74,54,50,0,61,49,16,61,93,3,41,80,16,48,72,80,5,3,73,44,53
Harry Parsons,Chippenham Town,1197,Centre Attacking Midfielder,Right Centre Forward,England,23.0,185.0,97,90,81,48,91,71,41,7,99,84,0,45,59,0,49,66,0,0,0,78,70,84,80,40,43,40,59,36,0,4,24,12,15,7,4,74,61,0,64,89,92,45,30,18,19,29,19,26,5,37,7,29,100,77,75,91,99,99,85,89,84,99,87,51,100,100,21,22,15,72,62,6,10,91,87,99,85,25,69,65,21,22,9,67,63,74,0,87,82,82,0,71,32,61,92,23,70,71,16,68,82,28,47,53,76,75,28,55
Harry Perritt,Alfreton Town,2332,Right Back,Right Wing Back,England,25.0,185.0,0,0,34,52,27,0,20,65,0,26,0,26,25,0,23,23,0,74,63,0,23,22,22,13,11,20,29,44,0,62,82,56,37,79,64,38,42,82,73,28,85,87,66,57,84,37,32,74,40,66,80,59,9,39,13,79,35,97,27,31,29,33,32,64,100,100,17,2,62,24,20,79,78,59,15,86,28,40,5,7,4,69,13,24,70,66,78,36,24,34,0,67,49,58,27,93,3,43,80,22,32,90,80,14,38,5,88,82
Harry Phipps,Eastbourne Borough,1070,Centre Back,Right Centre Back,England,27.0,174.0,75,77,55,56,50,92,50,69,0,42,0,17,24,0,18,25,0,0,0,60,35,36,86,14,12,20,29,8,0,71,85,60,62,91,94,50,60,88,95,15,27,99,87,74,98,90,79,64,92,88,80,96,100,46,57,99,49,99,12,23,14,19,3,100,100,100,72,26,84,52,46,90,89,48,31,51,12,34,33,29,24,89,67,22,26,29,0,38,69,61,65,100,0,0,77,90,15,16,86,14,27,89,59,26,97,0,88,79
Harry Ransom,Worthing FC,3062,Left Centre Back,Centre Back,England,26.0,190.0,49,51,36,82,18,92,94,86,0,51,0,23,21,0,24,22,0,0,0,33,23,15,60,6,8,0,100,11,0,80,92,53,78,93,99,10,8,93,57,12,16,98,22,32,76,45,64,87,18,84,97,94,100,11,27,53,30,98,13,15,19,21,9,82,7,100,96,80,90,74,59,95,88,28,55,22,7,51,65,52,88,90,80,25,30,32,0,39,31,26,55,69,24,27,42,71,67,14,81,22,25,77,85,26,20,84,74,83
Harry Sidwell,Dorking Wanderers FC,459,Centre Defensive Midfielder,Left Centre Midfielder,England,19.0,182.0,0,0,35,11,55,0,78,35,0,31,0,31,20,0,33,21,0,0,0,0,28,38,19,15,0,31,0,55,0,20,62,36,55,67,66,74,77,48,84,39,94,88,72,50,98,65,57,30,0,90,97,80,100,73,75,93,98,99,32,45,34,71,15,39,100,100,39,20,77,10,82,60,73,35,4,6,34,49,23,23,22,43,15,43,57,54,72,0,0,12,89,41,49,100,0,85,11,43,56,79,20,81,45,89,91,1,88,61
Harry Sidwell,Dagenham & Redbridge,1405,Centre Defensive Midfielder,Right Defensive Midfielder,England,19.0,182.0,0,0,28,10,47,0,80,40,0,30,0,35,63,0,34,62,0,72,78,0,26,51,20,26,29,25,75,60,0,47,79,26,24,55,54,80,75,88,91,48,87,86,78,48,96,71,45,71,87,81,48,50,100,83,71,99,87,99,45,55,41,77,41,81,100,100,40,63,47,28,80,52,36,81,94,95,41,52,35,31,28,62,20,40,50,34,78,32,14,14,0,31,56,81,24,44,61,54,22,97,34,62,65,84,81,47,71,75
Harry Thomas,Hampton & Richmond,2097,Right Centre Back,Left Centre Back,England,20.0,185.0,0,0,37,68,24,0,30,72,0,23,0,33,24,0,35,25,0,0,0,0,30,20,17,28,40,16,91,13,0,73,84,51,44,96,93,25,23,74,91,15,34,99,38,40,76,32,34,76,32,74,81,90,3,27,23,88,40,98,10,17,11,20,5,59,5,100,58,14,63,54,9,95,86,34,21,53,15,49,12,12,26,80,82,22,21,19,51,49,35,24,66,100,0,0,51,92,9,10,85,16,27,88,78,8,16,8,79,70
Harry Thomas Barbrook,Chelmsford City,2857,Left Back,Left Wing Back,England,21.0,181.0,51,52,63,80,48,55,78,47,0,74,0,47,52,0,40,42,0,83,83,34,55,47,13,32,35,31,70,55,0,41,69,45,47,74,74,38,27,57,84,36,78,91,54,45,81,60,50,82,52,70,82,89,100,41,46,94,67,99,35,35,36,48,27,49,100,100,37,22,42,79,29,74,47,57,18,33,46,48,43,37,20,64,53,43,58,48,77,65,59,55,0,22,61,71,70,89,8,32,73,19,59,59,61,38,48,44,58,62
Harry Tustin,Salisbury,807,Right Defensive Midfielder,Right Centre Midfielder,England,19.0,170.0,0,0,13,16,14,0,0,56,0,0,92,69,69,94,75,78,0,0,0,69,44,40,91,16,22,0,100,34,0,37,73,41,42,69,71,88,78,32,97,55,91,88,93,72,73,90,71,50,8,29,24,48,100,87,81,99,96,100,55,67,52,93,50,66,100,100,25,14,15,57,17,64,19,76,17,42,52,45,7,13,7,50,36,38,24,27,0,45,13,11,0,100,0,0,34,72,27,42,71,38,32,21,29,84,98,60,27,56
Harvey Broad,Dagenham & Redbridge,1466,Left Wing Back,Left Back,England,20.0,,67,69,59,74,46,84,38,37,0,61,88,79,82,91,78,80,0,85,84,79,65,58,89,32,24,45,10,13,93,60,54,68,69,78,75,53,47,83,71,33,58,65,86,78,91,83,77,57,89,64,33,48,12,50,45,76,28,58,32,38,35,34,57,42,100,100,36,6,37,85,11,79,51,66,16,67,63,50,44,54,21,57,47,63,73,75,75,94,68,68,0,7,93,93,76,86,5,70,25,26,96,62,71,13,12,66,49,55
Harvey Frederick Sutcliffe,Spennymoor Town,393,Right Back,Left Back,England,22.0,193.0,0,0,0,0,0,0,0,100,0,0,0,0,0,0,0,0,0,0,0,0,0,0,58,35,39,34,68,17,0,31,70,75,49,79,73,57,38,65,86,19,64,96,99,96,99,80,65,70,92,89,81,45,100,43,22,82,19,0,13,26,19,26,46,100,100,100,43,1,51,33,1,85,86,25,1,8,40,46,2,2,24,71,87,38,53,45,74,0,11,13,0,100,0,0,0,93,2,59,78,11,72,83,81,3,99,42,56,92
Harvey Gregson,Marine,1197,Right Defensive Midfielder,Right Centre Midfielder,England,23.0,183.0,0,0,52,33,58,0,27,31,0,27,61,52,44,64,56,49,0,0,0,37,49,51,24,32,22,45,8,82,0,32,54,54,37,73,62,71,56,65,89,59,99,97,36,41,85,21,24,46,21,81,52,84,100,75,49,97,60,99,63,73,67,62,63,78,100,100,22,6,20,53,24,71,21,94,14,60,52,31,47,39,8,38,85,27,35,33,58,65,63,55,62,19,44,21,74,65,27,57,32,70,62,31,50,67,66,76,35,55
Harvey Lintott,Eastbourne Borough,1547,Right Back,Right Wing Back,England,23.0,189.0,0,0,18,17,22,0,17,50,0,23,55,35,39,58,38,43,0,0,0,32,21,29,62,31,31,34,52,26,0,56,73,37,33,67,66,26,17,76,20,37,47,48,32,30,70,37,30,73,19,75,78,55,100,28,37,40,31,65,39,35,46,34,46,44,100,100,31,1,59,3,8,72,82,32,7,67,55,63,6,6,16,63,80,42,59,65,55,31,33,40,55,3,83,33,35,94,2,43,90,7,62,86,83,24,74,33,84,89
Harvey Smith,Chorley,1791,Left Centre Back,Right Centre Back,England,27.0,185.0,47,48,46,58,38,55,80,65,0,32,51,60,32,54,65,35,0,0,0,45,50,33,35,24,28,22,81,8,0,67,78,46,48,94,95,10,12,95,62,13,26,97,30,33,93,23,30,64,40,88,80,94,16,10,9,54,20,92,18,14,20,23,24,51,100,100,32,7,44,71,10,95,59,80,15,59,21,20,25,24,6,69,67,16,36,33,62,69,69,62,0,65,28,16,74,94,5,18,85,16,23,85,83,15,34,41,79,84
Harvey Walker,Slough Town FC,1598,Left Wing Back,Left Wing,England,24.0,176.0,49,50,39,54,33,69,84,40,0,59,0,76,73,0,80,75,0,73,76,32,56,49,10,76,72,79,30,50,0,5,23,23,19,45,40,73,66,47,90,50,54,54,76,46,76,65,38,18,38,50,16,25,100,69,54,98,62,99,47,57,53,53,40,19,4,100,20,1,29,75,8,45,44,61,3,45,65,70,13,20,24,17,99,31,58,52,74,30,22,26,0,2,85,24,34,74,17,55,37,46,76,62,56,30,49,26,59,56
Hayden Bullas,Enfield Town FC,2657,Right Centre Midfielder,Right Defensive Midfielder,England,20.0,,62,64,65,74,53,69,21,39,0,60,0,60,62,0,65,67,0,61,62,45,60,54,15,42,57,26,88,60,0,49,55,56,31,46,30,80,72,53,93,58,96,84,52,50,61,23,23,72,21,53,24,45,100,85,42,99,89,99,53,63,49,82,47,69,100,100,33,34,29,56,21,47,34,76,46,63,60,55,37,46,23,54,70,65,74,87,0,62,57,63,59,35,74,82,70,69,11,79,51,52,52,45,44,20,14,36,35,23
Hayden Carson,Chester,920,Left Centre Back,Left Back,England,20.0,,0,0,20,95,9,0,0,100,0,0,0,16,12,0,17,13,0,0,0,0,12,8,37,10,13,0,100,10,0,88,100,49,45,77,75,11,11,77,46,8,15,97,14,25,39,10,20,83,10,80,55,42,100,13,9,71,9,84,6,11,11,13,21,17,100,100,56,31,68,81,23,77,82,17,40,58,13,28,41,27,25,91,73,13,14,16,0,0,10,8,0,100,0,0,31,91,9,23,92,6,46,89,87,22,65,45,87,90
Hayden Muller,Salisbury,629,Left Centre Back,Right Centre Back,England,24.0,193.0,0,0,10,8,11,0,0,73,0,0,0,0,0,0,0,0,0,0,0,0,6,7,50,0,0,0,0,38,0,71,73,68,84,86,92,15,17,92,85,21,16,94,40,53,83,51,73,91,70,77,84,75,100,17,29,80,27,96,17,15,14,25,21,100,100,100,77,53,78,18,33,86,86,48,19,9,16,82,38,25,61,83,87,32,0,0,0,0,12,8,0,0,0,0,0,76,51,17,77,34,19,86,86,22,55,56,83,89
Henry Hawkins,Enfield Town FC,2340,Left Centre Back,Centre Back,England,22.0,,73,75,61,80,45,92,39,60,0,59,62,39,25,65,41,26,0,0,0,69,50,33,89,11,14,0,100,15,0,87,92,47,30,97,86,24,26,88,91,9,22,94,41,39,51,20,21,64,47,55,72,91,100,25,10,91,24,85,7,11,7,14,4,15,100,100,25,5,46,76,13,96,64,67,10,53,17,21,21,22,3,84,31,14,33,33,50,66,63,56,0,66,26,41,65,96,3,14,91,7,36,84,77,12,63,19,75,82
Henry Hearn,AFC Hornchurch,1528,Centre Forward,Left Centre Forward,England,21.0,,96,95,98,97,92,83,96,2,28,97,93,69,55,95,75,61,0,0,0,97,98,84,79,48,43,56,29,68,92,14,27,10,10,10,11,66,37,0,65,99,33,2,21,14,79,19,13,22,21,86,22,72,100,69,64,95,87,99,99,96,99,96,94,63,100,100,2,21,2,60,44,0,3,95,34,65,98,5,89,93,4,18,83,35,21,23,0,96,98,97,0,100,39,27,97,6,29,98,7,40,98,1,0,94,95,34,2,1
Henry Ochieng,Slough Town FC,877,Right Defensive Midfielder,Left Defensive Midfielder,Kenya,27.0,179.0,0,0,22,13,33,0,0,52,0,0,0,13,27,0,14,29,0,0,0,0,12,27,37,32,36,32,68,81,0,58,66,47,32,47,40,47,45,80,95,39,95,90,85,66,98,62,43,86,81,85,29,32,5,46,30,99,59,99,32,36,34,40,22,36,100,100,31,42,35,69,33,42,39,71,63,77,31,42,27,21,14,60,82,29,43,41,62,0,10,12,0,100,0,0,0,78,18,45,66,65,16,69,47,74,83,7,76,59
Henry Sady,Chippenham Town,945,Left Midfielder,Right Midfielder,England,18.0,,78,80,67,63,61,84,80,31,0,60,0,70,55,0,69,54,0,82,74,64,65,56,42,48,52,46,59,90,96,26,37,14,19,22,30,74,52,0,83,76,40,20,29,19,32,45,28,84,24,52,3,14,100,82,94,95,94,99,70,74,64,89,47,71,100,100,30,27,34,49,44,21,33,88,52,80,72,43,54,58,26,41,78,66,75,76,77,60,67,67,95,100,0,0,81,25,50,81,15,87,67,47,31,50,97,15,48,53
Henry Sandat,AFC Hornchurch,1333,Left Wing,Left Midfielder,England,21.0,,90,88,94,70,98,55,47,8,99,95,79,71,70,83,76,78,0,0,0,87,92,95,31,67,44,83,4,99,93,5,22,55,42,39,38,72,72,0,86,74,76,49,53,50,75,44,39,46,36,64,4,25,100,75,52,98,73,99,75,79,74,75,66,11,100,100,21,14,25,6,34,45,23,93,33,77,83,43,74,89,35,31,94,60,55,55,67,51,89,88,59,69,57,72,75,56,26,72,27,67,70,40,39,77,76,35,48,45
Hisham Kasimu,AFC Totton,352,Left Wing,Left Centre Forward,France,28.0,175.0,96,97,96,98,77,97,96,4,0,88,0,59,81,0,64,90,0,0,0,93,94,80,75,55,58,55,52,33,0,26,26,23,18,13,20,84,50,0,90,88,62,19,65,38,70,77,46,46,16,52,6,29,100,86,90,99,97,100,86,93,85,99,100,24,100,100,1,7,2,75,100,1,0,89,7,26,99,0,36,72,4,11,97,33,27,29,0,90,96,94,0,100,89,100,98,5,63,92,0,85,93,0,0,99,99,60,0,2
I.Murray,Chester,1701,Left Centre Midfielder,Centre Attacking Midfielder,Wales,25.0,,47,49,67,42,71,36,20,27,0,51,52,52,57,55,55,60,0,71,67,46,59,65,18,48,53,45,62,90,91,11,49,10,9,32,39,88,78,35,96,71,99,92,58,27,80,69,33,61,35,66,7,30,100,92,85,99,99,100,68,83,65,96,37,68,100,100,32,15,15,20,4,19,26,65,35,77,72,57,65,56,26,53,76,64,44,42,63,64,51,46,0,50,45,16,51,49,28,77,55,34,67,24,7,26,61,14,16,7
I.Williams,Hemel Hempstead Town,1484,Centre Attacking Midfielder,Left Centre Midfielder,England,23.0,,83,85,81,86,68,87,63,18,0,75,55,71,56,59,76,63,0,0,0,78,77,62,64,67,75,57,69,78,0,5,19,36,37,15,14,96,83,43,96,87,89,60,63,45,71,62,45,3,4,55,13,49,100,95,87,99,99,99,85,97,85,99,74,15,100,3,15,6,14,64,29,21,11,89,7,32,78,32,74,71,16,20,84,47,48,55,0,85,83,81,0,100,39,19,88,58,43,50,34,90,38,20,25,75,49,57,22,22
Ilani Edwards,Hereford FC,862,Centre Attacking Midfielder,Right Centre Midfielder,England,20.0,,63,65,91,64,96,36,72,2,0,91,71,47,60,75,51,67,0,0,0,67,84,92,5,87,88,83,48,25,0,5,26,28,34,39,38,74,55,72,78,72,83,41,44,31,17,39,32,75,13,18,26,45,100,81,55,95,95,99,73,75,66,95,63,68,100,100,10,41,21,65,83,35,14,80,23,20,75,45,43,62,22,31,98,51,55,64,0,43,80,78,0,100,70,93,63,38,22,90,48,37,73,23,12,97,99,24,37,47
Isaac Buckley-Ricketts,Macclesfield Town,1266,Right Wing,Right Midfielder,England,28.0,178.0,87,89,92,95,75,84,71,17,0,91,59,89,79,63,93,87,0,0,0,83,94,77,8,80,71,87,17,86,0,5,17,14,20,22,26,59,58,28,91,77,87,51,61,31,39,71,42,60,7,28,38,50,100,61,75,98,70,99,74,71,76,73,66,79,100,100,25,41,15,27,61,12,14,77,33,33,93,42,55,86,41,25,91,80,74,86,0,52,83,86,82,54,59,16,66,19,28,95,21,20,98,13,11,77,89,47,14,19
Isaac James Millar Pitblado,Eastbourne Borough,1669,Left Back,Left Wing Back,Scotland,24.0,169.0,48,49,19,24,20,84,17,66,0,18,72,86,78,56,75,56,93,94,91,59,58,47,52,21,22,23,68,5,0,56,75,39,33,73,75,51,43,69,78,32,45,63,59,44,84,60,42,82,81,69,55,50,100,54,57,94,65,99,27,36,30,50,32,84,4,100,37,3,69,86,11,75,88,26,16,86,59,56,22,24,19,63,2,46,89,74,93,30,21,35,0,43,78,41,22,91,5,45,79,9,82,88,80,11,35,14,81,80
Isaac Philpot,Horsham FC,2304,Left Centre Back,Right Centre Back,England,31.0,190.0,0,0,10,79,8,0,0,100,0,0,0,19,20,0,20,21,0,0,0,0,9,8,43,17,20,15,88,13,0,78,87,34,32,92,94,14,11,77,65,10,9,82,37,30,98,38,31,84,16,92,57,67,100,15,16,72,21,77,7,11,9,18,12,63,100,100,73,79,69,47,68,91,63,23,35,9,9,25,44,29,58,84,26,19,31,22,69,26,20,14,47,65,39,95,54,64,59,28,81,19,33,71,78,43,37,69,71,78
Isaac Westendorf,Oxford City,1146,Centre Forward,Right Centre Forward,England,25.0,173.0,82,85,87,82,81,71,96,3,0,95,97,95,74,98,97,83,0,0,0,94,93,80,87,47,59,34,82,66,95,12,23,8,7,31,25,94,81,0,78,93,30,10,46,22,89,38,18,2,0,80,7,61,100,94,76,97,94,99,92,98,89,95,68,7,100,100,4,18,0,26,0,12,0,98,57,93,98,18,18,72,11,12,97,43,45,51,0,76,84,81,63,61,45,81,87,5,60,93,3,55,96,0,0,89,98,60,0,6
J.Abbey,Alfreton Town,543,Centre Attacking Midfielder,Right Centre Midfielder,Netherlands,24.0,191.0,90,92,74,50,78,87,41,20,0,67,0,31,38,0,33,41,0,0,0,81,59,64,94,46,52,42,68,36,0,39,34,38,21,45,37,39,17,36,60,79,75,58,7,14,17,7,9,43,70,91,16,25,100,47,20,94,64,94,83,65,78,59,49,100,100,100,11,21,19,62,54,34,19,93,24,45,71,11,38,33,10,28,35,40,51,35,79,0,70,64,0,100,0,0,64,44,33,77,39,17,97,19,2,24,39,9,11,1
J.Alves,Bath City,1148,Right Midfielder,Right Wing,England,26.0,,56,57,60,30,70,42,39,20,0,56,0,63,51,0,52,45,0,88,80,38,58,62,12,75,70,79,29,63,95,10,29,12,10,50,41,49,36,71,74,52,63,44,35,20,54,13,10,43,49,63,60,56,100,52,24,91,44,98,49,50,55,52,73,14,100,100,11,6,8,79,0,48,22,91,31,90,79,36,20,28,16,27,94,40,49,45,69,55,59,55,0,100,45,14,75,62,24,66,47,35,76,43,43,4,1,38,12,5
J.Bartolo,Chesham United FC,305,Centre Forward,Right Centre Forward,Gibraltar,20.0,184.0,88,90,99,98,93,69,55,2,0,97,0,37,27,0,39,28,0,0,0,78,98,77,0,85,93,60,83,55,0,1,5,53,65,14,8,99,76,0,90,99,45,2,50,47,100,49,55,52,100,100,0,0,100,99,99,99,99,100,97,99,94,100,91,100,100,100,0,63,9,24,17,1,14,89,89,88,90,19,74,77,15,3,99,22,48,54,0,0,80,77,0,100,0,0,0,19,49,86,19,77,72,24,0,17,94,3,14,3
J.Brivio,Horsham FC,2353,Left Centre Back,Right Centre Back,England,33.0,,43,44,45,89,21,69,95,73,0,66,0,33,34,0,35,36,0,0,0,27,35,25,28,25,31,20,87,15,0,68,72,19,21,88,89,22,35,91,86,22,26,93,43,26,73,46,29,84,62,70,56,80,100,24,26,87,46,98,27,24,24,27,10,100,100,6,79,66,76,47,55,89,76,36,55,37,13,40,41,37,66,79,49,25,27,30,0,36,32,26,47,61,26,93,26,73,50,23,73,25,45,75,78,40,15,56,75,69
J.Butler,Marine,421,Right Centre Back,,England,26.0,,0,0,36,30,41,0,55,100,0,42,91,18,34,93,19,36,0,0,0,67,21,35,95,0,0,0,0,15,0,81,86,92,78,94,86,25,25,99,94,16,22,91,51,83,88,31,56,74,92,78,66,72,1,26,9,90,22,93,15,25,25,20,14,34,100,100,15,2,47,73,5,94,76,29,7,55,13,14,14,33,0,76,3,10,24,26,0,0,44,35,0,100,0,0,0,98,0,14,93,6,0,92,91,5,2,14,91,85
J.Gilbert,Maidstone United,2450,Centre Attacking Midfielder,Right Wing Back,England,25.0,181.0,84,87,92,89,83,74,71,17,0,91,73,87,83,76,86,77,0,87,87,84,93,85,12,37,38,39,52,19,0,28,37,32,31,32,27,97,94,58,97,87,78,38,77,51,83,69,47,16,36,57,11,42,100,97,93,99,99,100,86,98,84,99,69,24,100,100,24,4,27,60,3,36,49,79,15,72,98,26,68,85,16,36,83,74,79,64,87,78,83,82,74,23,83,33,89,33,28,89,16,39,95,60,60,12,20,39,45,46
J.Hedges,Salisbury,2189,Left Wing,Right Wing,England,22.0,,79,77,83,50,93,46,62,7,99,87,76,96,98,67,91,96,91,96,96,77,91,98,5,83,86,77,56,47,89,3,19,10,9,32,34,45,25,34,66,85,80,43,15,11,25,15,11,82,13,70,18,30,19,55,61,92,82,99,84,77,84,88,77,76,100,100,28,2,38,27,5,27,67,62,9,76,96,58,48,76,41,31,93,65,94,88,94,93,82,85,64,58,86,52,90,56,55,42,49,49,58,68,48,11,46,8,54,45
J.Hicks,Weston-super-Mare AFC,813,Right Defensive Midfielder,Centre Attacking Midfielder,England,20.0,,0,0,60,57,56,0,12,32,0,17,73,75,48,76,80,53,0,0,0,47,64,51,13,46,58,33,83,21,97,17,50,63,49,63,58,83,73,59,96,61,90,86,69,64,25,47,44,50,24,11,28,51,100,85,76,99,99,100,62,69,55,98,55,66,100,100,36,28,17,44,9,62,21,81,45,69,63,44,36,43,17,40,77,51,57,66,0,45,48,51,74,100,52,61,52,35,62,64,38,51,71,31,34,58,17,45,32,16
J.Johnston,Buxton,1331,Right Wing,Centre Forward,England,22.0,,52,54,85,78,80,36,20,4,0,73,80,80,40,83,84,39,0,71,70,66,85,67,4,78,66,87,12,74,93,4,12,13,15,13,18,37,22,0,28,94,40,7,18,14,99,32,20,31,96,94,15,34,100,40,55,73,37,98,91,71,89,52,92,21,100,100,0,4,3,50,5,3,7,90,11,59,94,10,25,57,9,13,99,22,41,41,57,84,78,73,0,61,63,34,83,17,45,89,10,57,92,12,15,71,19,59,12,5
J.Keeya,Salisbury,2590,Left Defensive Midfielder,Right Centre Midfielder,Republic of Ireland,22.0,,63,65,52,19,68,52,50,34,0,52,0,55,59,0,56,64,0,75,62,46,51,62,36,67,74,55,71,65,87,12,35,38,39,65,68,74,60,18,92,53,95,94,87,64,87,90,70,40,61,55,40,60,22,70,80,98,95,99,52,59,54,80,28,55,100,100,67,50,30,28,36,63,30,87,54,55,50,68,40,37,66,48,15,67,43,47,49,43,44,42,60,50,42,61,46,48,40,67,36,80,47,27,23,49,68,35,25,26
J.Maskell,Darlington,1951,Right Centre Forward,Centre Forward,England,21.0,178.0,95,96,97,91,94,84,89,10,0,98,50,70,56,53,76,63,0,0,0,93,96,88,42,42,45,41,58,63,0,25,27,15,15,44,48,52,15,62,40,94,69,23,12,12,99,11,11,14,70,95,60,97,100,55,64,71,92,99,97,88,96,97,86,72,100,100,24,3,6,12,3,39,11,97,9,56,87,20,95,96,11,26,23,54,48,55,0,92,97,96,68,72,42,27,94,47,22,84,28,49,82,9,18,35,24,75,4,8
J.Meddows,AFC Telford United,1903,Right Wing,Left Back,England,23.0,180.0,82,85,74,66,69,83,89,28,0,75,96,88,76,97,92,82,0,61,66,93,79,70,97,62,70,52,71,24,0,20,44,37,33,51,53,87,89,48,97,59,73,48,94,71,57,91,69,65,28,15,20,16,100,87,86,99,87,99,57,76,62,82,51,54,100,100,45,50,25,78,10,44,38,57,90,96,65,53,81,84,50,46,66,75,66,65,74,82,72,70,50,34,67,48,92,54,13,89,34,19,96,45,33,12,38,20,28,26
J.Poffley,Chippenham Town,716,Left Centre Back,Right Centre Back,England,20.0,,68,70,65,99,16,99,94,100,0,69,0,0,0,0,0,0,0,0,0,51,43,9,68,17,24,0,100,19,0,86,90,18,26,86,81,18,19,81,41,12,9,66,39,24,73,45,31,79,10,72,76,81,100,20,25,42,46,47,13,24,27,28,11,25,100,100,45,78,38,5,52,82,40,35,39,12,7,2,46,31,25,100,18,6,0,0,0,48,26,15,0,0,0,0,37,58,84,18,70,15,76,63,47,56,95,13,66,67
J.Sommerton,Salisbury,2326,Left Back,Left Centre Back,England,25.0,,43,44,48,84,27,60,67,69,0,61,47,55,50,50,59,53,0,69,64,38,49,37,26,49,51,49,53,56,0,50,68,49,62,82,85,26,19,86,81,23,46,96,66,54,94,78,70,87,70,80,80,85,20,26,39,81,34,93,21,25,24,30,27,100,100,100,73,40,38,86,13,85,46,53,15,11,29,58,65,62,62,71,82,46,59,61,64,26,33,39,0,16,64,93,19,83,11,48,66,24,63,49,75,20,15,90,39,64
J.White,Hemel Hempstead Town,2299,Left Defensive Midfielder,Centre Attacking Midfielder,England,27.0,,74,57,65,77,51,60,54,45,34,66,84,54,46,87,58,48,0,63,64,70,58,47,83,28,37,20,88,49,88,33,66,41,43,55,55,37,30,70,66,69,99,97,37,34,75,38,36,68,50,75,45,57,100,40,45,83,85,99,74,55,72,77,46,39,100,100,44,25,32,66,12,55,44,78,40,68,59,40,44,50,27,56,29,64,61,65,65,67,58,57,47,69,45,61,66,69,22,57,56,41,56,57,52,30,48,27,53,50
Jack Bainbridge,Chester,2182,Centre Defensive Midfielder,Left Defensive Midfielder,England,28.0,183.0,0,0,72,71,63,0,68,26,0,65,0,42,59,0,46,66,0,0,0,0,60,59,3,35,36,39,48,52,0,57,55,36,32,67,68,49,50,66,92,46,91,96,69,48,78,70,48,65,42,57,84,71,100,49,46,99,74,99,50,46,51,65,43,47,100,6,30,31,8,66,2,61,17,72,36,52,49,27,67,65,10,49,69,33,37,41,0,37,63,57,0,69,33,100,50,76,17,53,48,64,47,24,27,40,83,48,20,35
Jack Barham,Chelmsford City,1018,Centre Forward,Left Wing,England,30.0,177.0,59,60,83,78,77,42,64,10,0,81,0,53,57,0,58,64,0,0,0,41,75,69,2,42,43,44,52,34,0,30,28,52,50,45,40,31,23,0,18,85,61,20,34,38,85,45,43,29,70,82,50,95,100,30,38,26,34,79,90,61,88,44,77,74,100,100,12,0,13,12,1,43,25,95,2,73,99,17,51,46,5,23,87,38,54,62,0,80,74,72,0,21,78,23,84,61,36,53,22,53,85,55,34,12,1,10,39,2
Jack Bateson,Hemel Hempstead Town,1630,Right Centre Back,Left Centre Back,England,21.0,,0,0,37,77,20,0,55,68,0,41,53,35,25,56,37,27,0,0,0,31,31,19,42,0,0,0,0,3,0,88,86,45,50,87,87,16,20,97,66,22,25,99,25,30,80,25,32,91,32,84,89,94,100,21,22,79,30,96,21,16,13,14,3,66,100,100,31,10,49,60,21,89,57,73,7,22,23,30,12,9,5,88,50,17,10,12,0,65,54,41,0,100,0,0,59,94,4,24,82,32,0,87,87,38,28,56,88,87
Jack Batten,Bath City,2411,Right Centre Back,Centre Back,England,30.0,191.0,0,0,34,38,33,0,81,64,0,25,47,27,27,49,27,26,0,65,63,27,24,27,41,13,8,24,2,16,0,90,79,57,43,98,91,19,24,90,74,11,18,99,50,50,92,29,31,78,77,81,87,97,100,19,11,71,24,96,9,12,9,12,3,16,100,100,31,14,35,33,10,97,49,77,17,43,16,13,9,8,3,77,27,9,16,14,50,26,56,43,46,100,0,0,48,92,8,21,90,8,38,79,78,14,13,43,71,67
Jack Bearne,Oxford City,852,Right Wing,Right Midfielder,England,24.0,171.0,80,82,87,89,75,74,71,14,0,73,0,74,34,0,56,29,0,93,76,67,85,60,5,48,56,41,73,73,0,21,49,34,31,32,18,75,56,0,69,66,20,30,44,34,28,22,23,47,4,32,1,10,100,79,70,92,81,99,64,69,60,82,64,34,100,100,27,14,16,75,4,32,25,57,11,28,65,41,44,75,27,42,95,57,84,85,82,43,60,64,0,36,77,42,33,40,65,54,59,27,70,29,54,19,6,84,19,22
Jack Clarke,Kidderminster Harriers,600,Right Defensive Midfielder,Left Defensive Midfielder,Republic of Ireland,27.0,178.0,73,75,63,92,38,96,94,50,0,78,83,97,84,86,98,92,0,0,0,78,83,57,33,37,48,28,86,10,0,43,68,60,79,67,80,88,71,75,95,59,99,96,92,79,75,98,95,42,49,32,57,87,100,87,98,99,99,99,61,73,59,98,47,51,100,100,56,44,9,81,2,62,17,74,30,27,72,42,91,81,31,53,25,83,90,97,69,94,56,69,83,58,72,95,89,67,32,46,39,86,36,21,29,36,19,61,16,14
Jack Evans,Merthyr Town FC,3132,Centre Defensive Midfielder,Left Defensive Midfielder,Wales,28.0,178.0,0,0,12,18,12,0,55,85,0,28,74,47,70,78,50,76,0,65,61,49,26,38,79,34,41,29,78,63,0,29,61,58,69,70,79,89,87,92,99,34,57,98,98,90,92,99,96,60,85,45,59,66,14,86,96,99,96,99,31,48,29,56,11,45,100,100,98,92,50,26,81,70,36,65,91,56,24,83,92,83,96,76,6,61,33,36,0,31,16,16,43,100,0,0,41,65,48,33,77,36,18,23,36,85,82,67,30,45
Jack Jones,Hemel Hempstead Town,542,Right Centre Midfielder,Right Defensive Midfielder,England,19.0,,0,0,43,8,70,0,30,23,0,19,0,81,97,0,62,77,0,95,98,0,60,89,3,57,75,29,90,62,0,33,57,23,16,36,27,60,51,0,95,56,99,95,66,39,78,70,40,84,70,60,11,39,100,63,55,99,79,99,51,54,53,74,52,12,100,100,31,6,75,15,21,34,89,63,21,79,85,62,24,19,25,51,83,63,96,85,97,0,46,55,86,73,63,21,45,42,55,61,45,47,65,86,50,11,96,0,78,70
Jack Lambert,King's Lynn Town FC,580,Centre Attacking Midfielder,Left Attacking Midfielder,England,27.0,175.0,89,91,62,32,72,92,78,21,0,48,0,61,80,0,50,73,0,88,87,79,59,74,93,59,66,52,68,25,0,21,34,43,54,15,14,78,68,68,97,76,95,67,46,39,66,47,46,59,70,63,3,23,100,83,81,99,97,100,75,85,76,92,44,14,100,100,36,11,36,20,29,9,44,76,12,35,80,47,49,45,26,41,65,75,80,75,84,0,62,63,0,28,73,41,0,61,18,76,59,26,73,59,32,29,93,6,54,47
Jack Leckie,Alfreton Town,1678,Right Centre Back,Right Back,England,22.0,198.0,0,0,49,80,31,0,12,54,0,22,53,27,31,56,29,33,0,0,0,31,35,28,36,8,9,0,100,7,0,81,89,42,22,97,83,18,17,86,38,14,36,90,28,30,85,14,15,22,46,84,90,85,100,16,8,35,20,83,22,20,23,21,21,13,4,100,18,2,53,50,11,95,78,31,24,95,14,20,2,4,0,90,19,16,24,26,0,56,43,34,0,41,28,27,63,94,3,40,86,11,41,91,68,9,77,0,87,77
Jack McDowell,Bedford Town,305,Right Back,Centre Attacking Midfielder,England,20.0,,0,0,33,28,38,0,0,48,0,0,0,74,44,0,72,28,0,84,86,0,53,38,5,0,0,0,0,10,0,64,100,96,85,83,77,59,56,74,93,14,15,27,76,94,12,51,74,22,46,2,83,71,1,53,30,98,15,0,7,19,8,19,21,16,100,1,10,1,37,2,2,85,68,56,15,97,39,53,1,6,0,71,34,16,48,0,87,74,56,42,0,100,0,0,61,97,2,0,92,7,0,90,88,4,4,47,75,78
Jack Moore,Chorley,1519,Right Back,Right Wing Back,England,22.0,176.0,0,0,21,5,41,0,41,53,0,31,87,79,86,58,52,52,97,96,95,62,53,59,73,24,28,24,75,61,0,69,71,43,42,67,62,51,58,85,88,32,89,94,89,68,71,76,58,75,49,31,87,46,13,47,40,94,47,96,30,35,31,37,27,63,100,100,51,1,81,17,5,76,94,26,11,87,57,95,38,31,30,69,90,68,96,87,96,0,11,35,56,47,81,18,23,92,8,18,80,24,24,91,89,9,17,20,89,87
Jack Sampson,Chorley,1045,Right Centre Forward,Centre Forward,England,33.0,188.0,94,92,88,84,80,87,86,22,99,95,65,78,84,68,83,92,0,0,0,89,87,83,80,44,63,21,91,52,0,23,17,8,8,30,24,35,20,63,31,95,56,18,10,8,100,13,9,23,0,100,44,97,100,39,30,65,55,98,97,77,95,64,76,74,100,100,27,10,7,79,95,17,3,97,25,71,93,23,58,80,11,24,9,70,53,61,0,99,99,98,66,100,34,16,99,28,61,72,26,39,90,3,14,99,82,86,8,20
Jack Spong,Worthing FC,2663,Right Defensive Midfielder,Right Centre Midfielder,England,24.0,169.0,83,72,65,59,61,70,55,44,37,71,58,92,90,61,89,86,0,92,90,66,77,74,13,42,35,52,18,77,0,9,44,24,41,48,62,64,46,66,93,57,90,96,87,56,88,98,89,63,61,56,27,38,23,61,94,98,98,100,53,52,51,77,18,80,100,100,88,45,65,80,38,59,67,63,54,61,51,70,91,85,80,59,15,88,90,79,92,81,64,66,92,47,76,87,77,47,45,64,36,55,70,45,55,38,31,59,43,46
Jack Stafford,Curzon Ashton FC,652,Left Wing Back,Left Back,Republic of Ireland,24.0,186.0,0,0,8,0,17,0,0,56,0,0,80,61,74,0,50,56,98,88,89,55,34,44,80,24,16,38,5,21,0,53,62,38,35,58,49,40,27,58,89,42,43,42,32,30,21,23,25,40,12,38,18,38,100,42,32,97,74,99,39,37,39,60,36,20,100,100,29,9,59,77,25,57,74,37,13,46,66,75,23,22,22,59,61,44,83,51,93,0,19,24,81,69,42,13,0,87,5,64,84,11,52,65,38,16,99,5,55,78
Jack Stobbs,Curzon Ashton FC,1400,Right Wing Back,Left Wing,England,29.0,180.0,78,80,56,43,57,89,71,36,0,62,89,98,99,91,93,96,0,99,99,86,86,91,68,38,25,55,5,6,0,70,61,21,18,40,29,14,10,39,24,58,50,34,21,18,53,15,14,93,46,76,43,21,100,18,12,50,27,90,65,37,65,38,82,59,100,100,36,3,65,23,21,50,79,57,16,84,92,48,35,61,25,69,78,65,99,98,98,61,49,67,94,32,99,48,82,42,39,74,51,17,92,85,76,17,18,14,80,68
Jack Strange,Horsham FC,1637,Right Centre Back,Left Centre Back,England,28.0,190.0,0,0,36,94,14,0,99,81,0,45,0,16,8,0,17,9,0,0,0,0,20,9,26,0,0,0,0,18,91,84,91,76,64,99,98,10,9,90,49,8,13,97,37,58,96,31,45,72,52,89,97,90,100,10,10,45,16,62,9,8,7,11,4,47,100,100,53,35,72,33,52,99,68,65,16,16,7,20,25,17,18,88,72,12,15,17,0,0,23,15,0,100,0,0,22,89,14,22,90,8,30,87,88,54,48,71,89,90
Jack Waldron,Scarborough Athletic,1633,Right Wing Back,Right Back,England,20.0,,0,0,20,18,24,0,44,54,0,47,0,84,66,0,89,70,0,65,68,0,57,42,4,36,38,38,55,24,0,39,71,61,58,76,76,64,58,70,83,39,90,94,64,60,68,67,61,44,57,51,72,76,14,64,61,92,77,99,34,40,30,57,28,83,100,100,65,9,59,51,10,79,79,68,18,61,59,88,45,42,46,69,43,79,89,85,89,65,40,53,0,36,84,60,59,83,12,46,63,21,75,71,67,12,20,31,59,56
Jack Young,Farnborough,988,Right Defensive Midfielder,Left Defensive Midfielder,England,25.0,171.0,0,0,18,3,40,0,14,51,0,29,0,22,36,0,23,38,0,0,0,0,13,36,34,14,19,0,100,41,96,57,71,57,62,59,57,81,86,62,99,45,95,95,49,49,8,42,49,64,17,4,65,55,100,86,73,99,98,99,38,50,32,63,11,42,100,100,81,67,40,21,87,52,28,58,58,40,38,74,7,6,61,73,18,66,34,31,61,0,14,13,0,41,35,93,47,64,38,44,63,72,16,31,34,87,64,43,41,35
Jack Young,Dorking Wanderers FC,446,Centre Attacking Midfielder,Right Centre Midfielder,England,25.0,171.0,0,0,42,13,63,0,0,32,0,0,99,83,79,99,88,87,0,0,0,87,62,66,97,15,21,0,100,24,0,54,46,11,11,47,58,77,68,96,99,56,99,98,66,32,28,86,50,77,5,16,43,39,100,81,94,99,98,100,61,69,59,93,34,37,100,100,74,60,69,7,82,64,45,68,40,24,49,98,19,31,54,70,2,91,67,68,72,0,48,51,90,50,50,61,0,76,20,47,71,24,53,47,79,75,85,94,55,87
Jack Young,Worthing FC,349,Left Defensive Midfielder,Right Defensive Midfielder,England,25.0,171.0,0,0,43,12,65,0,26,47,0,21,0,99,97,0,99,99,0,89,85,0,90,89,0,0,0,0,0,48,0,44,84,90,99,42,57,30,35,0,62,61,98,95,84,91,83,98,99,78,32,51,20,40,100,26,67,71,85,99,57,30,36,64,28,2,100,100,98,84,70,45,71,32,68,27,46,13,37,97,96,95,95,91,19,97,83,80,85,91,71,71,0,57,77,95,90,38,66,57,45,82,35,31,18,89,90,20,41,29
Jacob Borgnis,Slough Town FC,1478,Right Defensive Midfielder,Centre Defensive Midfielder,New Zealand,21.0,,0,0,35,39,35,0,0,64,0,0,0,23,37,0,24,40,0,0,0,0,23,34,23,20,19,25,52,44,0,57,77,73,55,57,53,82,84,59,98,45,99,99,55,65,81,44,46,33,92,69,56,53,100,84,56,99,84,99,39,57,42,60,24,42,100,100,48,23,61,30,75,55,51,54,24,42,43,83,38,29,16,65,39,57,52,55,55,32,26,31,0,69,29,93,36,82,17,38,69,54,21,70,63,93,99,23,81,86
Jacob Cane,Weston-super-Mare AFC,1252,Right Defensive Midfielder,Left Defensive Midfielder,England,32.0,176.0,54,55,58,30,67,42,26,39,0,57,91,78,70,93,84,78,0,0,0,77,64,65,86,31,37,27,81,34,0,58,61,76,60,56,54,82,82,86,95,53,97,97,94,89,93,88,76,37,53,61,51,61,100,78,64,99,93,99,52,59,50,91,56,9,100,100,61,57,39,34,44,60,35,64,72,72,45,41,64,61,32,66,61,54,54,63,0,0,42,46,0,69,31,93,52,55,50,47,30,93,36,39,53,64,63,67,43,58
Jacob Gerrard Roddy,Oxford City,2372,Left Back,Left Wing Back,England,23.0,186.0,42,44,60,95,32,52,95,54,0,59,47,43,31,50,39,29,0,80,71,38,51,29,21,37,36,43,38,49,0,43,55,45,34,81,72,72,72,61,96,31,26,50,85,65,84,73,51,73,46,52,67,63,100,72,62,99,65,99,27,44,32,49,31,78,100,100,32,14,34,75,14,81,45,42,33,76,41,27,27,33,21,56,8,37,46,36,74,54,48,42,62,28,57,30,58,90,4,58,69,10,93,56,70,10,23,77,36,63
Jacob Maddox,Merthyr Town FC,415,Left Centre Midfielder,Left Midfielder,England,27.0,179.0,0,0,47,36,51,0,0,45,0,0,91,30,47,94,32,52,0,0,0,68,35,47,92,77,79,74,52,94,0,15,36,11,11,57,72,58,52,36,76,54,85,83,79,40,86,90,56,59,70,61,97,50,100,56,80,91,81,99,52,46,45,52,21,33,100,100,84,90,26,58,26,61,25,89,96,75,34,79,13,12,94,56,66,76,38,43,0,64,38,36,0,100,0,0,85,7,74,85,7,99,45,21,55,53,18,91,19,38
Jacob Mensah,Dover Athletic,2265,Left Centre Back,Right Back,Ghana,25.0,183.0,56,58,36,85,17,97,96,100,0,52,0,7,11,0,8,11,0,0,0,39,16,11,75,13,14,15,81,17,0,89,87,44,32,97,89,24,22,86,86,12,41,99,36,35,93,21,23,91,88,87,94,97,20,29,18,86,24,78,11,17,11,13,4,87,100,100,38,5,47,63,11,96,66,69,5,27,14,16,11,8,5,85,88,10,20,22,0,36,28,20,0,100,0,0,36,93,6,21,86,16,18,83,57,21,18,2,79,41
Jacob Towns,AFC Totton,313,Centre Defensive Midfielder,Left Centre Midfielder,England,,,0,0,0,0,0,0,0,100,0,0,0,20,26,0,21,27,0,0,0,0,8,9,44,19,27,0,100,22,0,77,83,52,22,45,27,86,76,0,83,51,51,58,83,67,92,35,25,8,100,67,64,63,100,83,31,91,78,98,47,56,42,54,24,0,100,100,17,3,0,57,0,37,25,74,29,97,36,13,6,5,1,74,3,20,0,0,0,0,0,0,0,0,0,0,0,72,29,40,23,95,43,50,42,6,27,24,23,30
Jago Godden,Bedford Town,1035,Right Defensive Midfielder,Centre Attacking Midfielder,New Zealand,22.0,193.0,91,93,76,55,78,89,81,14,0,80,0,24,24,0,25,26,0,0,0,83,59,60,95,41,43,43,52,44,0,34,53,31,24,72,60,73,67,54,91,53,83,57,90,64,95,33,25,39,46,71,27,82,100,70,22,97,85,99,54,56,52,80,50,44,100,100,20,3,12,56,5,71,17,92,8,57,62,33,36,45,13,41,58,34,48,55,0,70,80,77,66,61,56,33,73,74,24,44,30,90,41,29,52,21,52,82,20,52
Jahdahn Fridye-Harper,AFC Telford United,493,Right Back,,England,28.0,,0,0,0,0,0,0,0,100,0,0,0,16,19,0,17,20,0,0,0,0,7,8,47,30,19,44,5,21,0,49,50,98,97,73,67,87,77,0,98,28,30,91,94,99,21,73,95,58,26,1,97,61,1,85,68,99,58,96,21,42,25,38,21,42,100,100,44,4,43,20,1,78,81,17,1,4,36,37,52,35,19,32,25,32,55,37,80,59,14,14,0,100,0,0,47,92,8,21,81,23,22,79,90,5,29,94,56,90
Jaiden Drakes–Thomas,Slough Town FC,1691,Centre Attacking Midfielder,Right Centre Midfielder,England,21.0,178.0,80,82,80,44,91,57,42,12,0,79,95,93,91,87,82,75,97,97,94,92,87,94,89,69,65,73,30,20,0,9,15,41,40,46,49,63,45,60,88,74,98,79,70,52,94,50,41,91,88,78,32,70,100,68,54,97,84,99,76,75,75,85,65,84,100,100,40,12,32,80,5,44,55,82,24,65,85,75,62,73,35,30,71,85,86,65,92,82,74,72,96,52,74,61,72,55,24,75,50,34,72,61,45,31,77,14,58,53
Jaiden Putman,Bath City,479,Right Back,Right Wing Back,England,19.0,,0,0,43,82,23,0,94,40,0,30,0,26,31,0,27,33,0,0,0,0,30,24,17,44,33,58,10,90,0,56,58,25,16,49,45,58,51,92,78,28,51,83,68,42,98,49,28,56,96,90,20,29,100,57,31,95,40,99,26,39,32,44,63,41,100,100,10,5,45,51,25,55,50,88,12,59,51,38,6,9,6,46,90,25,64,65,71,60,54,55,0,50,67,61,68,92,3,56,53,18,90,81,65,27,16,7,78,49
Jake Elliott,Horsham FC,1733,Right Centre Back,Right Back,England,27.0,191.0,0,0,25,31,26,0,38,100,0,24,71,40,24,74,44,25,0,0,0,46,29,21,74,20,25,17,88,17,0,79,87,60,45,96,94,18,15,99,68,10,17,89,54,54,98,46,41,81,85,90,83,78,100,18,14,55,27,86,12,17,15,24,18,68,100,100,68,46,51,44,15,97,63,36,11,5,9,20,16,14,52,84,70,14,23,22,53,70,47,37,0,41,37,61,57,83,31,20,90,9,17,78,87,14,16,88,70,84
Jake Evans,Chippenham Town,1517,Left Defensive Midfielder,Right Defensive Midfielder,England,28.0,173.0,50,51,29,9,50,50,14,47,0,57,0,34,37,0,35,35,0,67,68,33,26,42,52,22,14,34,5,43,0,53,64,49,46,65,73,67,51,75,90,54,89,83,50,45,21,71,56,71,36,20,61,69,100,72,74,97,95,99,53,56,50,79,28,63,100,100,55,39,48,69,29,57,63,59,72,89,47,33,22,18,25,63,5,52,57,41,80,31,29,28,0,43,54,19,23,40,53,65,40,41,77,54,9,38,93,1,52,19
Jake Gray,Hemel Hempstead Town,944,Left Wing,Left Midfielder,England,30.0,180.0,0,0,41,16,58,0,67,29,0,46,68,73,72,72,65,47,0,89,91,43,55,60,22,44,33,59,10,17,96,56,39,26,29,47,47,44,41,34,79,76,98,82,66,40,78,56,38,79,37,59,19,37,100,46,40,92,61,99,81,67,81,66,68,100,100,100,28,4,26,39,7,42,43,47,19,84,97,37,74,62,13,30,7,79,92,90,90,0,63,68,0,43,80,58,48,72,13,69,51,19,90,60,46,14,93,16,47,64
Jake Hessenthaler,Ebbsfleet United,3061,Left Defensive Midfielder,Right Defensive Midfielder,England,32.0,176.0,59,60,34,60,24,94,50,71,0,40,44,31,25,46,33,26,0,0,0,49,27,20,79,18,14,27,15,10,0,73,75,42,50,64,70,63,63,68,90,48,96,96,81,60,70,92,77,64,32,39,63,57,100,62,76,97,84,99,45,46,41,71,38,36,100,100,69,61,35,25,25,65,39,66,46,31,45,64,74,59,37,80,14,68,47,50,55,71,53,50,55,41,47,81,79,62,38,48,61,53,37,42,46,30,29,46,36,35
Jake Hull,Scarborough Athletic,2135,Right Centre Back,Centre Back,England,24.0,188.0,57,59,33,58,24,93,84,73,0,40,48,34,15,51,37,16,0,0,0,52,29,15,80,12,15,0,100,15,0,89,82,44,49,95,96,25,19,99,87,13,15,96,56,45,90,43,42,55,46,78,87,94,100,24,22,87,57,99,12,15,10,24,4,25,100,100,28,15,43,42,20,94,54,72,5,10,13,12,10,13,4,87,34,11,20,23,0,69,65,56,65,41,26,93,61,90,8,32,89,8,45,85,73,20,33,9,82,71
Jake Tabor,Bath City,551,Left Centre Forward,Right Centre Forward,England,22.0,175.0,74,77,91,95,74,64,26,21,0,79,0,78,48,0,83,53,0,0,0,60,90,64,0,76,80,72,55,74,0,4,13,16,11,15,12,99,78,0,95,98,58,29,49,27,66,22,15,15,85,61,12,83,100,99,75,99,99,100,96,99,95,99,86,100,100,100,17,4,6,60,23,5,9,94,5,32,96,19,84,89,25,8,71,50,59,69,0,89,92,92,0,5,75,83,98,44,31,79,20,27,97,12,18,77,70,65,13,20
Jake Taylor,Southport,371,Right Back,Right Defensive Midfielder,England,27.0,178.0,0,0,15,3,31,0,0,52,0,0,0,0,0,0,0,0,0,0,0,0,8,14,45,27,24,35,29,57,0,47,75,12,9,71,77,41,48,87,89,29,83,91,61,30,88,67,33,81,0,74,33,55,100,43,54,98,44,99,26,40,45,44,53,27,100,100,76,22,44,37,5,71,74,63,30,55,32,70,48,34,48,75,10,41,55,47,75,0,0,10,0,28,54,93,0,91,6,39,86,21,0,57,55,8,15,35,35,35
Jalen Anthony Jones,Dover Athletic,3007,Right Centre Back,Centre Back,Guyana,27.0,195.0,59,61,39,72,24,94,72,76,0,58,55,36,19,58,39,20,0,0,0,57,33,17,83,13,14,14,86,10,85,83,84,45,34,97,92,13,13,88,59,9,23,98,31,33,86,19,22,86,70,84,97,97,24,14,10,56,20,83,15,16,17,20,17,100,100,8,25,8,55,61,27,97,65,70,13,48,19,23,12,12,1,77,87,16,16,18,0,75,59,48,56,100,24,15,69,91,8,25,83,23,17,90,72,39,92,1,91,84
James Armson,AFC Telford United,564,Centre Attacking Midfielder,Left Defensive Midfielder,England,36.0,183.0,74,76,73,46,80,55,17,29,0,46,0,22,28,0,23,29,0,0,0,59,57,63,59,39,29,53,10,26,0,6,50,36,33,28,13,49,55,67,97,66,72,35,32,30,70,36,30,85,70,74,41,77,100,56,54,99,85,100,73,67,74,71,36,100,100,100,16,4,19,73,2,32,32,87,13,66,43,30,37,41,14,22,73,33,41,46,0,89,81,77,0,100,62,61,91,87,11,35,17,96,45,67,65,5,0,35,38,13
James Brown,Marine,1438,Right Back,Left Back,Malta,28.0,186.0,0,0,9,0,12,0,0,64,0,0,0,25,20,0,26,15,0,62,69,0,11,11,39,15,15,18,68,39,0,90,88,56,37,70,60,30,19,58,53,27,65,84,33,40,57,18,23,89,32,68,62,55,100,37,17,87,32,90,25,31,30,30,30,81,100,100,15,3,53,30,17,74,67,39,9,65,50,64,9,8,2,81,26,32,84,72,88,32,10,23,57,42,76,59,24,95,3,20,69,26,52,85,82,11,33,33,77,82
James Dodd,Weston-super-Mare AFC,1422,Left Defensive Midfielder,Left Centre Midfielder,England,25.0,163.0,0,0,52,61,44,0,67,47,0,27,0,31,50,0,27,51,0,77,69,0,39,44,11,26,33,18,89,70,0,65,63,49,38,61,57,53,52,61,93,50,76,78,64,52,94,45,37,76,32,81,61,73,100,55,44,98,79,99,50,51,54,67,39,60,100,100,51,56,37,78,33,57,43,68,47,37,59,49,71,58,28,75,28,64,31,24,66,32,36,27,57,100,0,0,24,51,53,51,36,84,42,51,35,32,61,15,47,36
James Edmondson,Macclesfield Town,1743,Centre Defensive Midfielder,Right Defensive Midfielder,England,20.0,176.0,63,64,68,84,52,70,96,45,0,63,71,62,91,74,55,91,0,85,87,66,63,69,63,44,46,44,54,77,0,40,58,65,78,45,55,58,52,61,86,61,98,96,76,70,70,81,81,26,19,44,61,52,100,53,76,94,95,99,59,52,58,87,38,36,100,100,71,59,54,83,52,44,53,63,66,61,55,78,81,71,55,65,65,82,62,41,83,63,36,34,0,100,44,61,62,37,59,63,47,70,43,49,42,57,94,26,53,61
James Hammond,Horsham FC,3377,Left Defensive Midfielder,Left Centre Midfielder,England,29.0,174.0,89,71,58,24,71,58,55,39,99,63,63,67,74,45,41,50,93,94,91,67,59,71,75,32,42,23,87,39,0,63,67,24,24,68,67,44,41,51,83,45,94,94,45,30,46,46,30,82,7,47,43,49,100,49,48,94,76,99,43,40,40,51,22,100,100,100,57,33,84,48,47,70,87,45,48,66,46,65,53,42,35,70,21,61,78,42,92,24,52,48,53,57,57,28,51,60,31,59,56,61,38,84,71,21,20,8,81,62
James Jones,Chester,991,Right Centre Back,Centre Back,Wales,29.0,193.0,59,61,35,29,40,78,44,67,0,45,0,14,19,0,15,20,0,0,0,42,18,27,77,10,12,0,100,16,0,70,92,46,37,95,96,15,12,84,74,12,9,91,27,31,78,20,24,81,92,82,99,96,7,17,14,60,23,88,11,12,9,17,8,100,100,100,59,32,65,35,15,96,81,56,30,40,19,23,36,25,29,92,79,18,28,31,0,59,60,52,0,28,35,93,47,88,17,18,87,13,20,87,78,8,8,13,75,62
James McShane,Dorking Wanderers FC,1589,Right Centre Midfielder,Left Centre Midfielder,England,35.0,175.0,65,67,78,77,70,52,40,17,0,68,74,56,53,77,57,55,0,75,68,69,70,62,43,35,42,29,81,34,0,42,59,28,36,18,23,76,72,21,92,76,92,74,61,39,78,74,53,48,11,63,24,35,100,78,93,99,99,100,72,77,70,97,41,31,100,100,23,18,40,13,59,19,35,69,28,60,60,43,48,64,8,58,57,51,65,71,64,87,76,75,86,65,38,81,84,64,20,70,43,68,51,46,47,66,60,41,51,49
James Roberts,Horsham FC,538,Left Wing,Centre Forward,England,29.0,180.0,75,77,68,76,56,84,99,30,0,80,86,19,38,89,20,41,0,0,0,81,50,47,97,28,18,42,5,19,0,27,33,38,35,16,16,40,16,0,13,88,30,20,16,22,100,19,22,53,0,100,49,66,100,48,55,51,46,85,90,79,90,59,85,12,100,100,25,9,17,39,8,5,26,84,56,98,84,29,38,31,23,32,75,70,60,70,0,0,50,53,0,100,0,0,45,54,15,86,7,43,97,56,42,67,98,16,62,68
James Spencer,Curzon Ashton FC,1614,Centre Forward,Left Centre Forward,England,34.0,186.0,81,83,90,75,91,58,81,12,0,91,99,97,94,99,98,98,0,0,0,96,96,96,86,48,45,54,32,58,0,29,25,20,15,23,19,38,23,34,15,93,66,20,21,18,95,15,13,28,0,91,33,88,100,39,22,46,63,97,92,76,93,73,80,19,100,100,33,13,22,39,46,29,18,94,40,87,87,46,94,96,21,34,6,74,55,63,0,95,97,96,99,58,52,23,97,49,39,66,34,45,80,17,30,46,51,72,14,27
James Waite,Weston-super-Mare AFC,680,Centre Attacking Midfielder,Right Midfielder,Wales,27.0,175.0,69,71,58,32,66,64,78,33,0,77,95,76,78,96,82,87,0,0,0,86,63,68,97,68,71,64,55,20,0,12,42,64,63,9,11,54,47,0,62,75,65,31,73,67,83,56,57,52,78,60,16,19,100,52,40,73,79,97,74,62,71,70,43,100,100,100,53,37,20,37,29,20,18,81,76,93,83,18,71,65,51,44,90,85,89,96,66,71,73,80,79,72,57,81,91,10,49,92,3,62,96,18,26,88,60,61,24,26
Jamie Fielding,Ebbsfleet United,470,Right Centre Back,,England,26.0,188.0,0,0,60,74,47,0,0,66,0,0,0,61,43,0,66,47,0,0,0,0,58,43,3,38,34,46,29,33,0,82,63,18,21,97,98,11,7,93,30,9,33,97,19,16,57,33,23,91,70,81,98,99,100,14,27,25,36,71,10,17,19,27,16,40,100,100,63,4,57,32,4,98,83,77,3,20,26,63,21,33,32,76,95,47,57,66,0,0,62,61,89,41,48,93,0,96,2,19,89,9,31,89,73,9,3,3,82,40
Jamie Odegah,Chelmsford City,435,Centre Forward,Right Centre Forward,England,19.0,,79,82,92,99,64,84,94,17,0,92,90,45,59,93,48,66,0,0,0,88,84,59,81,24,21,32,29,93,0,2,7,0,0,11,9,88,38,0,85,97,66,19,14,9,100,25,13,26,100,100,31,75,100,92,91,99,98,99,93,99,95,99,84,35,100,100,3,25,9,39,71,0,9,93,81,98,99,20,20,68,9,3,98,40,49,56,0,63,73,70,90,3,83,75,84,16,67,80,23,49,86,16,10,83,96,33,20,23
Jamie Yila,Maidstone United,352,Right Wing,Centre Attacking Midfielder,England,25.0,169.0,0,0,70,51,71,0,17,28,0,40,99,99,98,99,99,99,0,0,0,98,97,94,96,96,99,69,86,71,99,1,12,0,0,66,68,48,29,0,54,76,83,35,52,22,100,62,28,13,100,100,62,92,100,42,50,84,48,97,82,67,84,63,91,100,100,100,38,2,52,50,88,60,40,58,23,96,94,43,98,99,65,21,95,76,67,79,0,99,99,99,0,41,89,23,99,50,23,81,44,21,92,25,14,99,98,22,56,36
Jared Myers,Slough Town FC,1860,Right Wing,Right Midfielder,England,,,83,85,78,63,77,76,48,11,0,77,69,78,73,72,83,81,0,0,0,82,77,76,77,82,85,78,53,42,90,11,22,28,21,26,21,64,40,41,75,84,84,32,22,22,12,17,16,70,10,38,4,21,100,72,52,96,90,99,84,86,85,93,75,85,100,100,11,2,10,53,5,23,16,88,11,76,98,27,32,50,20,18,99,42,72,77,72,79,73,73,51,12,92,46,84,20,81,64,16,64,84,39,47,43,79,53,37,56
Jason Adigun,Chelmsford City,1792,Centre Attacking Midfielder,Right Centre Midfielder,England,22.0,170.0,84,86,88,53,97,55,43,5,0,92,94,96,72,92,96,64,92,87,84,93,94,94,71,92,91,92,36,57,0,2,10,23,25,23,27,92,84,21,90,88,98,77,66,39,75,63,40,10,53,57,26,52,100,92,87,99,99,100,84,95,84,99,69,37,100,100,26,8,34,47,51,33,27,92,16,57,89,63,69,87,44,22,93,71,89,89,86,90,87,90,89,62,65,24,80,75,11,70,69,26,53,44,40,87,51,31,57,38
Jason Adigun,Kidderminster Harriers,422,Left Wing,Left Attacking Midfielder,England,22.0,170.0,0,0,73,45,80,0,12,13,0,33,0,61,61,0,66,68,0,0,0,0,67,74,1,80,79,81,37,69,0,1,6,0,0,20,29,52,17,0,74,84,96,71,40,18,83,71,32,11,32,78,2,16,100,48,83,90,94,100,80,71,84,95,69,5,100,100,27,2,30,64,2,38,56,80,23,94,81,75,62,58,55,17,85,64,82,88,73,64,70,73,91,100,51,14,72,56,66,32,18,99,29,78,81,6,83,60,57,89
Jason Christopher Prior,Dorking Wanderers FC,2153,Left Centre Forward,Right Centre Forward,England,37.0,186.0,84,77,84,79,78,60,50,25,99,79,86,85,69,89,89,78,0,0,0,81,85,74,37,23,12,39,2,48,0,17,35,13,15,62,75,28,13,75,52,89,77,27,12,11,48,18,14,56,12,86,71,97,100,34,63,77,75,99,97,72,94,82,77,75,100,100,33,5,16,65,27,57,18,94,14,64,89,28,77,82,8,22,22,71,60,70,0,98,96,96,48,69,55,83,99,72,16,62,57,30,70,13,15,64,68,54,12,17
Jason Pope,Weston-super-Mare AFC,1483,Left Back,Left Centre Back,England,30.0,173.0,0,0,16,15,19,0,97,58,0,32,0,65,37,0,71,40,0,0,0,0,42,26,10,22,24,25,68,24,0,52,77,42,40,71,68,32,37,75,80,23,50,94,61,46,88,54,43,66,59,74,97,72,100,33,31,93,29,94,15,25,22,32,46,42,3,3,57,28,65,34,25,74,75,47,29,43,31,79,28,24,31,76,75,44,38,42,0,31,15,17,0,34,47,19,23,88,11,29,82,12,54,70,72,16,21,49,61,64
Jay Curran-Nichols,Marine,374,Left Centre Midfielder,Centre Attacking Midfielder,England,21.0,,0,0,48,49,45,0,55,53,0,80,0,22,37,0,23,40,0,0,0,0,31,39,16,0,0,0,0,0,0,58,50,44,22,61,59,90,61,71,98,65,97,89,11,21,4,9,12,37,8,24,20,62,1,95,78,99,99,100,60,84,61,99,42,100,100,100,24,2,6,70,0,58,16,85,8,69,64,17,76,58,1,33,23,39,41,46,0,0,69,64,0,100,0,0,55,82,8,66,68,25,58,28,35,28,79,54,22,43
Jay Foulston,Torquay United,3050,Left Back,Left Wing Back,Wales,25.0,182.0,0,0,19,24,20,0,41,65,0,32,44,33,35,46,35,37,0,0,0,25,20,25,42,22,21,27,47,46,0,69,72,35,42,75,82,41,35,80,84,32,49,83,74,50,90,86,66,79,70,70,60,62,100,40,61,91,61,98,31,36,37,50,37,63,100,100,74,38,58,87,14,79,74,50,31,35,44,89,58,42,58,76,14,80,69,77,60,31,36,47,67,28,70,48,42,90,4,59,82,9,78,58,72,11,26,77,41,66
Jay Williams,Merthyr Town FC,1397,Right Centre Back,Right Back,Wales,23.0,187.0,51,53,45,99,12,97,55,78,0,51,57,28,24,60,30,25,0,0,0,52,33,13,79,28,38,18,90,33,0,67,90,29,43,92,97,11,12,91,53,7,12,78,40,30,98,52,43,82,70,92,60,65,100,11,19,58,29,96,6,12,13,14,4,59,100,100,94,60,71,20,9,97,83,37,24,11,7,33,81,69,94,88,44,22,31,29,56,49,25,20,0,100,41,41,49,83,34,14,85,17,22,81,92,9,2,97,70,89
Jayden Bennetts,Chesham United FC,1073,Left Defensive Midfielder,Left Centre Midfielder,England,24.0,172.0,75,77,76,56,79,60,54,19,0,72,0,60,70,0,66,78,0,0,0,60,70,75,17,52,47,60,29,55,0,27,40,34,35,53,60,68,51,57,94,60,98,88,82,57,78,87,64,79,8,46,43,49,8,69,77,99,91,99,56,61,59,85,47,46,100,100,47,18,21,69,5,51,34,73,46,85,63,70,58,69,43,37,86,71,70,79,60,85,71,71,0,43,70,41,77,77,14,58,71,22,57,40,31,44,88,25,39,44
Jayden Davis,King's Lynn Town FC,593,Centre Attacking Midfielder,Left Attacking Midfielder,England,24.0,178.0,73,75,76,33,92,44,65,10,0,95,97,52,79,98,57,88,0,0,0,90,67,91,97,67,77,51,77,41,99,18,42,27,24,43,38,60,50,0,81,81,60,28,52,34,73,42,29,86,0,64,36,29,100,66,63,95,72,99,78,70,70,67,52,51,100,100,28,22,32,69,37,43,32,91,53,86,90,52,47,58,41,42,84,77,90,98,0,54,82,90,96,13,96,82,94,19,41,90,18,53,88,35,5,21,84,4,26,10
Jayden Davis,Eastbourne Borough,638,Left Wing Back,Right Centre Midfielder,England,24.0,178.0,87,89,69,42,75,84,55,20,0,73,0,48,51,0,52,57,0,0,0,76,60,66,89,67,62,73,29,45,0,18,22,62,65,48,52,43,39,63,85,58,87,65,46,52,57,54,58,74,21,56,10,11,100,47,59,97,76,99,58,54,64,75,58,19,100,100,33,9,44,51,48,47,43,60,42,93,58,53,4,17,36,31,95,47,71,84,0,52,81,83,0,12,91,35,40,21,74,69,35,41,82,70,67,76,73,32,77,75
Jayden Mitchell-Lawson,Maidenhead United,1725,Right Wing Back,Right Wing,England,26.0,168.0,63,65,66,69,57,64,50,36,0,73,84,87,76,87,91,85,0,0,0,73,73,62,54,51,58,44,70,95,91,17,43,50,63,42,49,34,21,60,65,66,73,59,49,45,79,69,64,83,13,71,37,32,100,37,50,85,55,95,69,51,68,61,71,35,100,100,49,32,27,22,13,40,36,60,27,36,80,53,59,60,65,48,91,85,72,78,69,85,64,65,53,22,89,45,78,37,19,93,18,13,99,25,39,23,55,67,17,38
Jephte Tanga,Maidstone United,2539,Left Wing Back,Left Wing,England,21.0,172.0,76,78,78,91,60,82,96,22,0,90,94,94,80,96,96,88,0,0,0,88,87,66,77,32,39,27,82,91,97,18,50,35,35,34,33,82,67,36,95,67,70,48,61,43,77,60,44,60,55,62,3,18,100,85,76,99,93,99,65,78,66,92,59,79,100,100,21,13,15,58,9,31,20,79,19,51,87,23,54,80,19,35,69,63,63,71,57,94,76,75,82,16,85,57,89,59,10,90,31,16,98,29,31,38,57,44,25,30
Jermaine Anderson,Hemel Hempstead Town,301,Left Defensive Midfielder,Right Defensive Midfielder,England,30.0,188.0,0,0,0,0,0,0,0,100,0,0,0,29,44,0,30,48,0,0,0,0,11,19,38,32,28,40,29,40,0,38,43,65,63,71,76,49,51,0,92,53,76,70,23,41,39,22,39,34,70,65,45,64,100,52,52,89,93,99,63,58,66,75,28,16,100,100,30,31,26,44,21,62,36,63,9,9,49,54,0,0,18,31,25,41,30,33,0,0,0,8,0,100,0,0,0,70,25,50,30,85,48,55,39,30,97,15,50,64
Jesurun Uchegbulam,Chelmsford City,885,Left Wing,Right Wing,Nigeria,25.0,178.0,0,0,61,33,68,0,81,24,0,80,70,77,90,74,83,96,0,0,0,45,65,79,9,89,92,83,58,36,0,1,4,23,34,35,32,46,32,34,70,81,91,52,17,17,88,24,25,86,70,90,22,60,100,57,68,93,78,99,80,76,83,84,74,100,100,100,33,28,13,56,52,23,13,92,38,61,95,39,88,86,48,18,97,83,67,79,0,90,77,78,90,31,87,61,91,16,26,96,25,31,94,10,7,88,68,47,13,9
Jesurun Uchegbulam,Eastbourne Borough,1110,Left Midfielder,Left Wing,Nigeria,25.0,178.0,0,0,53,21,67,0,47,24,0,55,63,92,93,0,88,84,95,93,94,39,72,81,3,90,91,87,48,11,0,1,26,12,11,25,23,43,22,25,58,81,77,49,15,12,30,17,12,84,40,74,25,38,100,53,56,92,90,99,77,69,78,92,69,100,100,100,19,18,28,24,30,12,34,86,79,99,93,25,33,48,29,18,99,67,83,64,90,93,75,73,64,37,84,61,93,13,22,98,7,33,98,40,15,48,88,8,39,24
Jett Murphy,Chelmsford City,515,Right Wing,Left Centre Forward,England,18.0,,97,98,96,98,76,97,98,7,0,97,0,84,62,0,89,69,0,0,0,93,96,71,53,48,43,56,29,29,0,2,32,16,17,16,18,94,75,74,85,86,73,32,70,38,78,67,38,6,10,57,19,53,100,93,93,98,99,99,84,96,83,99,70,10,100,100,4,5,0,46,0,2,1,85,20,82,97,28,86,95,6,13,90,39,21,23,0,98,92,89,0,100,77,93,96,63,46,39,16,97,44,0,0,39,96,53,0,1
Jevani Brown,Hemel Hempstead Town,429,Right Wing,Right Midfielder,Jamaica,31.0,175.0,0,0,60,52,58,0,26,32,0,21,0,95,81,0,93,80,0,92,83,0,78,64,0,55,71,32,88,0,0,22,41,28,21,11,16,62,67,0,88,88,86,41,29,25,100,35,24,61,100,100,34,76,100,68,63,99,93,100,84,85,85,97,86,100,100,100,28,24,21,97,5,0,39,88,64,93,98,33,66,56,22,41,28,89,86,88,82,63,67,71,0,21,91,85,98,32,29,89,45,37,76,28,1,36,80,3,24,3
Jevani Brown,Bedford Town,398,Centre Attacking Midfielder,Right Centre Forward,Jamaica,31.0,175.0,82,84,54,69,43,97,55,31,0,84,0,78,76,0,84,84,0,0,0,69,63,54,73,58,53,65,29,41,0,18,43,12,8,38,23,93,69,0,96,81,74,46,55,27,98,22,13,90,70,89,33,65,100,96,49,99,84,80,78,94,74,69,35,100,100,100,13,36,23,77,83,46,10,92,8,5,67,36,16,19,10,50,51,46,79,90,0,87,72,76,92,57,73,31,86,81,9,64,70,37,36,29,47,84,8,74,37,19
Jezreel Davies,Peterborough Sports FC,694,Centre Defensive Midfielder,Right Defensive Midfielder,England,21.0,183.0,0,0,49,59,41,0,26,44,0,59,0,87,82,0,92,90,0,0,0,0,66,57,1,86,92,70,75,34,0,12,34,35,32,81,77,81,76,77,95,40,99,99,96,76,97,93,73,38,10,71,81,80,100,76,64,99,95,99,41,54,44,82,31,59,100,100,62,49,45,51,47,84,35,87,49,49,55,77,82,81,55,52,68,72,43,49,0,49,45,43,0,12,68,93,57,54,54,46,49,68,43,44,47,40,39,43,42,41
Jimmy Muitt,Dorking Wanderers FC,2216,Right Wing Back,Right Wing,England,30.0,180.0,74,76,83,77,77,60,48,24,0,83,76,84,72,80,89,80,0,0,0,76,84,75,18,69,69,70,42,71,0,8,27,43,57,53,63,53,38,39,83,63,89,80,76,56,57,87,74,74,38,32,37,60,100,54,79,93,77,99,66,55,62,65,40,62,100,100,46,6,36,36,30,53,38,86,13,62,68,45,71,79,38,34,91,64,66,75,51,87,77,77,0,13,86,46,83,65,13,80,22,49,87,34,27,63,86,26,38,37
Joe Ashton,Marine,389,Left Back,Left Centre Back,England,19.0,,82,84,19,10,30,99,94,100,0,17,99,97,90,95,84,85,99,99,90,98,73,60,99,0,0,0,0,0,0,49,86,12,12,72,70,14,11,74,36,19,76,99,34,20,100,25,16,90,100,100,90,86,100,17,14,60,30,81,18,23,27,36,63,29,100,100,28,1,67,78,17,71,85,19,13,93,55,90,28,39,2,55,19,48,72,27,92,66,16,14,0,19,73,41,53,95,4,20,76,20,50,87,78,34,1,11,88,34
Joe Clarke,Leamington FC,1193,Right Defensive Midfielder,Centre Defensive Midfielder,England,37.0,188.0,55,56,63,88,43,69,84,59,0,58,0,31,31,0,33,33,0,0,0,37,49,35,24,13,17,0,100,36,0,63,79,58,35,84,75,56,56,95,94,32,97,99,89,76,72,74,53,37,17,32,85,92,9,49,27,96,62,99,28,33,28,41,21,31,2,100,50,5,41,39,21,84,49,75,15,70,36,34,46,48,14,75,6,31,25,27,0,35,48,39,0,100,0,0,53,87,13,29,81,22,26,64,50,47,94,15,65,69
Joe Cook,Worthing FC,3078,Right Centre Back,Left Centre Back,England,26.0,188.0,58,60,65,68,56,58,55,64,0,64,55,60,51,58,63,50,0,73,73,57,60,51,33,35,35,39,47,50,0,57,62,51,74,87,97,33,39,88,93,24,32,98,86,69,84,98,93,42,60,50,97,94,25,27,63,94,58,99,23,25,25,29,9,63,100,8,96,66,64,66,16,89,79,52,60,44,23,93,91,84,95,74,71,77,62,64,68,80,71,69,75,75,53,95,79,83,23,26,71,25,53,61,67,17,30,57,51,62
Joe Cummings,Alfreton Town,698,Right Centre Back,,England,27.0,188.0,93,94,92,97,72,96,94,28,0,94,0,28,32,0,30,33,0,0,0,86,83,57,79,0,0,0,0,8,0,79,84,0,0,83,62,17,11,97,81,10,32,74,34,16,83,16,10,89,92,80,77,89,100,19,8,90,17,94,15,18,17,16,11,59,100,100,2,8,15,51,4,81,22,85,19,66,26,6,36,62,0,100,14,12,0,0,0,70,77,67,0,0,0,0,69,96,2,33,55,65,36,66,72,13,59,60,53,77
Joe Dodoo,Alfreton Town,745,Centre Forward,Left Centre Forward,England,30.0,183.0,0,0,52,48,50,0,0,20,0,0,0,60,37,0,66,40,0,0,0,0,53,43,5,11,15,0,100,24,0,42,47,9,8,49,25,45,27,36,14,88,14,6,9,8,39,8,7,43,0,88,24,71,100,53,13,59,50,68,93,82,90,55,67,62,100,100,1,8,9,19,91,37,5,97,35,90,63,6,7,7,0,18,86,23,26,28,0,94,73,65,0,100,0,0,88,64,7,93,11,46,95,4,0,99,97,13,9,0
Joe Foulkes,Kidderminster Harriers,2902,Right Back,Right Wing Back,England,22.0,175.0,40,41,43,69,30,48,55,56,0,43,67,76,70,71,79,73,0,78,74,51,58,47,29,46,55,38,75,50,0,35,61,63,67,77,82,71,68,77,98,49,96,98,96,86,87,97,91,55,56,42,84,70,12,65,81,99,94,99,47,56,56,85,40,41,100,100,71,11,80,56,17,81,90,42,17,50,53,92,70,61,49,55,38,78,85,79,87,68,46,53,44,46,83,70,62,86,8,51,69,26,54,79,79,17,45,46,73,81
Joe Grimwood,Chelmsford City,1859,Right Centre Back,Left Centre Back,England,24.0,183.0,46,47,57,76,43,50,66,73,0,54,69,41,20,72,44,21,0,0,0,56,48,29,69,0,0,0,0,33,0,88,87,42,47,97,98,9,9,88,45,12,29,98,17,24,98,25,31,81,70,93,97,99,17,10,14,31,27,91,15,16,23,26,23,53,100,100,44,24,43,22,33,97,47,77,19,31,17,22,32,30,8,90,62,14,19,21,0,53,62,52,51,100,0,0,41,87,13,28,91,7,42,74,62,54,93,14,76,78
Joe Haigh,Dagenham & Redbridge,2814,Centre Attacking Midfielder,Left Attacking Midfielder,England,23.0,175.0,78,80,89,57,96,47,66,13,0,92,92,97,92,94,97,94,0,86,86,88,95,97,11,86,88,83,49,90,0,5,19,33,35,23,25,91,85,18,92,79,89,65,73,49,84,59,43,52,43,62,32,44,100,93,82,99,91,99,77,92,76,93,69,31,7,100,34,29,28,53,12,16,40,76,34,51,83,84,83,89,57,30,99,75,91,93,86,93,77,82,69,73,65,44,94,28,42,83,41,57,62,38,32,31,48,27,33,28
Joe Leesley,Worksop Town FC,1831,Left Defensive Midfielder,Centre Defensive Midfielder,England,32.0,182.0,0,0,37,38,38,0,38,51,0,28,96,97,97,54,78,76,99,99,99,78,77,74,62,35,41,31,75,14,0,61,55,59,60,79,70,45,37,62,62,51,99,98,50,51,86,41,47,25,53,76,89,83,100,43,30,77,67,99,56,46,56,57,41,52,100,100,56,1,88,74,6,86,95,65,15,94,66,79,27,29,25,57,64,57,99,96,99,61,31,58,51,41,98,61,73,75,29,34,81,16,45,92,79,11,28,1,91,78
Joe Nolan,Chorley,672,Right Defensive Midfielder,Left Defensive Midfielder,England,24.0,175.0,0,0,53,34,58,0,71,29,0,39,0,15,15,0,15,16,0,0,0,0,32,39,16,24,26,26,68,35,0,54,78,43,23,75,75,71,83,83,95,42,99,98,49,41,65,36,26,69,40,59,78,80,100,78,40,99,85,99,41,53,40,75,41,57,100,1,28,17,28,43,62,76,18,76,12,24,51,21,11,10,6,63,52,34,44,50,0,50,52,50,80,100,42,41,58,79,9,68,40,73,49,28,37,87,93,57,38,54
Joe Nyahwema,King's Lynn Town FC,674,Left Wing Back,Left Wing,England,21.0,179.0,0,0,59,12,85,0,22,17,0,72,0,91,49,0,94,54,0,0,0,0,73,75,0,99,99,94,73,56,0,2,8,19,20,24,36,49,25,0,88,83,92,68,49,29,25,72,43,88,0,24,55,31,100,54,69,98,75,99,82,70,78,81,75,100,100,100,33,16,23,29,36,20,23,83,4,6,86,46,89,91,61,30,98,72,44,50,0,91,79,75,0,12,78,23,79,26,20,96,19,34,95,24,45,71,63,79,27,47
Joe Oastler,AFC Totton,1896,Right Centre Back,Centre Back,England,35.0,178.0,60,62,54,74,39,81,87,83,0,69,0,0,0,0,0,0,0,0,0,43,30,19,69,0,0,0,0,20,0,85,87,54,55,96,98,15,17,86,64,19,11,87,52,49,94,56,52,74,85,84,95,90,100,14,20,66,16,70,14,15,15,11,4,54,100,5,67,45,82,35,46,97,84,46,27,23,9,35,47,37,42,91,60,19,38,35,61,0,46,39,0,100,0,0,21,85,20,25,86,12,33,89,88,27,37,41,90,89
Joe Raynes,Bath City,2692,Right Back,Right Wing Back,England,30.0,186.0,41,42,41,28,48,38,26,46,0,40,45,40,34,48,38,28,0,77,78,35,37,40,40,43,48,40,68,27,0,60,61,43,32,85,79,62,50,89,92,36,88,98,85,64,78,68,47,64,59,44,79,89,100,60,43,97,67,99,35,43,37,59,45,46,100,100,48,1,67,68,3,89,91,65,7,68,50,70,19,21,25,63,21,47,85,70,90,50,46,50,45,36,80,30,50,92,5,30,67,18,74,87,80,7,14,17,75,72
Joe Rodwell-Grant,Curzon Ashton FC,347,Right Centre Midfielder,Centre Forward,England,23.0,188.0,97,98,83,51,92,92,94,4,0,88,0,55,71,0,60,79,0,0,0,93,75,89,98,64,58,70,29,61,0,2,9,23,12,34,39,54,45,0,79,89,36,7,12,14,17,8,8,12,32,71,31,76,100,58,47,97,49,99,87,81,87,56,72,23,100,100,5,7,17,31,10,40,20,80,7,27,86,7,28,43,13,11,84,29,0,0,0,70,91,85,0,0,0,0,57,55,8,95,7,30,99,22,26,13,8,53,10,6
Joel Amado,Curzon Ashton FC,2781,Left Centre Back,Left Back,England,27.0,,0,0,45,50,41,0,50,79,0,40,0,13,12,0,14,13,0,0,0,0,25,24,21,15,15,18,68,41,0,86,84,57,48,96,92,24,25,92,87,11,32,98,55,52,86,41,40,58,63,74,87,96,12,22,16,77,26,80,14,20,17,17,6,17,100,100,43,20,48,80,11,97,66,54,17,31,18,30,46,33,14,81,46,17,25,24,48,33,50,40,0,61,25,93,38,92,6,29,84,14,36,82,84,10,17,63,72,80
Joel Colbran,Worthing FC,2346,Right Back,Right Wing Back,England,27.0,186.0,85,88,78,93,57,96,89,50,0,90,47,63,69,50,67,73,0,71,72,79,73,59,78,29,23,40,13,46,0,27,63,46,62,70,81,38,36,73,86,36,52,80,84,65,97,97,89,83,82,83,62,52,9,36,75,95,66,99,38,34,37,45,24,64,100,6,90,63,64,15,27,72,75,37,68,58,42,83,96,94,89,68,17,94,95,98,81,90,80,89,62,51,84,72,79,68,22,59,60,34,59,49,56,23,32,53,41,48
Joey Phuthi,Eastbourne Borough,324,Right Midfielder,Right Wing,Zimbabwe,21.0,173.0,0,0,42,15,60,0,0,17,0,0,0,0,0,0,0,0,0,0,0,0,20,36,26,97,95,98,29,9,0,1,22,51,63,0,0,44,19,0,40,57,76,47,71,57,100,91,81,57,100,100,20,43,100,41,76,68,85,89,57,52,66,89,72,100,100,100,12,0,2,0,0,0,13,68,0,2,95,27,90,79,26,19,99,34,28,31,0,98,54,46,0,0,79,18,92,27,78,59,18,57,86,17,13,74,99,38,19,41
John Goddard,Slough Town FC,1835,Left Wing,Centre Attacking Midfielder,England,32.0,178.0,72,63,72,76,62,55,55,30,99,71,82,93,92,73,87,88,92,94,91,71,81,76,15,52,53,53,47,23,0,26,36,20,18,34,33,22,14,19,47,74,86,42,9,11,9,9,10,89,8,77,4,18,100,32,26,84,65,99,74,52,76,69,69,70,100,100,27,12,58,48,28,36,70,59,35,82,84,50,32,49,28,37,56,74,94,93,90,53,67,73,93,46,83,74,49,46,21,86,57,35,62,74,48,25,44,4,70,44
John Oyenuga,Farnborough,584,Right Back,Right Wing Back,England,31.0,170.0,73,75,65,98,29,97,55,47,0,64,0,47,27,0,51,29,0,0,0,58,56,25,52,54,58,52,57,76,0,55,48,28,20,66,68,61,43,83,94,31,40,68,84,54,95,67,40,69,70,75,72,42,100,59,45,95,85,81,24,38,30,64,27,50,100,100,36,12,42,49,12,67,59,51,13,37,38,53,10,27,29,51,34,36,31,34,0,0,27,23,0,0,61,81,0,90,5,49,39,27,90,70,76,16,79,64,62,85
Jon Taylor,Radcliffe,1564,Left Wing Back,Right Wing Back,England,33.0,180.0,49,50,64,46,66,39,63,33,0,60,54,73,91,0,60,82,93,91,93,49,65,78,12,39,27,55,6,12,0,49,54,26,25,47,49,30,15,0,46,59,83,57,20,20,22,21,19,73,11,58,31,24,100,36,37,74,55,99,57,42,55,56,59,30,100,100,29,7,32,40,14,44,45,50,14,57,87,48,45,45,22,52,90,56,87,72,91,66,58,59,0,42,77,20,65,53,24,77,46,17,94,49,24,29,99,7,44,58
Jordan Burrow,Worksop Town FC,1967,Centre Forward,Right Centre Forward,England,33.0,185.0,86,88,93,90,85,74,78,5,0,96,0,45,33,0,48,35,0,0,0,75,87,69,10,18,16,26,29,28,0,47,43,10,10,45,37,51,25,25,66,96,62,12,26,16,49,19,13,64,13,69,51,98,18,57,45,87,80,99,98,89,95,86,74,73,100,100,8,3,5,67,15,38,5,99,4,34,96,7,82,78,0,26,40,40,28,31,0,92,96,94,0,100,27,12,97,23,50,83,6,77,88,6,20,83,86,84,7,29
Jordan Cranston,AFC Telford United,2811,Left Back,Left Centre Back,Wales,32.0,180.0,0,0,18,7,31,0,88,75,0,24,97,95,93,91,90,84,98,96,95,80,69,64,86,43,59,25,89,24,0,46,71,57,65,69,68,26,34,61,84,28,34,75,45,47,71,52,57,75,50,67,48,32,100,28,32,86,44,98,25,26,25,29,14,13,100,100,77,14,84,82,13,73,93,27,50,92,34,87,63,60,72,73,58,61,92,78,94,32,25,40,78,21,90,42,48,83,20,31,74,24,45,86,79,7,8,19,73,63
Jordan Dyer,Torquay United,2458,Right Centre Back,Centre Back,England,26.0,183.0,42,43,64,72,53,38,32,62,0,51,0,41,32,0,44,35,0,0,0,27,53,42,9,11,8,19,5,19,0,83,83,44,58,95,98,16,14,89,78,13,23,99,49,41,95,69,62,84,78,86,88,97,100,16,31,77,22,74,8,10,8,13,4,66,100,100,77,43,66,52,20,96,78,56,30,28,19,56,50,52,45,87,84,24,21,24,0,53,66,57,46,100,32,95,52,88,20,16,87,14,18,85,80,15,5,27,79,59
Jordan Garrick,Merthyr Town FC,325,Right Centre Forward,Left Centre Forward,England,27.0,180.0,97,98,98,99,67,99,97,15,0,98,96,91,85,97,95,92,0,0,0,99,98,74,97,59,45,72,10,52,0,2,11,0,0,44,57,82,48,0,93,92,13,5,59,25,83,89,50,9,96,68,55,53,100,81,95,99,98,100,95,97,95,99,84,100,100,1,9,51,0,72,0,35,0,96,63,65,95,8,96,98,18,8,79,61,28,31,0,92,78,72,0,100,58,41,92,4,31,98,1,65,96,3,19,91,95,89,4,35
Jordan Higgs,Tonbridge Angels FC,1324,Right Defensive Midfielder,Centre Defensive Midfielder,England,29.0,172.0,0,0,38,15,54,0,44,44,0,32,80,53,45,62,40,26,94,88,87,54,43,48,72,37,44,32,77,89,0,60,70,47,49,78,81,26,34,71,54,33,88,94,44,40,30,51,46,88,8,34,99,67,100,29,40,76,70,99,38,31,36,41,16,80,100,100,54,56,52,12,58,76,49,70,58,52,31,41,32,29,32,73,54,44,45,31,76,33,34,28,59,65,31,19,25,46,59,52,26,93,43,55,34,57,41,10,59,28
Jordan Hulme,Radcliffe,2406,Left Centre Forward,Right Centre Forward,England,35.0,183.0,88,90,82,84,70,92,71,14,0,82,73,84,68,77,89,76,0,0,0,87,83,67,83,80,81,78,46,65,97,26,12,11,10,17,17,42,19,41,38,99,37,3,12,10,49,12,10,73,0,85,20,60,100,52,45,79,80,99,99,90,99,92,94,41,6,100,5,4,4,9,11,6,7,97,16,73,99,9,29,64,8,19,80,43,61,71,0,91,93,93,83,70,56,33,92,41,32,81,28,40,88,6,7,36,63,62,2,7
Jordan Keane,Southport,1950,Left Centre Back,Right Defensive Midfielder,England,32.0,191.0,0,0,24,33,23,0,0,66,0,0,50,27,38,53,29,42,0,0,0,29,19,29,59,14,19,0,100,15,0,80,88,40,47,92,93,13,17,92,51,14,20,94,28,29,96,30,34,57,88,90,78,67,100,12,13,59,21,96,18,14,16,19,12,42,100,100,55,48,74,36,59,91,75,23,29,23,14,19,20,18,23,86,6,17,31,34,0,28,31,27,0,100,0,0,40,77,42,22,66,39,42,85,79,35,90,21,86,88
Jordan Neil Greenidge,Slough Town FC,783,Centre Forward,Right Centre Forward,England,26.0,193.0,65,67,90,97,67,55,94,11,0,82,0,53,65,0,58,72,0,0,0,49,83,64,1,11,0,24,0,12,0,44,12,16,13,45,32,66,14,58,32,98,37,1,7,8,4,7,8,4,0,83,58,98,100,69,55,76,62,19,99,95,98,80,95,100,100,100,4,4,1,76,2,28,6,99,20,87,98,4,42,52,0,0,9,35,53,61,0,66,91,90,0,100,38,93,81,42,53,63,16,91,59,5,2,14,28,43,0,0
Jordan Ngalo,Salisbury,983,Right Defensive Midfielder,Left Defensive Midfielder,England,27.0,173.0,0,0,37,25,45,0,14,58,0,40,88,51,64,70,35,45,96,89,88,63,41,50,86,46,50,44,59,41,0,42,56,57,76,56,64,46,31,65,80,52,98,98,66,59,66,83,80,76,53,47,91,61,6,48,70,94,76,99,42,40,39,48,21,100,100,100,80,54,69,9,52,64,67,79,64,64,51,81,76,60,74,73,34,78,76,51,89,0,16,21,68,61,48,93,0,32,70,60,41,89,30,57,57,67,41,40,63,54
Jordan Norville-Williams,Dorking Wanderers FC,1230,Left Centre Back,Left Back,England,26.0,180.0,0,0,11,4,14,0,0,68,0,0,0,24,27,0,22,23,0,72,71,0,11,15,38,69,84,39,88,62,0,33,61,69,81,78,86,47,35,73,94,21,77,99,86,79,99,94,91,77,98,94,92,79,2,44,70,96,42,99,17,26,18,25,10,32,100,100,84,22,82,87,32,83,87,33,19,34,25,90,32,24,66,68,97,38,51,26,83,35,23,18,0,44,43,18,52,88,10,33,68,24,60,78,77,21,40,39,73,78
Jordan Piggott,AFC Telford United,2505,Right Centre Back,Right Defensive Midfielder,England,27.0,183.0,42,43,32,59,22,64,78,85,0,44,60,62,43,63,67,47,0,0,0,47,46,31,49,16,21,0,100,22,0,69,86,62,69,89,92,12,10,92,65,22,25,83,22,37,97,28,48,91,88,92,74,79,100,15,18,69,18,85,28,25,36,20,18,53,6,100,78,71,80,45,56,89,81,24,46,22,13,35,67,59,60,85,55,21,29,32,0,59,39,33,0,65,31,61,60,73,58,17,73,40,25,80,78,33,39,35,79,78
Jordan Ragguette,Maidenhead United,1972,Left Wing Back,Left Back,St. Vincent and the Grenadines,25.0,187.0,0,0,27,11,43,0,40,45,0,26,67,73,69,70,77,75,0,72,65,42,51,51,29,52,47,60,29,26,90,59,56,37,41,81,83,42,49,61,87,35,50,83,70,49,76,80,60,61,71,55,65,55,100,40,50,93,51,99,33,34,34,42,32,42,100,100,59,6,76,83,16,83,89,27,8,40,49,90,46,47,45,56,84,64,89,87,88,40,27,47,0,8,97,74,30,90,6,39,78,14,60,84,83,13,37,47,76,84
Jordan Richards,Curzon Ashton FC,2199,Right Back,Right Wing Back,England,33.0,180.0,0,0,12,3,18,0,0,68,0,0,48,39,38,51,42,41,0,0,0,28,20,25,49,14,15,16,81,13,0,87,85,41,39,81,81,19,19,82,69,20,68,82,43,37,78,30,30,89,18,73,63,65,100,21,16,79,20,94,23,25,28,23,27,86,100,100,48,11,72,8,12,85,88,29,16,49,40,78,62,51,18,84,12,53,73,76,75,27,12,28,48,30,69,28,20,88,8,38,79,22,36,89,89,11,14,61,83,86
Jordan Slew,Southport,2250,Left Wing,Centre Forward,England,33.0,178.0,91,93,73,29,90,81,55,16,0,92,63,78,69,66,84,77,0,0,0,89,73,86,96,63,61,65,38,78,0,5,17,12,18,36,42,15,8,0,9,80,59,27,15,12,50,14,13,46,19,82,65,85,100,16,19,26,37,96,84,45,85,52,92,62,100,100,36,23,11,67,10,35,14,96,37,67,81,25,32,42,43,29,83,68,52,60,0,80,77,75,76,42,72,35,88,24,9,99,18,21,99,15,20,56,53,61,13,18
Jordan Thomas,Torquay United,2146,Right Back,Right Wing Back,England,25.0,182.0,0,0,20,15,26,0,11,53,0,16,77,50,57,68,53,57,92,67,73,51,33,39,78,33,36,32,68,73,0,54,57,44,56,70,79,42,21,72,78,31,64,71,47,41,93,68,60,87,85,84,50,57,19,48,75,95,71,99,24,38,37,66,51,75,100,100,52,25,44,41,10,68,66,38,37,62,60,75,29,25,40,61,15,72,68,70,73,88,51,54,48,34,70,55,74,90,5,51,71,25,53,54,40,14,88,15,40,53
Jordan Thompson,Tonbridge Angels FC,793,Left Centre Back,Centre Back,England,27.0,188.0,65,67,75,99,21,97,97,65,0,78,0,25,14,0,26,14,0,0,0,48,59,14,21,11,14,0,100,16,0,75,86,16,10,97,86,10,14,98,38,8,8,76,33,21,100,16,12,55,0,100,87,89,100,9,7,20,8,41,7,10,14,9,11,65,100,100,12,6,32,65,10,94,54,59,4,18,10,5,20,32,1,86,20,9,16,18,0,66,55,43,0,100,0,0,65,91,7,32,78,21,40,90,13,18,99,0,90,57
Jordan Thompson,Hemel Hempstead Town,643,Right Centre Back,Centre Back,England,27.0,188.0,0,0,68,99,17,0,94,100,0,17,0,50,16,0,55,17,0,0,0,0,60,12,3,12,0,27,0,9,0,85,73,19,21,87,88,11,20,86,33,18,18,97,27,20,88,35,24,92,97,87,40,77,100,13,16,59,23,99,21,20,25,14,4,55,100,100,23,12,52,58,47,87,51,57,5,13,16,8,72,69,2,69,43,9,18,20,0,52,44,32,0,100,0,0,40,84,20,26,64,37,50,89,80,31,4,7,90,58
Jordan Tillson,Bath City,2661,Right Defensive Midfielder,Centre Defensive Midfielder,England,33.0,183.0,41,42,22,68,13,84,17,71,0,28,0,21,33,0,22,35,0,0,0,26,15,19,52,15,18,15,88,32,87,60,72,45,31,70,61,82,86,60,92,50,99,99,81,62,56,59,41,42,28,27,65,81,100,82,50,99,96,99,47,59,47,84,31,46,100,100,47,11,31,34,19,69,37,86,44,92,45,49,18,14,16,63,6,38,52,58,49,0,20,27,71,74,25,16,39,85,11,42,76,31,29,43,35,32,57,25,38,35
Jordan Tunnicliffe,Farnborough,402,Left Centre Back,,England,32.0,186.0,0,0,14,21,14,0,100,100,0,26,0,0,0,0,0,0,0,0,0,0,8,8,46,16,0,33,0,28,0,81,77,21,21,99,98,32,26,93,90,15,32,94,54,32,98,35,24,83,100,89,95,96,100,34,21,94,23,95,11,26,22,26,29,31,100,100,22,10,19,56,9,98,26,50,36,88,25,12,14,10,2,79,3,19,24,27,0,0,52,43,0,100,0,0,53,94,4,25,38,85,38,56,75,40,99,85,56,91
Jordan Tunnicliffe,Kidderminster Harriers,788,Centre Back,Right Centre Back,England,32.0,186.0,65,67,58,86,36,92,97,100,0,75,74,70,29,77,76,31,0,0,0,69,60,30,78,0,0,0,0,47,0,87,91,56,63,99,99,14,15,98,84,19,31,99,39,44,78,48,53,83,92,75,97,99,100,14,22,78,9,64,12,15,15,9,5,65,100,100,47,39,53,58,26,99,59,72,25,25,19,22,58,46,13,90,6,14,16,18,0,45,59,48,0,100,0,0,53,75,40,26,73,57,0,82,77,27,25,28,79,74
Jordan Young,Torquay United,2688,Right Wing,Right Midfielder,Scotland,26.0,175.0,96,96,93,65,97,76,81,13,18,93,95,94,93,92,94,92,94,89,90,98,96,98,96,78,78,78,40,85,93,5,28,26,37,18,27,46,25,0,63,75,88,55,46,31,62,61,45,57,23,59,19,16,23,48,70,85,82,99,72,58,69,78,55,37,7,100,46,19,64,86,25,32,77,80,38,74,95,67,82,92,69,32,92,90,97,97,93,84,88,93,80,43,89,48,84,29,48,80,31,39,87,67,50,17,38,12,58,45
Josef Yarney,Macclesfield Town,606,Right Centre Back,Left Centre Back,England,28.0,183.0,0,0,47,96,18,0,100,100,0,52,0,28,35,0,30,38,0,0,0,0,34,24,15,13,17,0,100,10,0,85,100,41,38,80,80,9,13,0,23,11,27,91,18,24,46,21,25,71,92,76,65,77,100,9,12,39,7,56,6,0,0,0,0,52,100,100,80,67,75,47,36,80,83,44,35,15,17,51,28,30,60,91,97,29,39,44,0,0,50,46,0,3,60,95,61,76,53,15,18,95,46,83,61,20,39,3,79,59
Josh Ashby,Oxford City,3061,Right Defensive Midfielder,Left Defensive Midfielder,England,30.0,180.0,66,68,58,32,65,60,95,43,0,74,66,69,68,0,57,57,96,90,85,66,59,63,72,27,31,24,81,57,0,45,70,66,49,72,66,73,80,69,93,43,88,94,70,67,89,55,48,14,19,70,37,65,25,69,50,98,87,99,39,45,35,51,15,36,100,100,73,34,62,27,21,72,78,46,47,64,40,70,30,26,48,74,36,65,85,68,91,74,63,62,43,41,81,86,63,73,12,70,67,44,34,61,55,21,58,27,53,57
Josh Ayres,Alfreton Town,560,Centre Forward,Left Centre Forward,England,20.0,,99,99,99,90,99,92,98,1,0,99,0,0,0,0,0,0,0,0,0,99,98,91,97,27,18,41,5,11,0,15,32,0,0,22,16,66,70,38,61,95,73,16,11,8,39,9,8,67,0,84,25,97,100,76,19,93,69,99,93,92,89,80,84,100,100,100,2,1,16,52,71,9,14,99,1,27,98,11,86,96,0,13,99,25,41,46,0,89,98,98,0,100,0,0,91,56,16,84,17,24,98,16,0,99,93,4,39,1
Josh Castiglione,Bedford Town,532,Left Midfielder,Left Centre Midfielder,England,29.0,177.0,90,92,62,33,71,93,97,20,0,95,0,54,38,0,58,42,0,0,0,82,56,58,96,28,31,29,68,28,0,26,70,10,11,62,54,55,73,0,86,69,74,60,35,19,22,25,16,93,6,35,45,40,100,65,33,97,88,99,71,62,62,87,58,46,100,100,32,21,17,60,1,65,34,76,25,48,70,53,15,15,20,61,89,66,67,79,0,0,58,61,86,57,46,19,65,72,10,77,56,17,89,48,69,18,61,83,37,74
Josh Castiglione,Chelmsford City,951,Left Centre Midfielder,Right Back,England,29.0,177.0,60,62,38,56,30,92,26,51,0,36,0,63,61,0,51,46,0,89,86,43,49,42,35,37,40,38,57,58,0,60,63,52,64,71,69,54,51,66,84,47,81,74,33,38,83,35,47,84,52,81,19,33,6,61,63,93,58,98,50,53,53,59,61,100,100,100,37,4,54,43,9,70,80,15,5,32,68,54,48,46,20,60,83,62,75,59,86,73,43,45,0,58,74,46,68,90,5,48,62,28,64,73,48,15,50,4,64,47
Josh Coley,Ebbsfleet United,1646,Left Centre Forward,Left Attacking Midfielder,England,27.0,177.0,64,66,88,84,80,44,63,18,0,82,72,52,58,76,56,66,0,0,0,68,80,73,11,77,72,80,30,75,91,12,25,12,13,35,42,89,68,59,86,89,79,39,36,20,46,43,24,14,34,56,14,40,100,91,95,98,94,99,87,96,86,95,72,32,100,100,27,35,18,9,36,30,18,91,54,73,95,27,54,68,36,22,67,82,68,80,0,82,94,95,73,67,45,27,93,46,17,90,19,61,83,15,9,62,95,33,15,21
Josh Dawodu,Bedford Town,1031,Right Back,Left Back,England,25.0,176.0,0,0,11,4,16,0,0,71,0,0,65,57,25,69,62,26,0,0,0,41,33,16,63,45,43,50,37,92,0,67,67,62,28,62,43,56,54,75,93,24,25,62,93,82,92,44,32,90,75,57,39,44,100,55,16,98,31,97,12,30,21,30,32,74,100,100,13,6,25,47,4,67,39,44,3,14,43,43,16,12,9,55,91,31,38,43,0,38,8,10,0,50,47,31,29,91,9,24,56,63,37,77,90,7,6,95,60,84
Josh Hare,AFC Hornchurch,2561,Right Back,Right Centre Back,England,31.0,183.0,0,0,24,19,31,0,9,61,0,16,71,87,74,62,84,65,91,90,86,46,60,49,16,10,8,19,5,7,0,78,76,47,45,83,81,25,19,66,70,29,68,91,50,43,85,48,42,85,85,75,60,81,100,27,28,80,47,99,25,27,29,31,16,55,6,100,65,6,87,11,18,88,93,35,8,39,47,94,68,60,30,80,11,72,91,93,86,43,31,53,60,12,97,73,46,92,6,25,83,16,33,89,86,11,17,31,84,82
Josh Kay,Macclesfield Town,1131,Right Centre Midfielder,Left Centre Midfielder,England,29.0,165.0,56,58,55,23,69,43,94,25,0,67,63,69,62,66,73,64,0,73,72,59,59,64,46,77,81,71,58,60,0,7,26,44,55,37,49,36,40,52,78,64,83,72,29,31,19,26,36,47,6,38,65,73,100,38,54,94,81,99,68,49,64,71,43,28,100,1,50,18,45,25,40,45,43,86,42,80,70,49,54,58,42,37,48,81,65,72,59,36,58,59,63,16,68,58,44,56,25,72,36,49,75,38,31,43,41,27,36,25
Josh Miles,Southport,540,Left Back,Right Back,England,19.0,,0,0,18,61,11,0,0,66,0,0,0,14,18,0,14,19,0,0,0,0,10,10,40,34,41,29,81,81,0,45,75,53,49,82,82,52,57,90,91,28,15,31,94,78,93,89,73,89,52,60,45,39,100,48,46,95,51,99,25,28,20,39,28,2,100,100,27,12,29,62,2,80,60,7,7,17,30,59,5,5,22,76,67,23,42,35,70,0,0,8,0,100,0,0,0,92,3,49,85,7,88,81,79,10,99,37,70,92
Josh Parker,Oxford City,2383,Centre Forward,Left Wing,Antigua and Barbuda,35.0,180.0,77,75,76,95,51,87,96,30,99,79,61,62,57,64,67,64,0,0,0,69,70,51,46,23,22,28,52,70,0,24,29,12,9,45,38,51,43,29,54,87,31,9,15,12,40,14,10,51,18,78,22,75,21,58,45,86,56,96,91,84,90,66,78,65,100,100,21,20,32,8,65,44,25,93,33,64,79,23,26,41,15,29,13,56,48,55,0,54,70,66,47,30,70,86,83,37,28,86,21,52,86,30,34,67,84,48,33,44
Josh Popoola,Maidenhead United,2571,Centre Attacking Midfielder,Right Wing,England,22.0,177.0,83,86,76,67,73,81,74,22,0,80,98,98,97,97,98,95,97,96,95,96,93,92,95,89,94,77,71,89,87,1,21,16,20,21,23,62,43,29,87,88,81,31,39,24,89,49,30,68,8,83,23,48,100,68,76,98,88,99,87,86,86,94,85,55,100,100,22,15,44,49,19,18,60,73,34,77,98,42,70,85,43,25,97,78,97,88,97,91,80,82,60,24,98,69,97,3,60,94,6,31,99,64,39,19,50,6,55,36
Josh Quaynor,Leamington FC,1702,Left Back,Left Wing,England,34.0,176.0,0,0,13,9,16,0,26,70,0,30,52,26,34,55,24,33,0,72,67,31,13,22,68,13,9,23,5,28,0,64,79,57,39,79,70,21,22,75,62,22,63,87,45,47,64,38,34,74,22,62,66,51,100,22,12,71,32,83,18,22,21,25,14,84,100,100,28,2,51,81,2,80,86,30,7,62,36,46,4,4,9,76,20,22,53,38,78,29,8,10,0,72,37,14,0,94,3,30,85,10,49,88,85,4,19,35,69,81
Josh Rees,AFC Hornchurch,2701,Right Defensive Midfielder,Right Centre Midfielder,England,32.0,175.0,69,71,90,88,81,49,62,18,0,86,79,59,51,82,63,54,0,67,62,74,85,72,12,24,25,26,68,31,86,33,60,32,32,51,53,73,64,72,95,59,98,95,89,62,97,88,65,24,70,77,48,74,100,67,64,99,94,99,57,59,58,80,31,37,100,100,28,20,21,28,27,52,21,87,41,76,61,34,74,82,11,43,44,45,42,45,49,75,82,78,70,73,41,72,77,78,12,63,43,65,52,30,33,51,56,45,30,32
Josh Taylor,Dorking Wanderers FC,1749,Right Centre Midfielder,Right Defensive Midfielder,England,31.0,,62,64,36,17,51,70,65,49,0,54,52,55,68,55,57,69,0,74,75,58,43,55,77,47,55,40,73,42,91,33,52,26,36,40,50,49,45,68,85,61,97,94,67,41,63,91,71,66,47,44,78,50,16,48,83,97,86,99,58,47,53,75,39,69,100,100,75,30,56,54,55,35,57,46,41,61,58,79,89,82,58,58,87,79,88,69,93,63,63,63,0,24,89,55,78,47,56,54,50,60,47,47,34,62,93,18,52,51
Josh Umerah,Maidenhead United,2314,Right Centre Forward,Centre Forward,England,29.0,185.0,93,93,92,89,84,84,73,10,99,97,47,46,46,50,50,50,0,0,0,86,85,73,71,41,20,64,2,77,0,6,9,7,8,20,22,50,21,48,74,99,30,4,11,8,83,13,9,51,10,91,20,77,100,58,66,97,80,99,98,90,97,88,80,77,100,100,4,24,3,49,95,8,1,98,31,53,97,11,49,72,10,11,54,46,16,18,0,66,93,89,0,100,32,61,91,20,9,99,9,20,99,1,4,97,65,77,3,5
Josh Wardle,Marine,2537,Left Centre Back,Centre Back,England,29.0,191.0,71,73,65,94,38,94,96,71,0,78,46,16,21,49,17,22,0,0,0,62,45,27,82,10,11,15,68,32,0,90,85,41,34,94,89,14,10,97,65,11,18,98,16,23,63,13,19,67,74,84,93,97,5,16,11,77,22,95,11,14,13,14,5,25,100,100,20,1,38,78,4,95,60,89,9,86,18,13,32,23,0,78,70,12,18,21,0,64,62,52,60,100,0,0,63,96,2,23,85,10,51,90,77,7,29,3,81,75
Joshua Addae,Chesham United FC,2316,Right Wing Back,Right Back,England,23.0,,0,0,36,37,37,0,26,42,0,32,47,52,32,50,51,29,0,79,72,27,42,32,20,45,49,43,60,42,0,19,46,39,33,60,61,60,68,70,91,45,66,52,65,47,68,62,44,89,71,51,51,35,100,65,62,98,64,99,42,50,45,62,56,77,100,100,22,4,47,43,3,60,82,37,20,85,58,47,26,23,20,34,73,38,87,67,92,55,45,49,0,13,93,20,58,81,10,58,69,12,88,82,69,7,19,9,67,58
Joshua Adepoju,Slough Town FC,382,Left Centre Midfielder,Centre Attacking Midfielder,England,,,0,0,69,54,68,0,55,30,0,50,93,85,78,95,72,74,0,94,84,70,74,70,34,66,66,66,44,43,0,1,26,21,11,21,13,86,75,0,96,77,98,85,25,20,57,20,14,18,70,75,20,37,100,89,55,99,99,100,73,83,67,99,66,28,100,100,35,5,24,73,12,48,23,97,15,69,79,53,41,50,48,30,90,63,85,85,84,67,53,60,92,61,53,19,75,53,26,74,58,15,91,35,34,14,61,38,22,35
Joshua Anifowose,Eastbourne Borough,1669,Left Wing Back,Right Wing Back,England,24.0,185.0,48,49,70,39,78,35,79,19,0,66,95,91,82,97,92,88,0,83,67,80,79,81,68,92,93,90,45,61,0,1,7,29,32,26,35,87,54,33,95,79,97,82,77,50,95,87,63,25,10,77,12,22,100,86,90,99,99,100,80,90,80,99,81,13,100,100,38,8,38,26,31,33,40,74,36,91,79,63,69,67,59,17,95,77,80,89,63,64,76,79,53,16,90,55,82,57,23,74,29,50,81,50,65,75,31,74,58,60
Joshua Passley,Ebbsfleet United,2070,Right Centre Back,Right Wing Back,England,31.0,184.0,44,46,32,72,19,78,44,70,0,26,65,61,53,69,66,59,0,0,0,53,45,34,67,23,22,29,40,24,0,53,70,27,36,77,83,25,13,82,79,35,36,81,56,36,97,66,48,53,81,88,98,64,18,23,37,92,47,99,40,31,43,44,47,44,100,100,72,44,66,10,45,81,64,52,29,26,53,93,75,62,64,71,83,87,63,72,51,75,56,58,49,51,74,53,76,85,9,50,82,10,64,66,72,27,16,59,62,61
Joshua Phillips,Bedford Town,1753,Right Wing,Left Midfielder,England,20.0,,62,64,72,79,60,60,41,27,0,57,84,71,80,87,64,66,0,87,89,73,70,65,67,76,80,70,58,60,0,27,31,11,10,33,23,35,23,28,31,73,56,26,19,14,73,14,10,69,40,85,13,17,100,42,16,61,62,67,76,59,76,65,66,36,100,100,10,1,20,77,1,38,43,77,6,74,98,26,31,39,17,33,95,35,86,82,87,55,58,62,84,28,87,20,50,29,84,49,27,47,84,73,65,4,8,21,41,39
Joshua Scott,Darlington,826,Left Back,Left Wing Back,England,23.0,184.0,81,83,84,93,65,84,80,31,0,93,72,26,41,76,28,45,0,0,0,81,69,55,87,75,85,57,78,27,0,30,62,45,49,85,86,66,45,83,93,32,51,65,83,63,96,88,71,58,52,77,76,69,100,64,68,99,77,99,29,36,26,43,14,66,100,100,49,24,28,87,7,82,46,69,36,63,47,50,87,83,45,67,55,58,38,35,63,64,71,64,0,100,0,0,64,73,6,90,57,14,93,48,53,15,23,48,35,39
Joshua Tomlinson,Bedford Town,559,Right Centre Back,Left Centre Back,England,20.0,,0,0,68,99,20,0,0,58,0,0,0,23,18,0,24,19,0,0,0,0,50,14,6,0,0,0,0,44,99,100,89,95,80,87,78,10,11,90,29,8,12,73,26,79,100,12,45,93,100,100,72,75,100,11,7,40,8,0,5,7,6,8,4,100,100,100,16,4,41,64,5,88,64,51,2,14,11,2,4,13,0,100,48,7,20,22,0,56,53,42,0,100,0,0,76,92,6,27,16,85,67,92,92,0,0,95,73,41
Joshua Tomlinson,Leamington FC,500,Left Centre Back,,England,20.0,,0,0,22,76,12,0,100,100,0,39,0,0,0,0,0,0,0,0,0,0,10,8,40,0,0,0,0,5,0,74,80,49,17,98,92,21,48,88,95,7,12,94,39,39,88,26,19,47,70,82,99,91,100,20,14,95,33,99,5,8,6,8,1,43,100,100,12,2,21,73,3,97,37,76,9,64,7,4,8,8,0,59,31,7,0,0,0,59,32,18,0,0,0,0,47,96,3,18,80,37,0,79,69,9,61,14,67,74
Josiah Dyer,Peterborough Sports FC,474,Left Centre Forward,Right Centre Forward,England,21.0,,92,94,97,93,91,81,72,3,0,95,0,45,31,0,49,33,0,0,0,85,93,75,15,51,57,46,68,33,99,16,12,11,12,11,10,19,9,0,20,98,72,28,8,8,5,8,8,17,32,81,12,78,100,20,17,71,45,99,97,61,97,69,100,40,100,100,19,3,19,53,44,28,13,96,19,88,82,18,46,83,12,10,62,43,65,76,0,82,89,90,0,50,48,41,94,16,45,90,36,33,88,12,34,96,80,87,18,42
Jude Mason,Hampton & Richmond,757,Left Wing Back,Left Back,England,25.0,176.0,0,0,10,19,10,0,0,100,0,0,0,16,30,0,16,32,0,0,0,0,8,14,44,17,0,35,0,50,0,74,72,44,32,71,67,18,11,62,49,35,84,60,41,37,96,18,21,92,96,89,87,72,100,21,11,75,31,96,25,28,39,40,75,100,100,100,34,9,43,95,13,70,62,18,2,6,57,51,2,2,21,66,0,42,60,37,84,67,14,14,0,61,65,61,54,88,4,67,79,10,76,65,74,9,1,68,46,28
Junior Dixon,Hampton & Richmond,548,Centre Forward,Right Centre Forward,England,21.0,186.0,0,0,84,83,74,0,50,14,0,65,0,42,48,0,46,53,0,0,0,0,73,64,0,70,80,54,77,45,0,1,3,0,0,10,10,72,26,34,72,99,67,16,9,7,100,11,8,65,100,100,8,75,100,82,80,98,98,100,97,98,97,99,97,47,100,100,8,48,3,66,17,2,4,99,70,78,89,19,48,65,20,4,76,49,51,59,0,98,87,85,0,100,45,93,85,26,46,83,22,79,66,0,0,99,58,58,2,0
Junior Gyamfi,Bedford Town,3053,Right Defensive Midfielder,Left Defensive Midfielder,Germany,22.0,,39,41,58,31,66,34,46,32,0,46,66,47,57,69,51,64,0,0,0,49,51,60,44,80,87,68,70,81,0,6,41,52,31,56,42,97,97,64,98,60,99,97,98,90,92,74,51,4,52,43,50,65,100,95,51,99,98,99,57,79,54,92,36,28,100,100,43,20,39,62,22,62,44,75,40,75,55,63,47,44,37,42,84,59,62,68,60,31,57,57,90,62,50,47,61,78,13,55,72,28,45,59,65,39,48,55,58,66
Junior Mondal,Spennymoor Town,1822,Left Wing,Right Wing,England,29.0,175.0,91,92,89,89,77,90,95,15,0,96,51,84,78,54,88,86,0,0,0,86,89,78,48,42,44,43,54,65,90,28,37,20,18,24,24,83,59,20,79,83,51,27,47,29,32,41,25,62,8,33,19,54,100,87,77,97,94,99,81,90,78,92,57,70,100,100,21,32,9,87,37,8,11,94,32,43,81,17,74,82,18,35,77,64,60,70,0,87,85,85,51,42,68,33,93,19,30,94,18,36,95,11,10,74,68,52,11,12
Junior Morias,AFC Hornchurch,800,Left Wing,Left Centre Forward,Jamaica,30.0,173.0,65,67,73,65,69,52,95,10,0,74,92,97,89,94,98,96,0,0,0,82,87,79,29,42,52,33,81,63,0,36,43,9,8,8,11,47,17,0,71,99,60,27,7,7,17,7,7,83,0,93,2,25,100,61,62,97,81,99,98,92,98,86,72,100,100,100,10,16,13,71,66,0,12,93,36,76,94,19,51,77,15,33,87,49,71,79,64,95,82,83,97,69,38,13,93,40,35,79,5,94,74,21,17,88,93,37,27,30
Justin Donawa,Hereford FC,408,Left Wing,Right Midfielder,Bermuda,29.0,178.0,81,83,87,96,66,84,55,19,0,85,0,34,48,0,36,53,0,0,0,68,75,58,23,16,22,0,100,39,0,3,71,30,43,20,27,13,8,0,69,75,55,20,32,27,100,23,28,90,0,100,63,84,100,15,17,84,44,99,79,41,80,46,58,100,100,100,18,1,14,6,5,33,17,91,5,60,86,15,85,76,15,39,94,38,51,43,73,65,45,42,0,100,52,12,52,34,42,79,17,48,91,46,55,10,60,58,27,58
Justin Johnson,Macclesfield Town,722,Left Wing,Left Midfielder,Netherlands,29.0,170.0,92,94,88,67,91,81,64,7,0,92,94,92,94,80,92,96,98,88,84,96,92,95,96,90,91,86,52,18,0,1,18,28,29,17,19,26,16,0,74,73,75,32,33,26,21,49,35,80,5,36,2,10,100,30,50,91,75,99,73,50,75,65,43,61,100,100,26,27,41,41,56,27,34,81,75,96,98,28,30,80,54,24,95,81,93,98,75,97,92,96,0,19,98,93,93,34,31,86,22,34,94,54,67,36,49,71,52,69
Kacper Pasiek,Macclesfield Town,391,Left Back,Left Wing,Poland,20.0,,82,84,56,35,61,92,26,41,0,32,0,42,22,0,46,23,0,0,0,69,47,44,90,16,0,34,0,86,0,6,42,31,24,63,69,38,33,0,95,28,52,93,83,56,86,80,52,93,85,58,66,75,100,39,62,97,35,95,25,29,26,26,15,100,100,100,50,23,32,79,4,69,49,46,42,74,38,88,40,39,46,38,92,54,63,75,0,0,61,62,0,12,73,21,0,90,6,43,70,22,59,69,82,15,92,87,59,90
Kai Corbett,Chelmsford City,429,Left Wing,Left Midfielder,England,23.0,182.0,80,82,71,29,88,60,41,15,0,73,91,88,94,93,84,89,0,91,94,88,77,94,92,86,88,80,55,68,0,3,34,19,19,42,53,24,11,53,2,71,56,28,39,25,57,66,38,85,16,63,36,41,100,27,45,9,52,0,64,39,58,50,51,35,1,100,16,5,38,53,11,24,62,75,48,98,94,54,57,53,26,24,97,54,82,80,82,0,81,82,0,34,70,31,51,26,62,73,3,88,85,67,0,15,99,0,57,2
Kai Corbett,Eastbourne Borough,1674,Left Centre Midfielder,Left Attacking Midfielder,England,23.0,182.0,74,65,82,45,94,38,50,20,99,89,72,86,93,76,61,79,0,97,96,67,84,96,6,45,40,53,29,98,0,14,30,27,28,13,12,31,15,20,54,85,87,45,31,25,57,39,29,63,70,70,3,14,100,34,48,84,74,99,83,62,85,69,52,48,100,100,31,7,68,21,15,32,85,42,19,71,86,88,59,60,42,38,84,72,98,95,98,82,70,76,53,57,84,56,82,42,68,50,44,76,41,84,73,13,64,11,77,80
Kai Jennings,Farnborough,555,Left Centre Midfielder,Left Defensive Midfielder,England,20.0,,0,0,19,9,31,0,55,49,0,49,0,51,47,0,21,30,0,93,87,0,33,37,15,39,41,41,52,18,0,68,54,45,61,61,70,62,65,87,95,42,94,92,87,66,63,92,81,90,37,28,68,55,100,62,78,99,97,99,37,44,37,77,21,100,100,100,57,34,63,32,33,56,75,17,26,31,51,47,49,43,42,61,48,64,72,47,88,56,34,34,0,34,75,93,63,41,25,86,49,71,40,59,35,39,96,8,58,55
Kai Woollard Innocent,Kidderminster Harriers,580,Left Centre Back,Left Wing Back,England,25.0,,0,0,10,1,19,0,94,54,0,19,97,85,65,98,90,73,0,0,0,79,55,40,94,26,39,0,100,42,0,36,51,83,76,85,90,24,12,0,57,40,45,51,38,66,17,31,55,85,49,22,69,66,100,27,39,63,80,99,47,34,47,69,40,50,100,100,30,10,33,80,7,84,52,59,4,9,35,51,18,20,22,41,46,27,57,56,69,55,27,32,0,5,83,85,43,91,6,28,80,20,36,71,53,16,87,9,63,67
Kai Woollard Innocent,Horsham FC,478,Left Back,Left Wing,England,25.0,,0,0,15,1,36,0,97,56,0,61,0,70,42,0,75,46,0,0,0,0,44,37,9,37,33,45,29,82,0,48,45,25,26,74,75,27,19,88,78,29,62,66,51,33,30,61,39,87,70,28,30,51,100,29,30,89,30,90,30,29,30,27,21,100,100,100,53,15,33,76,1,77,72,44,68,98,45,31,36,28,48,67,55,56,64,76,0,60,61,62,0,5,80,23,48,66,16,72,10,61,90,71,83,7,30,88,50,83
Kai Woollard Innocent,Hampton & Richmond,665,Left Wing Back,Left Back,England,25.0,,0,0,17,24,17,0,94,57,0,17,0,9,16,0,10,16,0,0,0,0,9,12,42,62,53,71,17,9,0,7,34,31,33,58,62,24,28,0,68,51,93,77,31,26,92,35,30,92,70,87,27,52,100,30,38,85,55,99,47,39,54,46,37,57,100,100,35,4,45,77,17,56,61,65,7,46,58,47,9,7,27,27,15,34,37,41,0,0,19,20,80,100,0,0,39,77,13,60,55,13,94,49,32,29,94,14,44,49
Kai Yearn,Chesham United FC,334,Right Centre Forward,Centre Attacking Midfielder,England,21.0,180.0,97,98,97,98,80,97,99,28,0,99,0,84,90,0,74,65,0,93,96,94,97,87,39,0,0,0,0,50,0,54,52,24,21,24,26,33,12,0,60,92,67,30,12,15,17,18,17,92,0,70,2,20,100,45,49,92,87,99,90,80,93,94,87,100,100,100,32,32,23,38,21,6,32,80,67,89,98,26,95,94,21,67,6,82,89,68,94,71,92,92,0,61,78,61,98,17,66,79,24,50,85,16,1,23,84,10,8,2
Kai Yearn,Maidenhead United,352,Centre Attacking Midfielder,Left Defensive Midfielder,England,21.0,180.0,0,0,69,31,83,0,38,18,0,53,0,60,97,0,47,95,0,88,95,0,64,95,2,38,0,69,0,33,0,67,48,0,0,66,61,80,71,50,88,74,99,96,40,18,73,32,16,21,32,72,45,57,100,81,77,98,95,99,76,88,81,99,97,24,100,100,55,17,76,33,28,67,86,43,48,88,90,89,7,20,46,44,78,90,99,66,99,69,68,66,0,61,76,41,56,52,57,46,53,62,42,65,40,26,94,6,60,58
Kaine Felix,Peterborough Sports FC,939,Right Wing Back,Right Wing,England,31.0,178.0,0,0,60,66,51,0,30,33,0,56,96,94,72,97,97,80,0,0,0,77,77,56,51,60,52,69,19,58,0,23,36,14,22,22,22,60,40,43,89,76,85,52,77,41,65,87,58,32,4,38,41,45,100,56,68,97,87,99,72,64,71,88,63,71,100,100,26,3,28,34,32,21,30,75,5,37,89,43,60,70,25,29,99,64,87,76,90,97,75,75,69,57,80,16,96,65,14,77,34,27,93,42,14,35,66,6,38,15
Kallum Griffiths,Darlington,495,Right Back,Right Defensive Midfielder,England,36.0,175.0,0,0,36,10,59,0,94,43,0,22,0,73,74,0,78,72,0,63,81,0,53,62,5,14,19,0,100,12,0,83,74,17,17,89,88,45,35,47,92,34,59,79,85,49,99,83,51,81,92,91,27,49,100,42,48,98,71,99,30,32,29,54,30,100,100,100,32,8,71,37,31,90,80,47,46,97,53,89,71,66,13,86,11,49,94,82,95,59,10,29,0,100,0,0,67,90,7,34,78,26,29,84,80,15,13,31,78,70
Kamran Kandola,Kidderminster Harriers,1810,Right Defensive Midfielder,Left Defensive Midfielder,England,22.0,184.0,46,48,45,57,38,55,80,59,0,57,51,31,29,54,33,31,0,0,0,44,35,31,67,28,41,0,100,51,0,54,75,74,79,87,93,76,69,62,98,47,99,99,88,83,91,91,88,16,20,61,72,89,100,70,80,99,97,100,48,60,57,91,42,25,100,100,52,8,42,71,10,88,58,75,24,77,38,50,33,26,14,67,16,41,36,33,62,54,45,38,0,65,44,83,65,87,13,30,56,80,21,68,63,26,28,27,64,55
Kane Crichlow,Chelmsford City,399,Left Wing,Right Wing,Bermuda,25.0,161.0,95,96,83,91,67,97,97,21,0,84,0,27,22,0,29,23,0,0,0,90,69,49,97,64,74,51,75,41,0,1,12,31,49,38,40,67,56,62,91,67,44,64,44,32,39,52,46,90,32,42,28,52,100,75,85,99,75,99,68,73,67,81,75,100,100,100,14,25,19,66,91,27,13,96,59,88,65,2,59,68,17,6,89,28,52,60,0,96,82,80,0,28,85,95,74,30,55,74,5,96,67,17,10,84,96,33,21,25
Kane Ferdinand,Maidenhead United,1336,Centre Defensive Midfielder,Right Defensive Midfielder,Republic of Ireland,33.0,185.0,0,0,24,39,21,0,26,69,0,48,0,21,25,0,22,26,0,0,0,0,16,19,31,21,16,32,10,50,0,63,68,75,77,65,70,73,71,49,97,49,96,93,66,71,25,72,76,72,5,13,49,71,100,76,84,99,97,99,45,52,40,71,17,80,100,100,39,57,19,50,44,57,21,52,68,67,50,40,32,25,15,68,2,47,28,30,0,33,42,35,0,100,0,0,24,66,49,32,64,56,29,20,21,83,72,48,25,25
Karl Oliyide,Chesham United FC,1162,Centre Forward,Left Centre Forward,England,31.0,185.0,93,94,99,99,88,84,95,7,0,99,0,56,61,0,61,68,0,0,0,86,98,82,1,32,44,20,90,58,95,23,26,8,8,24,28,36,9,47,37,99,66,12,28,15,93,31,17,64,46,89,20,81,100,41,53,71,66,99,99,82,97,75,79,77,100,100,9,38,1,61,71,9,1,94,34,39,88,9,84,93,13,24,61,40,31,34,0,55,90,87,0,41,32,61,79,8,25,98,11,26,99,1,1,97,46,59,3,1
Kayden Harrack,Dagenham & Redbridge,2184,Right Centre Back,Right Defensive Midfielder,Grenada,22.0,185.0,75,77,60,73,48,92,53,40,0,66,0,36,45,0,39,47,0,61,64,60,48,44,76,19,15,29,13,22,0,62,63,28,25,68,65,56,50,80,73,41,58,91,48,33,65,47,32,30,70,60,63,73,100,56,44,88,79,96,43,47,48,57,26,36,100,100,42,6,70,41,25,74,79,67,10,44,27,51,19,21,21,59,74,27,61,53,77,27,46,46,64,42,50,21,44,90,12,19,83,17,30,88,85,21,65,29,86,89
Keenan Quansah,Hereford FC,1282,Right Centre Back,Right Back,England,29.0,193.0,0,0,46,99,13,0,55,68,0,50,59,65,30,62,71,31,0,0,0,36,53,17,17,25,31,19,88,25,0,85,87,38,32,85,87,32,22,89,93,18,20,96,77,55,83,66,45,91,36,57,78,81,100,32,32,97,51,99,13,22,16,29,11,100,100,100,42,28,38,59,6,87,56,52,17,23,23,42,48,43,18,89,94,22,18,20,0,52,32,23,0,12,31,19,66,92,5,31,85,9,63,75,83,9,3,81,59,59
Keiran Evans,Merthyr Town FC,1237,Right Centre Midfielder,Right Midfielder,Wales,27.0,170.0,81,83,66,51,65,84,95,39,0,72,60,87,88,63,89,92,0,82,79,77,73,75,71,94,93,93,40,71,0,6,24,10,10,37,45,31,27,34,75,46,46,61,48,23,30,73,38,93,32,30,20,13,100,36,65,91,78,99,41,35,39,44,14,100,100,100,85,70,48,82,62,33,44,71,96,95,47,73,79,80,95,53,89,84,79,85,73,53,41,53,95,100,0,0,78,38,37,79,57,28,71,34,38,61,60,47,36,39
Kenny Coker,Dover Athletic,918,Centre Forward,Left Wing,England,22.0,185.0,88,90,80,78,72,89,71,12,0,86,69,80,43,73,85,48,0,0,0,86,80,61,85,49,34,65,7,34,0,5,13,11,10,34,28,78,49,47,49,97,55,12,19,14,57,15,11,10,10,80,41,95,100,81,57,91,96,99,96,97,96,97,75,100,100,100,5,0,0,61,0,25,7,99,5,89,95,20,23,35,3,0,86,29,42,47,0,74,84,81,0,50,36,61,87,80,8,72,53,18,91,9,21,28,50,79,4,18
Kevin Joshua,Peterborough Sports FC,497,Centre Back,Left Centre Back,Republic of Ireland,24.0,198.0,0,0,23,30,22,0,0,100,0,0,0,16,30,0,17,32,0,0,0,0,13,23,34,14,19,0,100,21,0,83,88,50,60,97,99,15,19,95,88,15,12,95,48,44,77,62,59,88,46,69,93,89,1,16,33,90,33,99,8,8,6,12,2,43,100,100,49,24,60,76,51,98,46,79,10,14,18,19,6,7,24,88,35,15,21,23,0,59,57,47,0,100,0,0,79,89,17,15,83,28,0,78,89,71,26,94,83,89
Kevin Roberts,Chester,1512,Right Back,Right Centre Back,England,36.0,188.0,66,68,61,96,30,96,38,64,0,67,55,51,48,58,55,48,0,67,68,62,55,37,71,27,23,35,29,40,0,45,69,54,52,78,78,39,56,93,70,27,75,94,88,72,57,68,57,75,52,22,79,67,100,34,26,87,51,97,24,29,28,34,18,3,100,4,54,34,51,29,15,75,72,24,31,39,43,60,53,48,34,56,18,54,62,63,71,75,38,42,56,19,74,72,61,85,12,42,65,19,76,70,53,12,31,10,58,44
Keziah Martin,Buxton,579,Centre Attacking Midfielder,Left Back,Bermuda,26.0,179.0,0,0,49,47,47,0,97,49,0,55,84,88,80,0,86,73,99,89,87,58,67,58,20,32,39,28,81,65,0,25,55,10,15,57,67,34,38,71,57,53,30,24,19,13,95,37,22,100,0,91,81,30,100,47,59,89,59,97,54,51,60,45,30,100,100,100,39,60,33,77,17,48,48,53,33,19,63,51,10,18,34,53,47,75,64,45,84,0,51,47,0,3,83,94,62,62,21,70,45,60,54,60,65,16,66,51,49,71
Keziah Martin,Hereford FC,488,Right Centre Midfielder,Right Midfielder,Bermuda,26.0,179.0,77,79,64,48,65,78,81,34,0,81,0,98,94,0,86,73,0,99,97,63,87,81,2,66,79,45,83,60,0,1,49,25,26,32,36,52,43,0,42,68,88,39,74,45,96,73,47,46,0,82,10,28,100,49,47,74,63,99,68,62,74,72,77,8,100,100,36,19,74,86,60,20,78,38,91,99,72,95,92,89,37,37,76,78,98,83,99,0,57,61,0,54,79,41,0,66,15,74,74,20,53,75,33,51,85,1,77,43
Khaleel Rafiq Salah-Edine,Dagenham & Redbridge,439,Right Centre Midfielder,Left Defensive Midfielder,Morocco,23.0,177.0,79,81,75,61,74,74,38,25,0,81,90,38,71,93,40,79,0,0,0,87,62,72,97,75,83,61,73,36,0,29,38,11,13,52,42,48,37,0,9,68,98,82,10,9,4,13,11,86,5,15,29,40,1,61,39,38,94,92,70,75,80,97,87,36,100,100,45,87,41,66,88,47,28,84,89,60,60,84,59,57,53,41,75,72,68,80,0,0,36,48,0,100,50,93,50,30,56,73,40,58,63,47,50,91,94,43,61,69
Kian Ronan,Chelmsford City,1597,Right Back,Right Wing Back,Gibraltar,25.0,176.0,0,0,49,99,14,0,99,65,0,39,54,50,42,57,51,38,0,75,76,32,47,26,20,16,14,24,29,19,0,72,67,68,72,77,78,40,33,88,68,36,79,94,46,56,56,47,59,63,38,54,74,60,100,42,41,83,52,96,35,39,43,51,54,65,100,100,57,10,69,56,21,78,84,23,3,8,59,83,54,44,26,72,27,67,73,70,79,45,28,39,0,42,68,21,53,91,5,41,79,12,66,71,42,16,62,4,62,44
Kian Scales,Radcliffe,969,Right Back,Right Defensive Midfielder,England,24.0,181.0,60,62,33,18,46,74,38,42,0,45,0,50,47,0,54,52,0,0,0,43,39,44,59,37,33,45,29,42,0,48,63,42,40,62,63,48,47,66,86,41,86,87,64,48,78,62,47,80,46,61,1,8,6,50,51,93,79,99,41,45,47,72,49,41,100,100,67,25,62,62,18,68,77,59,47,77,57,92,26,35,60,74,87,82,77,83,71,40,20,40,0,100,0,0,47,82,13,46,58,56,40,78,86,15,23,84,71,85
Kien Connolly,Dagenham & Redbridge,398,Centre Forward,Right Centre Forward,England,20.0,190.0,0,0,92,98,67,0,97,20,0,97,99,99,89,99,99,96,0,0,0,90,99,77,0,43,38,51,29,28,0,13,17,41,56,30,35,43,22,0,66,95,20,5,16,23,39,29,39,56,0,76,25,82,100,50,60,93,87,100,95,87,97,93,80,100,100,100,12,38,15,66,98,19,8,98,80,95,91,15,92,98,11,28,41,62,0,0,0,87,91,85,92,0,0,0,86,16,52,87,21,57,83,19,32,78,57,71,22,32
Kieran Burton,Buxton,2708,Left Centre Back,Left Back,England,22.0,188.0,62,63,57,89,34,89,84,68,0,74,45,34,25,48,37,26,0,0,0,53,45,26,68,22,32,0,100,65,0,53,69,36,47,86,92,23,26,75,61,14,36,88,68,47,93,75,59,62,79,77,83,89,100,21,31,60,28,78,9,12,9,13,3,29,100,7,62,46,58,83,26,84,72,31,10,4,24,36,46,43,45,69,76,24,32,33,49,25,45,38,45,50,30,48,24,80,18,40,69,23,59,77,61,16,64,9,70,67
Kieran Coates,Fylde,624,Right Back,Right Midfielder,England,24.0,170.0,0,0,12,4,18,0,94,61,0,16,0,34,34,0,23,27,0,83,79,0,17,23,29,46,27,67,3,46,0,34,34,58,78,80,91,39,22,89,85,31,81,84,41,46,51,64,73,91,40,55,55,55,2,46,79,92,68,99,32,34,30,54,35,53,100,100,47,22,61,19,37,75,74,34,63,94,52,66,33,21,35,40,48,62,67,32,89,0,20,17,0,16,80,33,0,84,5,76,30,15,99,58,18,25,66,2,53,19
Kieran Parselle,Bath City,2745,Left Centre Back,Left Back,England,29.0,183.0,52,53,64,62,58,47,28,59,0,56,0,29,25,0,31,26,0,0,0,35,49,42,21,8,10,0,100,21,0,82,87,34,27,97,91,18,19,93,82,14,36,96,27,26,54,18,19,89,41,71,93,93,100,22,13,82,24,97,14,18,15,23,17,88,100,7,28,1,55,78,3,98,83,68,2,40,24,43,12,20,5,74,80,18,38,39,49,33,63,57,0,43,45,34,38,95,3,24,89,9,35,92,90,6,40,29,89,91
Kieran Wallace,Alfreton Town,492,Left Defensive Midfielder,Left Centre Midfielder,England,31.0,186.0,77,79,68,69,59,84,17,36,0,39,0,95,91,0,24,20,0,99,99,63,81,73,5,43,65,0,100,6,0,65,88,17,15,77,63,84,67,97,78,58,99,98,85,50,93,69,38,46,95,69,65,85,100,83,58,90,99,99,62,82,72,99,71,42,100,100,21,8,80,85,52,81,79,89,9,35,76,56,5,10,3,72,57,42,98,64,99,59,57,56,88,100,0,0,67,73,44,26,52,85,19,86,72,67,99,6,90,89
Kieran Weledji,Scarborough Athletic,2853,Right Back,Right Centre Back,Scotland,30.0,188.0,74,76,67,97,36,97,84,59,0,74,68,52,31,71,57,33,0,0,0,72,59,31,85,20,12,33,3,24,0,65,69,37,36,82,85,29,22,84,83,27,39,71,59,43,97,54,41,68,93,88,56,78,24,29,28,91,29,79,25,27,26,30,36,14,7,100,36,13,34,31,11,81,48,48,19,48,28,45,43,41,15,65,58,33,24,22,56,65,67,58,57,61,25,12,68,91,6,33,72,17,66,61,55,19,85,27,52,67
Kieran Wilson,Torquay United,576,Left Wing,Right Wing,Scotland,19.0,198.0,89,76,71,41,79,55,80,9,99,53,0,55,56,0,60,63,0,0,0,58,64,71,28,85,93,62,82,25,99,48,31,15,21,39,44,52,27,43,73,80,24,10,15,13,92,25,20,58,70,91,16,36,100,63,85,97,81,99,82,80,84,85,72,100,100,100,20,26,9,29,98,20,6,81,65,92,97,26,30,42,26,38,97,73,49,57,0,88,78,75,0,41,61,27,84,7,14,99,0,35,99,4,4,74,97,57,4,14
Kiki Oshilaja,Slough Town FC,2507,Right Centre Back,Right Back,England,26.0,,71,74,51,85,30,97,95,72,0,69,0,28,24,0,30,25,0,0,0,56,37,23,80,22,24,23,73,74,0,75,77,56,42,93,90,51,44,88,97,18,50,99,90,76,98,78,59,48,95,84,85,93,10,44,31,98,45,98,14,24,16,25,8,13,100,100,44,24,57,47,21,94,68,68,18,29,23,47,37,32,20,71,74,22,15,17,0,53,53,41,46,100,25,27,63,90,9,28,82,18,33,85,86,20,14,62,82,82
Kurt Willoughby,Kidderminster Harriers,1147,Left Wing,Centre Forward,England,28.0,178.0,74,76,91,74,92,45,33,4,0,63,0,49,56,0,53,63,0,0,0,58,84,85,2,27,18,41,5,38,0,17,57,10,10,25,34,55,29,0,83,98,69,18,15,11,10,18,13,85,8,50,5,33,100,67,81,97,91,99,98,94,97,96,88,77,100,100,8,11,11,51,3,20,19,95,52,96,97,10,39,66,6,38,26,45,54,45,74,92,93,91,0,66,53,18,97,10,46,93,12,33,97,27,18,12,95,26,13,34
Kwaku Frimpong,Worthing FC,394,Centre Attacking Midfielder,Left Centre Midfielder,England,23.0,183.0,0,0,32,10,53,0,0,39,0,0,99,99,90,99,99,96,0,0,0,90,96,68,17,51,39,65,10,73,0,18,31,52,79,12,20,96,80,67,98,69,83,84,97,84,99,99,98,3,70,89,28,53,1,93,99,99,99,100,64,90,72,99,90,0,100,100,41,36,46,58,97,4,29,89,56,75,62,41,90,95,30,32,31,75,63,74,0,99,74,74,0,12,73,81,98,26,79,60,22,79,66,29,23,99,27,31,55,13
Kwesi Appiah,Ebbsfleet United,1240,Right Centre Forward,Left Centre Forward,Ghana,35.0,180.0,92,93,95,93,87,83,80,13,0,96,0,69,52,0,75,58,0,0,0,84,94,78,9,25,27,27,68,73,0,12,34,14,20,45,56,62,35,26,79,94,72,26,41,23,83,66,39,26,57,77,31,73,100,63,85,98,81,99,95,89,91,84,68,53,100,100,32,37,10,58,35,35,11,90,38,46,93,6,79,88,23,28,34,77,38,43,0,96,97,96,82,100,43,27,98,4,48,96,2,77,93,5,9,53,93,71,3,19
Kyle Ajayi,Hemel Hempstead Town,2852,Left Centre Back,Left Back,England,25.0,184.0,51,52,52,56,47,55,47,65,0,35,68,31,26,72,33,27,0,0,0,59,39,34,82,20,24,18,86,43,0,70,78,46,43,97,95,9,10,99,59,11,31,99,23,29,88,25,29,64,60,88,85,88,12,9,9,49,17,93,15,10,13,18,15,40,100,8,38,3,74,79,13,97,88,69,11,68,16,39,11,16,13,76,67,20,29,32,0,55,64,56,44,66,25,19,63,95,3,15,90,8,28,92,91,8,5,6,93,87
Kyle Howkins,Hereford FC,1812,Right Centre Back,Left Centre Back,England,30.0,196.0,46,48,50,67,38,55,17,65,0,26,51,16,17,54,17,18,0,0,0,44,30,24,71,20,13,31,5,29,0,79,77,36,36,95,97,9,10,99,55,9,21,96,23,25,94,27,27,77,52,90,94,94,5,9,10,63,11,91,8,8,7,8,2,52,100,100,49,61,39,30,37,93,43,51,39,24,9,12,62,45,20,80,52,10,10,11,0,42,55,42,0,100,27,100,42,72,42,28,72,28,44,66,54,31,69,17,63,61
Kyle Ray Smith,Tonbridge Angels FC,2040,Right Back,Right Wing Back,England,21.0,179.0,0,0,17,10,25,0,12,59,0,24,87,63,60,90,53,40,0,88,88,62,41,40,85,58,61,56,54,22,0,45,46,52,33,75,64,47,36,63,76,34,77,90,81,65,98,44,34,69,82,85,75,52,7,45,20,93,63,99,34,40,42,62,56,22,100,100,29,1,62,35,4,79,87,40,2,40,49,45,8,8,21,50,86,35,89,77,92,27,25,40,49,7,97,51,29,90,5,41,70,22,60,89,79,9,34,8,82,80
Kyran Wiltshire,Hemel Hempstead Town,2279,Right Defensive Midfielder,Left Defensive Midfielder,England,29.0,178.0,56,57,23,13,35,78,96,48,0,51,0,35,28,0,37,29,0,0,0,38,24,29,69,20,20,24,57,30,0,67,61,38,43,63,60,60,60,65,87,50,98,96,68,48,81,54,44,28,47,62,45,58,100,57,56,96,85,99,47,47,47,70,34,20,100,100,35,11,34,5,20,62,41,71,9,28,66,52,17,15,11,56,28,58,45,43,65,36,33,32,47,61,33,16,54,78,14,56,54,56,46,64,66,39,10,46,63,43
L.Hallett,AFC Totton,2175,Right Centre Back,Centre Back,England,23.0,182.0,44,45,27,52,20,74,71,74,0,36,0,28,24,0,30,25,0,0,0,28,22,18,47,24,24,29,52,29,0,82,72,59,68,93,93,13,14,84,72,16,18,95,31,41,85,33,49,80,87,84,97,93,100,14,15,68,21,95,15,13,13,18,11,61,100,100,68,37,77,38,35,92,85,25,26,28,19,44,52,37,30,79,61,23,44,47,51,27,42,40,64,100,0,0,28,88,14,24,90,10,17,89,80,19,29,9,87,79
L.Harding,Horsham FC,1312,Right Back,Right Midfielder,England,29.0,182.0,0,0,32,16,46,0,41,47,0,47,59,56,37,62,61,40,0,0,0,35,42,40,33,49,26,72,2,40,0,56,47,79,76,83,82,34,31,75,69,28,79,97,73,78,99,79,78,53,98,94,95,88,100,31,31,80,60,99,28,28,28,33,12,5,100,100,71,6,78,22,18,87,89,44,2,8,35,91,77,63,45,58,72,50,56,46,76,34,27,28,59,53,42,14,25,93,3,48,76,23,40,77,75,21,19,36,72,67
L.Rodrigues,Horsham FC,1174,Centre Forward,Centre Attacking Midfielder,Brazil,28.0,,82,84,86,89,73,78,81,19,0,81,83,95,76,87,97,85,0,0,0,85,92,74,20,95,90,97,16,86,99,1,3,12,12,33,24,70,28,27,77,92,92,42,27,17,97,29,18,17,32,91,7,42,100,72,74,96,97,99,93,93,92,99,91,77,100,100,4,5,12,67,50,25,11,91,7,36,90,26,67,73,20,6,89,33,69,82,0,82,90,92,84,34,78,82,92,28,57,74,8,97,55,18,17,94,84,44,26,24
L.Rowe,AFC Telford United,367,Right Defensive Midfielder,Left Defensive Midfielder,England,25.0,,0,0,76,98,46,0,0,33,0,0,0,21,23,0,22,24,0,0,0,0,59,32,3,17,0,35,0,77,0,37,69,34,39,78,73,76,72,97,94,46,99,98,87,61,46,83,62,9,57,14,59,82,100,69,66,99,89,100,55,61,58,86,57,26,100,100,33,26,12,5,0,77,26,86,79,97,45,22,22,17,9,46,6,37,0,0,0,68,55,41,0,0,0,0,89,67,25,56,70,46,25,50,44,17,38,27,38,37
L.Whelan,Marine,1664,Centre Defensive Midfielder,Right Defensive Midfielder,Republic of Ireland,24.0,,0,0,11,37,9,0,0,71,0,0,53,71,73,0,63,65,93,88,85,31,44,39,22,16,9,29,2,68,0,75,75,49,50,73,66,84,70,72,96,39,99,99,92,74,89,88,73,36,70,53,82,89,100,82,68,99,94,99,31,50,35,74,23,7,1,100,54,3,71,44,11,79,87,64,13,74,42,73,37,28,11,76,9,50,79,62,88,30,10,19,53,50,62,58,33,87,11,35,73,33,34,83,73,13,20,13,75,65
La'Sean Sealey,King's Lynn Town FC,639,Centre Forward,Left Centre Forward,England,19.0,,0,0,79,87,64,0,55,18,0,35,0,57,42,0,62,46,0,0,0,0,72,54,0,63,68,58,59,53,99,1,28,14,18,0,0,71,26,44,90,98,38,1,17,14,95,26,19,11,0,92,11,85,100,73,85,99,91,99,96,95,95,96,87,55,100,100,0,10,0,62,44,0,0,99,11,34,99,3,29,39,1,5,84,33,18,20,0,93,89,84,0,100,43,27,92,21,39,89,2,96,73,0,2,99,99,90,0,17
Lachlan Byrd,Farnborough,1774,Right Centre Back,Centre Back,Australia,24.0,193.0,47,48,70,85,53,43,55,67,0,56,52,33,13,55,35,13,0,0,0,45,55,33,24,8,0,17,0,62,0,69,91,46,43,92,90,25,30,91,91,10,33,99,59,48,78,62,49,82,82,64,89,94,100,26,25,95,36,99,8,19,14,19,5,84,100,100,51,15,28,55,3,89,53,62,26,61,19,24,54,55,13,83,56,19,19,12,62,75,71,61,0,28,36,93,70,92,8,22,59,53,41,72,60,10,38,14,58,56
Lachlan Byrd,Eastbourne Borough,513,Centre Back,Right Centre Back,Australia,24.0,193.0,0,0,47,69,34,0,0,100,0,0,0,17,19,0,18,20,0,0,0,0,28,23,19,0,0,0,0,29,0,74,100,32,47,97,99,26,19,75,85,9,22,99,46,34,92,78,61,89,85,83,89,98,1,29,53,84,45,95,6,14,8,17,3,44,100,100,79,38,78,39,49,98,76,64,31,36,15,60,48,39,42,84,31,28,53,50,70,58,43,42,0,100,0,0,46,89,14,23,87,13,23,85,85,38,76,53,85,90
Laiith Fairnie,Eastbourne Borough,1123,Left Centre Back,Left Centre Midfielder,England,21.0,,0,0,9,19,8,0,0,100,0,0,0,53,28,0,56,24,0,69,72,0,29,12,18,45,59,28,88,26,0,61,73,40,51,82,85,59,58,97,96,19,52,99,91,69,90,89,74,46,46,55,94,96,100,53,60,99,73,99,14,31,23,42,16,27,100,100,70,7,53,91,5,85,79,60,4,17,25,67,12,12,29,70,40,25,31,34,0,77,39,34,0,41,45,81,63,94,4,20,91,9,0,83,81,23,93,40,79,90
Lamar Reynolds,Enfield Town FC,2248,Left Centre Forward,Right Centre Forward,England,30.0,177.0,89,91,93,88,88,77,64,2,0,89,85,61,49,88,66,55,0,0,0,92,90,78,84,67,67,67,44,42,0,23,19,11,10,30,20,32,17,55,34,94,46,7,8,8,33,7,7,86,21,90,7,51,100,43,20,80,80,99,94,78,93,89,83,100,100,100,1,5,5,51,57,24,2,96,8,44,95,13,42,70,4,16,94,27,48,55,0,89,88,87,47,62,54,58,91,37,26,88,30,26,95,6,21,96,95,85,10,37
Latrell Humphrey-Ewers,Oxford City,1775,Left Defensive Midfielder,Right Defensive Midfielder,England,22.0,166.0,0,0,11,16,11,0,0,75,0,0,0,39,24,0,42,25,0,0,0,0,20,12,26,26,28,28,68,19,0,54,65,30,42,77,76,60,65,56,95,38,90,98,52,36,68,52,43,84,9,60,45,75,100,65,68,99,91,99,33,40,30,51,13,69,100,100,66,31,56,59,30,80,61,71,55,78,31,64,6,8,40,64,29,43,26,29,0,29,11,10,84,100,0,0,21,84,10,49,87,11,35,64,71,24,46,62,58,73
Lawson D'Ath,Hereford FC,1117,Right Defensive Midfielder,Left Defensive Midfielder,England,33.0,175.0,56,58,52,14,73,42,50,38,0,73,63,73,67,66,79,75,0,0,0,59,59,70,46,63,71,53,70,60,0,9,50,64,71,54,62,75,66,82,95,50,99,99,86,76,90,83,78,77,42,61,55,60,100,75,82,99,87,99,50,56,47,67,28,13,100,100,71,47,75,42,71,58,68,76,41,39,44,82,65,52,62,60,68,72,62,63,69,68,42,46,98,100,33,13,70,60,31,60,65,40,44,58,47,56,55,19,61,47
Lee Hodson,AFC Totton,1038,Right Defensive Midfielder,Left Defensive Midfielder,Northern Ireland,34.0,180.0,0,0,15,17,16,0,0,68,0,0,0,33,39,0,35,43,0,0,0,0,18,25,28,0,0,0,0,12,0,74,80,44,56,56,62,53,55,41,94,42,79,73,33,33,64,21,33,56,21,71,93,71,100,58,56,99,77,99,40,44,41,51,21,45,100,100,54,57,50,26,66,52,44,46,37,25,38,55,23,18,27,74,69,51,43,49,0,0,9,14,66,28,46,93,0,40,47,70,34,76,53,50,34,63,94,15,55,52
Lee Paul Lucas,Merthyr Town FC,1602,Left Centre Midfielder,Right Centre Midfielder,Wales,33.0,175.0,48,50,55,46,54,44,12,44,0,48,92,87,89,77,79,75,97,92,93,76,68,69,80,36,38,38,55,66,0,32,48,28,34,50,56,35,33,39,74,45,74,72,33,26,46,50,38,87,18,59,44,23,100,42,67,86,79,98,41,38,41,54,23,65,100,4,77,68,37,44,29,45,44,67,65,47,51,60,92,90,74,66,29,71,75,52,88,45,49,47,97,74,29,15,59,26,46,83,37,72,53,27,25,44,39,37,25,19
Lemar Gordon,South Shields,329,Left Midfielder,Right Midfielder,England,20.0,,86,88,94,85,91,69,55,7,0,89,0,32,41,0,34,45,0,0,0,75,86,79,12,49,44,57,29,92,0,1,41,13,20,25,33,68,53,59,91,64,62,35,44,24,17,77,47,17,8,17,0,0,100,67,93,99,74,99,63,71,72,76,66,20,100,100,25,64,13,73,12,16,18,91,26,10,67,21,32,55,43,31,93,52,85,95,0,0,89,94,0,57,58,15,0,21,14,98,53,10,98,14,8,48,34,33,11,4
Lennon Peake,Ebbsfleet United,1059,Left Wing Back,Left Centre Midfielder,England,23.0,177.0,0,0,70,56,69,0,65,34,0,49,94,95,98,89,91,97,96,94,94,73,83,91,14,55,48,65,19,64,0,35,41,23,28,60,67,56,41,28,82,63,68,50,83,51,97,86,60,63,88,83,23,26,100,54,72,96,78,99,62,50,54,71,49,24,100,100,48,10,55,88,9,64,78,48,8,26,97,32,69,76,54,45,59,80,98,97,94,79,54,68,0,8,99,83,78,43,49,65,34,37,86,57,52,15,91,28,44,68
Lennon Wheeldon,South Shields,756,Centre Attacking Midfielder,Left Centre Forward,England,20.0,,66,68,86,64,89,42,26,12,0,75,75,21,37,79,22,40,0,0,0,70,71,76,48,69,40,87,2,98,0,11,20,17,24,27,40,78,66,0,94,79,59,37,53,29,43,83,55,11,24,39,22,46,100,76,97,99,94,99,79,87,83,96,74,28,100,100,39,49,16,62,44,16,16,82,78,86,65,39,28,56,53,37,81,62,65,76,0,0,81,81,0,41,54,31,66,38,14,96,34,42,82,21,22,83,91,48,26,34
Leo Hamblin,Maidstone United,2705,Left Back,Left Centre Back,England,23.0,182.0,41,42,36,46,32,48,26,58,0,52,58,59,55,61,59,56,0,78,70,44,45,41,45,34,41,29,81,64,0,68,66,57,61,86,85,34,38,67,88,24,57,97,72,62,96,67,62,73,86,82,68,74,23,33,32,95,37,98,18,26,23,33,31,88,100,100,52,4,72,79,7,88,90,21,2,10,47,87,52,53,30,68,74,51,67,70,70,50,40,46,58,13,80,47,54,95,2,39,85,9,59,88,89,8,14,65,79,86
Leon Lobjoit,Bedford Town,416,Centre Attacking Midfielder,Centre Defensive Midfielder,England,31.0,188.0,0,0,85,61,89,0,67,6,0,88,0,25,22,0,26,22,0,0,0,0,70,70,1,41,22,63,2,38,0,61,29,11,10,20,11,94,90,48,85,83,79,26,31,18,73,17,12,4,32,77,37,63,100,95,32,97,98,99,83,97,85,99,84,100,100,100,6,3,10,75,3,25,15,97,24,94,82,11,52,47,5,22,34,31,51,58,0,64,79,76,91,28,51,93,52,82,7,69,62,46,43,21,31,90,69,65,28,35
Leone Gravata,Horsham FC,2650,Right Back,Right Wing,England,25.0,,41,42,60,98,23,60,41,57,0,45,70,57,43,74,62,47,0,0,0,54,56,31,40,47,46,50,42,57,93,30,50,42,40,59,61,94,93,76,99,42,59,76,97,81,75,95,79,54,72,22,18,30,100,93,89,99,77,99,36,63,39,67,43,56,100,100,47,34,53,39,44,62,54,38,33,42,35,78,55,52,41,51,80,55,60,67,57,57,39,45,71,22,76,59,54,78,11,64,76,21,47,63,61,37,89,35,62,75
Lewis Bell,Marine,549,Right Wing,Right Midfielder,England,20.0,,90,92,91,98,65,96,99,14,0,97,0,93,68,0,96,76,0,0,0,81,94,64,4,40,41,42,52,27,0,28,21,59,50,35,24,80,69,60,86,72,67,52,90,77,77,89,73,27,32,37,10,32,100,75,71,95,78,99,74,80,75,90,93,47,100,100,19,0,32,63,50,38,27,79,3,64,84,25,23,69,13,29,94,45,77,89,0,89,79,82,0,65,75,41,95,75,14,62,55,25,78,41,59,91,54,74,55,61
Lewis Colwell,Chippenham Town,2012,Right Back,Right Wing Back,England,20.0,162.0,0,0,11,12,12,0,38,72,0,16,79,47,38,83,51,41,0,0,0,54,26,21,84,42,44,44,52,28,0,43,64,32,38,75,80,38,39,67,75,26,61,77,70,47,61,83,61,89,48,39,57,60,100,40,60,84,52,91,22,32,31,36,21,86,100,100,54,47,34,58,13,75,46,37,32,27,48,41,25,29,38,61,52,59,52,60,0,65,28,35,0,13,75,53,47,46,12,94,21,21,98,49,73,23,39,89,41,73
Lewis Coyle,Bedford Town,659,Centre Attacking Midfielder,Left Back,England,31.0,,0,0,48,54,43,0,26,33,0,47,0,51,74,0,34,65,0,89,85,0,47,53,7,29,26,38,29,36,0,66,74,25,14,53,42,65,74,34,50,66,80,49,20,19,57,9,9,58,16,79,24,26,100,72,20,76,74,98,69,80,77,76,66,56,100,100,13,2,21,77,0,51,65,39,26,97,87,39,9,12,4,53,38,42,75,51,88,51,38,39,0,44,57,21,58,74,16,59,45,62,53,78,82,1,0,64,34,29
Lewis Fensome,Macclesfield Town,1886,Right Back,Right Centre Back,England,26.0,,0,0,26,20,34,0,41,62,0,24,50,34,42,53,36,47,0,0,0,29,25,36,47,17,20,16,86,33,0,54,69,58,69,82,89,35,35,87,93,31,94,98,43,47,30,54,61,76,17,35,81,86,100,38,56,96,60,98,31,33,34,44,27,71,100,100,83,29,74,36,37,81,83,29,20,26,55,80,55,40,57,71,11,88,63,66,68,41,48,51,0,37,63,35,41,84,8,59,69,16,76,65,56,26,79,22,60,66
Lewis Green,Bedford Town,301,Left Centre Back,Right Centre Back,England,26.0,,0,0,0,0,0,0,0,100,0,0,0,0,0,0,0,0,0,0,0,0,0,0,58,42,48,40,68,87,0,77,72,41,27,74,65,34,54,53,90,18,7,35,77,56,100,44,31,92,100,100,8,35,100,35,29,93,22,57,7,12,6,10,2,1,100,100,12,50,38,0,26,80,33,23,29,21,23,14,3,2,4,77,8,12,30,33,0,0,0,8,0,100,0,0,0,93,2,69,91,7,67,76,92,7,0,99,58,90
Lewis Hudson,Hereford FC,2306,Left Back,Left Wing Back,England,27.0,184.0,66,68,67,96,37,92,78,53,0,66,62,72,51,50,74,50,91,79,72,65,66,41,40,31,26,41,19,57,0,60,67,35,36,73,78,53,43,55,89,35,75,81,85,60,93,81,59,61,59,69,81,79,100,49,48,97,65,99,34,39,37,61,51,20,100,100,38,13,38,80,17,73,47,74,6,13,42,56,35,46,24,61,32,44,63,59,74,55,57,56,0,24,76,55,62,87,5,62,73,11,84,55,61,20,55,53,45,64
Lewis Leigh,Chester,1422,Centre Defensive Midfielder,Left Defensive Midfielder,England,22.0,172.0,0,0,60,12,88,0,38,35,0,28,77,86,83,0,51,42,98,98,96,52,70,88,9,55,67,41,81,89,93,12,53,46,57,70,72,61,35,64,94,41,99,99,81,62,46,90,77,47,40,19,77,70,100,58,72,97,96,99,34,42,37,76,22,24,100,100,87,32,76,42,21,74,87,42,52,74,50,95,56,56,86,68,72,78,91,69,95,0,27,37,0,58,72,55,37,61,52,36,61,66,26,77,71,31,44,24,76,73
Lewis Maloney,Scarborough Athletic,1147,Right Defensive Midfielder,Right Centre Midfielder,Northern Ireland,31.0,172.0,56,57,34,7,59,50,81,56,0,43,84,71,70,66,57,51,95,91,89,70,52,60,88,33,34,34,57,29,0,62,69,43,46,71,73,73,73,54,90,51,99,89,69,52,65,56,47,38,21,45,24,17,100,74,59,93,91,99,49,56,48,76,32,14,100,100,73,13,85,15,20,76,92,23,63,97,45,85,40,33,49,83,28,66,82,62,90,0,13,22,84,46,61,48,0,65,45,37,77,28,31,87,80,13,8,18,80,64
Lewis Rolfe,Chesham United FC,358,Left Wing Back,Left Defensive Midfielder,England,33.0,,0,0,27,4,56,0,0,49,0,0,0,83,54,0,88,61,0,0,0,0,58,53,3,62,78,36,88,19,0,36,68,46,45,72,66,36,28,82,66,42,88,93,39,37,26,39,37,33,32,35,55,49,1,37,36,88,78,100,51,38,43,33,7,25,100,100,53,70,41,75,44,76,32,64,80,68,35,68,60,49,48,69,36,46,42,29,75,0,11,10,0,100,0,0,0,41,39,74,70,17,70,58,76,57,33,86,62,75
Lewis Salmon,Alfreton Town,1581,Left Wing,Centre Attacking Midfielder,England,24.0,175.0,49,0,76,90,57,0,30,15,99,54,86,42,39,89,46,42,0,0,0,61,64,48,34,33,31,38,37,80,92,18,35,14,11,34,26,61,40,33,56,87,39,11,31,19,85,17,12,52,32,83,33,76,100,66,26,86,79,99,87,85,86,90,90,83,100,100,1,9,14,64,76,21,11,94,13,46,82,7,9,20,1,12,96,26,49,57,0,45,71,68,86,35,46,41,74,24,20,96,2,51,98,15,1,96,97,10,23,5
Lewis Whitham,Worksop Town FC,1976,Left Wing,Left Midfielder,England,24.0,185.0,77,79,77,42,88,54,65,12,0,80,88,70,72,83,74,77,92,70,65,84,74,85,88,87,88,83,49,16,0,9,17,23,18,21,18,76,68,39,85,78,90,62,44,29,50,33,22,55,41,51,13,41,100,81,60,98,77,99,76,80,72,86,83,20,100,100,26,13,27,65,27,26,28,93,31,77,98,27,54,67,42,33,97,81,80,91,52,92,89,92,68,12,92,41,97,30,14,97,21,17,99,41,42,31,15,40,35,22
Lewys Morgan Twamley,Merthyr Town FC,3145,Centre Attacking Midfielder,Right Wing,Wales,23.0,168.0,89,89,88,59,95,64,64,10,99,93,99,99,98,98,98,97,98,96,94,98,97,98,95,81,86,71,63,44,0,7,27,13,16,14,18,29,24,27,28,86,33,9,12,11,18,19,15,92,9,74,8,8,100,40,64,67,72,99,86,67,85,70,58,83,100,100,47,38,47,86,24,19,59,73,59,76,76,87,93,96,70,41,95,84,91,86,90,97,80,83,98,72,69,41,98,32,50,76,45,58,56,46,37,19,72,23,35,42
Lexus Beeden,Maidstone United,1819,Left Centre Back,Right Centre Back,England,26.0,191.0,0,0,40,45,38,0,17,81,0,35,51,47,27,54,51,28,0,0,0,30,41,29,25,31,34,31,68,40,0,79,75,52,53,98,96,16,19,90,84,14,19,99,38,40,100,39,42,77,100,100,93,97,100,17,18,78,26,96,15,17,17,19,8,26,100,100,59,15,78,58,39,98,85,58,9,21,21,46,23,22,20,77,78,22,23,25,0,79,62,53,0,2,44,95,61,92,8,19,81,23,24,89,75,23,73,3,88,83
Liam Brockbank,Fylde,1494,Left Back,Left Wing,England,25.0,173.0,0,0,20,30,19,0,0,70,0,0,76,54,52,79,59,58,0,0,0,50,35,34,74,36,28,49,12,53,0,37,62,49,68,74,88,33,20,24,64,36,51,85,68,55,93,93,86,67,90,78,44,58,13,32,73,78,45,99,35,35,43,37,31,82,100,100,93,59,55,85,16,76,70,30,39,25,37,77,70,57,91,74,23,89,48,55,0,31,23,29,0,19,54,17,36,76,13,62,64,14,87,48,64,22,25,75,39,55
Liam Dulson,Maidenhead United,2933,Left Centre Forward,Left Wing,England,24.0,185.0,90,92,88,67,92,75,89,6,0,93,76,81,63,80,86,71,0,0,0,91,88,86,84,69,67,72,34,36,0,4,26,20,24,16,18,31,18,25,47,87,54,18,14,14,92,19,18,89,70,91,9,18,100,40,51,83,49,98,87,68,86,57,74,100,100,100,19,45,6,21,7,13,9,86,56,63,96,34,62,80,31,28,98,75,58,68,0,92,92,92,56,12,86,57,99,4,38,97,8,29,99,7,25,31,30,88,2,15
Liam Hughes,Worksop Town FC,1285,Centre Forward,Left Centre Forward,Northern Ireland,24.0,193.0,96,93,93,81,92,77,67,3,34,96,59,82,78,62,87,87,0,0,0,88,93,90,34,27,26,32,44,56,94,55,34,9,9,42,41,16,9,63,4,89,54,7,10,9,83,10,8,35,32,92,51,99,100,17,12,13,43,93,95,55,96,57,88,55,100,100,13,1,1,19,1,32,4,99,13,94,99,11,80,87,0,23,2,50,66,78,0,98,97,97,0,61,64,93,98,71,30,41,38,80,45,10,20,36,36,75,5,13
Lincoln McFayden,Fylde,1447,Left Back,Left Wing Back,England,24.0,173.0,0,0,11,19,10,0,0,78,0,0,77,64,69,80,70,77,0,0,0,51,39,37,72,37,29,50,12,8,93,41,53,48,65,72,79,29,27,85,69,28,32,53,41,40,49,58,60,73,16,53,55,46,100,31,60,71,29,95,27,30,31,31,43,41,100,100,87,64,44,81,29,77,43,38,51,34,52,80,88,79,85,65,36,90,77,87,55,69,35,52,57,12,92,83,62,72,17,61,67,29,53,32,69,41,18,93,29,57
Lois Maynard,Radcliffe,1871,Centre Back,Left Centre Back,St. Kitts and Nevis,37.0,191.0,72,74,59,64,51,84,42,70,0,69,51,11,20,53,12,21,0,0,0,64,37,35,89,17,20,16,86,49,0,73,79,48,42,92,90,9,10,93,55,11,67,97,34,36,83,32,32,91,37,81,89,82,17,9,9,31,10,71,14,12,18,13,15,71,4,5,25,23,44,26,22,92,53,66,23,38,24,24,21,21,4,68,67,17,10,11,0,28,45,31,51,100,0,0,31,86,13,34,70,42,29,82,78,13,28,32,74,76
Louie Annesley,Dorking Wanderers FC,1238,Left Centre Back,Centre Back,Gibraltar,26.0,193.0,54,56,56,88,33,78,14,61,0,48,82,35,39,85,36,37,0,67,71,68,44,34,90,0,0,0,0,23,0,81,80,47,59,77,84,19,11,98,60,13,56,99,15,25,28,28,40,54,16,72,94,94,100,21,39,75,27,78,9,14,11,20,10,53,100,100,74,45,69,75,40,80,72,52,30,25,17,30,58,49,44,81,81,26,55,54,68,0,38,40,0,69,32,27,52,87,22,18,86,11,42,76,71,39,67,29,75,78
Louie Holzman,Farnborough,1429,Right Centre Back,Centre Defensive Midfielder,England,22.0,186.0,68,70,44,43,43,87,86,49,0,70,0,33,35,0,35,37,0,0,0,52,35,37,76,28,29,31,57,29,0,83,77,52,43,92,85,58,62,75,91,27,70,96,87,70,53,67,52,33,16,19,73,88,100,53,35,94,50,93,25,35,29,39,29,40,3,100,41,6,49,65,8,94,68,71,8,38,29,56,18,21,18,75,52,31,39,43,0,32,49,45,57,34,40,18,24,89,9,32,74,32,34,83,85,7,7,63,68,73
Louie McDonagh-Kudiabor,Chelmsford City,1023,Centre Forward,Right Centre Forward,England,,,58,60,86,86,75,42,26,8,0,67,0,56,51,0,60,57,0,0,0,41,78,66,1,32,12,56,1,78,96,27,17,0,0,37,42,71,26,48,53,99,46,9,14,9,70,19,11,34,92,87,17,92,100,77,82,90,88,99,99,97,97,96,91,74,100,100,4,3,0,66,0,25,3,98,13,78,99,7,29,45,1,12,6,42,27,30,0,80,88,83,0,100,0,0,93,55,14,86,49,13,97,2,0,27,37,44,0,0
Louis Britton,Weston-super-Mare AFC,2548,Centre Forward,Left Centre Forward,England,25.0,192.0,96,96,96,94,87,89,88,4,99,94,46,42,46,48,45,51,0,0,0,91,91,76,72,26,19,38,8,51,0,36,32,10,9,15,13,46,15,36,32,99,36,6,8,8,57,8,8,51,46,92,38,93,22,55,51,77,69,98,99,91,98,84,93,67,100,100,6,3,2,45,34,3,2,98,5,40,90,8,66,81,0,16,46,30,31,34,0,73,85,81,45,66,37,83,77,43,24,86,26,32,93,7,20,54,36,83,4,13
Louis Dennis,Torquay United,2253,Centre Forward,Centre Attacking Midfielder,England,33.0,186.0,96,97,89,87,80,96,94,17,0,96,84,89,80,88,93,88,0,0,0,97,91,81,97,66,73,55,70,35,88,12,24,11,13,38,45,58,33,50,73,94,40,13,26,16,57,40,22,57,16,74,22,55,100,65,79,96,90,99,95,91,93,94,80,76,100,6,29,45,15,51,37,31,15,90,34,31,94,38,70,85,38,32,72,86,56,65,0,84,94,93,63,67,49,21,95,35,37,82,28,55,78,13,10,54,84,46,10,16
Louis Lomas,Farnborough,1807,Left Centre Back,Right Back,England,25.0,193.0,0,0,29,30,32,0,26,64,0,28,51,31,27,54,33,28,0,0,0,30,24,26,49,15,13,22,29,10,0,76,80,46,46,93,91,15,15,78,57,10,53,99,29,32,83,30,34,92,88,83,79,91,16,18,19,49,15,26,6,12,9,14,10,85,100,100,53,17,38,67,8,92,54,65,14,30,24,33,30,24,23,78,83,23,30,33,0,69,46,39,0,12,55,61,56,93,6,24,66,29,55,68,68,24,14,42,62,52
Louis Lomas,Hemel Hempstead Town,707,Left Centre Back,Right Centre Back,England,25.0,193.0,0,0,34,39,33,0,0,42,0,0,77,24,24,81,25,25,0,0,0,52,23,25,84,0,0,0,0,47,0,100,100,9,7,91,86,19,18,74,80,9,44,99,28,16,92,14,9,93,70,88,72,93,100,25,20,91,28,93,6,15,10,12,3,100,100,100,27,7,31,72,17,91,38,87,19,70,21,6,18,12,2,100,67,11,0,0,0,69,47,33,0,0,40,93,56,90,8,28,83,15,38,75,59,54,41,9,77,56
Louis Stephenson,Buxton,618,Right Back,Right Centre Back,England,20.0,,72,74,46,96,18,99,94,64,0,73,82,73,26,85,78,28,0,0,0,77,56,18,92,31,27,39,29,31,0,45,77,59,78,77,88,30,14,0,75,31,64,80,48,50,95,77,79,87,32,86,79,76,100,35,61,90,57,99,31,32,33,46,34,100,100,100,74,41,71,43,29,79,80,33,37,41,35,61,92,81,52,67,44,60,61,43,83,0,31,30,0,57,43,15,41,66,12,81,68,8,98,78,83,23,51,72,74,87
Louis Storey,Dorking Wanderers FC,1801,Centre Back,Right Centre Back,England,32.0,191.0,0,0,22,50,15,0,26,84,0,30,0,45,30,0,49,31,0,0,0,0,30,19,17,0,0,0,0,8,0,82,89,43,59,81,90,14,18,91,71,16,20,99,23,28,33,43,48,84,16,61,75,79,16,16,34,73,21,94,12,15,14,16,8,37,100,100,90,46,90,40,41,89,90,41,15,9,8,63,69,52,64,90,81,34,42,48,0,87,61,56,0,100,0,0,77,84,31,16,81,17,39,90,92,15,6,94,87,90
Luca Colville,Scarborough Athletic,1923,Centre Attacking Midfielder,Right Wing,England,27.0,185.0,71,62,69,56,67,49,52,35,99,64,81,80,79,71,78,84,92,86,74,70,71,70,47,57,64,49,69,69,0,5,43,36,36,57,59,64,51,56,85,67,93,81,68,48,80,73,52,66,57,60,32,84,100,65,63,95,92,99,72,71,72,91,63,85,100,100,54,30,38,83,21,51,50,73,59,84,82,38,47,54,46,39,49,91,68,65,77,67,72,70,50,35,70,75,83,35,25,89,16,61,86,31,11,30,69,11,25,13
Luca George Cocoracchio,Dover Athletic,3129,Centre Defensive Midfielder,Left Defensive Midfielder,England,24.0,188.0,39,40,39,74,23,52,50,58,0,38,43,33,39,46,35,43,0,0,0,32,31,29,43,14,14,17,68,25,0,67,75,47,35,85,77,54,55,76,93,34,99,99,66,52,90,45,35,84,46,73,82,96,25,57,35,97,75,99,34,39,33,53,26,45,100,100,44,3,51,65,19,86,65,86,10,68,35,56,24,21,4,75,23,44,50,55,48,38,34,37,66,62,43,76,41,94,4,24,75,30,32,73,60,30,33,14,70,54
Luca Miller,Peterborough Sports FC,2248,Centre Attacking Midfielder,Left Centre Midfielder,England,,,93,95,92,90,82,92,96,17,0,98,63,66,84,66,65,88,0,82,77,92,88,85,87,66,65,67,40,60,0,5,26,23,27,36,40,72,54,32,88,84,94,62,50,31,80,70,46,49,4,71,8,47,100,75,82,99,95,100,83,83,79,93,53,86,100,100,26,36,28,33,52,36,24,89,44,57,76,37,87,87,26,28,79,67,39,37,59,91,83,78,47,69,39,23,92,32,28,89,18,80,70,27,24,75,69,34,32,26
Luca Ty Thomas,Fylde,2318,Right Midfielder,Right Wing,England,21.0,182.0,94,94,94,74,97,74,79,9,99,97,95,96,79,97,98,86,0,71,64,97,97,95,86,70,71,70,44,83,88,7,25,24,38,20,30,72,63,29,89,85,47,18,71,43,67,92,72,49,22,45,32,38,100,73,95,98,94,99,84,86,84,93,59,64,100,100,43,61,35,77,83,28,22,84,51,37,74,47,94,96,45,39,58,82,57,64,50,88,91,90,47,74,57,70,90,7,46,95,18,52,88,17,26,93,89,67,24,38
Lucas Weaver,Chorley,370,Right Midfielder,Right Centre Forward,England,24.0,,96,97,75,81,63,99,78,12,0,63,0,68,68,0,73,76,0,0,0,92,71,62,98,67,56,78,13,31,0,3,32,0,0,12,12,51,37,0,12,72,38,11,26,14,92,20,11,24,70,88,43,47,100,52,38,55,51,96,67,64,74,52,58,27,100,100,1,7,1,58,44,1,2,92,9,39,99,10,11,34,1,11,98,35,66,77,0,99,93,93,0,41,94,94,99,49,29,76,25,98,26,12,9,86,99,42,15,37
Luciano D'Auria-Henry,Farnborough,564,Right Back,Right Wing Back,England,23.0,178.0,0,0,23,38,20,0,100,51,0,48,0,94,67,0,96,64,0,73,80,0,67,41,1,60,50,71,15,18,0,29,41,51,51,63,59,61,49,65,93,41,24,60,94,78,75,82,67,67,37,29,10,24,1,55,51,96,79,99,44,51,54,76,54,48,100,100,22,7,25,71,12,60,34,36,23,78,47,43,45,67,20,34,86,32,58,57,69,56,28,33,0,19,74,83,63,86,11,38,70,29,46,41,74,14,76,93,27,82
Luis Fernandez,Hampton & Richmond,381,Right Centre Back,,England,24.0,193.0,0,0,69,93,44,0,0,51,0,0,0,0,0,0,0,0,0,0,0,0,47,23,7,17,0,34,0,66,0,58,76,43,52,96,98,24,32,97,90,10,67,99,69,52,92,89,75,38,70,74,83,88,100,20,29,70,25,43,6,15,13,21,14,3,100,100,73,18,65,37,15,96,82,18,37,74,21,72,8,6,39,87,51,29,0,0,0,67,41,26,0,0,0,0,75,86,20,24,60,65,28,80,83,18,42,66,75,85
Luis Lacey,Macclesfield Town,1843,Left Back,Left Wing Back,England,21.0,175.0,46,47,30,20,40,52,31,60,0,42,69,70,73,73,46,41,0,94,93,57,50,52,66,45,50,43,62,57,0,41,59,49,57,63,72,57,62,74,92,33,74,89,95,80,92,98,92,53,83,54,40,38,100,48,72,98,56,96,24,33,28,42,27,17,100,100,76,10,76,83,8,71,91,23,11,34,49,81,36,28,67,64,19,67,83,67,89,53,34,42,0,63,64,24,49,88,7,50,78,16,54,77,74,8,33,35,60,73
Luis Rose,Leamington FC,331,Centre Forward,Left Wing,England,27.0,,0,0,60,33,67,0,97,1,0,66,0,0,0,0,0,0,0,0,0,0,36,43,13,29,26,37,29,64,0,32,46,24,9,24,19,91,67,0,74,91,7,0,0,9,0,0,7,41,0,100,5,31,100,96,47,98,95,99,88,98,87,98,80,100,100,100,0,0,7,82,83,6,7,26,0,0,35,2,0,1,0,8,1,7,0,0,0,0,62,50,0,0,0,0,0,15,92,57,0,95,95,13,6,100,0,35,46,0
Luke Baptiste,Dover Athletic,1626,Left Wing,Left Midfielder,England,23.0,188.0,64,66,79,81,69,52,63,21,0,80,85,79,74,56,64,49,97,93,91,75,79,69,36,40,26,58,5,60,91,11,34,9,9,41,36,51,22,29,29,80,81,47,16,11,92,14,10,22,32,91,32,70,100,54,34,70,87,99,81,70,79,93,81,47,100,100,13,1,22,49,5,38,34,88,4,66,92,30,38,47,8,19,95,33,87,39,96,87,78,73,54,57,79,58,83,61,23,69,42,37,79,49,48,16,61,36,36,51
Luke Bennett,AFC Totton,423,Right Wing,Right Back,England,23.0,,0,0,50,19,64,0,97,20,0,31,0,71,81,0,76,90,0,0,0,0,57,69,4,41,62,0,100,15,0,35,30,11,8,48,50,35,21,67,29,63,51,32,10,9,17,18,12,60,0,78,55,67,100,43,53,60,83,99,65,55,69,86,70,100,100,100,20,16,51,51,55,57,42,50,3,5,71,21,82,76,21,28,77,61,76,81,73,86,70,71,0,57,71,41,92,61,26,65,12,77,81,70,74,55,36,56,73,73
Luke Brennan,Buxton,2689,Left Wing,Left Midfielder,England,24.0,180.0,90,88,86,94,67,90,68,22,99,88,97,94,95,73,86,88,99,96,95,95,91,85,92,56,50,64,22,24,0,18,23,23,36,32,37,31,38,25,35,66,50,27,28,22,50,30,28,75,42,67,19,20,100,36,56,72,51,96,66,49,66,50,53,80,100,100,28,9,61,46,31,41,70,65,28,82,95,47,55,73,35,31,99,71,95,91,94,84,71,76,80,30,95,51,86,17,51,87,17,29,97,78,67,34,53,14,77,70
Luke Burgess,Southport,1032,Left Wing,Left Midfielder,England,27.0,175.0,0,0,13,29,12,0,0,77,0,0,0,76,91,0,77,94,0,82,81,0,49,54,7,38,49,29,83,69,0,47,67,16,17,47,46,19,12,28,29,68,55,44,33,21,53,55,32,73,70,64,41,26,100,21,41,44,47,92,76,45,78,54,71,10,100,100,53,65,30,90,47,43,29,50,88,86,59,40,32,32,43,77,25,73,61,49,80,70,55,52,0,100,47,61,83,42,35,77,19,87,61,26,44,61,50,75,27,42
Luke Coulson,Weston-super-Mare AFC,2288,Left Midfielder,Left Wing,England,32.0,179.0,86,81,64,29,76,69,54,24,99,63,93,98,94,87,94,86,95,98,95,89,87,89,80,53,61,47,69,21,0,15,46,28,28,25,25,26,16,20,53,69,68,44,17,19,28,16,18,88,26,69,24,32,100,33,37,84,51,96,68,49,69,58,71,49,100,100,53,21,66,14,22,20,83,68,67,96,84,79,66,78,56,58,95,85,97,96,95,83,66,74,63,41,92,55,75,20,60,80,29,43,85,69,41,21,77,4,63,48
Luke Daley,Radcliffe,473,Left Wing Back,Left Midfielder,England,23.0,180.0,78,80,55,46,54,92,26,46,0,20,89,80,55,91,83,46,0,76,82,85,63,52,96,30,20,46,5,13,0,26,53,35,33,68,71,21,16,0,40,38,72,50,52,38,77,56,40,79,16,67,10,14,100,23,18,49,9,0,46,33,49,23,100,100,100,100,45,55,49,77,29,64,61,35,42,32,44,39,12,34,42,53,92,60,72,66,81,82,61,60,0,100,48,27,81,54,33,67,52,31,75,62,51,30,60,19,59,54
Luke Duffy,Macclesfield Town,2027,Left Wing,Right Wing,England,27.0,,81,78,71,35,82,58,81,17,99,76,79,89,88,82,85,81,0,91,90,79,77,87,67,78,76,80,35,56,89,14,25,28,36,34,45,44,29,59,87,73,79,48,58,38,57,72,52,90,38,46,34,53,100,49,75,97,88,100,75,65,77,91,73,86,100,100,28,6,45,46,13,43,61,74,20,76,92,42,60,70,32,33,79,74,88,68,93,76,76,75,0,65,78,35,81,46,38,72,26,41,89,60,49,10,36,19,42,42
Luke Griffiths,Southport,1932,Right Defensive Midfielder,Left Defensive Midfielder,England,27.0,,45,47,34,26,41,50,81,67,0,42,0,65,85,0,51,76,0,90,89,29,48,59,15,39,45,34,73,19,0,43,73,34,36,68,74,38,38,71,57,39,98,99,55,39,87,59,44,57,70,75,81,49,17,38,43,71,58,97,44,36,40,44,29,12,100,100,85,55,87,44,58,70,87,64,76,80,39,77,56,42,71,77,53,60,71,45,88,40,17,19,0,57,58,55,30,55,46,51,65,48,35,74,57,41,59,8,74,60
Luke Haines,Chippenham Town,3081,Right Centre Back,Centre Back,England,25.0,184.0,58,60,49,28,57,57,44,61,0,50,0,47,31,0,48,28,0,73,73,41,45,44,38,15,21,0,100,62,0,82,84,39,46,90,93,17,21,93,79,8,17,96,42,35,66,62,50,69,75,66,95,89,25,17,27,79,29,87,7,12,9,17,5,13,100,100,87,48,90,10,37,91,93,31,27,20,12,54,58,48,75,88,33,22,45,34,74,66,56,49,55,37,43,18,57,78,39,23,87,11,34,89,81,17,32,10,87,81
Luke Hall,Worksop Town FC,598,Right Wing,Right Midfielder,England,23.0,,0,0,86,91,71,0,11,19,0,22,0,22,35,0,23,38,0,0,0,0,72,57,0,70,71,69,47,64,0,12,16,41,15,15,11,77,78,34,93,68,84,40,96,80,96,53,29,71,70,65,24,35,100,76,38,99,94,99,70,77,72,96,76,100,100,100,24,12,35,80,81,4,28,77,42,90,88,39,67,58,37,27,75,68,56,55,69,0,59,56,0,50,44,13,61,20,49,86,23,57,82,28,26,97,97,38,44,49
Luke Hall,Buxton,715,Right Wing,Left Midfielder,England,23.0,,0,0,67,64,60,0,55,30,0,51,0,72,70,0,73,70,0,79,78,0,66,61,1,81,78,83,32,53,0,20,14,40,22,45,46,61,59,0,69,72,76,41,69,50,95,78,48,64,70,81,11,18,100,62,78,94,46,0,75,73,77,43,42,8,100,100,35,53,46,76,76,45,34,52,67,69,94,42,50,58,42,33,87,88,96,98,87,0,73,82,0,51,76,61,84,18,68,77,36,67,60,41,52,49,90,61,41,67
Luke Holness,Slough Town FC,469,Centre Forward,Centre Attacking Midfielder,England,27.0,183.0,92,94,87,56,95,75,78,1,0,96,89,71,67,91,77,75,0,0,0,95,84,91,97,51,75,0,100,71,0,2,40,0,0,11,7,53,16,49,25,99,92,31,10,8,57,7,7,67,0,90,3,58,100,63,30,72,79,90,99,96,99,84,72,100,100,100,3,4,16,45,100,21,0,97,28,94,96,18,59,63,8,8,67,38,22,24,0,82,89,85,98,0,67,93,81,42,25,86,12,93,62,18,65,99,99,95,53,90
Luke Hunter,Fylde,407,Centre Forward,Left Centre Forward,England,,,81,83,88,87,77,74,14,3,0,83,0,88,95,0,92,99,0,0,0,68,90,90,2,16,0,33,0,40,0,2,43,0,0,12,15,84,51,0,90,99,37,4,23,12,100,52,23,14,100,100,23,58,100,87,98,99,91,100,98,99,98,96,84,100,100,100,2,29,1,67,5,0,4,83,29,42,88,19,63,85,5,16,62,34,24,27,0,95,83,77,0,100,0,0,86,3,64,94,0,99,74,1,0,41,93,34,0,0
Luke Matheson,Macclesfield Town,908,Right Back,Right Wing Back,England,23.0,168.0,0,0,47,60,38,0,17,43,0,24,90,98,78,92,98,82,0,82,75,65,80,53,8,35,41,31,75,60,0,50,64,36,48,68,75,16,10,81,42,33,72,72,36,31,99,58,50,89,97,93,68,50,100,18,38,68,48,98,42,31,52,41,36,16,100,100,44,21,47,0,55,63,48,27,10,15,76,42,20,48,29,60,40,73,82,73,87,94,73,72,0,19,95,74,90,59,32,61,22,67,76,42,48,49,3,52,42,12
Luke Moore,Dorking Wanderers FC,1152,Centre Defensive Midfielder,Right Defensive Midfielder,England,38.0,181.0,0,0,30,35,30,0,17,59,0,37,62,35,46,65,28,39,0,81,80,38,27,36,65,23,29,20,86,34,0,59,72,28,45,65,76,25,36,70,60,49,99,99,39,29,77,62,50,69,21,75,38,36,100,26,52,75,73,99,57,42,66,65,46,14,100,100,70,61,55,19,80,57,47,39,74,69,33,82,83,67,35,77,81,56,49,39,74,36,22,21,63,100,0,0,43,52,64,40,68,52,25,46,31,78,80,16,55,39
Luke Robertson,Hampton & Richmond,320,Left Defensive Midfielder,Centre Defensive Midfielder,England,29.0,,0,0,51,46,50,0,55,60,0,24,0,0,0,0,0,0,0,0,0,0,27,28,19,0,0,0,0,22,0,52,100,39,30,72,70,18,8,80,72,42,99,98,46,37,95,37,29,87,100,87,13,44,100,19,19,59,62,99,61,39,69,70,76,100,100,100,61,73,19,52,27,71,19,51,77,61,46,50,3,4,40,77,0,60,29,31,0,0,39,33,0,100,0,0,59,46,23,85,57,44,51,19,18,29,3,45,12,1
Luke Russe,Bath City,2705,Left Defensive Midfielder,Right Centre Midfielder,England,26.0,165.0,0,0,47,24,58,0,38,32,0,47,79,66,61,82,60,56,0,86,81,53,53,56,46,25,23,31,35,35,0,56,65,44,31,60,53,33,26,69,81,55,99,94,36,35,51,27,25,84,50,60,47,58,23,38,24,92,70,99,58,49,64,75,71,38,100,100,28,8,28,54,7,58,45,57,20,71,64,45,8,14,9,56,1,48,71,62,82,66,50,51,45,65,57,35,75,74,15,60,68,37,40,56,61,14,35,50,43,56
Luke Shaw,Leamington FC,612,Left Wing,Left Midfielder,England,30.0,178.0,0,0,91,93,77,0,17,9,0,24,82,81,78,86,82,79,0,81,80,57,91,77,0,37,47,27,86,31,0,33,57,20,9,14,9,18,27,33,11,63,75,34,8,10,7,8,8,92,70,77,27,40,100,27,10,39,21,56,53,34,47,28,53,100,100,100,9,2,5,23,0,4,23,79,15,89,87,21,47,65,4,37,98,35,85,85,83,74,80,82,0,53,72,75,61,60,34,56,37,61,63,45,23,16,94,10,32,39
Luke Skinner,Weston-super-Mare AFC,588,Right Wing,Right Centre Forward,England,18.0,182.0,95,96,99,88,98,75,50,1,0,95,0,75,36,0,81,38,0,0,0,91,98,93,4,94,93,94,36,33,99,2,6,15,15,10,9,85,44,53,60,88,44,22,19,15,6,18,15,8,5,23,6,36,100,87,68,95,98,99,83,91,80,99,85,50,100,100,0,1,9,76,3,1,18,79,3,36,95,29,95,90,13,3,99,21,30,33,0,97,96,94,0,100,73,55,96,29,60,71,3,98,61,20,16,6,23,37,4,7
Luke Spokes,Kidderminster Harriers,909,Left Defensive Midfielder,Right Defensive Midfielder,England,25.0,182.0,78,81,58,26,70,75,55,32,0,78,69,50,85,0,30,77,97,90,89,78,52,76,94,49,54,47,59,56,0,14,64,58,44,68,67,71,51,41,95,62,99,96,50,50,73,46,40,15,8,65,62,73,100,69,74,99,96,100,65,67,65,94,56,38,100,100,48,12,76,67,27,74,85,83,35,82,61,89,26,26,26,47,32,75,73,61,84,0,38,42,70,71,49,21,31,61,45,43,64,44,42,80,69,17,13,14,74,53
Luke Spokes,Weston-super-Mare AFC,745,Left Defensive Midfielder,Left Centre Midfielder,England,25.0,182.0,0,0,83,57,90,0,11,16,0,39,76,65,52,79,70,58,0,0,0,50,78,81,3,53,55,53,52,18,0,13,38,44,54,57,64,85,57,62,99,63,99,81,66,51,73,78,66,36,70,55,37,51,100,86,93,99,99,100,67,78,65,99,50,9,100,100,49,25,32,60,5,62,48,84,52,82,65,52,50,66,39,41,28,68,26,18,65,47,64,54,0,12,54,41,36,62,48,39,25,99,19,63,65,19,63,47,54,71
Luke Summerfield,Chorley,544,Left Defensive Midfielder,Centre Defensive Midfielder,England,38.0,183.0,0,0,32,13,50,0,26,43,0,16,0,0,0,0,0,0,0,0,0,0,14,27,33,40,41,42,52,11,0,75,71,45,27,56,66,17,25,94,78,37,99,99,16,24,57,13,16,89,92,84,69,51,100,23,13,87,18,62,38,29,37,24,38,47,100,100,72,36,94,26,72,70,90,31,39,50,38,93,40,26,45,85,41,54,59,47,79,0,17,21,0,100,0,0,0,64,36,47,81,26,17,82,90,47,33,92,84,90
Luke Tabone,Southport,899,Right Centre Back,Left Centre Back,Malta,28.0,193.0,0,0,8,0,9,0,0,100,0,0,0,12,12,0,13,13,0,0,0,0,6,8,49,0,0,0,0,14,0,100,87,62,83,97,99,10,18,84,63,8,15,93,56,56,85,79,83,86,92,72,89,94,100,9,20,32,9,36,12,12,16,10,10,70,100,100,83,67,56,37,22,97,67,13,17,4,8,16,8,6,56,90,77,13,0,0,0,62,24,14,0,0,0,0,49,66,71,19,60,28,67,73,84,24,33,87,68,85
Luke Waterfall,Worksop Town FC,2406,Right Centre Back,Centre Back,England,35.0,188.0,65,67,61,83,42,84,84,74,0,67,0,36,20,0,37,18,0,66,63,48,48,28,46,13,17,0,100,22,0,87,89,66,55,98,95,18,23,97,83,13,27,97,40,51,72,27,36,76,24,71,89,97,100,19,14,79,29,97,14,19,18,26,18,41,100,100,26,8,31,26,8,98,48,81,17,62,19,18,21,19,1,86,42,14,12,14,0,75,65,54,0,12,26,61,68,93,6,25,89,11,21,78,50,17,56,2,71,51
Luke Woolston,South Shields,1046,Right Defensive Midfielder,Centre Defensive Midfielder,England,21.0,177.0,58,60,34,9,57,55,38,45,0,40,0,44,50,0,46,49,0,69,73,41,36,52,59,35,19,55,2,38,0,21,41,58,76,65,76,40,34,27,83,49,77,86,58,54,36,85,82,89,9,29,30,22,100,43,78,94,92,99,50,44,51,69,23,74,100,100,93,81,51,13,60,69,40,72,97,91,40,82,95,90,92,63,68,85,68,76,60,58,51,56,0,57,46,48,65,44,47,65,55,48,52,35,58,55,23,82,36,46
Lyle Taylor,Chelmsford City,1936,Centre Forward,Left Centre Forward,Montserrat,36.0,188.0,98,95,92,83,90,86,81,7,38,91,81,82,87,84,84,90,0,81,82,95,92,92,90,22,23,27,57,50,96,31,26,11,11,31,33,29,15,66,28,98,57,12,8,8,100,8,8,51,0,100,34,56,100,37,37,71,50,98,99,80,99,68,95,29,100,100,15,8,14,30,27,28,15,89,18,64,98,9,67,84,10,34,21,55,67,70,71,99,97,97,68,43,66,33,99,41,28,84,38,34,85,15,16,31,44,52,9,12
M.Achuba,Hemel Hempstead Town,1898,Left Defensive Midfielder,Centre Attacking Midfielder,England,24.0,,0,0,54,64,44,0,26,45,0,55,50,43,39,53,36,40,0,82,66,29,46,40,18,61,69,52,69,75,0,30,48,32,28,64,61,87,81,33,94,60,99,94,93,68,94,77,51,43,75,63,48,70,100,85,70,99,97,100,59,73,60,95,52,71,100,100,29,18,32,1,39,63,31,83,32,66,66,55,38,35,18,37,85,55,46,53,0,28,32,34,0,71,27,19,60,67,28,53,53,42,60,53,48,79,95,29,62,67
M.Atkinson,Hampton & Richmond,945,Centre Defensive Midfielder,Left Defensive Midfielder,England,27.0,,0,0,9,0,12,0,94,67,0,16,0,33,55,0,35,61,0,0,0,0,14,31,33,10,12,0,100,9,0,56,87,56,56,50,50,83,91,67,98,46,93,93,94,80,86,87,74,37,75,45,48,37,100,80,77,99,97,100,41,56,43,81,25,7,100,2,60,71,26,56,22,50,29,86,97,96,31,43,2,3,45,78,34,58,41,46,0,0,27,28,69,100,0,0,31,56,57,39,46,85,28,36,46,44,58,59,34,47
M.Atkinson,Salisbury,753,Left Defensive Midfielder,Centre Defensive Midfielder,England,27.0,,66,68,33,29,38,92,78,48,0,25,0,34,44,0,36,49,0,0,0,50,29,39,79,11,14,0,100,37,0,74,90,54,65,58,67,66,72,62,94,56,80,80,92,77,90,97,91,67,46,56,33,27,100,63,87,98,79,99,51,57,58,85,75,28,100,100,69,90,46,45,95,61,24,70,82,41,43,77,74,61,59,89,88,81,48,46,65,0,45,43,0,50,39,61,36,65,38,44,61,49,41,28,49,83,41,78,36,44
M.Booth,Peterborough Sports FC,1423,Right Centre Forward,Left Centre Forward,England,27.0,174.0,89,91,89,81,85,80,55,3,0,89,57,58,46,60,64,51,0,0,0,85,84,74,72,46,29,66,3,16,0,25,31,0,0,11,11,54,24,47,72,99,40,8,15,9,34,18,11,82,12,76,11,67,100,65,78,96,84,99,98,93,96,93,90,60,100,100,3,10,9,39,76,2,7,98,30,80,89,13,75,79,5,23,28,31,56,61,56,77,84,82,0,57,48,55,68,58,11,89,40,28,88,13,12,70,32,48,13,6
M.Carter,AFC Totton,565,Centre Defensive Midfielder,Right Defensive Midfielder,England,34.0,182.0,0,0,11,2,20,0,0,57,0,0,0,0,0,0,0,0,0,0,0,0,7,10,48,39,59,0,100,60,0,69,100,73,71,89,86,52,45,92,85,31,99,99,55,65,20,47,59,29,5,15,90,86,100,50,50,95,95,99,31,33,27,61,14,13,100,100,60,26,71,25,76,86,67,51,15,22,31,71,66,47,19,88,7,42,31,34,0,0,0,8,0,100,0,0,0,75,18,52,83,23,18,65,20,87,96,1,75,38
M.Lewis,Hemel Hempstead Town,1864,Centre Forward,Centre Attacking Midfielder,England,21.0,,98,98,97,96,88,96,89,6,0,96,82,94,81,85,96,89,0,0,0,98,98,88,88,61,58,65,34,61,0,10,7,10,10,11,10,61,26,0,74,99,62,7,11,9,86,13,10,34,0,92,15,55,100,68,63,98,79,99,99,96,99,92,94,100,100,100,5,33,7,53,80,4,3,93,62,84,99,12,72,93,14,9,56,56,55,57,62,98,95,95,82,36,59,61,97,42,23,87,25,41,89,3,3,95,66,61,5,4
Mackenzie Heaney,Spennymoor Town,2572,Left Wing Back,Right Wing,England,27.0,184.0,53,55,38,21,50,55,71,40,0,59,71,75,70,62,72,59,91,86,86,61,55,55,68,54,61,46,70,21,0,11,46,38,28,64,62,37,37,43,69,50,59,64,21,25,57,20,21,63,70,78,26,40,100,43,34,89,35,94,51,42,47,31,27,68,100,100,52,15,55,88,19,69,68,71,34,75,60,68,60,59,51,48,69,71,85,88,80,43,47,57,93,34,81,32,55,63,14,80,57,17,88,67,71,15,24,55,57,65
Makai Welch,AFC Hornchurch,1134,Left Back,Right Back,England,20.0,181.0,0,0,21,22,25,0,99,57,0,49,0,19,18,0,20,18,0,0,0,0,14,17,34,68,70,67,48,86,0,4,18,36,36,76,77,83,67,87,95,43,79,93,79,54,96,84,62,57,10,80,61,49,8,85,87,99,98,99,37,54,37,95,47,77,100,2,37,41,37,49,71,73,29,29,31,31,47,62,71,53,43,28,77,54,50,57,0,55,54,53,63,100,45,31,80,73,11,72,30,49,80,40,51,73,86,60,47,64
Malachi Linton,AFC Totton,1124,Centre Forward,Left Centre Forward,England,25.0,182.0,74,76,94,82,94,44,72,1,0,92,63,84,67,66,89,75,0,0,0,71,94,89,0,24,18,35,10,39,0,38,52,10,11,18,20,43,14,24,69,98,31,2,13,10,70,11,9,77,16,89,8,27,100,53,64,96,83,99,97,86,95,93,94,76,100,100,2,13,6,25,32,9,6,93,58,96,97,16,31,89,4,34,94,34,54,63,0,84,96,96,0,14,69,58,91,15,30,96,6,79,87,13,16,38,26,56,8,7
Malachi Ogunleye,Salisbury,1805,Right Defensive Midfielder,Centre Defensive Midfielder,Nigeria,19.0,,0,0,16,17,18,0,55,75,0,43,0,15,17,0,16,18,0,0,0,0,10,13,40,33,35,35,55,46,0,32,63,62,64,58,61,85,76,67,98,45,99,98,95,85,80,96,89,48,24,33,34,45,100,82,89,99,99,100,41,59,46,96,24,38,100,100,55,40,17,44,2,55,31,81,61,77,44,60,30,20,37,64,41,52,48,55,0,42,19,25,89,71,44,95,42,81,19,36,75,42,19,36,42,20,51,50,26,40
Malakai McKenzie,Southport,1220,Right Wing,Right Midfielder,England,22.0,174.0,92,94,75,33,91,80,79,7,0,92,82,86,89,86,89,94,0,79,71,93,79,93,97,71,67,75,31,31,0,14,33,20,27,7,9,22,20,0,36,72,35,12,39,25,87,51,34,84,0,82,5,12,100,24,40,64,40,98,69,41,65,44,61,32,100,100,22,60,7,84,5,1,13,92,66,60,74,41,36,58,36,38,98,62,76,86,58,81,72,74,61,23,77,35,73,16,65,80,38,37,83,22,35,51,44,70,20,30
Maliq Anthony Cadogan,Peterborough Sports FC,487,Left Centre Midfielder,Left Midfielder,England,22.0,179.0,92,94,77,40,90,81,72,16,0,75,0,43,53,0,47,59,0,0,0,84,66,81,94,50,56,45,68,13,0,57,49,11,15,32,34,56,67,68,86,66,90,49,32,18,39,42,25,45,0,54,0,0,100,60,71,93,89,99,72,67,72,89,63,41,100,100,60,41,58,24,25,43,69,59,96,99,90,94,94,91,65,63,85,95,64,64,71,60,82,80,0,19,66,15,47,23,73,69,41,48,70,65,67,41,96,46,65,84
Marcel Oakley,Peterborough Sports FC,2195,Right Back,Right Wing Back,England,23.0,175.0,43,45,43,78,26,64,78,55,0,58,0,72,40,0,78,44,0,0,0,28,55,31,8,45,58,32,84,49,0,27,56,57,65,65,73,70,56,42,94,36,71,86,98,90,98,99,94,52,87,76,40,59,100,61,77,98,75,99,29,41,33,64,42,47,100,100,57,43,34,9,46,65,30,44,33,32,54,57,69,69,54,58,86,70,66,74,59,56,47,52,48,28,69,42,60,62,17,76,37,25,92,33,58,44,66,84,32,64
Marcus Poscha,Curzon Ashton FC,1473,Right Centre Back,Centre Back,England,29.0,180.0,0,0,0,0,0,0,0,100,0,0,0,32,19,0,34,20,0,0,0,0,13,8,35,0,0,0,0,8,0,90,93,53,41,83,79,14,11,99,58,13,8,86,29,36,72,18,24,83,57,78,43,57,13,15,10,55,24,89,11,14,14,19,10,62,100,100,56,70,82,61,58,83,83,23,34,13,8,20,38,25,30,93,21,12,17,18,0,48,15,11,56,100,29,100,36,78,48,14,90,11,0,90,86,23,20,24,90,85
Marcus Sablier,Tonbridge Angels FC,1225,Centre Attacking Midfielder,Left Centre Midfielder,England,23.0,195.0,54,56,57,58,52,55,17,47,0,58,99,97,95,97,96,93,98,93,93,93,81,76,96,57,70,39,83,55,0,24,38,30,20,37,38,70,67,0,86,69,82,58,35,28,57,24,19,62,24,66,7,19,100,76,70,98,96,99,67,70,64,89,42,78,100,100,58,32,40,12,27,29,51,58,42,61,76,54,51,68,55,55,21,89,90,90,87,81,53,61,95,72,66,34,78,47,15,91,34,29,91,47,25,42,40,10,46,18
Mark Beck,Alfreton Town,719,Centre Forward,Centre Attacking Midfielder,Scotland,32.0,196.0,92,86,63,31,74,81,31,28,99,78,94,81,81,96,86,89,0,0,0,92,68,76,98,33,24,45,10,32,98,36,16,13,12,56,45,43,35,74,24,86,64,14,8,8,57,7,8,64,70,92,69,99,100,54,17,63,53,93,90,84,92,50,49,100,100,100,31,2,7,84,44,48,6,99,5,56,96,16,41,52,2,14,4,66,56,65,0,99,97,97,0,100,40,93,99,45,45,65,12,81,78,7,22,94,57,85,10,21
Mark Ellis,Chorley,2419,Right Centre Back,Left Centre Back,England,37.0,188.0,55,56,77,86,62,47,53,60,0,68,47,46,27,49,50,28,0,0,0,48,66,47,9,7,8,0,100,61,87,81,88,61,47,98,96,9,11,97,58,10,42,99,23,38,53,17,26,69,35,74,87,97,100,9,8,40,16,80,8,8,7,13,7,41,100,6,34,2,59,43,14,98,77,78,4,44,22,24,58,69,1,83,30,18,30,33,0,84,86,82,0,100,25,15,82,93,4,27,81,23,24,90,76,22,61,2,90,82
Mark Jones,Peterborough Sports FC,675,Right Centre Forward,Left Centre Forward,England,36.0,191.0,0,0,95,93,85,0,53,12,0,90,0,36,48,0,38,54,0,0,0,0,88,74,0,29,35,26,81,50,0,24,26,36,27,34,33,31,15,34,29,98,44,13,12,19,92,14,16,43,92,92,46,99,100,36,41,59,68,99,99,80,99,84,94,6,100,1,30,6,2,34,2,15,8,97,6,27,90,16,84,78,8,42,31,65,36,40,0,95,92,90,0,28,57,81,96,44,45,67,11,88,72,7,6,76,43,56,7,4
Martell Taylor-Crossdale,Tonbridge Angels FC,685,Centre Forward,Left Wing,England,26.0,185.0,0,0,73,86,58,0,71,28,0,31,95,66,65,96,72,72,0,0,0,74,69,57,71,23,34,0,100,42,0,21,50,13,14,13,17,49,42,0,50,86,16,15,19,15,57,29,19,44,16,80,2,14,100,54,56,86,33,73,84,74,83,37,59,6,100,100,21,45,4,23,2,3,13,94,72,84,63,11,5,44,20,46,70,40,27,30,0,50,68,61,94,0,56,19,38,1,26,99,12,35,97,5,3,27,74,46,1,4
Martin Woods,Worksop Town FC,736,Left Defensive Midfielder,Left Centre Midfielder,Scotland,40.0,175.0,0,0,55,45,55,0,94,37,0,29,94,54,37,95,58,41,0,0,0,71,52,46,89,37,24,53,5,31,0,46,65,28,26,63,54,70,82,51,89,53,98,95,80,51,44,47,32,24,52,18,78,62,100,66,38,95,61,98,52,51,46,48,34,26,100,100,44,23,35,76,13,64,47,52,59,91,56,24,17,20,19,61,5,48,70,56,84,48,52,51,0,44,54,81,67,62,34,52,49,74,38,45,70,23,89,88,36,82
Mason Bloomfield,Farnborough,1903,Centre Forward,Centre Attacking Midfielder,England,29.0,191.0,82,85,89,94,72,81,81,24,0,80,68,32,39,71,35,43,0,0,0,81,78,60,74,44,40,52,29,6,0,6,14,14,16,65,61,52,34,68,63,84,53,16,25,17,57,23,17,35,13,74,34,96,100,56,43,85,88,99,93,85,91,95,88,100,100,100,16,20,6,18,36,55,8,98,33,64,82,18,50,64,12,12,28,45,25,28,0,52,79,73,50,50,27,61,64,43,21,88,19,41,92,4,4,81,51,60,4,4
Mason O'Malley,Worksop Town FC,2970,Left Back,Left Wing Back,England,24.0,170.0,0,0,15,30,13,0,44,66,0,18,55,53,56,59,53,56,0,78,74,33,33,33,43,18,15,28,15,14,0,70,73,69,53,73,66,46,57,68,86,37,80,80,71,69,41,57,51,86,32,22,51,55,100,48,34,96,59,99,34,41,41,51,41,82,100,100,33,4,66,79,18,76,82,36,4,27,47,74,22,25,11,69,23,43,68,61,79,68,40,44,43,17,85,48,47,90,7,38,79,14,55,82,78,18,34,29,77,78
Mat Richards,Hereford FC,1099,Left Defensive Midfielder,Right Defensive Midfielder,England,21.0,177.0,0,0,18,36,15,0,55,77,0,22,0,29,28,0,31,30,0,0,0,0,17,18,29,34,35,35,57,5,0,53,66,37,45,61,64,93,90,71,98,49,99,95,69,49,90,81,63,31,92,73,44,50,100,94,92,99,98,100,45,69,45,81,18,76,100,100,55,62,53,70,81,66,35,65,52,37,48,71,75,61,27,67,33,66,37,41,0,37,26,25,85,50,33,61,28,54,47,52,42,77,43,51,69,82,86,79,62,80
Matt Bowman,Bath City,1074,Left Defensive Midfielder,Left Centre Midfielder,Switzerland,23.0,,84,86,75,82,62,92,27,36,0,76,64,60,54,68,65,61,0,0,0,81,68,56,90,58,47,69,14,91,0,30,28,34,30,68,68,97,94,70,99,61,99,99,98,83,96,91,68,22,52,59,42,94,100,97,84,99,98,100,62,89,63,98,61,5,100,100,43,7,14,53,1,68,26,91,16,61,59,39,58,42,21,31,64,48,42,48,0,57,61,57,93,100,0,0,64,90,6,41,64,33,53,38,38,40,22,37,35,23
Matt Briggs,Salisbury,1571,Right Wing Back,Right Wing,England,30.0,180.0,65,67,68,66,61,64,86,25,0,69,86,76,65,89,73,55,0,86,83,77,68,59,80,49,42,59,20,41,0,47,30,23,25,30,37,36,29,34,66,73,42,27,42,28,44,47,31,85,8,49,36,67,100,40,48,82,53,98,70,54,69,61,75,100,100,100,16,11,16,49,12,17,23,75,13,39,81,10,41,51,12,32,60,39,58,40,81,73,68,62,92,100,29,12,74,47,32,75,18,51,88,30,28,22,53,37,21,27
Matt Burgess,Eastbourne Borough,383,Right Centre Midfielder,Centre Defensive Midfielder,England,23.0,186.0,82,85,70,99,30,99,100,42,0,94,93,84,66,95,89,74,0,0,0,91,74,45,96,35,0,66,0,82,0,17,37,12,17,31,32,92,73,48,98,74,30,24,46,24,97,51,29,82,100,89,16,61,100,96,91,99,99,100,72,90,68,99,46,100,100,100,15,65,1,71,5,20,2,92,85,82,59,34,51,60,9,41,67,37,54,62,0,67,53,53,92,28,53,41,75,5,64,92,10,99,25,18,6,77,97,20,21,18
Matt Burgess,Worthing FC,871,Centre Attacking Midfielder,Left Attacking Midfielder,England,23.0,186.0,0,0,52,35,57,0,78,32,0,55,0,31,59,0,23,58,0,81,75,0,39,55,11,36,21,55,3,58,97,11,33,15,22,23,35,88,68,32,99,82,43,25,90,54,98,98,84,42,46,85,27,28,100,87,98,99,97,100,81,90,80,95,52,36,100,100,28,79,15,70,80,12,12,85,94,84,59,38,45,36,32,30,57,55,49,49,63,43,74,70,0,100,0,0,62,26,41,86,48,34,75,12,24,89,92,76,15,39
Matt Jay,Torquay United,1435,Centre Attacking Midfielder,Left Wing,England,30.0,178.0,77,80,84,89,69,75,89,28,0,87,77,66,75,80,70,81,0,70,69,79,79,70,63,30,10,54,1,16,0,38,46,23,33,39,50,36,31,0,64,89,74,39,16,17,32,19,22,91,12,72,28,34,100,48,66,92,77,99,89,76,88,83,75,100,100,100,33,59,19,57,51,33,17,80,49,36,74,40,62,82,25,50,34,82,71,79,66,87,81,82,57,74,55,85,93,52,16,87,49,26,84,15,27,64,60,74,14,27
Matt Lench,Chesham United FC,1460,Left Defensive Midfielder,Right Centre Midfielder,England,33.0,177.0,77,69,82,80,73,52,22,36,99,78,0,46,57,0,43,55,0,79,78,51,72,66,6,37,33,45,29,55,0,32,62,65,71,66,67,62,61,51,96,56,99,99,67,64,73,78,75,57,43,54,61,67,100,62,75,99,94,99,56,54,54,82,32,26,100,100,76,53,67,53,56,65,68,66,41,32,43,72,34,56,59,67,69,70,82,80,82,48,56,60,57,65,48,45,55,52,24,79,59,39,55,53,43,54,90,22,56,58
Matt Preston,Hereford FC,1451,Left Centre Back,Centre Back,England,31.0,183.0,0,0,43,64,32,0,38,78,0,29,0,30,24,0,31,25,0,0,0,0,32,24,16,11,15,0,100,21,0,73,88,43,44,91,92,10,11,91,59,10,20,93,35,34,90,50,43,53,85,85,86,84,100,9,11,46,13,69,8,8,7,14,12,41,3,100,35,45,52,29,57,91,44,59,37,35,11,7,44,37,9,89,49,9,11,13,0,68,51,38,0,100,30,93,62,79,47,14,53,40,63,76,71,42,82,28,76,81
Matt Robinson,Maidenhead United,2816,Left Defensive Midfielder,Left Centre Midfielder,England,31.0,188.0,51,53,56,31,64,42,20,44,0,57,57,60,85,60,63,90,0,71,74,52,55,71,39,41,42,43,48,47,0,54,61,42,48,54,61,62,60,67,95,53,99,99,82,61,56,85,69,80,32,25,71,55,100,63,73,99,93,99,49,50,47,75,28,48,100,100,87,65,41,75,40,54,42,70,68,55,59,95,79,66,78,73,41,95,62,68,61,41,50,53,78,53,45,76,71,79,18,44,72,33,37,39,57,59,41,74,42,54
Matt Stenson,AFC Telford United,1723,Centre Forward,Left Centre Forward,England,32.0,188.0,99,99,99,90,99,86,65,1,28,99,0,36,43,0,39,47,0,0,0,97,98,96,78,62,68,56,63,56,97,9,17,15,18,37,37,48,33,45,34,97,29,3,9,9,24,10,11,19,8,88,25,86,5,53,51,77,60,98,98,90,98,74,87,2,100,100,2,7,20,16,71,31,16,99,13,54,79,15,72,94,8,15,82,25,41,45,0,70,98,98,53,66,37,41,78,34,47,76,25,48,86,36,23,87,80,19,47,30
Matt Worthington,Torquay United,2069,Right Defensive Midfielder,Left Defensive Midfielder,England,28.0,179.0,44,46,42,42,41,48,40,56,0,44,49,38,39,52,41,40,0,62,65,41,36,38,59,20,15,29,13,24,0,63,66,34,41,66,76,33,35,81,82,50,95,91,26,25,78,39,36,42,49,83,60,61,100,35,56,95,64,99,51,40,51,55,41,58,100,100,80,64,67,5,50,63,71,38,79,74,45,80,58,46,65,76,63,81,63,64,70,38,40,44,66,42,56,61,46,58,39,53,61,26,70,60,42,33,31,11,58,32
Matthew Dolan,Spennymoor Town,2122,Left Defensive Midfielder,Centre Back,England,33.0,175.0,0,0,41,18,55,0,28,46,0,48,49,64,66,0,40,36,92,93,91,28,50,56,13,26,34,21,87,62,0,67,76,35,34,72,71,14,17,71,63,37,85,91,32,29,70,31,28,90,21,75,85,74,100,17,15,74,44,98,39,26,37,30,16,60,100,100,53,43,54,82,23,73,66,60,47,53,37,51,45,33,24,76,9,45,66,33,88,38,18,16,48,37,60,41,28,54,26,74,62,57,32,66,52,18,12,15,57,30
Matthew Harris,Merthyr Town FC,1541,Left Centre Back,Centre Back,Wales,37.0,,49,51,38,76,22,84,17,100,0,47,0,14,19,0,15,20,0,0,0,32,20,16,64,14,14,18,68,7,0,91,83,29,33,89,96,10,11,98,79,7,12,84,22,22,46,38,31,85,32,71,78,68,100,11,24,73,22,98,6,9,9,9,2,29,100,100,96,96,75,56,74,90,66,23,59,10,7,12,81,65,96,92,36,11,11,12,0,0,29,18,75,100,0,0,35,52,91,17,66,60,21,63,74,60,36,74,67,74
Matthew James,Salisbury,1450,Centre Forward,Left Centre Forward,England,36.0,176.0,67,69,87,75,86,44,63,21,0,74,77,77,84,80,83,92,0,0,0,72,86,88,7,30,33,30,68,81,0,22,27,12,13,22,20,23,12,66,23,88,73,22,14,12,34,14,12,16,12,77,21,74,100,22,28,54,41,93,90,55,89,55,90,41,100,100,29,22,16,55,38,15,17,87,29,54,83,24,23,66,25,36,40,63,56,65,0,68,84,83,57,100,0,0,89,10,66,86,15,77,77,12,8,63,52,40,11,7
Matthew McClure,Chesham United FC,743,Right Centre Forward,Left Centre Forward,Northern Ireland,34.0,178.0,83,85,95,95,84,70,65,13,0,94,0,31,37,0,33,40,0,0,0,71,89,69,4,17,15,25,29,3,0,47,28,12,13,9,10,74,32,0,71,96,75,22,14,12,8,16,13,5,21,46,58,86,100,77,76,97,91,99,92,93,90,90,60,100,100,100,8,26,16,76,83,8,8,94,15,20,72,13,59,57,5,15,16,31,48,55,0,47,83,81,93,50,39,61,76,43,33,79,58,31,66,12,28,98,71,82,21,31
Matthew McDonald,Marine,1321,Centre Attacking Midfielder,Left Centre Midfielder,England,23.0,185.0,86,88,87,84,79,80,69,10,0,97,90,62,74,93,68,82,0,0,0,91,82,77,94,58,60,57,52,36,0,21,26,31,21,44,34,88,76,66,94,74,91,63,54,37,75,40,26,6,70,64,15,45,100,87,62,99,98,100,74,90,79,98,64,36,100,100,14,5,30,48,65,45,22,87,7,37,85,43,64,72,14,25,96,51,52,60,0,79,82,80,59,69,42,27,91,72,14,67,35,50,74,39,56,86,37,73,50,51
Matthew Sargent,Radcliffe,1781,Right Defensive Midfielder,Right Centre Midfielder,Wales,24.0,184.0,47,48,59,48,58,40,10,40,0,27,52,48,58,54,51,61,0,64,66,45,52,55,32,37,39,40,52,46,0,43,48,23,18,52,47,69,71,61,93,58,98,93,54,33,80,48,28,64,43,68,57,68,100,73,60,99,90,99,56,59,54,87,56,15,4,100,48,40,40,43,48,52,38,76,75,90,61,82,38,39,28,54,95,73,51,55,53,29,53,51,0,43,44,41,56,74,24,45,68,47,30,40,56,61,70,71,43,63
Matthew Warren,Tonbridge Angels FC,2344,Right Defensive Midfielder,Left Defensive Midfielder,England,,,43,44,31,46,27,60,20,53,0,27,0,18,20,0,19,21,0,0,0,27,18,19,50,21,23,24,68,12,0,56,71,49,39,70,61,87,83,77,98,40,92,92,90,72,92,66,49,42,70,61,47,61,100,86,58,99,94,99,34,48,29,62,16,50,100,100,36,23,23,58,5,71,31,64,44,77,37,30,8,7,17,69,68,38,40,45,0,36,32,32,0,57,32,15,19,73,10,77,50,24,85,52,76,21,33,90,43,76
Mauro Vilhete,Hemel Hempstead Town,691,Left Wing,Right Wing,England,33.0,174.0,85,87,74,52,78,78,66,17,0,82,0,85,93,0,82,90,0,88,92,73,78,89,33,52,34,70,5,26,0,8,13,29,29,42,38,55,49,0,67,61,81,29,72,46,83,74,50,70,77,61,37,90,100,57,59,93,87,99,60,57,61,73,34,23,1,100,25,10,24,61,22,37,29,91,27,77,96,32,26,41,25,18,35,69,92,94,85,95,79,84,79,52,84,46,94,53,34,66,56,37,62,36,13,37,74,8,32,16
Max Bardell,Buxton,2243,Right Centre Back,Right Back,England,23.0,180.0,56,58,41,56,33,81,87,73,0,42,48,43,32,50,47,34,0,0,0,50,39,30,71,49,45,55,31,48,0,44,62,37,45,93,98,22,17,97,76,22,44,96,58,42,97,68,54,48,81,88,88,91,20,19,32,70,38,92,28,24,29,32,25,27,5,100,81,41,72,15,29,95,80,42,18,15,24,82,42,36,72,70,97,40,54,49,72,56,44,43,0,66,39,23,50,87,15,28,87,9,49,80,86,21,10,84,75,79
Max Benjamin Ram,Leamington FC,702,Right Centre Back,,England,25.0,191.0,68,70,43,47,41,92,97,100,0,72,0,73,24,0,79,25,0,0,0,52,56,30,37,0,0,0,0,33,0,86,84,74,42,98,86,13,10,92,51,15,9,91,19,45,24,11,20,39,70,62,95,96,100,12,8,55,26,97,20,13,14,20,10,59,100,100,12,8,19,66,2,98,33,85,36,91,8,2,24,17,0,66,40,8,0,0,0,69,56,43,0,0,0,0,57,92,6,29,80,15,50,80,80,7,1,50,61,37
Max Brogan,Leamington FC,857,Centre Attacking Midfielder,Right Centre Midfielder,England,24.0,186.0,89,91,67,18,90,75,63,15,0,74,0,50,77,0,40,67,0,85,87,80,58,88,93,48,50,49,52,15,0,25,37,28,28,32,28,85,76,29,91,72,99,89,39,29,71,35,27,41,40,71,20,37,100,88,70,99,96,99,70,86,72,98,80,2,100,100,36,49,38,68,54,32,34,74,45,42,85,56,32,31,32,44,75,79,72,42,89,43,58,53,0,53,61,75,78,23,65,74,15,87,66,28,14,64,60,17,31,14
Max Edward Taylor,Fylde,2526,Right Centre Back,Centre Back,England,26.0,188.0,42,43,53,92,27,55,38,78,0,42,0,28,26,0,29,25,0,63,63,26,39,23,22,9,8,15,29,14,0,85,85,34,51,96,99,22,22,95,91,17,11,87,66,45,97,91,77,44,79,86,94,89,22,19,47,88,32,99,18,19,19,21,8,34,100,100,97,80,90,35,52,97,90,43,59,26,15,75,85,78,94,92,85,31,15,13,49,44,35,23,73,28,25,61,41,82,34,17,86,16,19,83,84,19,5,58,78,69
Max Ehmer,Ebbsfleet United,1475,Centre Back,Left Centre Back,Germany,34.0,188.0,0,0,33,85,15,0,0,100,0,0,0,30,23,0,32,24,0,0,0,0,26,15,20,0,0,0,0,24,0,83,85,50,62,97,98,10,10,83,43,13,13,87,22,30,79,30,43,86,32,85,89,85,13,12,17,31,10,45,9,13,14,16,29,62,100,100,44,55,52,69,40,97,47,64,19,8,15,11,5,7,20,80,82,12,26,28,0,32,46,38,56,100,0,0,62,81,34,20,72,34,35,81,89,30,18,92,80,88
Max Howells,Darlington,1424,Right Wing Back,Left Wing Back,England,21.0,180.0,78,80,67,39,74,69,50,11,0,61,57,82,55,60,87,61,0,0,0,72,71,66,62,49,46,54,33,92,0,21,42,41,35,51,50,70,58,47,92,56,81,58,86,63,88,82,59,68,11,57,55,26,100,70,64,99,76,99,54,59,55,80,71,81,100,100,15,10,11,71,7,44,16,71,15,50,87,33,56,65,20,32,91,60,78,90,0,60,71,74,0,6,91,60,48,63,17,76,37,29,90,36,27,65,98,24,40,54
Max Hunt,Alfreton Town,2769,Left Centre Back,Centre Back,England,27.0,198.0,52,53,49,46,48,55,47,61,0,58,57,38,24,60,41,25,0,0,0,53,41,34,72,8,10,0,100,6,0,90,92,43,25,99,91,10,11,88,44,8,28,96,20,26,73,12,15,78,21,84,92,94,11,10,7,43,10,67,10,12,15,11,9,59,100,100,24,2,65,73,15,99,80,77,5,47,18,20,9,11,2,88,42,16,11,13,0,77,70,60,58,100,0,0,72,94,4,27,85,10,53,92,88,12,34,2,92,89
Max Jollife,Salisbury,445,Left Centre Midfielder,Left Defensive Midfielder,England,20.0,,0,0,0,0,0,0,0,100,0,0,0,21,45,0,22,49,0,0,0,0,8,19,44,0,0,0,0,35,0,37,72,0,0,82,84,90,76,0,99,64,99,99,99,76,48,98,80,20,7,2,27,70,100,83,75,99,99,100,73,82,72,99,57,37,100,100,41,6,17,71,0,82,37,70,32,92,59,59,9,7,19,60,62,51,36,40,0,0,21,21,0,12,50,15,0,84,7,67,50,40,66,49,63,6,40,70,23,61
Max Kretzschmar,Hampton & Richmond,384,Left Centre Midfielder,Left Defensive Midfielder,England,32.0,174.0,0,0,71,41,79,0,38,30,0,55,0,49,66,0,46,57,0,80,84,0,62,75,2,26,39,0,100,87,0,12,57,32,37,39,46,27,17,77,79,75,99,91,46,34,24,41,35,90,8,26,38,72,100,31,35,96,73,99,79,53,77,72,59,100,100,100,57,7,47,64,31,29,59,67,17,65,74,57,29,35,29,40,1,78,89,62,95,0,81,79,0,21,86,45,0,67,43,35,56,62,37,39,8,33,99,4,34,29
Max Wilson,Chorley,1457,Right Defensive Midfielder,Centre Attacking Midfielder,England,19.0,,50,52,46,23,58,44,47,39,0,48,0,39,38,0,42,41,0,0,0,33,39,48,34,35,41,30,77,49,0,24,52,42,42,55,56,85,78,61,94,65,99,98,79,58,70,73,55,57,41,40,63,84,100,86,67,99,97,99,61,73,59,92,44,61,100,100,44,7,20,56,4,61,27,91,23,79,68,63,54,46,19,50,84,65,55,60,55,48,65,62,0,41,48,28,62,73,15,65,52,43,61,36,55,36,38,76,32,50
Maxwell Mullins,Eastbourne Borough,1254,Right Centre Forward,Left Centre Forward,England,24.0,180.0,54,55,83,84,72,39,79,16,0,70,91,70,56,93,76,63,0,0,0,77,79,65,40,39,37,44,37,42,0,14,26,11,18,26,35,70,44,35,79,99,43,6,22,15,97,37,24,77,0,92,15,61,100,79,89,99,95,99,99,97,98,98,91,79,100,100,5,6,11,37,44,12,12,94,19,75,93,10,24,61,4,17,67,35,38,42,0,80,91,88,0,57,51,75,94,45,20,87,15,37,95,21,14,84,59,30,27,14
Maxx Manktelow,Ebbsfleet United,404,Right Centre Back,Left Attacking Midfielder,England,,,81,83,94,99,66,84,97,47,0,91,0,64,35,0,69,38,0,0,0,68,91,53,1,0,0,0,0,0,0,70,64,12,11,71,82,57,64,0,70,61,81,84,16,12,4,28,17,84,0,7,86,92,100,67,83,79,74,99,67,73,74,61,38,100,100,100,84,22,79,1,78,70,73,61,15,26,42,96,89,90,51,89,86,89,84,94,0,0,56,66,91,6,93,81,52,85,25,18,89,10,23,72,48,45,69,6,73,54
Michael  Duckworth,Scarborough Athletic,1052,Right Back,Left Centre Back,England,34.0,181.0,0,0,8,0,12,0,94,77,0,16,0,20,29,0,19,25,0,66,73,0,9,15,44,38,48,29,83,43,0,63,80,43,38,81,80,17,13,84,40,15,60,96,48,41,93,40,34,93,94,83,84,58,100,19,16,38,15,64,17,21,22,21,29,75,100,100,50,33,59,20,29,78,73,23,45,63,31,78,34,24,33,83,19,42,61,49,79,0,9,13,0,69,34,15,28,89,7,40,83,14,42,66,40,9,26,6,48,27
Michael Afuye,Radcliffe,2356,Right Wing Back,Right Midfielder,England,25.0,173.0,78,80,60,20,78,66,62,20,0,55,97,93,88,91,88,85,97,94,89,92,76,84,97,90,93,81,63,73,88,2,27,29,28,38,34,74,60,0,84,72,81,60,73,47,78,72,47,50,48,55,18,21,100,75,69,98,78,99,68,71,66,80,67,87,100,100,24,4,14,76,0,30,40,71,16,78,94,45,22,55,37,30,99,59,91,87,90,88,73,76,62,28,96,48,88,41,54,64,36,31,88,39,29,7,54,22,16,27
Michael Clunan,King's Lynn Town FC,2768,Right Defensive Midfielder,Centre Defensive Midfielder,England,32.0,177.0,52,42,31,22,39,42,39,57,28,50,45,56,74,47,39,50,0,89,91,34,41,52,32,15,18,15,88,64,0,71,83,62,73,73,78,45,38,91,89,39,96,97,72,65,76,83,79,41,37,53,60,48,100,41,58,94,60,99,38,36,38,46,31,39,100,100,66,56,71,24,50,71,76,29,54,47,44,84,50,37,34,78,12,68,72,52,86,25,16,21,58,61,45,42,38,50,80,29,53,79,26,74,67,45,41,23,75,67
Michael Gash,Peterborough Sports FC,602,Centre Back,Right Centre Back,Germany,39.0,177.0,0,0,31,42,29,0,55,52,0,16,0,54,63,0,58,71,0,0,0,0,40,43,11,0,0,0,0,4,0,63,82,74,62,92,86,8,13,78,72,20,20,99,18,44,26,15,33,100,10,65,87,94,1,11,10,40,10,26,20,17,24,14,21,51,100,100,37,9,61,42,20,91,78,72,35,88,25,54,8,14,3,76,16,33,56,65,0,87,64,62,0,100,44,93,83,91,5,46,79,19,43,89,67,21,54,1,88,71
Michael Gyasi,King's Lynn Town FC,874,Right Centre Forward,Left Centre Forward,Germany,26.0,177.0,99,99,99,96,97,93,86,1,0,99,71,67,71,74,72,79,0,0,0,99,99,95,92,73,74,72,45,47,0,4,9,0,0,27,32,34,17,0,43,99,51,11,12,8,95,15,10,10,70,93,1,9,100,33,49,86,43,99,98,74,96,62,98,69,100,100,0,10,0,63,0,9,0,96,19,61,99,7,75,96,7,1,96,25,23,25,0,91,97,96,0,100,37,41,94,16,64,82,5,96,67,1,1,99,58,66,5,2
Michael Gyasi,Kidderminster Harriers,301,Right Centre Forward,Right Wing,Germany,26.0,177.0,0,0,65,40,70,0,0,4,0,0,97,88,78,98,92,87,0,0,0,78,74,72,73,42,48,40,68,10,0,1,28,0,0,0,0,43,33,0,78,99,70,10,14,9,100,16,10,34,0,100,0,12,100,48,34,99,80,99,99,92,99,95,100,100,100,100,0,28,0,61,0,0,0,99,42,66,99,6,18,33,2,19,70,44,48,55,0,99,93,92,0,12,81,93,99,0,91,97,0,51,99,0,0,43,75,44,0,0
Michael Kelly,Chester,666,Left Back,Right Back,Scotland,28.0,181.0,0,0,21,20,25,0,55,75,0,29,79,91,99,0,64,88,98,98,99,54,64,83,19,12,16,0,100,9,0,66,90,13,18,76,80,9,9,47,8,18,67,82,37,21,98,64,37,76,0,92,29,42,100,9,17,7,13,51,25,20,38,10,4,21,100,100,78,16,93,85,18,79,96,12,19,44,57,92,48,52,71,88,0,83,97,76,98,0,11,27,0,69,57,14,0,76,19,50,48,35,73,87,83,12,46,29,81,86
Michael Parker,Hereford FC,844,Left Centre Back,Left Wing Back,England,21.0,,63,65,38,48,34,92,26,59,0,46,0,83,77,0,84,75,0,82,83,46,60,52,17,48,62,32,86,77,0,52,65,34,36,84,89,25,17,80,80,36,58,96,45,34,93,45,36,93,46,84,59,49,5,30,25,88,45,99,48,36,48,29,14,100,100,100,65,28,81,87,33,86,88,43,23,32,27,85,73,72,62,74,99,38,88,88,85,44,19,43,0,32,83,70,51,84,20,28,77,24,38,83,73,20,96,13,79,87
Michael Smith,Weston-super-Mare AFC,2342,Right Back,Right Wing Back,Northern Ireland,37.0,180.0,0,0,21,55,14,0,0,65,0,0,95,77,78,97,82,87,0,0,0,74,52,45,92,32,36,31,71,9,0,71,74,29,28,73,72,13,12,62,55,22,62,75,39,30,83,35,27,91,90,78,65,31,100,15,14,53,24,85,19,17,18,23,18,64,100,100,59,25,71,60,20,78,84,31,17,26,51,82,43,38,38,75,35,77,78,89,50,55,35,53,47,21,80,60,58,85,10,46,66,24,65,75,89,12,16,94,64,87
Mickey Parcell,Enfield Town FC,720,Right Defensive Midfielder,Centre Defensive Midfielder,England,30.0,,68,70,68,98,32,96,99,47,0,70,77,52,46,80,47,41,0,82,78,72,60,37,84,42,33,54,13,19,0,68,49,65,42,75,57,56,57,91,80,38,95,92,82,74,57,44,38,85,16,28,68,60,100,56,19,88,69,99,40,41,37,66,53,61,100,1,30,1,33,73,2,76,65,56,2,29,54,40,28,42,10,43,55,26,42,29,75,69,53,44,0,12,55,48,84,91,5,42,79,31,19,75,80,5,0,67,49,5
Mike Calveley,Chorley,2650,Left Defensive Midfielder,Right Defensive Midfielder,England,26.0,178.0,70,72,61,66,52,81,72,34,0,70,58,62,54,62,67,57,0,65,62,66,58,50,73,17,18,19,75,49,0,55,59,39,30,60,63,47,44,75,86,55,97,92,64,46,83,54,37,50,59,67,61,81,23,45,35,95,63,99,56,48,57,64,60,28,100,100,22,20,20,31,21,59,22,87,42,79,57,16,51,46,4,39,46,28,37,41,0,89,74,68,71,41,46,86,90,71,26,48,27,85,53,39,47,56,35,54,41,39
Milan Lalkovič,Chorley,1315,Left Midfielder,Right Midfielder,Slovakia,33.0,174.0,70,0,47,14,67,0,78,29,99,31,80,93,84,83,93,82,0,86,85,54,71,73,9,56,64,48,70,64,94,14,39,19,22,40,44,35,23,0,58,69,99,96,31,22,92,22,19,71,78,87,30,55,100,39,35,85,62,99,70,54,71,68,72,100,100,3,47,13,21,66,10,49,23,89,14,38,90,49,74,65,47,43,95,85,91,96,76,84,70,78,0,24,93,51,93,52,24,78,42,34,81,25,47,31,12,80,19,24
Miles Welch-Hayes,Maidenhead United,1247,Right Centre Back,Left Back,England,29.0,180.0,54,55,24,91,11,99,94,71,0,52,0,17,22,0,18,22,0,0,0,37,14,11,75,25,22,33,29,15,0,54,75,26,29,76,80,30,34,83,80,29,59,91,59,37,90,61,41,87,87,77,64,63,100,31,39,92,49,99,29,31,35,41,35,100,100,100,65,15,51,9,4,79,80,28,5,10,38,86,26,18,54,73,56,61,61,63,68,0,20,30,0,28,59,21,0,92,6,29,81,20,30,80,87,9,4,86,68,73
Miro Pais,Leamington FC,1672,Centre Attacking Midfielder,Centre Forward,Portugal,24.0,180.0,48,49,45,28,53,44,31,27,0,44,53,30,51,56,31,52,0,65,67,47,34,50,71,52,47,60,29,96,91,4,15,22,10,46,37,74,62,39,54,72,66,37,51,31,92,21,14,12,59,81,8,82,100,73,39,86,77,99,70,73,68,73,54,21,100,100,7,3,7,13,9,37,12,95,5,40,75,17,15,16,12,17,76,30,20,22,0,44,74,66,53,3,45,21,72,63,21,68,27,72,66,25,16,73,89,25,29,25
Mitch Beardmore,Bath City,958,Left Midfielder,Left Centre Midfielder,England,21.0,167.0,60,62,57,40,60,55,38,35,0,60,0,63,83,0,51,74,0,89,88,43,57,67,18,62,70,52,71,97,0,14,40,47,42,63,53,74,61,46,93,52,99,93,60,49,75,48,40,87,49,60,28,62,100,80,61,98,83,99,50,64,54,76,47,72,100,100,31,11,28,87,8,63,40,62,9,28,87,40,56,47,26,36,52,71,80,70,86,95,61,61,68,50,80,93,81,67,15,73,50,28,81,55,58,17,96,44,44,77
Mitchell Hancox,Spennymoor Town,949,Left Defensive Midfielder,Right Defensive Midfielder,England,32.0,178.0,60,62,23,5,47,74,71,39,0,27,68,72,71,72,78,80,0,0,0,64,49,54,82,27,40,0,100,53,0,56,79,52,37,67,62,96,96,82,98,45,96,96,98,87,89,86,64,24,13,39,73,75,6,95,68,99,99,99,42,69,44,90,23,18,100,100,46,31,37,76,34,67,39,73,41,60,39,47,50,46,19,70,8,36,51,53,61,60,17,22,0,61,35,27,48,64,19,69,75,33,29,40,29,34,53,20,36,27
Mitchell Roberts,Hereford FC,466,Left Centre Back,,England,25.0,184.0,0,0,9,1,12,0,0,100,0,0,0,13,20,0,14,21,0,0,0,0,7,12,47,15,20,0,100,6,0,64,100,35,31,91,91,9,11,71,64,15,16,41,19,22,92,10,15,87,100,90,7,14,100,10,14,79,19,97,15,10,11,18,14,1,100,100,47,57,42,89,12,90,62,16,42,31,23,60,48,33,37,89,96,30,35,39,0,0,0,9,0,12,49,61,0,86,18,25,86,15,24,79,89,11,28,92,68,89
Mitchell Weiss,Chesham United FC,1968,Left Centre Forward,Left Attacking Midfielder,England,32.0,181.0,89,91,84,84,74,90,84,21,0,91,0,75,80,0,80,88,0,0,0,80,82,76,46,55,53,60,34,31,0,12,26,25,26,52,56,82,47,65,91,90,92,52,38,27,66,42,30,61,16,69,42,98,100,88,88,99,98,100,90,97,90,99,86,56,100,100,34,8,15,66,54,49,12,97,13,47,86,19,83,86,15,29,57,68,67,79,0,99,94,95,68,100,48,41,97,59,23,71,37,64,61,8,18,93,87,78,11,27
Mohammad Dabre,Salisbury,1140,Right Centre Midfielder,Right Midfielder,Italy,23.0,168.0,0,0,65,58,62,0,55,31,0,57,62,43,41,66,46,45,0,0,0,38,55,52,16,58,67,47,73,91,0,18,27,22,27,31,39,98,85,0,99,67,98,90,95,66,57,96,78,13,60,13,7,37,100,98,99,99,99,100,63,93,67,99,47,6,2,100,37,64,24,79,95,26,14,88,66,54,69,52,51,49,56,33,85,75,36,40,0,55,65,59,63,50,45,19,69,31,49,77,16,88,64,25,31,97,59,53,40,31
Mohammed Sagaf,Eastbourne Borough,1097,Left Defensive Midfielder,Right Defensive Midfielder,Tanzania,28.0,177.0,57,58,47,24,58,52,31,35,0,56,0,51,64,0,52,59,0,73,81,39,46,57,33,45,46,48,47,54,0,40,53,55,66,56,60,32,24,80,61,49,95,93,46,47,93,66,65,65,70,84,38,53,8,33,49,77,61,99,42,37,46,40,21,47,100,100,32,44,35,58,56,56,29,84,56,65,55,49,7,10,22,48,42,61,42,41,59,56,43,39,64,57,33,41,64,66,21,64,33,82,50,53,61,64,67,56,58,67
Momodou Touray,Southport,1174,Left Centre Midfielder,Centre Attacking Midfielder,Wales,26.0,180.0,55,57,69,55,67,43,42,24,0,44,61,35,55,65,38,62,0,0,0,58,55,61,59,63,65,61,52,90,0,37,34,15,19,36,45,55,36,0,76,74,44,27,24,17,48,43,27,22,32,70,6,29,100,58,82,97,81,99,73,67,72,81,61,100,100,100,24,63,28,36,78,33,20,93,76,71,71,45,18,29,34,49,67,73,49,56,0,66,53,51,0,100,32,93,90,40,39,76,30,76,58,19,19,84,77,47,23,23
Montel Agyemang,Horsham FC,478,Right Defensive Midfielder,Centre Defensive Midfielder,England,29.0,175.0,0,0,33,32,36,0,0,60,0,0,0,0,0,0,0,0,0,0,0,0,15,17,32,0,0,0,0,32,0,56,58,59,50,72,73,38,43,82,92,46,75,77,51,52,98,61,52,91,97,90,43,37,100,43,54,98,60,90,48,33,30,39,21,40,100,100,27,17,33,61,21,66,46,20,10,20,28,11,64,51,6,40,40,19,0,0,0,0,33,19,0,0,0,0,0,75,12,67,81,19,33,71,48,28,68,6,67,53
Morgan Charles Williams,King's Lynn Town FC,2383,Left Defensive Midfielder,Left Centre Midfielder,Wales,21.0,183.0,65,67,65,57,61,62,73,45,0,67,92,87,87,94,85,82,0,88,88,82,72,71,86,29,33,28,75,68,0,26,54,43,56,44,51,64,54,54,94,60,94,84,74,55,86,83,70,58,36,64,58,53,21,64,81,99,91,99,61,63,64,83,43,65,100,100,81,56,52,49,56,38,52,53,54,46,67,95,69,73,75,64,88,96,89,90,85,71,59,65,62,52,75,81,62,43,60,56,45,68,48,46,43,71,50,33,53,41
Morgan James Lewis,Merthyr Town FC,632,Left Back,Right Back,Wales,21.0,178.0,71,73,35,16,51,84,97,48,0,48,0,49,61,0,53,68,0,0,0,56,39,52,77,46,37,58,13,4,0,58,50,57,69,45,51,16,12,34,47,16,31,61,17,31,10,19,41,87,6,45,1,8,100,21,36,76,14,77,7,13,9,14,10,100,100,100,59,47,69,77,40,47,76,17,50,52,29,36,74,66,45,54,82,41,76,78,77,0,25,41,0,14,80,72,60,66,15,74,50,18,92,69,76,27,1,65,66,35
Munashe Sundire,Torquay United,560,Left Defensive Midfielder,Right Defensive Midfielder,Zimbabwe,29.0,184.0,0,0,20,12,31,0,0,60,0,0,0,28,37,0,30,40,0,0,0,0,18,32,28,45,51,41,68,44,0,54,46,29,43,73,83,43,52,91,52,47,99,99,82,53,70,93,76,56,16,38,79,80,100,40,71,47,65,98,54,46,58,51,34,3,100,100,84,14,74,27,68,72,71,64,13,33,48,95,22,18,51,58,24,85,65,68,69,0,9,20,0,28,62,48,0,82,14,45,58,46,49,64,8,85,58,0,73,8
Mustapha Carayol,Peterborough Sports FC,1051,Left Wing Back,Left Centre Midfielder,Gambia,37.0,177.0,58,60,60,10,90,36,27,20,0,78,65,70,75,68,71,79,0,80,73,61,61,87,45,73,81,60,72,52,0,5,40,8,8,60,61,45,33,27,68,52,69,48,89,47,90,89,52,41,24,58,48,62,100,37,44,86,53,92,52,46,60,53,56,45,100,100,48,4,39,66,4,66,63,91,20,85,85,81,73,77,66,40,99,72,90,95,79,94,71,78,0,7,99,71,92,55,19,81,49,43,65,62,44,16,74,11,51,51
Mustapha Olagunju,Ebbsfleet United,2901,Centre Back,Right Centre Back,England,24.0,186.0,40,41,24,59,15,74,14,79,0,28,0,29,26,0,31,27,0,0,0,25,20,16,43,26,35,18,89,14,0,68,72,47,57,86,94,21,25,97,81,19,27,99,62,50,86,80,68,85,52,70,85,81,100,21,37,80,14,82,17,16,13,17,16,88,100,100,84,79,65,53,68,86,57,47,61,29,19,48,60,45,70,73,92,26,20,22,0,55,40,30,44,100,0,0,62,71,63,16,79,24,29,68,71,67,32,50,73,68
Myles Weston,AFC Hornchurch,1580,Right Wing,Right Wing Back,Antigua and Barbuda,38.0,180.0,49,50,61,32,70,37,81,26,0,61,74,91,84,77,94,90,0,66,68,61,74,75,11,70,67,73,33,28,0,19,36,26,24,43,45,22,16,29,24,65,90,74,20,19,22,19,18,83,38,58,64,62,100,27,23,46,69,98,69,44,67,75,71,100,100,100,48,7,27,79,4,52,44,91,16,63,90,39,84,87,42,38,91,87,80,89,64,88,75,78,0,6,94,51,92,53,22,79,44,19,93,47,45,11,34,35,30,37
Nathan Cooper,AFC Hornchurch,1455,Right Centre Back,Centre Back,England,32.0,187.0,50,52,58,77,43,60,41,62,0,60,56,35,19,59,37,20,0,0,0,51,46,29,63,8,10,0,100,18,0,90,82,51,57,96,96,21,21,93,87,12,25,99,27,34,50,31,40,65,70,68,96,97,12,23,29,89,37,95,13,15,11,21,6,61,100,100,39,19,50,29,31,96,53,69,9,16,16,7,49,40,8,81,43,11,11,13,0,68,60,48,57,100,0,0,62,90,14,17,70,49,22,79,77,36,45,39,78,79
Nathan Minhas,Chesham United FC,1089,Centre Forward,Left Centre Forward,England,28.0,175.0,84,77,80,63,82,55,47,3,99,87,0,46,48,0,50,53,0,0,0,60,70,71,16,51,24,76,1,45,0,22,22,8,8,26,29,43,18,0,23,96,41,10,8,7,39,10,8,54,32,91,20,48,100,53,51,67,85,99,96,88,96,93,88,76,100,100,3,22,3,18,44,16,1,93,23,41,85,7,27,41,4,20,38,31,37,41,0,78,89,86,0,100,0,0,77,24,15,98,12,30,98,2,16,98,84,90,5,23
Nathan Newall,Alfreton Town,2869,Left Back,Left Centre Back,England,24.0,182.0,0,0,14,11,17,0,0,57,0,0,56,29,26,47,24,25,90,77,61,34,15,17,70,27,29,28,68,25,0,65,75,63,39,77,62,40,37,62,83,22,50,87,63,61,92,35,32,78,88,77,78,37,12,41,13,94,29,93,14,24,17,28,26,49,100,100,28,2,67,78,7,79,88,36,9,66,27,66,3,4,11,68,65,27,53,41,77,0,10,12,0,35,55,29,0,93,4,33,83,19,28,91,80,8,30,3,87,79
Nathan Odokonyero,Salisbury,631,Left Centre Forward,Left Wing,Uganda,23.0,186.0,71,73,85,71,85,48,78,4,0,88,0,37,52,0,40,57,0,0,0,56,74,75,7,68,69,67,47,22,0,2,17,14,20,14,14,66,35,0,55,93,32,14,10,10,17,11,12,74,16,78,2,21,100,77,86,91,96,99,89,93,90,98,85,100,100,100,4,54,0,70,5,1,2,96,49,42,89,11,12,36,17,18,54,47,72,84,0,93,80,82,0,65,59,93,81,7,65,89,11,90,69,7,1,98,60,27,12,1
Nathan Odokonyero,Worthing FC,696,Centre Forward,Right Centre Forward,Uganda,23.0,186.0,85,87,96,94,89,69,94,3,0,94,78,86,56,81,90,62,0,0,0,86,97,80,4,73,75,70,52,66,0,2,10,13,19,29,41,96,74,0,93,97,42,4,19,14,97,39,25,45,70,92,1,14,100,98,99,99,99,100,95,99,94,99,95,100,100,100,4,65,0,34,5,9,1,94,96,97,94,6,78,85,18,7,50,45,43,49,0,83,94,93,0,41,41,93,96,3,51,96,9,77,84,1,6,87,92,83,1,14
Nathan Paul-Lavely,Hampton & Richmond,1258,Right Wing Back,Left Wing Back,England,20.0,,54,55,41,30,48,60,67,31,0,49,60,22,26,63,21,22,0,69,71,56,26,35,85,75,83,63,71,77,0,11,30,36,27,62,44,85,68,43,87,44,78,75,91,67,76,51,35,14,71,36,38,50,100,80,42,94,77,96,38,55,42,72,51,34,100,100,12,1,39,74,13,64,52,43,3,44,68,54,13,13,18,17,99,32,67,53,82,73,42,42,0,34,71,41,66,88,6,49,35,42,80,78,79,10,45,53,65,82
Nathan Woodthorpe,Chester,2283,Left Back,Left Centre Back,England,24.0,188.0,43,44,59,89,35,50,44,51,0,44,0,50,71,0,52,74,0,70,72,27,53,49,10,30,32,31,61,36,0,44,71,54,61,77,79,31,28,55,87,29,82,96,57,51,94,58,57,68,93,82,75,69,20,31,33,93,46,96,29,31,35,44,49,63,100,6,67,12,73,79,13,80,89,40,12,34,46,95,49,54,44,74,76,74,77,72,83,61,46,51,76,12,90,36,63,89,7,39,78,11,73,81,81,10,5,50,70,61
Naz Bakrin,Tonbridge Angels FC,2096,Right Centre Back,Left Defensive Midfielder,England,23.0,184.0,44,45,58,76,43,47,53,63,0,53,0,15,21,0,16,22,0,0,0,28,37,30,27,23,25,25,68,50,0,65,75,58,51,86,84,63,66,93,97,23,25,84,95,84,98,83,68,68,70,80,75,85,100,57,39,99,68,99,18,28,19,32,9,86,100,100,40,54,35,10,53,84,31,41,7,2,17,24,29,27,22,75,13,18,21,23,0,0,48,38,0,41,26,61,28,84,31,14,89,11,20,60,68,76,30,61,68,64
Niall McManus,Dorking Wanderers FC,549,Right Centre Midfielder,Centre Defensive Midfielder,England,31.0,180.0,0,0,26,12,41,0,0,53,0,0,0,55,58,0,60,66,0,0,0,0,39,46,12,34,18,53,2,45,0,28,46,16,19,29,39,43,30,44,78,65,99,93,58,31,34,79,48,84,70,27,45,38,100,46,69,87,89,99,61,55,66,82,46,100,100,100,41,52,28,72,83,22,20,60,65,68,62,81,63,50,41,48,81,76,72,84,0,56,23,43,0,34,75,93,77,67,17,70,44,68,49,25,41,97,96,72,40,62
Nick Wheeler,Worthing FC,801,Left Wing Back,Left Midfielder,England,35.0,171.0,65,67,68,30,83,43,12,22,0,27,73,87,75,77,91,84,0,0,0,69,75,81,26,50,38,64,10,28,0,16,50,21,33,44,59,27,32,32,79,47,76,58,28,21,28,53,39,71,5,50,55,39,100,31,68,92,26,95,38,33,40,26,24,65,100,100,59,33,36,68,10,49,51,64,71,91,69,66,94,93,70,47,66,88,81,90,64,87,70,74,74,2,99,76,80,43,10,96,34,28,92,54,50,9,28,32,34,39
Nino Adom-Malaki,Enfield Town FC,2847,Left Wing Back,Left Back,England,22.0,176.0,0,0,40,9,64,0,26,31,0,26,57,79,80,47,57,49,90,95,94,34,58,68,10,76,82,67,63,24,0,21,41,54,36,71,59,21,16,61,50,27,63,83,36,41,66,23,25,91,33,70,50,38,12,25,13,58,24,47,26,28,33,27,35,81,100,100,26,2,72,81,11,74,89,46,9,76,67,75,49,40,29,37,95,39,98,83,99,40,37,50,78,20,98,61,43,82,16,39,62,28,65,89,73,11,58,2,85,77
Noah Coppin,Salisbury,2578,Right Centre Forward,Centre Forward,England,24.0,,91,82,87,81,80,66,67,5,38,84,46,60,64,48,65,69,0,64,62,71,81,75,16,40,41,43,47,56,97,28,28,16,21,39,38,77,52,70,90,92,52,16,16,14,13,18,17,59,11,54,15,63,100,85,91,99,99,100,92,96,89,99,78,26,100,100,7,1,11,51,9,32,16,89,4,63,85,21,26,55,6,19,71,32,63,72,49,76,84,84,60,43,67,48,78,60,27,64,44,58,58,24,28,49,68,51,22,31
Noah McCann,Tonbridge Angels FC,1200,Left Back,Left Centre Back,Scotland,20.0,,73,75,51,94,23,99,97,100,0,64,0,24,31,0,19,23,0,78,80,57,35,24,83,0,0,0,0,7,0,81,82,65,47,95,81,42,37,83,84,13,75,99,80,72,92,47,43,47,81,71,84,91,2,37,16,85,39,97,7,25,19,32,24,100,100,100,30,1,57,79,3,96,85,53,2,41,31,62,46,38,5,81,83,25,80,44,93,35,24,25,0,67,52,75,26,95,3,20,83,15,37,89,87,10,3,40,84,69
Noah Smerdon,Merthyr Town FC,2393,Left Back,Left Wing Back,England,25.0,179.0,73,75,68,95,40,94,65,61,0,69,61,47,40,49,48,41,91,72,63,69,58,38,80,26,25,30,47,30,0,51,61,32,47,73,80,27,17,64,78,27,33,72,65,44,93,82,65,91,48,79,63,67,21,29,49,85,46,99,21,27,27,33,21,51,100,100,72,54,42,84,15,73,56,60,41,31,26,48,73,73,64,68,22,41,44,41,64,65,60,55,62,46,52,70,53,78,14,55,75,13,73,41,54,28,52,65,34,54
Noah Wadsworth,Scarborough Athletic,730,Right Back,Left Back,England,21.0,,0,0,13,43,10,0,100,73,0,21,76,40,45,80,43,50,0,0,0,51,21,24,84,11,0,25,0,0,0,62,72,28,34,90,94,72,48,85,95,25,79,98,95,70,65,96,79,80,48,18,71,66,100,69,80,99,89,99,24,42,31,76,35,61,100,100,64,4,55,73,3,91,85,29,20,84,35,57,7,7,16,63,1,39,61,38,84,48,14,14,0,34,55,41,37,94,4,26,69,19,67,75,79,13,12,63,65,69
O.Babajide,Tonbridge Angels FC,1959,Right Wing,Left Wing,England,22.0,187.0,86,88,82,59,86,74,80,8,0,85,80,83,72,84,88,81,0,0,0,88,83,83,85,76,69,82,20,62,90,1,8,33,24,34,23,85,67,20,89,82,81,46,74,50,78,53,34,52,32,54,20,67,100,87,64,99,98,99,82,91,80,99,81,30,100,100,15,12,10,69,33,18,12,90,27,71,76,29,76,83,23,14,96,45,61,72,0,81,85,85,50,46,70,86,92,51,35,68,31,73,60,16,8,85,91,31,20,17
O.Dore,Salisbury,355,Left Centre Back,Left Wing Back,England,21.0,,0,0,19,37,16,0,0,100,0,0,0,39,55,0,19,25,0,88,91,0,24,33,22,18,0,36,0,19,0,79,84,13,21,91,99,24,23,0,73,31,24,55,28,18,30,60,36,47,46,52,43,75,100,24,64,77,47,85,34,28,33,28,11,1,100,100,69,69,93,99,64,92,91,17,25,8,28,69,81,65,63,81,7,44,83,66,90,69,27,36,0,57,76,100,56,58,57,37,44,59,56,90,90,35,39,72,90,91
O.Knight,Enfield Town FC,983,Left Centre Midfielder,Left Midfielder,England,29.0,,0,0,46,15,65,0,27,24,0,49,0,86,84,0,89,83,0,78,85,0,64,71,2,22,19,30,29,31,0,65,44,25,16,41,28,43,36,40,75,68,94,80,24,21,34,13,12,88,0,62,10,46,100,52,22,93,96,99,67,63,72,96,67,42,100,100,27,4,34,78,18,29,49,69,7,44,75,39,69,66,14,47,43,59,79,86,71,81,68,70,0,3,93,82,80,61,32,57,31,72,61,56,23,30,15,4,51,8
O.Pendley,AFC Telford United,615,Right Centre Back,,England,30.0,190.0,72,74,68,91,45,92,26,100,0,67,0,26,17,0,28,17,0,0,0,57,52,29,63,0,0,0,0,10,0,100,89,33,43,85,84,14,8,94,70,10,9,42,56,39,96,48,41,63,70,86,42,67,100,12,11,85,31,99,7,10,9,18,6,4,100,100,27,25,67,6,22,92,72,62,10,13,8,29,26,35,12,88,73,14,39,43,0,53,61,55,83,100,0,0,41,87,25,13,92,8,0,92,92,6,0,96,90,89
O.Thornley,Radcliffe,2020,Left Centre Back,Right Centre Back,England,27.0,,59,60,68,92,44,74,71,51,0,62,0,21,30,0,22,32,0,0,0,41,50,35,29,18,22,16,88,78,0,60,74,53,45,89,86,41,55,81,87,21,59,95,91,75,83,82,64,71,33,43,84,77,7,35,28,91,36,97,13,21,14,26,15,43,100,100,29,5,60,52,17,91,72,58,7,36,33,70,48,46,9,67,88,33,52,44,73,50,49,45,0,50,52,42,52,95,3,24,54,60,42,88,88,12,12,65,82,85
Odei Martin,Worthing FC,1501,Right Defensive Midfielder,Left Defensive Midfielder,Spain,29.0,175.0,0,0,18,35,15,0,38,69,0,19,0,33,40,0,35,44,0,0,0,0,20,25,26,32,40,24,86,69,0,33,74,49,70,67,80,61,62,76,96,47,94,98,75,59,57,95,88,59,43,34,57,49,13,61,92,99,96,100,48,49,48,68,16,27,100,100,92,89,54,51,92,65,36,52,93,69,32,95,98,95,83,78,74,84,54,63,0,59,27,35,0,71,29,61,61,49,58,50,65,51,32,32,35,83,60,45,41,36
Odin Samuels-Smith,Marine,1117,Left Back,Left Wing Back,England,19.0,185.0,0,0,11,2,20,0,38,48,0,44,63,35,23,66,38,24,0,0,0,39,17,17,75,21,18,28,29,18,0,72,75,73,57,80,71,47,45,68,87,24,61,98,91,86,92,58,54,77,60,61,55,64,100,44,25,95,53,94,19,27,20,27,8,6,100,100,24,2,33,56,4,80,56,66,42,99,33,65,21,14,3,63,85,20,36,34,59,0,9,10,0,100,0,0,0,94,3,30,87,10,37,71,51,12,10,8,58,25
Offrande Zanzala,Chester,630,Centre Forward,Left Centre Forward,Congo DR,29.0,185.0,94,96,99,99,79,94,72,10,0,97,96,96,69,97,98,77,0,0,0,98,99,76,36,64,69,59,59,81,0,3,10,14,17,31,39,50,16,65,9,97,58,10,10,10,17,12,12,8,0,77,19,62,100,51,42,42,56,90,98,90,99,76,97,54,100,100,8,17,2,68,17,28,0,98,45,85,92,7,88,95,16,7,82,34,29,32,0,86,92,89,0,12,43,27,95,2,31,99,0,53,98,1,0,53,90,50,0,1
Offrande Zanzala,Marine,664,Centre Forward,Left Centre Forward,Congo DR,29.0,185.0,93,95,94,95,80,92,94,4,0,96,0,66,58,0,72,65,0,0,0,87,91,73,36,44,35,57,13,82,0,16,2,0,0,30,23,81,29,0,38,98,13,0,8,7,17,8,7,2,0,87,42,96,100,83,49,79,66,95,96,98,98,75,79,100,100,100,2,1,0,74,44,15,0,99,3,49,93,5,41,79,1,7,59,23,28,31,0,51,91,88,0,100,0,0,86,59,14,84,36,44,78,0,15,87,42,93,0,11
Ola Ogunwamide,Horsham FC,534,Right Wing,Right Midfielder,England,26.0,182.0,0,0,59,66,50,0,78,30,0,65,0,46,60,0,50,67,0,0,0,0,52,51,6,83,76,88,19,37,0,17,8,0,0,41,51,50,58,47,57,77,77,33,12,8,6,10,8,74,0,46,25,57,100,60,57,71,73,85,76,64,68,70,55,100,100,100,9,5,14,77,44,29,15,91,46,98,96,26,65,47,19,10,93,47,0,0,0,90,69,58,0,0,46,15,86,34,9,98,40,8,99,13,10,83,46,44,16,8
Olaf Koszela,Chippenham Town,1266,Right Centre Forward,Centre Forward,England,24.0,176.0,80,82,81,71,77,71,67,13,0,73,0,56,73,0,61,81,0,0,0,67,73,75,26,33,21,49,5,22,0,11,29,11,10,31,26,61,25,36,57,90,62,35,19,14,25,28,17,27,0,62,13,44,100,65,86,91,93,99,89,86,88,96,80,79,100,100,19,45,8,8,3,22,15,90,58,66,93,13,51,66,22,28,84,67,33,37,0,93,85,80,0,50,51,41,92,7,20,99,3,23,99,23,26,45,59,50,20,26
Oli Davis,Enfield Town FC,560,Left Centre Forward,Left Attacking Midfielder,England,20.0,,96,97,96,64,99,71,78,3,0,93,0,29,57,0,30,64,0,0,0,92,90,97,83,84,79,87,29,52,0,3,8,15,18,22,12,71,46,38,79,80,73,30,26,18,97,15,14,46,92,91,1,12,100,77,58,99,95,100,79,84,79,96,68,48,100,100,8,49,10,33,83,15,4,75,58,61,82,40,76,83,25,12,96,46,20,22,0,77,87,82,0,0,45,27,91,11,38,95,23,54,84,10,19,82,52,73,12,17
Oli Davis,Hemel Hempstead Town,628,Left Wing,Left Midfielder,England,20.0,,0,0,87,32,99,0,75,1,0,94,0,76,52,0,82,58,0,0,0,0,85,97,0,74,55,87,6,54,99,1,21,0,0,37,34,72,47,62,88,77,91,58,68,29,99,72,33,46,92,92,8,21,100,72,73,98,89,99,78,80,78,92,73,100,100,100,14,7,25,48,36,37,24,78,15,59,95,48,46,67,27,18,97,63,77,84,68,73,95,96,0,14,87,58,60,61,37,51,61,25,71,37,59,19,11,80,27,36
Oliver Bainbridge,South Shields,1815,Left Back,Left Wing Back,England,20.0,190.0,72,75,54,82,35,96,97,62,0,70,51,62,41,54,67,45,0,0,0,65,55,36,77,21,20,27,44,34,0,72,75,50,68,79,91,21,16,65,88,33,40,81,62,52,97,88,80,91,89,86,69,59,5,22,59,93,43,99,32,27,32,35,28,26,100,100,80,79,48,76,72,81,32,55,82,59,35,83,82,73,74,79,47,75,66,78,0,68,63,65,51,23,75,61,65,52,25,77,71,20,62,32,69,66,66,93,35,76
Oliver Bray,Salisbury,726,Right Centre Forward,Left Centre Forward,England,22.0,190.0,0,0,94,71,97,0,87,4,0,88,77,98,75,80,99,83,0,0,0,51,98,95,0,50,57,45,68,8,0,10,31,28,30,41,52,38,15,76,58,95,90,30,7,10,4,8,12,34,0,54,59,93,100,47,64,79,72,99,97,84,96,87,95,100,100,100,22,1,4,60,23,31,4,97,7,77,98,32,88,95,12,25,97,53,71,83,0,90,93,94,0,66,76,41,84,48,41,66,18,57,86,3,8,62,37,77,2,5
Oliver Cawthorne,AFC Telford United,2588,Left Centre Back,Centre Back,Venezuela,24.0,194.0,41,42,56,90,31,50,27,85,0,34,46,16,13,48,17,13,0,0,0,36,35,18,45,15,19,15,88,20,0,80,83,85,92,97,98,21,24,95,86,12,26,99,56,76,95,64,86,48,52,85,92,97,22,18,22,82,29,98,12,15,13,14,4,45,6,100,84,70,66,59,57,96,64,34,24,7,8,8,68,55,55,88,32,10,12,13,0,34,48,35,0,100,0,0,46,66,77,13,73,40,26,69,63,60,74,26,73,72
Oliver Dyson,Spennymoor Town,2694,Right Back,Right Defensive Midfielder,England,26.0,178.0,0,0,29,22,36,0,9,49,0,16,70,64,73,61,66,76,90,76,75,45,46,50,44,48,58,40,75,63,0,45,66,50,49,71,71,68,70,35,93,36,83,94,96,82,76,88,72,45,71,26,75,61,23,60,46,95,59,98,30,37,28,35,15,70,100,7,62,20,76,35,28,76,84,60,26,50,42,79,47,40,50,69,64,67,61,59,72,50,45,46,59,20,76,45,49,85,9,51,72,22,55,77,73,10,26,30,65,68
Oliver Greaves,Buxton,1056,Centre Attacking Midfielder,Left Attacking Midfielder,England,26.0,,75,77,72,74,62,78,96,26,0,71,98,98,84,98,99,92,0,0,0,93,89,69,90,53,42,65,13,33,0,23,35,23,36,30,41,56,62,36,87,86,81,45,10,13,73,15,20,83,0,91,38,49,100,68,87,99,78,99,85,84,84,76,58,45,100,100,31,23,23,29,62,20,20,77,36,64,79,47,63,81,21,29,57,69,76,86,60,86,82,85,94,50,64,33,92,49,11,94,29,50,80,25,17,95,87,28,38,26
Oliver Hobden,Farnborough,666,Right Back,Right Wing Back,England,21.0,185.0,0,0,35,39,35,0,38,44,0,21,0,28,33,0,20,26,0,80,79,0,26,31,21,39,26,57,5,43,0,72,44,43,40,73,64,68,42,51,88,33,42,59,95,77,78,82,62,34,42,31,87,85,2,59,40,97,78,99,32,41,35,55,24,21,1,100,21,2,23,29,2,66,51,56,2,16,53,53,5,5,10,40,78,27,28,20,67,51,38,27,0,0,69,19,58,89,7,40,68,19,69,68,20,12,42,1,55,15
Oliver Robinson,Farnborough,2628,Centre Back,Left Centre Back,England,31.0,,62,64,42,76,26,96,94,100,0,65,59,45,31,48,28,13,90,88,85,61,41,26,84,0,0,0,0,16,0,75,87,50,45,98,96,37,46,93,92,15,25,97,73,58,81,57,47,60,70,58,92,97,22,35,26,92,48,99,10,16,9,23,5,69,100,100,23,2,61,35,9,97,85,53,17,93,23,27,22,19,2,72,28,10,65,23,90,51,48,37,0,7,77,27,50,93,6,15,78,21,42,89,66,13,56,1,85,70
Ollie Dewsbury,Weston-super-Mare AFC,367,Right Wing,Right Midfielder,Wales,18.0,,0,0,88,77,86,0,55,5,0,78,0,0,0,0,0,0,0,0,0,0,73,62,0,61,68,53,68,58,0,15,20,12,21,32,39,53,21,0,12,91,45,19,61,31,88,84,54,24,32,73,12,74,100,49,55,34,58,84,90,78,88,68,79,100,100,100,18,13,16,70,44,13,19,95,15,40,95,18,60,72,23,27,77,64,26,28,0,97,91,87,0,0,54,14,89,12,55,89,16,47,92,7,1,76,99,30,7,11
Ollie Godziemski,Worthing FC,678,Left Centre Forward,Left Midfielder,England,20.0,191.0,69,71,82,72,79,50,66,14,0,68,79,44,40,82,48,44,0,0,0,74,72,66,65,53,35,71,5,77,98,5,20,9,11,18,29,27,21,46,47,78,37,13,16,11,95,28,17,69,0,92,31,69,100,32,71,91,58,99,79,60,84,62,67,100,100,100,17,32,13,58,71,15,8,98,41,58,96,25,98,96,31,18,99,71,36,40,0,95,94,92,0,28,85,76,97,5,38,97,1,54,98,10,11,93,98,55,15,31
Ollie Morgan,Salisbury,2398,Right Back,Left Back,England,19.0,,0,0,35,23,44,0,88,45,0,45,73,66,49,64,67,43,91,79,80,48,49,44,44,58,59,58,47,6,0,53,65,50,51,77,80,55,44,78,88,42,74,92,51,46,46,56,50,89,63,42,30,38,9,62,73,98,86,99,43,49,46,73,37,87,100,100,52,19,40,63,5,79,64,19,18,35,46,58,28,32,37,67,43,50,61,57,74,54,49,49,62,15,75,45,34,83,15,37,70,29,48,61,85,10,6,94,44,73
Ollie Tomlinson,Bath City,1807,Right Centre Back,Right Back,England,24.0,185.0,0,0,25,78,13,0,94,77,0,26,51,43,17,54,47,18,0,0,0,30,31,11,40,15,20,0,100,29,0,85,87,50,34,98,91,28,25,91,86,16,18,90,67,55,98,45,35,71,97,88,87,95,100,27,16,88,25,95,15,19,14,22,16,70,100,100,19,3,24,21,1,97,56,61,4,29,22,17,13,10,1,83,66,10,19,21,0,42,42,31,52,100,0,0,42,95,3,23,92,7,0,83,60,7,8,3,67,33
Oluwalopemiwa Aderoju,Eastbourne Borough,2221,Centre Forward,Left Centre Forward,England,22.0,,97,97,97,95,89,92,89,6,28,98,0,52,50,0,57,55,0,0,0,92,94,79,60,36,38,38,54,89,95,6,24,10,11,49,50,57,32,42,53,97,62,12,10,9,73,10,9,20,0,91,56,98,100,63,69,87,74,98,99,95,99,88,94,86,100,100,6,1,3,0,13,41,3,99,3,49,87,15,56,79,2,8,39,28,20,22,0,62,90,86,48,100,0,0,67,75,19,51,58,27,71,8,8,93,53,55,11,7
Oluwasegun Lawal,AFC Telford United,595,Left Wing,Centre Forward,Republic of Ireland,24.0,186.0,73,75,89,69,92,44,65,2,0,83,0,58,45,0,63,49,0,0,0,58,83,82,2,86,71,93,8,96,0,15,11,15,17,15,23,65,50,0,45,89,71,24,24,17,7,27,19,60,8,17,2,22,100,72,69,84,90,92,86,85,83,94,79,51,100,100,4,17,15,70,56,4,15,65,12,26,97,28,15,50,17,24,98,43,40,44,0,75,87,84,84,3,73,75,96,57,4,98,22,14,99,24,45,95,92,79,36,61
Oluwatimilehin Sobowale,Curzon Ashton FC,1898,Right Centre Back,Right Back,Republic of Ireland,24.0,185.0,0,0,17,44,12,0,0,81,0,0,0,21,26,0,22,27,0,0,0,0,13,14,36,15,20,0,100,43,0,91,100,37,30,82,79,33,35,88,85,15,25,92,52,39,81,44,32,71,53,71,57,67,100,35,25,92,25,77,13,23,16,18,7,40,100,100,43,26,56,30,15,83,74,27,15,21,23,36,24,18,24,100,82,20,14,16,0,28,20,13,51,12,27,27,21,87,10,37,85,9,55,87,83,10,46,31,78,86
Omar Rowe,Chesham United FC,304,Right Attacking Midfielder,Centre Forward,England,31.0,172.0,0,0,56,22,70,0,0,22,0,0,97,99,63,98,99,70,0,0,0,78,90,65,8,31,28,39,29,40,0,8,28,27,31,37,46,95,89,0,77,77,91,54,95,70,95,96,78,1,100,65,46,71,100,90,95,93,99,98,72,88,73,99,86,1,100,100,17,1,31,80,56,29,29,90,2,19,63,19,23,62,11,12,52,28,73,86,0,75,75,77,0,100,60,61,61,81,13,51,77,8,95,32,9,79,82,8,40,14
Omari Sterling-James,Hereford FC,1612,Left Wing,Left Midfielder,St. Kitts and Nevis,32.0,177.0,48,50,64,16,88,34,68,25,0,83,86,98,97,57,90,78,97,99,99,69,86,96,5,75,75,75,42,96,0,19,36,36,33,53,56,47,45,41,57,54,86,59,51,38,87,42,33,39,42,76,22,23,14,47,42,81,65,96,55,52,61,65,60,31,100,100,29,4,80,27,25,53,90,40,30,95,79,68,53,62,33,48,77,64,97,87,98,65,55,62,74,34,95,43,52,32,63,66,36,51,73,88,62,19,84,1,86,74
Owen Cochrane,Maidenhead United,1601,Right Wing Back,Left Back,England,21.0,,0,0,27,48,21,0,97,62,0,25,54,41,38,57,45,42,0,0,0,32,30,28,44,38,34,47,29,31,0,50,55,23,25,69,74,32,41,70,59,38,66,84,80,48,76,85,57,90,84,46,37,30,100,31,42,72,42,95,33,31,34,34,25,65,100,100,67,9,81,33,15,76,91,27,13,48,51,91,42,39,51,63,29,72,80,84,77,0,12,33,0,6,94,58,22,91,6,33,86,11,41,87,89,8,29,82,76,90
Owen Evans,Kidderminster Harriers,1524,Left Back,Left Defensive Midfielder,England,25.0,,49,51,54,48,52,48,78,38,0,70,55,78,86,0,47,66,93,96,93,49,62,64,17,40,40,44,44,61,0,58,60,60,73,64,69,33,21,47,85,53,85,87,25,38,68,34,54,68,55,79,19,27,100,37,50,96,60,99,57,48,64,67,73,44,100,100,42,8,72,86,14,68,88,18,30,86,56,88,32,30,33,67,89,57,93,58,97,58,48,48,0,57,78,24,61,86,16,27,79,16,49,85,84,12,17,45,78,80
Owen German,Alfreton Town,408,Centre Attacking Midfielder,Left Centre Midfielder,England,21.0,,0,0,70,62,66,0,94,37,0,87,0,18,35,0,14,23,0,74,83,0,52,53,6,16,22,0,100,51,0,81,53,12,8,49,45,94,91,0,93,64,80,46,53,27,49,41,20,22,10,43,24,51,100,96,45,99,62,99,60,74,49,53,41,32,100,100,8,44,35,68,80,45,26,87,60,71,52,15,14,12,4,44,18,27,62,59,73,0,45,47,0,41,52,100,0,64,32,52,60,65,28,54,61,96,99,56,70,87
Owen Jeys-Farmer,Leamington FC,1421,Centre Forward,Left Wing,England,21.0,,51,52,78,46,88,35,80,4,0,76,0,67,59,0,59,46,0,87,84,34,73,80,2,26,24,31,44,98,0,7,43,26,17,11,8,71,66,0,35,86,68,34,42,29,83,25,18,11,5,76,9,26,100,70,28,64,62,90,84,83,83,61,55,7,100,100,4,3,16,53,12,18,18,84,8,52,77,17,28,50,9,22,94,28,67,66,75,60,78,77,57,52,55,33,73,37,12,97,39,19,95,45,65,27,19,80,38,51
Owen Windsor,Bath City,927,Left Centre Forward,Right Centre Forward,England,24.0,178.0,96,97,94,98,72,97,94,13,0,93,0,24,32,0,26,34,0,0,0,92,85,57,92,38,34,46,29,44,0,15,32,18,16,34,21,79,59,32,85,87,72,25,10,11,17,10,11,22,10,80,20,49,100,85,70,99,91,99,85,91,82,93,74,39,100,100,9,6,14,91,29,35,13,95,6,26,95,6,35,58,12,19,69,44,52,60,0,41,79,77,0,16,59,41,76,19,23,97,1,56,98,25,46,66,52,79,27,45
O’Shea Ellis,Oxford City,507,Left Defensive Midfielder,Right Defensive Midfielder,England,19.0,,0,0,36,16,52,0,26,30,0,24,0,23,30,0,24,31,0,0,0,0,23,40,22,48,55,44,68,40,0,15,55,32,16,68,52,67,66,0,76,54,93,95,98,83,100,49,28,11,100,100,99,59,100,49,14,64,74,98,49,47,52,52,26,9,100,100,32,24,46,26,38,67,50,77,76,97,38,68,42,31,16,62,66,37,54,62,0,0,10,18,0,100,0,0,46,90,5,52,48,51,59,61,52,60,83,22,65,64
P.Ojemen,Slough Town FC,1095,Left Centre Back,Left Back,England,24.0,168.0,75,77,67,86,49,92,94,65,0,78,0,12,11,0,13,12,0,0,0,60,47,30,77,24,18,35,10,36,0,68,73,84,70,85,81,43,40,72,88,22,43,97,76,83,84,54,61,54,32,60,55,87,100,40,31,92,47,99,13,27,21,31,15,5,100,2,34,8,47,78,22,85,57,52,12,43,29,53,28,36,7,54,31,25,42,41,59,0,53,48,0,100,0,0,0,95,3,32,90,7,64,74,64,39,95,18,73,81
Patrick Casey,Dorking Wanderers FC,572,Right Centre Forward,Centre Forward,Republic of Ireland,20.0,188.0,99,99,99,90,99,97,87,1,0,99,84,50,46,87,54,51,0,0,0,99,98,96,99,44,59,28,88,43,0,13,21,10,13,28,38,96,73,58,97,96,80,25,9,8,5,11,10,30,0,62,29,63,100,98,99,99,99,100,95,99,95,99,84,49,100,100,10,24,9,73,62,14,8,91,9,13,83,24,68,91,14,35,18,55,31,34,0,55,96,95,0,100,0,0,90,15,86,65,3,78,91,9,17,81,76,72,10,21
Patrick Jones,Chester,2572,Right Wing,Right Midfielder,Wales,22.0,180.0,83,86,79,37,94,60,74,3,0,88,0,56,60,0,61,67,0,0,0,71,71,87,52,79,80,76,49,49,0,1,23,21,16,24,22,45,23,27,55,88,76,32,22,19,56,31,21,72,38,76,2,11,100,53,56,88,90,99,86,76,85,95,82,79,100,100,12,7,2,71,0,20,8,88,13,54,99,34,61,76,30,19,99,52,57,62,57,88,88,87,0,12,81,34,96,21,33,92,14,31,97,14,35,22,44,84,7,30
Patrick McLaughlin,Darlington,1490,Left Defensive Midfielder,Left Centre Midfielder,Northern Ireland,35.0,188.0,0,0,48,19,63,0,11,37,0,28,55,66,52,59,72,58,0,0,0,33,54,56,13,22,28,18,88,41,0,25,59,39,38,60,62,72,68,68,97,52,99,99,80,57,86,69,51,43,50,60,55,71,100,70,63,99,96,99,49,58,53,93,50,62,100,100,48,31,15,76,3,65,19,88,36,51,59,65,75,65,25,56,79,65,63,74,0,31,38,47,93,73,39,27,62,74,19,53,32,92,37,28,52,29,30,82,21,42
Paul Appiah,Chelmsford City,409,Right Back,Right Centre Back,England,23.0,191.0,0,0,0,0,0,0,0,100,0,0,0,0,0,0,0,0,0,0,0,0,0,0,58,69,52,82,8,7,0,70,43,30,31,90,86,77,78,49,95,30,10,90,97,78,90,95,76,72,32,44,67,86,100,73,70,99,85,99,23,39,26,67,30,32,100,100,33,19,40,56,13,92,47,61,2,2,25,39,1,1,18,41,66,14,39,0,83,0,0,0,0,100,0,0,0,92,4,35,92,6,46,73,90,27,0,96,70,54
Paul Blackett,South Shields,2164,Centre Forward,Right Centre Forward,England,28.0,183.0,99,98,99,96,99,78,87,1,37,99,91,93,79,93,96,87,0,0,0,98,99,98,4,43,49,39,70,50,98,44,39,9,11,16,27,53,36,31,72,99,36,5,12,9,48,19,14,56,32,86,16,15,100,62,94,96,96,99,98,94,99,98,84,25,100,100,10,27,10,9,31,6,12,67,51,79,76,23,76,99,15,40,73,37,51,59,0,95,98,98,86,65,59,61,93,14,43,92,12,74,82,24,33,75,67,59,28,35
Paul Dawson,Macclesfield Town,2131,Right Centre Back,Left Defensive Midfielder,England,27.0,,80,82,67,41,73,75,69,43,0,65,94,65,57,96,70,61,0,62,64,91,64,66,98,41,45,39,62,91,0,35,51,31,46,77,86,23,24,90,68,36,84,98,56,38,63,76,59,55,22,52,85,91,100,22,42,52,44,89,42,30,41,31,19,7,5,100,72,21,90,36,46,85,90,74,18,32,28,91,82,76,56,60,76,59,67,75,60,74,69,69,90,71,51,86,65,86,13,33,78,22,37,91,88,21,26,19,91,88
Paul Field,Hampton & Richmond,1555,Right Wing Back,Right Back,England,25.0,187.0,49,50,47,97,18,92,78,68,0,47,54,37,33,57,40,35,0,0,0,49,39,22,69,24,27,24,75,29,92,54,71,34,28,57,57,40,33,51,79,38,45,47,67,46,94,52,35,87,59,79,20,26,100,42,27,92,43,99,32,35,36,39,39,83,100,100,21,11,39,35,14,59,52,36,41,90,54,29,14,15,16,63,50,28,61,53,77,46,33,35,55,19,69,28,53,79,16,49,29,77,60,69,79,8,83,78,50,87
Paul Kalambayi,Dagenham & Redbridge,453,Left Centre Back,Right Centre Back,England,26.0,189.0,0,0,21,21,25,0,100,47,0,44,0,24,20,0,25,21,0,0,0,0,16,18,31,24,35,0,100,23,0,46,51,36,25,92,81,24,28,85,91,25,31,84,20,23,92,15,16,65,0,90,81,93,100,28,13,85,20,0,25,24,21,19,14,100,100,100,25,13,24,75,8,91,31,57,23,60,26,50,15,10,13,27,64,23,23,25,0,62,60,51,89,0,49,61,49,93,6,20,73,57,0,70,76,14,10,64,60,62
Paul Kalambayi,Kidderminster Harriers,1807,Left Centre Back,Centre Back,England,26.0,189.0,0,0,44,74,29,0,55,80,0,30,0,24,12,0,26,13,0,0,0,0,30,17,17,17,17,22,52,16,0,82,78,46,47,95,97,13,15,87,90,22,20,99,18,26,63,27,32,82,32,83,85,94,100,16,28,92,30,98,29,18,19,22,12,38,100,100,43,32,47,72,44,95,45,73,31,42,18,17,35,38,11,80,75,13,14,16,0,54,56,45,0,100,0,0,56,83,30,20,78,22,37,74,63,71,96,15,80,81
Paul McCallum,Dorking Wanderers FC,358,Left Centre Forward,,England,32.0,191.0,84,86,99,81,99,43,42,8,0,97,94,86,88,96,88,89,0,81,84,93,99,99,1,17,0,36,0,78,0,79,55,0,0,62,70,12,15,59,24,74,54,10,28,14,30,33,16,93,0,53,66,99,100,15,25,36,40,97,88,44,85,46,68,100,100,100,26,0,31,20,0,63,78,99,13,98,83,23,60,97,2,41,1,46,76,29,93,99,99,99,0,5,98,21,99,28,92,38,17,82,70,50,10,0,8,2,7,1
Paul Murphy-Worrell,Southport,866,Right Back,Left Back,England,20.0,179.0,0,0,14,8,19,0,55,63,0,22,0,47,39,0,51,43,0,0,0,0,27,27,19,76,74,76,38,48,0,17,36,64,83,76,81,49,42,84,76,28,49,65,64,62,18,84,86,48,14,9,61,61,100,49,77,73,43,93,18,28,20,26,11,5,1,100,72,27,25,44,0,77,64,33,12,15,37,57,6,6,76,48,87,58,49,56,0,43,22,28,0,28,61,45,50,80,6,76,56,14,93,52,75,5,24,89,22,71
Phil Croker,Chester,692,Right Centre Back,Left Centre Back,England,19.0,,69,71,52,53,48,84,17,74,0,25,78,25,32,82,26,34,0,0,0,73,36,38,95,33,15,55,1,3,0,55,67,29,39,95,98,16,16,91,41,20,20,95,15,18,73,31,31,62,70,88,82,96,3,18,32,57,42,99,26,18,18,26,10,59,100,100,67,77,67,33,75,94,57,26,28,6,11,13,12,13,46,73,49,12,17,19,0,49,61,51,0,0,41,93,38,68,72,15,34,99,0,77,69,58,35,19,80,66
R.Blake,Bedford Town,727,Right Wing,Right Midfielder,England,34.0,,67,69,67,67,60,69,97,28,0,80,94,67,45,96,73,50,0,0,0,84,65,52,95,50,41,61,15,64,98,24,27,45,40,44,43,60,40,0,43,66,45,27,38,37,46,24,27,57,0,54,81,89,100,65,26,75,69,99,70,69,71,76,75,61,100,100,14,1,6,24,0,42,17,85,8,75,77,27,18,37,8,17,85,33,61,72,0,48,67,66,0,61,55,27,37,80,6,80,14,27,98,34,45,19,9,60,23,18
R.Hilton,AFC Telford United,1046,Right Wing,Right Midfielder,England,25.0,170.0,58,60,86,59,92,36,78,5,0,85,0,74,71,0,79,79,0,0,0,41,83,89,0,78,89,55,82,43,0,6,20,31,40,37,37,36,23,0,62,76,91,58,22,23,73,28,29,89,0,83,6,22,100,44,45,91,46,98,70,56,69,40,37,74,100,100,23,46,7,78,4,38,9,86,80,91,76,39,75,80,46,24,98,66,64,71,60,86,85,85,66,35,64,41,90,31,22,93,29,30,93,12,44,50,28,92,9,32
R.Smith,Radcliffe,2285,Centre Back,Right Centre Back,England,32.0,,66,68,55,76,40,89,53,77,0,63,0,26,25,0,27,27,0,0,0,49,39,30,69,20,26,15,90,49,0,80,85,55,63,96,95,9,8,98,69,12,22,94,22,33,78,28,42,70,5,85,76,88,100,10,11,45,13,86,20,14,20,15,15,49,100,100,43,21,72,22,23,97,82,55,12,20,16,32,14,20,17,86,62,17,9,0,50,72,54,40,0,100,26,100,66,89,13,25,89,11,25,91,90,10,7,28,90,85
Rakish Bingham,Farnborough,2161,Centre Forward,Right Wing,England,32.0,180.0,94,94,80,79,70,96,84,16,99,91,77,66,57,80,71,63,0,0,0,92,75,64,97,57,59,57,49,17,0,33,37,19,18,31,28,27,18,47,25,93,52,24,7,9,17,7,8,92,32,91,11,51,100,40,32,64,70,99,95,78,95,80,80,100,100,100,12,23,7,71,12,13,12,91,45,77,80,15,30,48,10,29,21,42,42,48,0,78,82,79,65,71,55,61,84,26,39,87,26,65,73,11,3,41,75,27,7,5
Ralph Vigrass,AFC Totton,1086,Right Wing,Right Midfielder,England,20.0,,84,86,66,47,68,87,94,21,0,73,0,59,54,0,65,60,0,0,0,72,61,61,82,80,83,76,53,23,0,4,26,23,33,36,47,71,48,27,88,79,62,30,54,33,55,62,44,80,53,47,63,71,100,76,87,98,91,99,77,81,75,94,73,100,100,100,23,8,10,44,0,36,22,93,35,90,94,20,28,45,24,30,92,64,59,65,59,57,75,73,0,19,85,72,71,60,14,84,17,57,87,26,36,17,41,61,16,30
Rashawn Scott,Dagenham & Redbridge,625,Left Wing,Left Wing Back,England,23.0,183.0,0,0,60,16,83,0,27,14,0,38,96,99,94,97,99,97,0,76,79,77,90,92,7,74,75,74,44,67,99,11,10,39,45,14,13,94,90,0,74,80,93,55,62,46,48,64,51,54,70,35,1,8,100,96,91,96,91,99,78,94,76,97,92,53,100,100,22,12,17,74,5,33,19,84,25,67,96,71,85,90,41,20,99,63,87,94,68,86,70,76,0,12,98,43,88,16,59,84,19,47,91,38,61,34,3,83,33,22
Razzaq Coleman De-Graft,Worthing FC,2513,Right Wing,Right Midfielder,England,28.0,188.0,89,89,88,51,97,58,64,13,99,92,94,94,79,96,96,88,0,0,0,94,93,96,85,87,91,80,59,34,0,1,10,21,36,35,49,34,19,19,64,69,72,45,55,32,96,85,62,37,52,86,19,21,22,32,68,85,66,99,71,47,67,56,41,67,100,100,58,57,24,78,49,35,21,91,69,68,69,44,90,93,84,30,88,87,81,91,57,97,95,97,82,69,73,68,98,20,23,96,13,42,95,16,30,66,60,76,16,30
Reece Christopher Myles-Meekums,Horsham FC,2606,Left Wing,Left Midfielder,England,27.0,177.0,80,82,83,73,79,69,73,13,0,86,46,63,59,48,68,66,0,0,0,71,77,72,26,84,72,92,10,76,94,15,11,21,18,42,46,33,20,0,47,72,60,30,19,17,65,17,15,81,70,83,8,12,100,41,39,82,57,99,73,56,72,59,63,80,100,100,22,14,19,55,40,37,18,84,16,41,83,53,63,74,37,23,98,62,63,73,0,79,71,70,45,24,81,41,88,51,17,86,43,28,87,35,41,59,89,49,37,54
Reece Devine,Kidderminster Harriers,2111,Left Wing Back,Left Back,England,24.0,184.0,75,77,56,49,54,87,79,34,0,74,94,83,81,89,74,74,96,92,87,89,66,62,97,65,66,65,45,69,0,29,47,35,49,62,73,35,29,47,82,59,91,71,28,27,21,44,42,79,18,42,24,28,100,42,64,94,70,98,60,48,60,70,60,45,100,100,34,6,35,79,4,66,57,53,7,33,77,59,43,48,36,42,66,67,75,71,81,86,67,66,49,14,87,24,86,68,16,69,54,18,90,69,73,9,6,55,53,49
Reece Fleet,Chippenham Town,2739,Right Defensive Midfielder,Left Defensive Midfielder,England,34.0,189.0,0,0,20,9,34,0,22,62,0,22,45,37,38,47,39,41,0,0,0,26,23,34,40,16,18,18,75,23,0,62,70,48,60,59,64,58,49,76,93,38,95,97,86,67,70,89,77,68,56,34,51,45,100,55,71,97,87,99,34,37,31,54,17,38,100,7,92,81,76,9,73,70,63,78,90,72,29,88,52,37,84,79,20,69,30,30,49,25,25,21,89,66,25,93,53,53,66,36,66,65,17,59,64,65,70,52,65,72
Reece Grego-Cox,Hampton & Richmond,942,Right Centre Forward,Centre Forward,Republic of Ireland,29.0,178.0,98,97,83,73,80,96,94,10,99,87,68,56,55,72,61,61,0,0,0,95,76,72,98,63,58,69,29,17,96,36,17,14,9,26,20,54,29,0,44,95,64,16,8,8,57,8,7,32,0,93,33,95,100,62,42,88,71,99,93,90,93,82,84,18,100,100,20,3,4,3,17,14,6,98,33,97,90,47,32,45,8,24,59,61,35,39,0,73,90,87,89,41,48,48,81,62,39,48,44,49,66,12,19,60,82,68,10,25
Reece Hall,Kidderminster Harriers,340,Right Defensive Midfielder,Left Centre Back,England,22.0,173.0,0,0,33,35,34,0,0,53,0,0,0,28,57,0,30,64,0,0,0,0,24,42,21,57,80,0,100,34,0,66,60,59,72,59,61,48,34,0,72,58,99,87,55,54,57,60,66,60,97,50,16,31,100,49,67,87,93,100,55,46,50,66,21,100,100,100,23,17,22,43,13,57,28,49,4,6,55,46,53,37,13,47,74,52,58,68,0,0,37,44,0,100,0,0,0,81,10,60,68,39,38,56,48,47,97,24,57,71
Reece Hall-Johnson,King's Lynn Town FC,1997,Right Wing Back,Right Back,England,31.0,173.0,86,88,74,58,74,83,72,22,0,82,50,75,61,52,81,68,0,0,0,80,73,69,79,46,38,57,17,71,0,31,46,55,63,65,67,29,18,72,60,46,58,48,78,65,97,87,77,47,49,82,68,60,18,24,34,71,44,99,50,33,49,46,57,31,100,100,43,21,50,62,18,67,65,60,15,27,74,55,59,62,39,49,70,78,83,87,78,71,68,71,0,59,75,44,66,70,11,77,32,20,97,73,58,11,63,11,60,63
Regan Griffiths,Macclesfield Town,566,Right Defensive Midfielder,Left Defensive Midfielder,England,26.0,172.0,0,0,32,14,48,0,26,52,0,20,0,41,75,0,32,64,0,83,87,0,32,56,16,0,0,0,0,34,0,47,76,36,28,55,54,28,45,63,46,49,99,96,32,29,22,27,23,9,32,39,38,54,100,23,31,53,47,60,51,35,54,33,21,1,100,100,79,34,50,64,4,60,80,42,46,63,47,83,48,36,56,78,44,76,58,46,78,0,0,10,0,100,0,0,0,58,35,58,60,50,41,75,62,9,9,12,61,37
Regan Hutchinson,Worksop Town FC,1055,Right Back,Right Wing Back,England,24.0,180.0,0,0,28,8,51,0,78,39,0,67,0,86,70,0,91,79,0,0,0,0,60,55,2,44,42,49,37,28,95,44,52,69,61,73,68,60,50,57,68,35,84,86,95,88,88,80,70,41,85,45,69,26,100,50,40,80,52,86,30,39,37,45,38,11,100,2,39,12,58,17,32,74,66,30,7,19,62,84,31,46,22,46,67,67,88,94,75,38,30,54,0,12,95,85,45,85,16,30,71,27,48,65,59,14,2,25,54,18
Reggie Young,Dagenham & Redbridge,1531,Left Wing Back,Left Back,England,27.0,176.0,49,51,60,83,41,60,41,46,0,45,87,64,66,90,69,70,0,62,68,70,59,49,82,66,73,56,69,73,0,46,39,35,29,41,42,61,61,23,83,39,83,76,78,53,79,56,38,87,52,52,55,46,13,63,50,96,53,99,34,45,38,48,44,82,100,100,42,9,24,85,3,50,38,75,15,50,62,72,64,56,49,45,98,60,69,69,74,84,45,49,75,28,81,33,79,84,6,71,73,12,79,45,51,19,32,50,34,42
Reiss Greenidge,Slough Town FC,1445,Left Centre Back,Centre Back,Guyana,30.0,198.0,51,52,54,81,36,69,84,76,0,57,0,43,38,0,47,41,0,0,0,34,47,35,22,25,33,18,89,10,0,76,88,20,17,96,92,41,48,97,97,11,19,91,89,56,81,75,44,48,16,44,87,87,12,34,23,99,30,98,8,15,9,18,5,81,100,100,24,27,34,79,13,95,48,54,25,39,21,19,42,33,4,79,41,17,22,24,0,76,63,54,0,100,40,95,68,92,8,21,80,20,35,85,67,22,41,4,82,66
Remaye Campbell,Hereford FC,1123,Right Centre Forward,Centre Forward,England,25.0,185.0,83,76,97,89,95,44,78,3,99,90,0,38,52,0,41,58,0,0,0,59,93,87,0,24,29,20,86,60,0,37,25,8,7,32,40,33,16,62,42,99,25,0,10,8,95,8,8,85,0,94,27,94,100,43,42,83,65,98,99,87,99,76,82,100,100,100,6,5,3,32,44,15,3,98,9,47,90,3,71,83,1,18,4,31,20,22,0,56,91,87,0,100,0,0,63,22,46,86,19,95,47,6,24,91,47,88,8,21
Remaye Campbell,Hemel Hempstead Town,496,Centre Forward,Left Centre Forward,England,25.0,185.0,77,79,82,86,69,74,94,13,0,90,0,0,0,0,0,0,0,0,0,62,64,46,41,29,32,30,68,21,0,18,3,0,0,10,13,37,11,0,41,99,17,0,0,0,0,0,0,81,0,100,30,99,100,50,36,87,52,99,99,92,99,71,96,100,100,100,6,4,4,73,83,0,3,99,3,22,95,0,8,22,1,3,4,29,0,0,0,81,85,78,0,0,47,100,80,9,67,86,0,97,82,1,5,96,75,80,2,8
Remi Walker,AFC Telford United,2334,Centre Attacking Midfielder,Left Centre Midfielder,England,23.0,183.0,93,94,90,75,91,82,66,14,0,95,98,97,96,98,97,98,91,86,85,98,96,97,97,53,60,46,69,52,0,17,46,23,28,21,22,59,63,44,85,84,82,41,49,31,78,51,35,78,32,69,43,34,20,65,66,97,87,99,84,80,83,91,74,87,100,100,37,51,48,23,49,15,51,64,58,60,73,62,91,94,37,54,64,84,92,93,87,90,79,84,94,72,57,55,90,29,37,86,35,75,53,51,36,49,76,15,53,43
Remiero Moulton,Worthing FC,459,Left Wing,Left Wing Back,England,19.0,178.0,78,80,78,43,89,55,94,20,0,77,0,94,93,0,96,98,0,0,0,65,86,94,3,52,47,60,29,64,0,2,24,27,47,11,17,36,13,0,55,77,97,50,10,14,7,17,26,66,32,66,13,14,100,45,89,91,77,99,68,58,71,76,60,39,100,100,48,54,16,63,4,22,23,80,49,43,93,78,84,90,53,42,90,95,79,91,0,99,77,81,0,61,68,48,98,42,24,87,13,74,82,27,45,40,85,73,24,57
Remy Clerima,Maidenhead United,2319,Left Centre Back,Centre Back,France,36.0,188.0,43,44,45,63,35,50,44,75,0,21,47,47,32,50,51,34,0,0,0,38,43,31,36,26,26,31,47,31,0,35,64,72,71,94,95,59,49,86,97,32,78,99,95,88,76,93,87,59,40,28,83,96,20,51,58,98,80,99,32,38,35,55,23,64,100,100,77,22,60,28,18,94,75,51,10,15,26,66,61,52,39,56,67,43,61,56,74,46,60,57,0,53,49,28,58,90,13,17,83,18,25,72,71,30,36,39,69,69
Renny Smith,Farnborough,1314,Left Defensive Midfielder,Right Defensive Midfielder,Austria,29.0,182.0,70,72,64,47,65,65,26,26,0,56,0,32,37,0,34,40,0,0,0,54,50,53,62,24,26,26,68,47,0,47,68,34,32,76,75,89,86,76,96,58,99,98,95,73,77,77,54,24,21,30,42,72,100,86,59,99,98,99,59,73,59,93,37,20,100,100,34,10,20,67,15,72,26,62,37,88,49,49,51,42,12,50,57,39,49,51,57,51,53,51,59,66,31,27,25,81,15,43,59,53,41,40,44,57,53,44,43,43
Rhys Doherty,King's Lynn Town FC,895,Left Defensive Midfielder,Centre Back,England,20.0,,0,0,30,46,25,0,0,67,0,0,0,45,32,0,49,35,0,0,0,0,35,26,14,39,60,0,100,24,0,63,82,69,70,82,87,39,35,83,86,27,39,85,74,71,95,72,71,39,32,79,98,72,100,34,40,90,29,95,23,26,23,21,10,2,100,100,64,49,59,47,52,83,56,67,49,48,23,44,54,39,51,78,90,32,23,25,0,42,42,33,0,100,0,0,32,77,34,28,80,16,48,74,72,64,44,35,79,74
Rhys Murphy,Horsham FC,1383,Centre Forward,Left Centre Forward,Republic of Ireland,35.0,185.0,90,91,98,92,95,70,75,1,0,98,57,79,64,60,84,72,0,0,0,86,97,90,3,54,51,60,32,37,0,21,16,11,10,29,32,51,33,63,47,97,33,6,17,13,90,19,13,25,46,90,19,56,100,55,49,81,73,98,97,87,94,84,86,81,100,100,5,61,18,62,94,24,10,91,49,35,90,15,65,83,10,19,34,51,43,49,0,93,95,93,79,41,41,93,94,34,14,96,24,41,90,13,38,85,35,88,15,29
Rhys Walsh,South Shields,383,Right Midfielder,Left Midfielder,Northern Ireland,19.0,178.0,0,0,25,24,30,0,94,47,0,55,93,98,77,95,99,86,0,0,0,70,78,50,20,52,66,34,86,75,0,5,37,0,0,31,48,11,9,0,19,69,11,10,58,24,100,92,57,82,100,100,0,0,100,9,31,22,30,82,69,28,66,43,87,100,100,100,28,62,38,1,80,12,33,19,99,99,86,34,38,78,48,37,96,81,64,76,0,96,73,73,0,41,97,82,94,12,36,95,7,58,93,52,23,73,94,6,59,38
Ricardo Dinanga,AFC Telford United,665,Left Wing,Left Midfielder,Republic of Ireland,24.0,174.0,86,88,79,58,83,75,55,8,0,91,0,38,58,0,41,65,0,0,0,75,67,75,78,96,93,97,29,57,0,1,3,13,16,24,19,79,73,0,95,72,64,28,75,38,63,77,44,83,37,39,11,25,100,83,77,99,73,99,68,76,66,72,58,57,100,100,12,11,13,64,56,30,6,86,9,26,91,47,63,67,32,12,99,54,28,31,0,96,76,69,80,100,85,46,86,42,13,95,38,13,98,10,71,93,78,97,14,80
Ricardo Rees,Merthyr Town FC,2145,Left Centre Forward,Centre Forward,Wales,26.0,,99,99,98,91,97,96,96,1,99,99,77,86,70,81,90,78,0,0,0,99,98,93,99,49,50,51,45,30,95,31,57,14,19,13,17,40,26,23,65,99,23,1,9,9,77,10,11,93,46,92,3,8,100,55,80,96,69,99,99,89,96,77,77,100,100,100,1,58,12,25,61,3,11,81,70,68,88,19,74,93,7,46,92,37,45,51,0,92,95,94,0,13,70,82,92,5,21,99,6,49,96,13,28,56,88,79,11,40
Richard Faakye,Peterborough Sports FC,554,Left Centre Back,Right Centre Back,England,21.0,191.0,0,0,71,97,41,0,38,71,0,39,0,51,18,0,56,19,0,0,0,0,62,27,2,39,51,29,86,61,0,61,81,58,72,94,97,13,10,99,84,13,22,99,33,42,100,44,58,92,0,100,46,44,100,15,29,86,32,98,24,19,21,16,4,13,100,100,73,49,72,79,30,94,82,36,36,30,21,51,93,89,60,86,54,21,20,22,0,0,53,42,0,100,0,0,64,72,56,21,67,33,46,85,69,19,99,6,80,90
Richard McIntyre,Salisbury,585,Left Back,Left Wing Back,England,19.0,182.0,0,0,19,4,39,0,0,52,0,0,0,60,88,0,65,95,0,0,0,0,39,61,11,32,28,40,29,33,0,49,64,15,21,87,86,43,14,44,80,32,65,86,67,35,92,69,41,49,46,75,28,36,100,41,51,93,66,99,35,38,42,77,84,15,100,100,56,11,42,79,5,82,74,7,2,3,50,81,2,7,50,74,38,55,83,87,78,0,16,40,84,31,73,27,0,80,10,61,68,30,50,66,1,8,99,0,44,30
Richie Bennett,Scarborough Athletic,1154,Centre Forward,Left Centre Forward,England,35.0,191.0,73,57,78,87,64,47,84,25,99,74,62,44,28,65,48,29,0,0,0,58,67,48,18,20,11,34,2,59,95,36,28,15,15,48,51,49,13,68,35,90,75,27,11,11,83,12,11,35,0,91,30,96,100,55,42,72,76,99,93,85,92,85,82,2,100,100,31,4,17,75,61,46,12,95,11,63,82,19,45,60,11,26,18,53,40,45,0,88,85,82,0,57,53,45,87,35,48,75,23,65,76,14,31,85,83,80,17,40
Ricky Aguair,Horsham FC,1368,Right Defensive Midfielder,Left Defensive Midfielder,England,25.0,,69,71,61,27,72,55,87,34,0,69,0,40,48,0,41,48,0,71,70,53,50,63,60,36,30,47,17,62,0,31,48,18,16,44,44,52,60,0,80,59,84,79,27,20,22,32,21,70,20,45,55,36,11,60,46,93,66,99,61,55,57,49,29,81,100,100,54,34,77,13,53,64,73,81,42,57,38,53,64,64,56,54,76,50,55,45,76,0,45,42,0,35,49,27,57,35,67,59,22,89,54,80,77,30,23,33,79,72
Ricky Holmes,Chelmsford City,1802,Right Defensive Midfielder,Left Defensive Midfielder,England,38.0,188.0,0,0,62,50,61,0,28,29,0,60,51,91,94,54,66,64,0,98,98,30,74,79,1,41,48,35,73,78,0,38,55,41,46,58,58,47,41,69,65,62,96,88,58,45,90,66,53,39,19,76,61,85,100,45,50,85,75,98,65,50,60,63,40,37,100,100,41,3,67,48,21,64,81,80,10,62,85,75,67,63,26,56,86,64,98,76,99,62,55,58,52,65,79,53,49,69,54,26,72,39,28,76,62,30,80,10,74,72
Ricky Korboa,Tonbridge Angels FC,1573,Left Wing,Left Wing Back,England,29.0,178.0,75,78,80,51,88,52,42,11,0,87,92,84,61,94,89,68,0,0,0,87,82,81,84,66,65,68,38,44,0,21,29,36,21,60,45,62,46,34,63,55,96,90,61,44,95,28,21,37,89,83,23,42,100,62,22,89,68,93,57,55,56,67,57,30,100,100,25,14,22,59,21,62,23,83,12,31,65,56,72,82,28,33,87,60,61,71,0,31,68,68,55,62,59,61,53,85,4,79,62,18,81,37,45,41,87,53,35,58
Riley Court,Maidstone United,1987,Centre Attacking Midfielder,Right Defensive Midfielder,England,20.0,,82,84,76,58,77,74,94,26,0,84,50,81,87,0,53,58,92,96,95,75,77,83,44,41,35,51,20,90,0,7,42,46,52,42,40,89,81,69,99,71,99,96,86,66,74,80,66,73,60,39,22,49,100,91,88,99,99,100,71,88,72,99,61,86,100,100,39,6,52,27,6,40,81,50,39,95,80,61,51,65,27,39,81,66,96,74,98,27,64,65,67,70,62,23,67,61,39,50,59,27,70,74,49,15,42,4,66,45
Rio Allen,Scarborough Athletic,1854,Right Wing,Right Midfielder,England,22.0,,90,85,81,65,81,74,86,9,99,88,51,51,34,0,38,28,92,87,79,77,72,66,75,85,68,94,6,39,90,4,8,20,18,20,21,47,33,19,70,82,76,31,19,17,42,23,18,76,4,74,20,51,100,56,58,93,76,99,81,69,77,76,60,85,100,100,9,29,8,80,7,8,15,87,71,94,89,18,45,54,19,19,68,43,44,39,68,74,77,72,0,69,43,41,82,36,8,99,20,19,99,17,7,26,74,25,10,10
Rio Clegg,Radcliffe,2211,Right Centre Forward,Left Centre Forward,England,30.0,,99,98,97,75,99,80,81,1,40,99,90,65,50,92,70,56,0,0,0,98,95,95,97,74,73,75,38,81,88,1,21,21,18,10,10,92,73,0,78,99,79,22,53,31,88,41,25,3,26,76,1,11,100,92,76,97,93,99,98,99,96,98,95,26,100,6,1,6,14,13,74,3,11,91,42,96,97,22,76,87,13,7,88,32,37,41,0,68,94,93,48,69,26,14,74,31,45,80,15,77,77,21,47,98,95,86,35,67
Rio Oudnie-Morgan,King's Lynn Town FC,326,Left Centre Forward,Right Wing,Northern Ireland,20.0,178.0,0,0,66,37,74,0,55,16,0,86,0,28,25,0,30,27,0,0,0,0,51,56,6,72,61,82,13,98,0,1,15,0,0,0,0,97,79,0,98,88,40,26,81,36,98,84,44,16,0,87,2,32,100,97,95,99,89,100,85,97,82,83,50,100,100,100,14,1,18,73,27,7,19,66,23,97,89,27,3,11,25,27,80,39,45,51,0,72,82,79,0,100,58,16,92,37,23,90,43,22,92,26,72,97,99,95,41,92
Rob Evans,Leamington FC,861,Left Centre Back,,England,35.0,182.0,0,0,9,1,13,0,0,100,0,0,0,25,21,0,0,0,0,85,83,0,11,12,39,10,13,0,100,6,0,88,100,67,28,96,81,8,10,99,60,7,18,87,18,38,33,10,14,89,8,71,67,69,100,9,8,58,17,59,6,8,7,11,4,35,100,100,17,1,60,26,1,96,91,19,2,48,21,17,2,2,0,86,64,9,72,17,93,0,10,8,72,69,50,12,0,85,21,24,83,15,38,92,91,7,35,17,91,91
Rob Ramshaw,Spennymoor Town,2409,Centre Attacking Midfielder,Left Attacking Midfielder,England,32.0,178.0,85,87,85,86,74,83,79,20,0,83,83,78,72,86,82,78,0,71,63,87,84,72,82,44,38,53,21,60,88,19,25,11,12,37,35,60,55,39,86,81,80,43,41,22,85,35,20,82,26,79,43,64,100,66,50,98,80,99,83,79,81,77,55,23,100,100,23,22,15,38,52,21,16,95,39,71,87,35,64,75,18,33,48,72,70,80,50,84,84,85,62,30,75,74,88,43,24,85,32,49,78,13,7,95,97,36,19,19
Robbie Tinkler,South Shields,2356,Right Centre Back,Left Centre Back,England,29.0,183.0,0,0,11,8,12,0,78,84,0,19,74,41,36,78,43,36,0,68,63,48,21,20,82,25,31,20,87,50,0,80,89,40,61,86,96,12,11,93,69,18,29,94,52,41,97,84,74,70,57,89,72,60,20,11,28,66,36,99,18,15,19,23,9,11,100,100,98,97,86,23,79,89,78,32,95,53,17,93,94,87,98,92,95,45,47,50,50,46,16,21,47,100,0,0,48,55,84,22,78,32,22,67,81,52,31,87,69,80
Rocco Coyle,Scarborough Athletic,615,Right Defensive Midfielder,Right Centre Midfielder,England,19.0,,0,0,24,13,37,0,38,59,0,17,82,29,43,85,30,48,0,0,0,57,20,38,88,0,0,0,0,62,0,39,83,33,39,60,65,52,59,54,81,52,99,97,70,47,76,79,58,28,21,54,71,73,100,47,60,94,94,99,48,44,48,81,31,52,100,100,66,32,62,14,46,67,59,62,27,35,49,41,4,5,31,72,41,60,39,43,0,0,9,12,0,28,43,27,41,43,59,56,38,85,38,63,63,64,90,40,68,77
Rolando Onu,Dover Athletic,407,Centre Forward,Right Centre Forward,England,24.0,,81,83,70,61,66,84,94,15,0,84,0,69,74,0,75,83,0,0,0,68,67,67,59,42,52,33,81,51,0,14,25,0,0,12,10,61,9,54,69,99,72,16,8,7,17,7,7,72,0,89,10,84,100,73,58,94,98,99,99,97,99,99,95,100,100,100,5,1,1,74,1,0,7,95,1,14,93,15,11,26,3,6,39,30,39,43,0,65,73,68,91,100,72,93,73,36,44,76,0,98,79,12,9,95,99,46,18,55
Rollin Menayese,Macclesfield Town,2071,Left Centre Back,Right Centre Back,Wales,28.0,190.0,0,0,34,59,24,0,30,84,0,25,49,23,15,52,24,16,0,0,0,28,22,16,48,14,19,0,100,22,0,79,86,48,53,89,96,12,13,98,75,12,27,99,33,35,64,53,49,86,77,71,93,94,7,13,27,70,36,94,11,14,15,20,5,74,100,5,90,64,67,62,62,89,60,40,22,7,16,40,73,59,73,87,67,22,17,11,60,70,53,40,0,100,0,0,62,77,54,12,74,49,13,68,70,67,77,49,73,79
Roman Charles-Cook,Dover Athletic,2896,Right Back,Left Back,England,22.0,,0,0,14,58,10,0,38,65,0,17,56,39,46,59,39,43,0,72,74,34,22,24,63,41,41,45,44,42,0,33,56,37,28,76,66,72,49,65,94,27,64,90,86,62,93,63,41,65,42,68,67,59,100,71,43,99,75,99,22,39,27,53,25,72,100,100,16,1,28,65,5,75,47,52,2,30,56,48,6,7,6,33,97,27,61,52,78,40,19,24,0,41,64,31,48,93,3,37,63,23,70,68,57,14,53,18,57,59
Ronan Silva,Hampton & Richmond,1873,Left Attacking Midfielder,Centre Forward,England,26.0,178.0,72,47,70,38,79,35,50,9,99,55,0,35,52,0,37,58,0,0,0,29,57,70,8,70,78,59,70,76,90,2,26,22,18,18,16,94,79,19,96,82,77,37,48,30,54,45,27,17,37,52,9,48,100,96,86,99,99,100,79,94,75,99,75,27,100,100,14,12,15,70,36,9,16,86,20,57,79,31,17,22,18,22,75,47,44,50,0,0,74,70,82,53,35,15,55,55,26,71,35,61,66,17,12,60,57,36,16,12
Ronny Nelson,Ebbsfleet United,1742,Left Centre Back,,England,22.0,189.0,63,64,50,36,54,69,30,50,0,51,0,17,8,0,18,9,0,0,0,45,30,32,72,28,29,32,52,19,0,91,84,68,80,84,91,16,12,92,79,21,29,89,38,52,98,61,73,59,96,91,81,84,100,16,31,80,29,98,18,20,22,22,11,14,100,100,78,50,70,78,24,88,79,38,18,10,26,79,56,48,56,89,51,53,34,37,0,63,64,57,52,34,44,83,50,87,18,24,77,23,37,76,83,13,8,76,66,71
Ross Crane,King's Lynn Town FC,2279,Right Attacking Midfielder,Centre Attacking Midfielder,England,23.0,178.0,83,85,72,39,82,71,78,11,0,81,84,53,64,87,50,51,0,81,85,86,64,76,96,72,77,64,61,65,0,4,32,20,31,34,44,69,48,29,79,84,65,24,37,24,80,42,32,7,11,77,38,49,100,67,78,97,90,99,84,84,85,92,70,14,100,6,15,7,33,81,13,30,47,69,34,91,98,34,18,40,22,24,88,62,88,78,90,61,74,74,47,53,79,35,69,32,57,71,24,63,77,64,31,19,22,3,55,17
Ruaridh Donaldson,Enfield Town FC,1211,Left Centre Back,Centre Attacking Midfielder,Scotland,32.0,176.0,0,0,50,77,33,0,44,76,0,20,0,33,27,0,20,23,0,84,71,0,39,27,12,9,11,0,100,7,0,73,74,51,31,90,84,25,34,87,77,21,68,96,64,54,92,49,36,71,55,76,90,89,100,24,14,79,33,91,12,17,13,24,12,52,2,2,40,7,60,83,14,89,80,56,11,46,27,48,21,20,14,75,12,29,52,44,73,35,39,37,0,28,52,75,26,92,7,23,73,33,34,80,53,16,47,2,73,51
Ruben Okemute Shakpoke,Slough Town FC,1142,Centre Forward,Left Centre Forward,England,22.0,178.0,96,97,85,86,74,97,96,11,0,97,62,52,62,66,57,69,0,0,0,94,77,69,98,47,45,52,35,51,0,30,4,10,8,46,40,31,16,23,12,97,30,5,9,8,57,9,8,47,0,91,41,94,100,38,26,38,49,82,99,82,99,65,92,14,100,100,3,2,1,49,5,29,5,99,12,77,98,13,34,52,4,2,71,37,25,28,0,83,85,80,0,100,53,83,84,64,18,71,30,57,75,9,7,67,66,50,7,8
Ruben Soares Junior,Dover Athletic,1541,Centre Forward,Left Wing,Portugal,26.0,181.0,96,97,85,92,68,97,80,17,0,96,55,51,43,58,55,47,0,0,0,93,76,58,98,48,47,52,40,82,0,30,19,10,9,55,48,41,14,20,25,90,47,7,13,11,98,12,10,30,70,95,59,99,100,45,32,65,68,93,95,78,91,78,80,44,100,100,17,2,5,75,19,45,7,99,15,85,95,10,54,58,7,16,35,53,29,32,0,93,89,85,0,19,39,13,89,70,31,43,57,40,57,2,2,61,94,61,1,8
Ryan Bartley,Maidenhead United,1749,Right Back,Right Centre Back,England,22.0,187.0,0,0,20,16,26,0,71,57,0,43,0,24,30,0,24,29,0,65,67,0,15,25,31,42,39,48,33,39,0,44,69,38,43,76,80,35,32,73,83,38,85,98,70,49,96,76,58,66,24,82,80,75,100,33,41,95,55,99,34,33,38,44,34,50,100,100,68,19,41,32,5,74,70,31,29,60,45,90,37,29,46,67,63,69,57,56,69,29,29,34,0,36,61,31,21,90,8,34,79,18,46,61,51,13,22,20,47,36
Ryan Blackman,Bedford Town,987,Right Defensive Midfielder,Centre Defensive Midfielder,England,31.0,177.0,0,0,21,6,40,0,14,37,0,20,88,77,30,90,77,26,0,82,74,63,52,33,77,18,19,21,68,6,0,74,74,75,44,73,56,83,93,75,93,45,99,98,92,87,68,58,47,14,5,25,61,55,100,78,25,97,93,99,49,57,47,60,15,42,100,100,23,2,36,67,15,68,54,35,60,99,55,26,31,23,2,66,19,32,50,44,71,0,0,10,68,61,35,61,30,93,7,20,80,38,0,75,53,22,8,5,71,26
Ryan Colclough,Fylde,418,Right Wing,Right Midfielder,England,31.0,184.0,99,99,83,33,98,96,84,14,0,99,99,92,82,99,95,90,0,0,0,99,89,97,99,87,85,87,35,96,0,5,11,29,48,37,54,50,39,0,87,74,70,41,31,26,17,70,57,23,0,31,0,0,100,50,92,98,71,99,68,59,69,52,28,4,100,100,42,61,48,72,32,44,51,28,63,54,69,76,47,83,70,41,96,84,87,96,0,64,80,86,0,41,92,94,85,15,41,92,18,91,55,57,85,10,96,95,38,91
Ryan Cole,Bedford Town,704,Left Back,Left Wing Back,England,20.0,,0,0,12,7,16,0,0,100,0,0,0,18,15,0,19,16,0,0,0,0,9,11,41,38,34,46,29,40,0,39,64,80,56,75,60,75,68,78,98,30,48,89,87,86,78,47,48,79,81,42,86,68,100,76,39,99,65,99,25,42,28,43,22,24,100,100,23,1,42,76,5,71,73,61,10,86,34,43,0,0,11,59,95,25,27,29,0,0,14,13,78,100,56,16,0,96,2,34,56,22,81,83,55,10,24,1,73,42
Ryan Doherty,Bedford Town,2264,Right Centre Back,Left Centre Back,England,17.0,,56,58,19,72,11,99,99,79,0,41,47,15,20,50,16,21,0,0,0,50,11,11,88,9,11,0,100,6,0,76,92,52,39,97,89,21,17,97,91,8,14,97,45,44,97,25,27,88,75,89,86,96,20,23,11,92,23,95,7,15,11,18,8,87,100,100,21,4,40,36,5,97,64,77,3,22,10,5,9,7,2,83,11,8,9,11,0,67,40,27,0,100,0,0,54,94,5,11,85,23,0,90,87,9,4,19,87,73
Ryan Fryatt,Peterborough Sports FC,780,Centre Back,Left Centre Back,England,32.0,186.0,0,0,63,97,29,0,38,68,0,65,0,47,22,0,51,23,0,0,0,0,54,22,4,21,14,34,5,29,0,80,80,57,55,95,91,11,13,91,73,23,53,99,16,31,11,14,28,69,0,49,98,95,4,12,11,59,30,95,34,20,28,28,28,64,100,100,34,5,58,38,38,95,62,81,12,62,23,27,35,38,2,72,7,19,16,18,0,0,32,22,0,100,0,0,35,92,5,28,70,13,82,74,68,53,86,25,76,80
Ryan Hanson,Dover Athletic,1512,Right Centre Midfielder,Right Defensive Midfielder,England,25.0,180.0,66,68,28,62,18,99,97,59,0,64,55,22,37,58,23,40,0,0,0,62,18,25,92,17,10,30,2,27,0,77,68,49,31,56,45,51,38,75,85,49,98,93,56,48,72,32,27,75,7,61,92,89,100,54,30,93,75,99,47,50,53,62,37,28,100,100,27,6,31,5,22,57,35,86,15,63,55,40,18,14,4,69,1,42,37,37,55,59,36,32,56,100,0,0,61,91,4,48,67,36,43,56,43,17,30,16,45,32
Ryan Huke,Farnborough,958,Centre Attacking Midfielder,Left Centre Midfielder,England,21.0,179.0,77,79,85,72,84,60,41,13,0,89,88,95,71,91,97,79,0,0,0,85,92,80,20,62,51,73,14,96,0,7,24,17,18,29,30,72,45,0,89,81,96,81,46,27,73,49,29,29,16,68,5,21,100,74,73,98,96,100,80,80,77,96,60,72,100,100,24,11,10,47,5,24,15,62,50,95,76,46,57,69,28,32,75,54,51,59,0,60,73,70,0,16,67,56,81,39,56,63,5,86,82,14,22,76,77,68,15,27
Ryan Jackson,AFC Totton,1282,Right Back,Right Wing Back,England,35.0,175.0,0,0,19,20,22,0,78,58,0,26,59,54,68,62,59,72,0,61,70,36,35,43,45,53,50,58,33,49,0,46,51,19,24,51,57,36,24,67,75,49,49,61,60,34,95,75,47,66,70,83,55,24,100,36,44,89,52,93,52,41,52,57,66,79,2,100,38,20,42,25,21,53,52,36,15,28,72,51,32,33,37,58,71,70,69,66,77,73,44,48,81,19,83,48,76,78,4,91,41,20,94,58,59,16,44,42,46,58
Ryan McLean,Buxton,783,Right Wing,Right Midfielder,England,26.0,167.0,82,84,71,81,57,93,84,35,0,72,98,93,85,98,96,92,0,0,0,95,82,66,98,62,75,43,82,65,0,10,34,31,37,26,34,46,37,38,39,70,31,13,72,47,72,73,53,83,6,49,5,13,100,47,53,72,79,98,67,54,64,80,64,100,100,100,24,3,21,70,8,11,35,65,19,87,96,26,79,85,33,35,99,63,79,88,64,88,75,78,0,0,99,60,87,36,47,74,14,44,94,38,10,30,96,6,32,24
Ryley Reynolds,Kidderminster Harriers,1868,Centre Attacking Midfielder,Left Centre Midfielder,England,20.0,180.0,78,80,79,46,90,55,54,8,0,89,69,93,94,53,88,90,92,94,92,77,87,95,13,40,37,46,33,61,0,7,38,33,38,50,53,97,90,37,98,82,97,69,86,59,89,86,65,16,24,59,10,37,100,97,97,99,99,100,82,97,81,99,66,17,100,100,24,5,34,33,4,55,58,82,19,78,83,42,39,63,19,28,50,56,83,79,85,67,74,75,89,30,78,71,81,52,33,69,33,65,65,69,63,11,80,26,54,73
S.Adenola,Hemel Hempstead Town,2291,Right Back,Left Back,England,23.0,,56,57,50,47,48,64,26,48,0,48,62,74,54,66,78,57,0,70,64,59,58,48,46,45,52,41,69,21,0,67,65,62,68,87,89,23,13,70,56,30,91,99,37,47,84,45,55,85,32,80,67,74,20,26,32,75,52,98,30,29,34,41,30,49,100,100,56,11,65,40,15,88,82,44,18,55,47,83,52,50,31,68,74,65,64,67,69,67,51,53,0,16,74,45,72,91,5,46,71,19,65,80,79,11,7,43,70,61
S.McLintock,Peterborough Sports FC,1934,Left Defensive Midfielder,Right Centre Midfielder,England,25.0,178.0,45,47,67,45,70,36,28,30,0,59,67,76,81,71,69,79,0,89,84,55,68,73,13,44,48,42,62,26,0,63,57,23,26,53,53,78,79,36,97,63,97,92,75,45,72,80,53,66,56,47,26,42,100,79,80,99,92,99,60,66,57,81,37,55,100,100,69,51,69,64,64,54,65,75,76,84,64,83,81,72,53,70,66,90,74,70,80,72,64,63,50,58,53,23,78,47,45,65,51,49,56,58,51,51,74,26,60,59
S.Youngs,Enfield Town FC,2492,Centre Attacking Midfielder,Right Centre Forward,England,35.0,,89,91,91,81,88,77,81,8,0,95,46,48,36,49,52,39,0,0,0,84,84,74,65,28,32,27,75,34,0,23,29,21,15,49,37,68,49,64,67,76,84,47,41,27,51,24,17,23,18,55,52,96,100,70,35,88,84,99,78,79,78,92,87,53,100,100,14,5,10,55,7,43,16,98,16,71,80,29,62,78,6,20,34,43,36,40,0,83,95,93,61,53,37,61,92,78,16,48,58,34,62,20,16,38,63,37,15,16
Sam Avery,Weston-super-Mare AFC,1709,Left Centre Back,Centre Back,England,37.0,,47,49,44,99,9,99,94,100,0,48,0,8,8,0,9,9,0,0,0,31,22,8,59,18,25,0,100,7,0,78,89,46,43,96,96,16,15,98,77,9,13,94,42,39,73,50,42,91,13,70,83,90,15,18,22,74,16,93,7,11,8,11,4,49,100,100,37,36,39,43,17,94,55,67,62,82,18,14,26,18,11,84,32,12,0,0,0,29,22,12,0,0,0,0,43,80,35,22,77,21,42,79,65,22,36,10,74,62
Sam Barratt,Maidenhead United,607,Left Midfielder,Left Centre Forward,England,30.0,188.0,95,74,92,69,96,42,50,13,99,93,83,93,78,86,73,48,0,98,93,78,95,94,2,47,38,60,13,56,0,23,31,27,20,61,65,87,65,0,97,77,89,56,81,51,90,83,52,72,32,65,39,89,100,89,91,99,97,99,82,92,81,97,64,100,100,100,54,0,25,79,0,68,79,87,4,64,91,57,81,91,36,56,30,71,97,90,97,54,79,82,98,57,88,15,61,51,46,57,36,65,61,71,45,5,8,4,43,18
Sam Beard,Worthing FC,1054,Left Centre Back,Left Back,England,28.0,,58,59,68,65,62,50,66,44,0,65,86,88,50,89,92,55,0,0,0,73,75,55,42,41,37,49,29,74,0,44,58,54,76,74,87,47,51,47,93,36,53,84,93,79,94,99,97,51,59,65,61,55,100,38,79,94,78,99,32,31,30,50,21,11,100,100,95,80,83,82,51,74,86,43,81,57,24,85,77,79,94,72,53,83,64,66,70,57,59,59,0,53,64,41,72,69,31,44,62,24,72,63,56,24,52,25,57,57
Sam Bird,Chorley,375,Left Centre Back,,England,23.0,188.0,0,0,0,0,0,0,0,100,0,0,0,31,23,0,33,24,0,0,0,0,13,8,36,0,0,0,0,0,0,80,100,44,41,94,94,18,36,96,87,19,56,96,36,35,95,43,37,90,100,89,62,89,100,20,18,72,26,83,30,25,29,27,29,100,100,100,35,46,53,35,56,92,52,44,42,43,17,26,44,29,6,100,43,17,26,28,0,67,25,20,0,100,0,0,55,80,29,26,88,9,43,85,50,42,97,0,86,72
Sam Brown,Bedford Town,931,Left Back,Centre Attacking Midfielder,England,30.0,,61,63,28,63,18,97,97,58,0,62,0,47,62,0,32,54,0,88,82,44,35,38,65,23,27,22,81,28,0,55,79,84,62,75,66,22,26,89,73,21,74,96,78,84,65,41,49,92,61,38,76,76,100,22,10,76,34,95,21,22,21,23,10,100,100,2,26,1,46,79,0,76,90,21,7,82,33,29,5,7,6,70,54,21,79,66,86,0,24,34,0,61,49,12,0,93,5,22,85,12,41,90,83,1,0,13,63,32
Sam Collins,King's Lynn Town FC,1003,Right Centre Midfielder,Right Defensive Midfielder,Wales,22.0,180.0,0,0,23,52,17,0,55,70,0,33,95,75,92,97,80,97,0,0,0,75,51,57,93,22,26,21,81,40,0,62,84,49,68,50,57,67,40,54,78,67,84,80,61,51,95,81,75,28,70,82,25,49,100,67,87,96,96,99,67,68,68,87,37,21,100,100,78,72,41,10,76,53,27,72,60,37,68,81,78,70,60,88,9,97,76,88,0,71,56,63,67,46,83,97,88,49,42,64,43,46,69,37,53,91,74,71,50,62
Sam Corne,Maidstone United,2557,Right Defensive Midfielder,Left Defensive Midfielder,England,29.0,178.0,53,55,40,49,36,74,53,48,0,57,0,46,51,0,43,46,0,79,79,36,40,41,38,23,19,32,17,58,87,59,75,60,61,58,60,50,44,84,89,49,99,99,76,66,88,78,69,76,42,65,56,62,22,50,47,97,84,99,52,45,48,70,36,79,100,100,69,33,77,44,45,63,81,45,23,27,57,87,78,67,45,72,69,83,74,74,77,34,33,44,72,54,58,76,51,69,16,68,59,62,33,80,73,42,66,21,80,79
Sam Deadfield,Hampton & Richmond,1976,Left Defensive Midfielder,Centre Attacking Midfielder,England,29.0,,0,0,43,28,51,0,39,43,0,41,50,67,69,0,37,48,92,95,89,29,53,55,11,24,26,26,68,71,0,47,61,48,45,56,48,71,51,64,89,57,99,98,68,54,75,61,49,21,42,55,52,86,100,69,59,98,95,99,61,67,65,91,48,56,100,100,61,16,51,91,17,55,69,76,51,91,55,48,39,30,30,67,2,60,87,69,92,51,49,52,50,62,52,32,67,75,15,60,70,20,64,52,35,17,75,13,40,41
Sam Dreyer,Torquay United,3107,Left Centre Back,Centre Back,England,21.0,182.0,49,50,39,74,23,81,31,80,0,46,54,70,34,58,75,35,0,63,61,49,53,27,37,11,10,17,29,34,85,82,89,49,59,98,99,17,15,97,89,9,25,99,20,29,79,33,43,76,60,86,97,95,13,20,37,85,29,91,11,18,15,23,14,53,100,100,83,53,61,66,24,98,71,46,26,16,12,33,62,53,55,89,56,21,19,18,48,77,46,34,0,100,0,0,63,84,28,20,86,16,18,74,80,23,10,70,70,68
Sam Fielding,Marine,2265,Left Defensive Midfielder,Right Defensive Midfielder,England,26.0,180.0,43,44,61,47,61,36,52,39,0,55,63,50,57,66,54,61,0,64,64,50,54,57,37,25,23,31,37,19,0,58,77,70,59,75,72,49,57,77,77,49,98,97,30,50,34,18,33,57,17,53,67,78,20,54,33,90,90,99,49,46,46,72,28,19,100,100,39,3,66,53,22,79,77,81,22,89,37,66,50,56,10,71,32,47,56,52,72,56,47,46,63,74,26,16,54,91,6,31,68,46,30,85,77,21,54,16,82,81
Sam Folarin,Chelmsford City,687,Right Wing,Left Wing Back,England,19.0,,85,87,66,68,58,96,97,24,0,86,78,92,96,82,95,99,0,0,0,86,77,81,89,38,43,37,68,41,0,12,33,30,19,29,32,75,70,37,94,71,64,44,77,50,25,79,48,78,11,8,50,62,100,77,80,99,97,99,71,80,74,98,79,23,100,100,21,15,10,24,44,10,13,89,31,72,84,53,13,49,22,27,99,60,63,74,0,83,63,64,0,6,84,82,78,25,23,95,16,41,94,11,5,99,72,36,20,7
Sam Graham,Dagenham & Redbridge,2999,Right Centre Back,Centre Back,England,25.0,191.0,0,0,46,69,33,0,31,59,0,39,66,30,27,70,32,28,0,0,0,42,34,27,63,7,8,0,100,25,0,85,89,37,38,95,95,20,26,85,84,16,30,98,46,36,98,50,39,88,97,91,92,94,13,22,22,89,35,94,15,17,14,23,10,62,100,100,44,13,61,16,19,96,74,52,10,26,19,39,33,30,13,83,23,19,30,31,48,54,51,43,0,5,50,77,55,93,8,11,83,17,31,87,82,16,27,24,84,81
Sam Heathcote,Macclesfield Town,1876,Right Centre Back,Left Centre Back,England,28.0,188.0,46,47,32,16,47,47,22,60,0,19,68,54,31,72,59,33,0,0,0,56,41,38,76,13,13,16,68,41,0,85,89,35,44,93,97,8,7,81,47,15,21,96,15,20,99,22,28,67,100,95,91,94,6,8,11,43,20,93,23,13,25,18,12,3,100,100,81,23,84,20,15,94,92,45,22,37,17,69,42,42,56,93,69,26,35,39,0,53,46,41,51,65,27,61,48,90,15,11,89,12,13,92,85,8,14,4,90,80
Sam Ling,AFC Hornchurch,584,Left Back,Left Wing Back,England,29.0,175.0,0,0,11,18,11,0,0,100,0,0,0,45,45,0,48,39,0,63,80,0,24,25,22,13,0,28,0,24,0,69,64,56,52,80,78,35,21,55,75,31,61,94,38,42,57,24,33,93,32,64,59,89,100,44,32,88,53,97,35,42,47,49,46,100,100,100,29,2,48,74,9,85,61,77,4,37,50,41,30,19,5,63,3,41,79,56,90,76,27,32,0,44,73,93,74,94,3,37,72,20,59,70,72,9,22,51,52,65
Sam Minihan,Southport,1778,Right Back,Left Back,England,32.0,185.0,0,0,22,16,29,0,12,58,0,19,52,20,30,55,21,31,0,0,0,30,14,27,66,13,13,17,68,14,0,72,89,53,65,80,87,15,11,72,60,24,46,82,37,40,95,48,54,92,70,88,94,61,100,18,28,72,28,85,24,24,29,32,49,37,100,100,68,45,43,17,20,79,54,27,23,17,35,80,13,11,45,89,27,61,36,40,0,54,37,34,0,21,61,81,62,86,7,56,80,17,41,53,73,25,23,85,47,66
Sam Newell,Alfreton Town,328,Left Defensive Midfielder,Left Centre Midfielder,England,,,0,0,48,15,67,0,0,35,0,0,96,98,74,97,99,83,0,0,0,75,80,68,30,40,45,38,68,9,0,42,83,25,11,50,17,92,98,0,98,45,99,99,70,43,70,19,14,16,16,47,95,74,100,93,27,99,92,99,36,52,29,83,42,20,100,100,25,7,40,71,22,35,57,61,36,92,47,27,53,47,7,68,30,36,70,83,0,92,39,51,0,41,79,100,80,61,35,54,60,43,48,76,14,12,93,0,66,26
Sam Osborne,Hereford FC,1167,Centre Attacking Midfielder,Left Midfielder,England,26.0,177.0,73,75,86,53,95,43,42,6,0,84,84,56,77,87,60,82,0,62,72,79,78,92,63,92,95,81,70,46,0,1,9,12,13,41,40,83,74,0,80,68,94,62,89,50,83,88,54,6,62,46,33,23,100,76,72,92,89,99,66,68,62,81,43,7,100,100,18,14,17,55,29,33,19,87,34,77,81,36,52,55,39,15,96,52,72,82,58,83,80,81,0,7,91,61,79,28,49,79,20,82,65,26,36,39,63,60,22,38
Sam Packham,Worthing FC,2577,Left Defensive Midfielder,Centre Defensive Midfielder,England,24.0,180.0,41,42,14,23,13,84,55,71,0,26,96,86,91,89,57,74,97,97,95,80,56,55,94,23,26,23,77,48,0,44,64,33,50,43,56,46,49,84,89,40,73,95,63,43,81,86,71,68,52,65,48,46,22,47,83,98,85,99,33,35,32,47,14,79,100,100,89,64,79,39,38,54,85,62,82,79,36,85,87,77,82,71,32,84,92,70,95,52,21,33,45,36,86,81,59,51,69,37,59,54,39,67,65,28,29,34,63,58
Sam Straughan Brown,Peterborough Sports FC,1640,Right Centre Midfielder,Right Defensive Midfielder,England,19.0,176.0,64,66,55,58,49,75,40,40,0,55,0,67,66,0,66,53,0,81,85,47,57,53,23,42,48,38,71,57,0,28,48,16,15,56,57,55,58,72,91,60,94,89,63,33,89,63,35,72,46,73,18,29,100,57,66,98,85,99,63,63,68,82,54,47,100,100,61,15,59,36,12,60,79,54,31,71,58,74,79,69,52,57,86,67,78,72,83,65,45,51,0,41,72,35,44,61,13,83,50,41,64,69,57,15,83,16,59,69
Sam Wedgbury,Worksop Town FC,567,Right Defensive Midfielder,Centre Defensive Midfielder,England,40.0,183.0,0,0,8,0,11,0,100,100,0,37,0,35,37,0,37,29,0,66,80,0,16,20,31,20,18,28,29,60,0,47,89,29,33,63,63,62,53,99,98,40,99,99,92,64,93,87,63,77,70,62,47,49,1,59,58,99,93,100,47,46,43,75,28,49,100,100,64,47,62,3,58,57,63,33,35,32,46,85,19,14,25,73,16,67,41,46,0,77,34,33,0,28,62,93,63,65,35,46,55,62,38,66,74,38,51,67,65,77
Samson Esan,Chesham United FC,1497,Left Centre Midfielder,Right Attacking Midfielder,England,27.0,178.0,0,0,50,23,62,0,38,31,0,47,87,66,73,90,71,82,0,0,0,62,55,64,71,80,83,75,55,50,0,3,25,19,24,43,47,75,42,0,92,85,96,64,87,53,97,85,57,47,70,82,40,63,100,73,73,99,95,99,84,85,83,96,74,15,100,100,33,34,24,8,53,37,21,85,56,77,80,58,43,49,39,31,68,81,82,91,65,89,63,69,76,65,78,75,85,56,13,88,61,24,73,21,16,76,93,35,24,29
Samson Robinson,Buxton,2180,Right Back,Left Back,England,24.0,180.0,0,0,31,31,34,0,50,62,0,36,64,46,38,67,45,33,0,78,78,39,36,34,53,27,38,16,91,39,0,55,71,56,65,72,76,40,34,81,87,32,60,89,77,65,89,80,73,34,83,66,80,62,19,34,47,89,59,98,35,37,44,57,54,17,100,100,60,43,45,40,15,75,57,43,35,35,34,64,24,24,39,72,55,53,49,44,70,57,32,31,64,28,63,33,20,71,17,63,73,14,72,58,77,15,36,87,46,77
Samuel Kuffour,AFC Hornchurch,540,Right Centre Back,Left Back,England,22.0,,0,0,12,3,21,0,0,67,0,0,86,67,48,88,72,54,0,0,0,60,41,33,82,28,30,29,68,37,0,68,75,79,67,86,80,23,27,99,56,16,26,85,43,65,42,53,59,75,32,47,76,69,100,24,21,58,26,85,18,19,16,20,11,100,100,100,40,15,56,22,12,91,68,55,36,78,27,39,21,15,20,100,86,27,73,35,91,0,23,21,0,34,63,19,0,90,11,23,83,15,38,89,91,10,16,87,83,90
Samuel Oguntayo,Maidstone United,328,Left Back,Left Wing,Republic of Ireland,23.0,177.0,0,0,18,27,17,0,0,64,0,0,96,38,41,97,40,45,0,0,0,75,23,27,97,18,0,38,0,83,0,42,52,98,98,61,63,60,33,0,94,27,75,96,92,98,73,95,98,76,10,30,28,61,100,56,52,99,60,98,18,33,26,30,9,20,100,100,80,17,40,83,1,72,74,26,12,24,52,94,2,4,73,58,56,92,85,95,0,0,19,51,0,57,58,14,59,88,8,38,69,16,75,70,90,9,1,96,52,74
Samuel Pearson,Weston-super-Mare AFC,765,Right Wing,Left Midfielder,Wales,24.0,181.0,98,98,90,63,96,92,84,5,0,93,75,59,59,78,64,66,0,0,0,98,85,90,99,60,66,52,68,75,0,2,21,21,19,12,9,56,25,0,65,87,48,24,25,20,92,21,17,90,32,89,4,27,100,66,63,96,93,99,86,85,86,97,83,28,100,100,22,33,33,41,62,8,29,79,84,97,82,46,44,75,34,19,94,68,59,69,0,93,95,95,76,100,74,61,96,27,50,80,6,92,73,46,66,78,62,82,55,72
Samuel Sanders,Worksop Town FC,1225,Left Centre Back,,England,24.0,179.0,0,0,20,51,14,0,0,71,0,0,0,22,22,0,23,23,0,0,0,0,14,13,32,16,22,0,100,1,0,100,92,37,30,95,88,17,22,96,75,12,30,97,29,28,70,22,22,72,57,77,86,95,100,19,11,74,23,94,13,18,17,22,17,52,100,100,18,3,54,75,18,97,63,87,11,64,23,21,6,7,0,88,63,17,34,26,68,35,51,42,0,100,0,0,73,95,2,33,76,12,73,90,90,16,41,70,89,91
Saul Kader,Hampton & Richmond,780,Left Centre Forward,Left Wing,England,22.0,,0,0,78,80,67,0,55,9,0,79,74,61,65,78,66,73,0,0,0,49,71,64,6,39,23,59,3,54,0,49,38,16,13,8,9,90,64,0,86,93,37,25,24,18,42,27,18,54,40,67,3,17,100,94,89,99,98,100,89,98,88,99,81,64,100,100,4,10,11,46,5,20,12,86,5,17,86,5,27,36,6,21,31,34,33,36,0,66,75,69,0,28,64,75,96,28,20,95,1,90,88,22,63,7,0,94,6,13
Scot Andrew Bennett,Weston-super-Mare AFC,335,Centre Defensive Midfielder,Right Defensive Midfielder,England,35.0,178.0,0,0,19,32,17,0,0,58,0,0,0,0,0,0,0,0,0,0,0,0,9,9,43,0,0,0,0,9,0,54,74,60,75,71,80,66,77,99,95,42,98,99,56,55,57,69,73,28,85,49,96,85,100,65,85,99,93,99,48,44,36,75,27,21,100,100,52,17,60,31,49,76,52,87,27,59,41,58,56,41,17,73,57,48,28,30,0,0,28,23,94,0,57,93,0,83,16,36,73,42,24,49,50,69,61,40,56,53
Scott Barrow,Darlington,2257,Left Centre Back,Left Back,Wales,37.0,183.0,0,0,36,7,62,0,31,43,0,36,63,67,62,66,71,64,0,70,72,39,50,59,25,20,20,24,57,18,0,74,77,31,34,89,91,16,16,91,74,12,75,99,59,40,79,62,44,92,72,65,61,67,20,17,20,78,13,89,9,13,12,15,15,77,6,6,81,13,94,79,24,97,94,55,17,46,27,98,75,70,63,78,80,68,94,83,95,0,24,43,76,24,92,61,0,92,8,18,80,24,26,91,91,12,5,83,90,89
Scott Davies,Slough Town FC,1220,Centre Back,Left Centre Back,England,39.0,183.0,0,0,24,17,33,0,0,100,0,0,0,41,31,0,41,23,0,74,80,0,29,29,18,26,38,0,100,52,0,100,79,44,25,88,77,7,8,95,53,8,23,94,20,27,65,13,15,93,21,82,67,40,100,8,7,49,9,79,7,9,13,9,5,78,100,100,33,8,90,41,27,92,93,38,54,98,20,72,41,29,14,81,50,23,55,26,85,35,10,9,61,100,32,61,26,92,8,20,83,24,15,93,91,11,33,3,94,92
Scott Myles Davies,Slough Town FC,993,Centre Back,Right Centre Back,Republic of Ireland,38.0,182.0,59,61,29,7,53,64,11,77,0,59,0,9,12,0,10,12,0,0,0,42,13,33,80,33,50,0,100,51,0,74,84,25,30,80,82,9,19,97,78,9,21,98,57,35,75,64,43,93,40,62,92,49,7,9,10,56,12,80,6,8,7,10,4,73,100,100,60,25,93,33,22,82,95,20,84,99,16,89,35,24,33,79,74,25,50,37,76,0,12,12,0,100,0,0,0,89,10,31,90,10,0,92,92,6,12,14,92,91
Scott Rendell,AFC Totton,1627,Centre Attacking Midfielder,Centre Forward,England,39.0,185.0,81,66,71,76,59,64,50,30,99,54,0,49,48,0,53,53,0,0,0,47,61,53,16,16,14,23,29,18,0,65,62,25,30,54,61,26,20,54,29,76,87,43,13,15,46,14,18,68,0,84,38,89,14,32,38,46,79,98,83,61,86,84,71,66,100,100,20,16,16,21,14,55,17,96,29,66,72,28,49,49,1,55,0,47,45,52,0,83,79,76,54,69,28,27,80,59,15,82,47,42,68,24,33,24,9,61,16,11
Scott Wagstaff,Tonbridge Angels FC,1238,Left Defensive Midfielder,Right Defensive Midfielder,England,36.0,175.0,54,56,57,78,41,69,30,43,0,62,82,76,48,85,80,42,0,70,79,68,62,42,70,31,27,39,29,85,0,61,77,53,54,65,67,56,64,88,87,47,98,90,41,43,51,43,44,25,4,55,78,40,100,55,54,95,84,99,50,46,47,66,31,9,100,100,39,28,29,41,19,65,34,67,52,79,45,32,43,48,21,77,59,49,38,32,68,53,41,34,82,12,65,71,52,70,19,60,46,39,72,58,49,25,82,23,51,60
Scott Wilson,Weston-super-Mare AFC,566,Left Wing,Right Wing,England,33.0,182.0,74,76,97,98,80,55,55,3,0,94,84,97,46,87,98,51,0,0,0,80,98,69,0,39,18,62,1,11,0,47,18,22,12,48,45,60,26,0,80,87,60,29,40,26,57,37,21,57,46,62,2,17,100,64,65,95,76,99,92,84,86,83,77,100,100,100,3,4,19,46,78,41,14,94,18,81,86,11,53,92,5,22,89,29,41,46,0,89,83,80,0,3,83,85,84,31,66,65,5,70,92,22,4,99,99,10,40,49
Scott Wilson,Chorley,1221,Left Centre Back,Left Back,England,26.0,186.0,54,56,27,57,18,96,38,74,0,48,0,18,22,0,19,23,0,0,0,37,16,16,73,19,17,27,29,16,0,77,69,34,32,94,91,11,8,96,61,15,82,99,16,20,28,13,18,84,55,71,76,86,100,13,11,61,20,79,16,19,24,22,23,16,100,100,37,6,42,86,17,94,52,69,34,93,26,35,19,13,5,61,61,22,39,38,58,53,41,36,61,57,32,41,61,92,7,24,82,17,32,76,71,20,13,27,71,56
Scott Wilson,Bath City,649,Centre Forward,Left Centre Forward,England,33.0,182.0,70,72,77,85,64,69,95,13,0,77,0,0,0,0,0,0,0,0,0,55,58,40,35,50,54,48,57,9,0,10,22,19,16,25,18,91,66,0,70,99,30,3,10,12,83,8,9,26,70,92,3,43,100,95,74,96,92,99,99,99,99,97,93,55,100,100,1,1,2,45,2,16,5,99,11,93,98,3,3,15,5,9,35,22,28,31,0,0,79,73,0,100,0,0,40,20,57,82,8,82,82,4,5,4,1,66,0,0
Sean Etaluku,Macclesfield Town,729,Right Midfielder,Right Wing,England,22.0,174.0,67,69,35,15,51,78,44,34,0,20,94,92,84,96,95,88,0,71,78,84,67,62,94,93,94,91,47,38,0,4,9,39,34,22,25,84,69,0,87,70,76,47,56,43,64,74,52,65,70,54,20,33,100,88,94,98,79,99,68,80,66,79,61,26,100,100,21,6,19,81,2,31,33,83,7,36,91,34,16,40,39,14,98,41,93,96,84,81,69,77,77,28,95,48,89,24,63,74,20,56,85,42,46,10,1,46,24,4
Sean McGurk,South Shields,959,Left Midfielder,Left Wing,England,23.0,179.0,60,62,79,66,77,42,88,21,0,76,96,97,95,97,98,97,0,85,86,85,91,90,26,53,57,52,55,27,0,37,49,11,12,7,10,31,37,0,79,81,26,11,51,25,68,78,43,90,46,60,0,0,100,34,73,95,83,99,79,60,83,88,75,72,100,100,46,17,29,54,3,4,59,44,31,67,84,48,82,92,55,59,65,82,97,98,88,82,86,94,88,62,74,16,92,26,29,92,52,16,93,57,49,11,71,23,40,56
Sean Shields,Tonbridge Angels FC,532,Left Centre Forward,Centre Attacking Midfielder,Northern Ireland,34.0,177.0,96,97,72,22,94,89,94,2,0,96,0,82,78,0,69,54,0,93,91,93,74,92,98,52,42,65,13,11,0,10,42,16,13,0,0,80,46,40,89,93,52,21,16,14,57,9,9,89,0,83,1,9,100,90,35,99,99,100,87,97,89,99,73,100,100,100,12,14,50,26,24,23,57,38,12,31,79,57,32,66,17,42,64,53,91,86,91,57,82,84,86,57,63,15,65,46,31,77,72,27,46,86,91,39,24,95,87,92
Sean Tarima,Worksop Town FC,398,Right Back,Right Wing Back,England,21.0,,0,0,0,0,0,0,0,100,0,0,92,43,64,94,46,71,0,0,0,69,20,30,96,34,53,0,100,28,0,50,70,80,78,77,72,61,69,0,86,28,82,98,96,94,98,86,84,71,32,76,62,87,100,53,39,96,58,99,20,31,23,41,24,31,100,100,46,17,41,62,30,81,37,66,62,96,41,68,12,13,25,54,81,46,52,60,0,0,0,13,0,28,52,15,0,86,22,20,64,27,64,48,77,42,17,93,47,69
Seb Thompson,Leamington FC,958,Left Wing,Centre Forward,England,23.0,181.0,92,89,71,17,96,62,73,9,28,78,96,90,79,71,80,60,99,95,91,95,79,94,98,65,70,58,61,91,0,3,22,11,8,14,10,44,38,0,29,92,64,22,18,13,92,11,8,87,92,90,10,29,100,55,18,63,78,98,90,85,92,91,94,72,100,100,5,5,31,27,13,27,40,90,21,83,79,46,11,33,17,25,99,25,84,52,93,60,58,55,0,23,80,83,68,29,59,73,26,65,72,76,78,21,30,51,71,76
Seb Thompson,Kidderminster Harriers,566,Right Wing,Left Wing,England,23.0,181.0,74,76,76,53,80,55,55,19,0,77,84,94,57,87,96,64,0,0,0,80,85,72,31,64,59,71,29,92,0,4,30,10,12,15,13,45,23,0,42,99,64,14,20,13,73,25,16,13,32,85,16,43,100,44,63,81,79,99,98,81,95,93,98,49,100,100,25,14,24,56,51,21,20,95,57,96,95,33,56,80,31,45,76,70,65,76,0,77,78,79,0,12,74,33,84,19,33,93,14,32,97,37,33,55,74,31,38,38
Shamir Fenelon,Horsham FC,1185,Centre Forward,Right Wing,Republic of Ireland,31.0,186.0,82,84,91,96,73,78,89,16,0,92,83,66,50,86,72,55,0,0,0,85,88,64,50,32,28,40,29,20,0,22,32,38,42,50,49,48,30,0,52,88,60,21,27,28,85,21,26,75,70,85,7,50,100,55,46,86,63,97,91,83,90,67,68,100,100,100,6,24,9,39,44,41,9,92,39,68,89,14,48,77,5,26,62,42,40,44,0,88,82,78,0,100,61,81,95,22,42,88,7,81,84,20,20,59,83,46,19,27
Shaq Coulthirst,Peterborough Sports FC,1179,Left Centre Forward,Right Centre Forward,England,31.0,180.0,92,94,92,82,90,82,84,3,0,92,0,58,65,0,64,72,0,0,0,85,88,85,51,29,34,28,75,45,0,6,31,15,20,24,29,47,26,25,21,91,68,18,24,17,57,41,26,22,6,75,13,85,100,48,54,46,82,99,91,77,88,92,91,100,100,100,11,13,12,57,50,14,12,94,13,37,87,16,77,82,9,22,22,41,35,39,0,66,91,89,0,50,32,19,87,38,51,69,28,83,54,6,1,76,68,33,6,2
Shaun Jeffers,Bedford Town,597,Centre Forward,Left Centre Forward,England,34.0,185.0,0,0,69,74,58,0,98,25,0,43,0,28,27,0,30,28,0,0,0,0,53,43,5,48,48,51,44,64,0,18,52,15,12,38,34,59,17,0,7,99,20,0,0,7,0,0,7,11,0,100,6,35,100,64,25,28,44,26,99,94,98,57,87,51,100,100,0,22,3,65,44,25,2,93,9,13,93,1,12,15,1,15,20,25,30,33,0,0,64,56,0,12,44,93,42,18,25,96,7,54,95,4,4,90,6,59,5,0
Shiloh Remy,Chelmsford City,747,Right Midfielder,Right Wing,England,25.0,170.0,83,85,88,88,78,75,55,20,0,88,0,38,44,0,41,49,0,0,0,71,78,66,22,72,72,73,41,80,0,9,36,9,10,40,38,70,42,0,90,83,43,38,17,12,24,15,11,51,0,65,0,0,100,77,70,99,95,99,84,90,85,97,79,62,100,100,29,23,27,77,33,40,27,64,51,85,89,52,35,62,40,42,97,77,54,63,0,81,74,71,0,28,65,28,76,41,10,97,34,16,98,36,34,70,98,36,41,60
Shiloh Remy,Worthing FC,463,Left Wing,Left Midfielder,England,25.0,170.0,0,0,94,99,67,0,44,43,0,48,0,73,56,0,78,62,0,0,0,0,92,61,0,77,58,89,7,88,0,6,14,11,19,0,0,33,11,0,74,79,60,25,26,16,46,54,32,66,70,66,3,9,100,39,82,95,97,99,79,59,78,97,64,39,100,100,58,64,8,77,12,3,11,85,82,78,76,40,99,99,71,45,94,95,79,85,72,61,77,79,0,61,49,14,82,13,16,99,6,17,99,30,70,73,35,94,35,69
Siju Odelusi,Dover Athletic,567,Right Defensive Midfielder,Right Centre Midfielder,England,27.0,173.0,0,0,54,33,60,0,14,42,0,30,0,57,75,0,62,83,0,0,0,0,53,62,5,44,40,52,29,43,0,47,41,36,20,60,55,66,53,40,75,52,92,88,63,44,96,51,31,68,85,85,33,67,100,68,55,92,96,99,53,62,60,91,46,49,100,100,28,22,19,71,2,57,33,68,39,71,54,42,58,51,18,33,73,40,65,76,0,77,72,72,0,100,0,0,63,79,7,77,44,33,81,58,22,25,26,3,52,12
Simone Troso,King's Lynn Town FC,1062,Left Wing Back,Right Wing Back,England,,,58,59,46,34,50,64,94,41,0,62,64,70,70,68,68,68,0,83,81,61,55,55,67,47,42,55,29,33,0,19,52,60,63,57,68,90,84,30,98,47,64,63,83,71,51,93,83,69,37,21,64,55,100,92,95,99,92,99,44,65,45,80,34,24,100,100,50,60,31,76,62,44,31,47,69,65,60,33,35,29,44,49,71,74,70,71,75,69,53,55,0,30,81,87,56,48,21,85,40,37,82,23,16,62,87,29,24,24
Siyabonga Ligendza,Alfreton Town,2166,Right Wing,Centre Forward,South Africa,22.0,177.0,75,77,78,52,84,55,62,4,0,88,0,40,33,0,43,35,0,0,0,60,66,68,27,77,65,86,12,93,0,2,11,24,19,41,30,67,41,26,37,88,79,35,33,25,78,20,17,10,21,78,36,77,100,65,21,76,63,97,87,85,87,77,90,17,100,100,1,1,15,20,57,32,13,92,6,60,81,17,27,29,8,4,99,21,58,65,51,27,78,77,48,29,55,55,64,67,7,91,38,45,76,27,35,99,42,55,52,29
Solomon Wanjau Smith,Chippenham Town,1854,Right Back,Centre Forward,England,27.0,,46,47,74,77,64,37,87,21,0,67,69,75,73,72,81,78,0,60,66,56,73,65,8,66,65,67,40,93,96,11,32,22,22,49,49,48,27,50,81,68,41,29,17,17,12,16,16,69,22,47,16,54,100,56,55,97,84,99,73,68,75,90,79,85,100,100,17,8,17,48,2,45,30,78,19,67,68,44,24,41,20,29,99,40,63,64,72,89,77,75,70,16,81,75,82,74,9,76,43,31,83,50,19,25,65,5,43,20
Sonnie Davis,Chelmsford City,556,Right Wing Back,Right Back,England,21.0,,0,0,60,83,41,0,94,45,0,63,0,71,58,0,58,30,0,91,91,0,62,46,2,50,68,28,89,18,0,34,62,44,39,68,70,77,70,0,96,28,93,96,99,89,75,99,91,56,74,14,48,55,100,68,72,99,80,99,22,31,18,52,21,48,100,100,60,24,63,20,23,80,64,41,12,17,61,93,63,47,51,60,43,61,77,35,93,0,23,20,0,21,75,41,0,78,8,74,79,7,98,67,90,18,33,97,59,91
Sonny Blu-Lo Everton,Torquay United,2212,Left Defensive Midfielder,Centre Attacking Midfielder,Scotland,23.0,171.0,67,69,61,30,72,54,75,32,0,81,63,85,90,67,85,92,0,85,82,66,69,81,34,37,38,39,54,36,0,38,62,19,23,58,70,25,20,71,81,54,95,83,47,28,77,71,44,88,34,70,20,21,19,28,48,90,56,99,65,43,64,42,29,48,100,100,70,59,53,7,44,60,55,54,82,84,65,57,49,54,64,65,43,90,84,84,83,77,72,74,90,68,50,22,79,32,51,75,31,78,56,43,54,28,29,60,37,44
Sonny Finch,South Shields,468,Right Midfielder,Right Wing,England,20.0,,99,99,84,63,88,97,80,8,0,97,89,98,43,91,99,47,0,0,0,99,94,76,99,76,75,77,37,44,0,26,19,0,0,40,57,29,20,61,53,73,22,25,70,30,100,95,62,54,100,100,55,68,100,26,68,83,51,99,77,48,75,57,69,39,100,100,27,12,16,26,30,34,17,81,3,5,72,48,88,94,28,51,95,53,47,53,0,97,92,91,0,28,89,28,95,23,22,96,12,42,95,26,44,38,4,75,22,10
Sonny Fish,Torquay United,365,Centre Forward,Right Centre Forward,England,22.0,187.0,0,0,58,19,76,0,81,12,0,46,0,46,80,0,50,88,0,0,0,0,50,78,6,68,56,78,13,8,0,1,11,0,0,22,28,63,29,0,91,89,19,5,72,31,92,95,63,15,0,73,2,18,100,57,76,99,77,100,89,84,90,91,96,100,100,100,13,69,2,21,100,5,0,91,53,31,99,22,57,48,33,3,95,80,55,64,0,97,94,94,0,100,75,93,77,2,66,94,4,69,93,6,10,99,98,72,18,30
Sonny Hilton,Southport,2432,Centre Attacking Midfielder,Right Centre Midfielder,England,25.0,166.0,72,74,61,31,70,64,50,34,0,56,83,51,71,77,40,57,91,86,87,78,54,68,93,45,50,42,63,52,87,41,46,44,54,40,46,73,58,27,90,70,87,65,53,44,70,72,61,57,48,60,11,18,100,76,87,99,80,99,69,76,70,78,58,78,100,100,56,65,70,49,80,41,59,57,74,66,63,82,44,41,59,59,75,82,78,59,88,35,60,58,61,51,69,60,67,29,48,79,49,71,39,60,50,79,95,21,68,70
Sonny Sharples,Spennymoor Town,323,Left Defensive Midfielder,Left Centre Midfielder,England,21.0,,0,0,37,10,60,0,38,34,0,30,0,41,26,0,45,27,0,0,0,0,36,44,14,40,26,58,5,9,0,41,73,14,19,61,56,87,76,81,94,49,70,73,96,65,96,87,57,39,32,68,20,20,100,84,57,96,81,99,39,52,36,61,29,1,100,100,70,64,46,79,35,59,51,52,93,94,32,17,2,5,56,79,71,32,60,70,0,0,0,17,0,28,58,100,0,38,52,68,76,19,52,46,59,35,67,66,43,66
Stanley Leech,Dagenham & Redbridge,602,Centre Forward,Left Centre Forward,,,,95,96,95,79,96,81,50,1,0,91,83,61,72,86,66,80,0,0,0,96,92,93,94,13,17,0,100,4,0,38,40,10,11,38,44,24,8,0,7,99,46,7,0,7,0,0,7,42,0,91,37,99,100,32,39,33,43,99,99,80,99,61,96,51,100,1,8,0,0,41,0,24,4,99,2,51,98,9,89,92,0,27,60,34,30,33,0,87,99,98,0,100,44,93,96,26,46,83,7,98,53,0,0,87,96,57,0,3
Stephen Walker,Scarborough Athletic,2034,Centre Forward,Left Wing,England,25.0,181.0,98,96,90,87,81,93,79,6,37,97,0,49,35,0,53,37,0,0,0,90,82,66,90,66,80,40,86,35,89,18,28,10,10,20,26,47,34,0,37,99,63,19,13,11,76,14,10,91,8,89,10,55,100,60,50,72,83,98,98,93,99,92,89,100,100,100,9,9,13,72,51,16,10,93,27,79,94,12,41,61,11,22,59,44,42,47,0,87,87,84,0,69,52,27,81,33,23,92,13,48,93,17,37,68,96,83,17,57
Steve Brown,Chesham United FC,600,Right Centre Back,Centre Back,England,37.0,,0,0,58,95,29,0,55,69,0,43,83,89,44,86,93,49,0,0,0,57,71,35,11,20,28,0,100,56,0,100,89,41,51,86,89,20,9,99,94,19,31,92,43,37,66,52,48,42,92,65,56,92,100,19,28,93,29,97,12,16,14,19,7,51,100,100,51,40,56,11,44,88,52,52,4,1,18,14,35,56,19,89,55,19,0,0,0,97,79,70,83,0,0,0,98,85,23,22,60,28,67,68,80,30,0,83,65,33
T'Sharne Gallimore,Enfield Town FC,2178,Centre Defensive Midfielder,Left Defensive Midfielder,British Virgin Islands,25.0,170.0,44,45,24,14,37,50,27,45,0,26,48,24,35,51,25,38,0,0,0,39,17,34,75,41,36,51,20,41,0,55,58,59,40,56,46,95,85,80,99,45,98,98,98,91,90,80,60,17,53,39,55,57,19,92,57,99,99,100,37,60,38,85,19,8,100,100,29,18,35,44,44,59,31,81,40,80,38,30,22,18,10,47,73,28,32,32,51,0,15,14,64,65,26,27,0,84,12,43,70,34,41,48,61,22,25,68,39,51
T.Byron,Worthing FC,1686,Left Back,Left Centre Back,England,24.0,189.0,63,65,39,56,31,93,97,65,0,59,91,67,57,93,73,64,0,0,0,80,51,41,96,82,91,60,81,55,0,3,49,63,82,73,84,31,24,61,92,37,74,97,72,66,92,91,90,63,94,74,51,71,15,28,60,95,74,99,35,34,44,43,16,48,100,100,76,32,49,81,17,77,60,59,15,17,31,73,87,77,80,48,95,63,53,58,54,64,54,52,53,20,78,82,63,74,15,60,28,48,83,49,69,27,87,83,43,81
Taelor O'Kane,Chorley,1179,Left Defensive Midfielder,Right Defensive Midfielder,England,20.0,,55,57,77,72,71,42,50,24,0,79,61,55,36,65,52,29,0,81,80,58,69,58,14,32,39,28,81,45,0,63,66,45,34,36,33,57,43,0,91,58,98,97,83,63,93,61,44,60,77,70,56,78,100,54,42,98,90,100,50,47,49,80,41,78,100,100,25,28,26,20,58,28,24,80,40,62,53,51,45,56,8,58,64,42,60,61,69,0,67,64,62,69,32,19,43,78,17,46,78,28,28,32,30,58,49,35,34,26
Tai McLean Fleming,King's Lynn Town FC,1328,Right Centre Back,Centre Back,Scotland,24.0,185.0,0,0,43,43,43,0,97,67,0,64,58,45,41,62,37,26,0,83,85,35,41,40,34,8,0,19,0,28,0,78,90,49,63,86,94,47,24,83,94,30,79,98,69,56,92,76,69,31,37,74,68,85,2,44,64,98,48,99,27,35,33,40,34,21,100,100,70,12,70,61,11,88,87,36,14,40,37,85,53,48,32,88,52,62,62,36,85,0,36,31,59,7,74,41,39,92,6,27,84,13,42,83,78,9,15,26,72,69
Tai Sodje,Buxton,1577,Centre Forward,Centre Attacking Midfielder,England,22.0,179.0,97,98,94,90,87,96,89,3,0,98,74,75,61,77,81,68,0,0,0,97,92,80,98,28,19,43,5,88,0,21,35,12,15,32,43,67,49,23,47,97,32,4,13,11,57,14,13,22,55,86,37,77,100,72,82,88,84,99,97,94,95,91,81,2,100,100,2,9,12,70,61,19,11,94,14,49,88,11,46,82,3,23,80,28,36,40,0,84,90,88,55,34,52,81,91,17,44,90,27,54,80,20,8,94,93,21,29,17
Tarik Gidaree,Slough Town FC,1301,Right Back,Right Wing Back,England,23.0,176.0,53,54,53,58,47,60,20,42,0,43,0,28,29,0,29,31,0,0,0,36,38,36,40,54,64,43,76,55,0,39,51,47,39,61,60,29,14,70,78,39,49,71,38,38,94,32,31,75,78,87,33,48,1,31,24,87,65,99,42,39,53,60,52,56,100,100,26,28,24,29,4,60,39,47,25,37,47,49,20,17,24,45,93,39,23,25,0,34,59,50,0,0,58,61,59,79,5,85,44,12,98,58,42,18,58,14,48,43
Tate Campbell,Buxton,1881,Left Defensive Midfielder,Centre Defensive Midfielder,England,23.0,190.0,71,73,70,85,53,83,98,45,0,85,89,67,46,91,72,47,0,66,66,81,66,48,91,29,34,27,77,71,0,45,57,30,31,50,59,39,42,54,76,53,83,78,77,50,98,82,57,48,95,86,58,47,100,35,53,92,83,99,53,37,45,57,22,54,100,100,75,79,69,34,92,59,43,72,82,59,34,77,63,63,70,69,60,60,47,53,0,73,46,45,0,100,35,21,68,42,57,59,69,32,45,58,78,86,54,89,69,82
Tate Xavier-Jones,Merthyr Town FC,326,Left Centre Forward,Right Centre Forward,England,19.0,186.0,86,88,82,96,59,96,38,20,0,88,96,98,59,97,99,66,0,0,0,94,94,56,83,50,26,72,2,36,0,2,31,14,17,56,63,64,22,77,18,84,47,9,21,15,39,25,18,58,0,68,20,32,100,71,88,45,80,89,88,88,87,77,55,100,100,100,11,42,13,52,12,49,19,78,67,81,81,12,91,95,12,38,2,53,70,69,76,0,80,79,95,100,58,93,59,32,40,82,63,17,82,17,45,55,37,88,16,37
Taylor Anderson,Alfreton Town,482,Right Back,Right Wing,England,21.0,,0,0,14,4,23,0,0,56,0,0,0,80,66,0,83,60,0,76,82,0,52,42,6,37,57,0,100,21,0,73,88,34,17,60,52,37,19,0,12,40,78,63,18,22,100,15,14,80,0,100,10,21,100,45,14,38,44,69,46,48,57,49,66,100,100,100,19,2,44,38,21,58,57,64,17,91,49,49,0,5,7,67,91,27,82,65,89,0,33,40,0,4,94,58,0,88,8,45,80,18,42,80,71,37,8,16,80,47
Taylor Clark,Chelmsford City,1128,Left Defensive Midfielder,Right Defensive Midfielder,England,21.0,,56,58,53,25,64,47,22,32,0,26,0,45,57,0,46,58,0,74,72,39,47,59,30,58,59,58,48,39,0,10,47,44,43,68,68,72,63,46,88,52,99,93,82,61,84,86,67,46,16,55,26,69,100,70,70,96,86,99,49,55,50,82,52,28,100,100,38,38,45,44,64,70,35,63,27,28,66,49,20,21,24,30,90,72,54,52,69,56,62,59,0,28,62,61,63,54,22,77,32,75,58,59,66,61,37,59,63,64
Taylor Clark,Hampton & Richmond,609,Right Centre Midfielder,Right Defensive Midfielder,England,21.0,,0,0,30,4,62,0,14,37,0,22,83,49,63,86,53,70,0,0,0,57,37,59,81,37,38,39,52,10,0,28,40,27,32,61,69,78,55,45,79,61,99,88,23,21,4,31,27,13,5,3,44,60,100,81,68,86,93,99,58,70,61,74,25,1,100,100,44,23,23,53,5,57,36,63,37,65,57,53,16,19,28,53,91,61,55,64,0,74,41,45,0,100,44,61,42,48,52,56,50,71,38,47,63,11,34,74,30,58
Taylor Foran,Maidstone United,1814,Right Centre Back,Centre Back,England,22.0,196.0,0,0,40,58,32,0,50,100,0,26,0,26,17,0,26,13,0,67,66,0,28,20,19,15,20,0,100,18,0,79,91,25,25,97,96,8,8,85,41,11,14,96,20,19,99,22,20,92,92,95,91,89,100,9,10,31,14,88,16,11,16,10,4,85,100,100,35,19,64,41,29,96,77,39,33,68,15,27,43,35,10,87,35,15,23,16,62,54,47,35,0,41,27,93,49,91,12,17,89,10,25,90,73,18,38,1,89,73
Taylor Foran,Salisbury,481,Right Back,Right Centre Back,England,22.0,196.0,0,0,20,21,23,0,94,100,0,27,0,6,20,0,7,20,0,0,0,0,10,17,41,30,20,45,5,22,0,48,79,65,85,77,91,23,15,61,88,29,21,55,60,61,94,83,87,80,85,81,76,62,100,23,55,94,49,99,36,28,36,44,41,41,1,100,53,37,52,19,13,77,72,33,95,99,26,38,20,16,39,77,24,26,64,38,86,0,26,25,0,50,48,41,0,63,52,34,62,31,61,80,71,23,71,16,76,78
Tayt Trusty,Eastbourne Borough,3072,Left Centre Back,Right Defensive Midfielder,Cyprus,22.0,184.0,0,0,31,51,24,0,16,63,0,23,0,24,27,0,25,28,0,0,0,0,21,21,25,28,38,18,90,24,0,56,73,57,63,82,87,70,70,78,95,31,98,99,86,72,76,89,79,63,48,42,81,88,25,69,76,99,83,99,29,44,34,68,35,74,100,100,63,24,58,45,28,83,67,62,23,39,27,69,14,13,26,65,74,39,31,30,55,39,20,17,66,53,34,18,29,85,20,26,76,26,37,73,73,35,41,41,72,73
Teddy Collis,Farnborough,360,Right Wing,Left Midfielder,England,21.0,,84,86,55,29,64,92,97,26,0,83,99,94,92,99,95,95,0,82,84,98,75,78,99,86,85,86,37,89,0,36,4,13,17,13,8,52,36,0,30,93,85,37,97,68,97,92,63,64,92,73,20,56,100,45,33,26,82,85,88,73,87,91,87,100,100,100,21,3,12,77,5,1,22,92,13,78,90,14,74,87,29,17,58,41,26,29,0,90,92,89,93,100,55,15,95,38,11,97,21,13,99,7,1,26,52,24,2,0
Teddy Jenks,Worthing FC,1967,Left Centre Midfielder,Left Attacking Midfielder,England,24.0,191.0,89,91,91,75,92,74,75,18,0,98,88,94,82,90,96,90,0,0,0,93,95,91,64,52,53,54,45,44,90,13,35,25,43,30,45,63,42,67,90,78,91,78,32,24,65,65,50,43,42,72,11,26,100,67,94,99,93,99,78,77,78,92,57,30,100,100,59,50,30,65,69,34,22,83,57,59,68,86,87,93,53,43,79,90,63,72,52,90,87,87,88,74,48,43,97,49,41,65,35,66,61,26,40,82,36,69,32,32
Teddy Lavelle,Southport,2985,Left Defensive Midfielder,Centre Defensive Midfielder,England,20.0,189.0,50,51,51,34,57,44,65,35,0,52,66,33,37,70,35,40,0,0,0,58,39,47,80,27,32,24,81,57,0,59,75,46,56,63,69,53,47,71,89,41,78,82,60,48,77,76,65,55,70,62,61,66,100,54,73,96,73,98,38,41,37,50,24,51,100,100,42,36,37,77,44,65,33,76,29,35,40,47,26,26,25,77,57,40,26,26,48,24,27,21,67,65,24,27,36,62,40,46,34,85,43,53,64,52,68,67,55,71
Teddy Tarbotton,Farnborough,1068,Right Defensive Midfielder,Right Centre Midfielder,England,18.0,,0,0,16,7,27,0,97,59,0,22,0,29,44,0,31,48,0,0,0,0,16,33,30,40,36,49,29,46,0,32,50,46,38,61,50,97,94,51,99,50,92,90,99,94,91,98,85,19,70,30,50,43,100,95,75,99,97,100,42,68,43,85,27,46,100,100,35,61,29,6,67,58,23,72,53,40,38,39,9,8,30,41,91,34,32,35,0,38,21,19,0,41,33,61,45,28,41,84,28,70,66,46,49,71,44,45,53,46
Temi Babalola,Worthing FC,681,Right Centre Forward,Left Centre Forward,England,25.0,194.0,93,95,97,95,89,84,42,12,0,92,95,86,57,96,90,63,0,0,0,97,97,82,86,29,25,37,29,77,98,1,3,9,11,43,59,48,28,40,39,98,55,10,20,13,83,37,20,24,32,87,65,72,100,51,87,81,92,99,99,88,98,95,73,58,100,100,23,32,10,48,98,29,4,95,79,96,99,15,94,95,26,7,27,79,36,30,66,99,99,99,0,100,77,94,99,7,44,95,15,31,97,0,0,99,89,71,1,2
Teo Kurtaran,Maidstone United,326,Right Defensive Midfielder,Centre Attacking Midfielder,England,24.0,180.0,86,88,45,33,50,97,55,46,0,37,0,20,25,0,21,27,0,0,0,75,28,36,97,50,61,38,81,51,0,22,59,88,91,65,64,96,97,87,99,58,91,80,81,89,17,73,87,26,32,2,41,74,100,97,95,99,99,100,53,83,55,99,43,100,100,100,53,36,40,46,44,67,36,85,35,44,43,60,12,9,37,65,59,56,59,51,76,0,29,32,95,100,0,0,0,72,15,65,38,71,53,54,37,55,14,13,57,17
Thakgalo Leshabela,AFC Telford United,2764,Left Defensive Midfielder,Right Defensive Midfielder,South Africa,26.0,175.0,52,53,35,50,29,78,66,50,0,40,78,62,70,82,68,78,0,0,0,65,47,46,84,38,41,39,57,46,0,36,57,37,41,29,29,73,78,46,91,65,76,57,56,41,75,68,52,26,47,63,10,17,100,73,74,99,95,99,64,65,61,82,31,30,100,100,48,90,26,38,80,24,19,64,90,60,57,85,89,80,49,68,98,76,43,49,0,56,25,28,58,100,25,15,49,38,59,62,46,75,40,29,49,79,67,76,36,54
Theo Chapman,Scarborough Athletic,435,Left Wing,Left Midfielder,England,21.0,178.0,79,82,86,98,57,92,97,33,0,86,0,55,33,0,60,35,0,0,0,66,79,46,10,96,97,90,62,95,99,1,34,11,12,28,40,42,24,0,85,80,71,25,48,24,88,26,17,100,32,79,1,9,100,51,39,95,90,99,70,56,64,63,21,100,100,100,19,50,25,24,78,31,16,67,42,38,82,44,59,41,43,22,98,67,86,95,0,63,58,68,0,41,83,61,84,3,65,93,15,58,88,16,43,94,48,88,23,39
Theo Streete,Leamington FC,1471,Left Centre Back,Right Centre Back,England,38.0,185.0,0,0,0,0,0,0,0,100,0,0,0,7,9,0,8,10,0,0,0,0,5,6,53,17,19,18,81,31,0,87,85,39,30,99,95,14,20,97,81,7,10,78,64,47,98,33,27,86,92,90,86,81,100,13,8,42,11,32,6,8,7,8,1,82,100,100,11,9,36,53,10,99,48,75,4,14,9,6,5,4,0,80,6,7,11,13,0,32,14,9,0,100,0,0,23,92,6,25,92,8,0,91,90,13,8,51,90,87
Theo Williams,Peterborough Sports FC,366,Right Centre Forward,Right Midfielder,England,22.0,175.0,83,86,54,20,70,84,55,6,0,25,0,15,24,0,16,25,0,0,0,71,33,52,95,17,24,0,100,31,0,10,44,0,0,32,21,49,16,42,75,93,58,19,27,14,57,28,14,65,32,73,3,28,100,55,49,98,58,99,93,82,90,68,79,26,100,100,1,21,0,57,0,22,5,97,69,96,85,0,51,45,1,28,61,24,0,0,0,0,74,64,0,0,0,0,76,48,4,99,1,12,99,15,26,8,0,73,3,0
Thomas Carr,Chorley,2520,Left Centre Forward,Right Centre Forward,England,24.0,,80,82,93,93,81,69,78,7,0,88,60,63,54,63,68,60,0,0,0,76,89,72,8,48,51,49,52,87,87,7,12,11,10,14,10,65,35,42,50,97,59,13,25,16,64,19,13,17,11,77,18,79,100,67,49,83,74,98,95,92,94,87,91,67,100,100,6,9,9,62,90,8,3,97,29,81,99,26,53,79,10,8,88,51,40,45,0,96,93,91,60,58,51,81,98,26,47,82,8,84,80,1,6,98,96,80,4,18
Thomas James Everton Bramble,Maidstone United,3010,Left Defensive Midfielder,Right Defensive Midfielder,Antigua and Barbuda,25.0,187.0,59,51,63,73,51,49,52,48,99,59,0,36,50,0,38,55,0,0,0,33,50,48,17,20,21,21,73,30,0,58,74,45,49,71,72,46,55,76,85,43,99,99,72,55,94,71,58,46,53,78,75,88,100,43,44,93,81,99,46,42,49,65,34,62,100,100,64,20,53,38,52,71,50,60,8,13,48,67,69,62,23,73,29,59,48,55,0,24,47,47,56,41,44,82,51,81,11,56,64,42,44,62,68,55,58,57,65,73
Tim Berridge,Leamington FC,1815,Left Wing,Right Wing,England,28.0,179.0,72,75,77,53,82,52,55,3,0,88,51,71,80,0,59,64,92,90,90,65,74,83,18,42,41,47,40,18,0,38,40,15,12,27,19,42,41,25,48,74,59,22,16,14,57,11,10,93,37,83,9,37,16,55,24,82,64,99,74,67,75,72,75,85,100,100,2,2,25,60,4,26,42,78,41,99,90,8,12,29,5,31,85,27,75,44,90,83,81,77,70,50,81,41,77,30,38,84,10,44,96,82,61,4,13,3,56,40
Timothée Dieng,Dagenham & Redbridge,1805,Right Defensive Midfielder,Right Centre Midfielder,France,34.0,189.0,73,75,68,65,62,74,47,39,0,75,70,54,41,73,59,45,0,0,0,72,61,53,82,20,20,22,68,19,0,63,67,43,41,65,67,42,32,61,71,54,96,93,27,30,40,28,30,61,32,61,73,89,16,47,43,92,63,98,62,52,62,57,46,85,100,100,56,39,37,63,50,58,38,78,31,34,43,31,37,41,23,67,11,53,45,51,0,62,67,63,83,35,44,19,74,65,33,49,45,52,61,43,22,58,57,11,46,21
Tobi Joseph,Worksop Town FC,301,Right Defensive Midfielder,Left Defensive Midfielder,England,33.0,182.0,0,0,30,8,52,0,55,26,0,20,0,65,27,0,70,28,0,0,0,0,46,39,8,0,0,0,0,79,0,63,82,27,29,67,50,98,69,0,99,54,94,87,97,76,90,75,50,1,32,42,20,47,100,97,57,99,98,99,47,77,48,92,34,1,100,100,6,5,9,67,2,62,17,91,50,99,68,6,5,6,0,71,85,23,0,0,0,94,66,54,0,0,0,0,83,51,20,84,44,97,0,46,57,30,17,62,40,40
Tobi Omole,Tonbridge Angels FC,814,Left Centre Back,Left Back,England,26.0,189.0,0,0,60,99,9,0,100,76,0,63,0,19,29,0,20,30,0,0,0,0,41,13,10,26,30,23,81,11,0,81,77,16,14,83,74,9,11,89,66,18,13,75,32,21,98,25,17,92,92,93,42,55,100,10,8,55,21,98,12,17,26,20,16,100,100,100,62,50,57,80,14,81,78,22,63,67,23,53,6,14,46,85,61,26,32,17,73,45,27,18,0,28,52,61,52,85,19,26,83,15,40,81,70,20,11,12,77,51
Tobi Sho-Silva,Kidderminster Harriers,710,Centre Forward,Right Centre Forward,England,31.0,183.0,68,70,94,92,85,44,47,12,0,87,0,55,88,0,60,95,0,0,0,52,90,89,0,0,0,0,0,53,0,50,36,18,17,41,44,43,13,84,42,97,31,2,9,11,83,9,10,33,0,92,34,98,100,49,54,86,81,99,99,85,96,93,96,100,100,100,7,2,0,15,100,28,0,99,15,90,99,3,65,69,0,7,0,38,17,19,0,90,96,94,0,100,40,41,93,60,14,83,12,29,98,0,0,99,99,67,3,8
Toby Bower,Farnborough,2818,Left Back,Left Wing Back,England,21.0,176.0,40,41,41,20,53,36,52,48,0,42,78,73,69,47,59,42,96,92,91,59,55,56,62,34,29,43,20,10,0,60,65,66,61,73,70,51,49,66,86,29,47,68,87,78,92,69,63,85,86,64,47,40,100,49,37,94,39,95,26,35,30,33,27,40,100,100,44,6,51,82,3,76,83,35,17,70,50,73,15,15,30,69,29,65,88,79,90,41,30,45,44,24,88,47,31,88,9,37,57,41,56,81,78,6,10,32,62,64
Toby Edser,Ebbsfleet United,2234,Left Defensive Midfielder,Right Defensive Midfielder,England,27.0,174.0,67,69,63,33,72,52,26,37,0,58,85,79,77,88,83,84,0,75,64,76,67,73,81,38,48,28,84,82,88,47,58,20,27,51,56,62,63,48,92,70,91,83,54,32,72,70,45,59,21,61,48,39,100,65,79,99,91,99,70,73,75,90,58,48,100,100,68,76,29,81,38,44,32,70,78,56,64,75,71,73,68,67,49,91,77,85,65,77,74,76,76,34,72,78,86,40,48,70,49,66,44,27,22,53,43,31,27,17
Toby Lees,Darlington,2553,Centre Back,Right Centre Back,England,29.0,188.0,63,65,47,75,32,92,44,68,0,62,0,27,24,0,29,25,0,0,0,46,34,24,70,10,13,0,100,22,87,83,91,54,49,98,98,11,9,96,71,8,26,99,27,36,98,26,33,80,94,92,90,98,100,12,12,56,25,94,11,12,12,18,7,34,6,100,46,15,72,16,26,98,81,77,8,18,14,28,77,64,9,87,93,15,12,10,49,52,50,36,0,100,0,0,40,92,8,17,90,8,32,90,86,14,7,23,87,75
Todd Alcock,South Shields,1153,Right Defensive Midfielder,Left Centre Midfielder,England,21.0,190.0,56,57,18,14,24,92,78,67,0,18,62,62,51,65,67,57,0,0,0,58,41,36,80,9,11,0,100,10,0,42,51,39,59,37,52,62,57,94,88,60,92,65,65,47,94,89,78,27,78,80,33,23,9,60,93,98,97,100,56,55,57,94,46,77,100,100,79,84,43,21,76,44,28,72,96,84,47,67,93,84,72,63,21,85,64,75,0,36,22,37,84,57,45,81,62,40,54,64,52,60,45,26,44,71,87,74,29,56
Tom Allan,Darlington,1631,Left Wing Back,Right Midfielder,England,26.0,173.0,75,77,88,86,78,60,33,13,0,78,53,79,63,56,78,53,0,84,83,68,86,72,4,44,26,64,3,62,0,18,35,18,15,62,63,35,35,49,49,62,46,39,25,19,29,32,20,50,10,56,23,56,100,38,45,62,49,85,68,54,72,53,65,47,100,100,16,7,20,61,18,59,25,87,21,75,81,22,35,71,14,28,93,43,72,69,79,92,77,76,0,34,67,42,80,48,26,80,14,36,96,43,40,17,52,33,31,38
Tom Broadbent,Spennymoor Town,338,Centre Back,Left Centre Back,England,34.0,191.0,0,0,47,40,48,0,100,100,0,90,0,0,0,0,0,0,0,0,0,0,23,26,22,0,0,0,0,62,0,100,84,13,9,99,99,9,9,99,29,7,7,93,30,19,92,29,16,77,100,87,91,98,100,9,8,30,7,0,5,0,0,0,0,100,100,100,17,11,23,89,9,99,29,81,4,12,7,5,34,22,2,100,0,5,0,0,0,0,46,31,0,0,0,0,0,80,24,31,88,15,0,78,89,51,23,94,80,89
Tom Dallison,Ebbsfleet United,1350,Left Centre Back,Centre Back,England,30.0,193.0,69,71,72,81,58,74,14,55,0,69,0,18,15,0,18,16,0,0,0,53,53,39,46,26,30,26,75,14,0,75,72,30,33,94,95,16,18,95,71,22,28,95,27,25,90,39,32,47,70,87,97,96,100,15,20,62,17,74,22,19,21,17,13,22,100,100,70,26,71,90,15,97,83,63,21,32,25,76,89,80,41,77,22,30,40,40,56,50,67,61,59,61,41,93,39,89,14,22,86,12,30,88,89,9,2,70,81,72
Tom Davies,Salisbury,1993,Right Centre Back,Left Centre Back,England,34.0,185.0,45,46,59,55,54,40,44,75,0,61,0,41,30,0,44,32,0,0,0,29,49,42,15,16,22,0,100,23,0,76,92,39,42,97,98,9,12,93,58,8,27,98,44,36,86,52,42,85,74,79,97,95,100,9,11,32,15,67,11,10,12,9,2,43,100,100,85,54,88,23,45,97,91,34,44,36,16,59,45,41,70,92,39,27,37,34,61,39,62,55,0,66,27,93,63,82,30,21,57,86,13,90,70,16,21,1,88,61
Tom Dickens,King's Lynn Town FC,2503,Left Centre Back,Centre Back,England,23.0,193.0,42,43,57,95,27,55,38,84,0,51,0,9,7,0,9,8,0,0,0,26,34,14,27,11,11,15,68,22,0,77,89,62,77,91,95,25,23,85,81,19,37,96,63,60,96,81,80,73,60,84,97,94,10,24,38,85,29,98,17,20,17,22,11,25,100,100,70,28,63,82,19,91,78,47,11,13,23,62,39,30,38,88,65,27,9,10,0,34,37,23,0,100,0,0,56,88,16,23,84,16,31,83,76,25,53,21,80,80
Tom Handley,Merthyr Town FC,2793,Right Back,Left Back,England,25.0,,78,80,79,56,83,61,68,34,0,86,85,82,60,88,86,64,0,60,62,83,79,76,77,32,25,44,12,37,0,52,61,44,57,78,87,18,15,51,55,26,42,83,40,37,73,63,57,77,46,71,57,65,23,19,35,69,35,98,26,23,26,29,21,81,100,100,79,26,70,65,9,82,88,38,10,12,28,59,64,76,66,70,9,59,64,68,66,56,71,70,44,35,70,57,53,83,7,69,68,13,85,75,73,8,13,35,58,58
Tom Harrison,Chippenham Town,530,Left Centre Back,Right Centre Back,England,25.0,185.0,0,0,0,0,0,0,0,100,0,0,0,84,49,0,89,55,0,0,0,0,53,22,5,0,0,0,0,38,0,67,100,23,40,93,98,8,7,0,8,8,7,84,21,19,95,39,35,74,100,91,71,80,100,8,17,14,15,30,11,13,22,21,29,2,100,100,75,67,50,66,11,92,72,16,67,50,15,30,68,49,47,80,17,28,32,36,0,57,18,17,0,100,0,0,45,75,48,22,79,28,23,75,82,9,15,74,60,75
Tom Leahy,Tonbridge Angels FC,1451,Right Wing,Centre Attacking Midfielder,England,22.0,177.0,94,96,93,98,67,97,97,23,0,98,77,58,45,80,63,50,0,0,0,95,88,58,95,50,57,45,68,49,0,26,22,28,20,28,20,77,53,35,89,84,52,29,32,26,75,15,15,69,5,77,10,52,100,84,38,99,93,99,85,91,83,94,66,82,100,100,9,4,9,68,7,15,16,82,19,84,97,20,54,75,10,24,80,44,31,34,0,90,85,80,0,19,48,33,91,54,23,77,18,77,74,19,12,20,59,31,11,12
Tom Leak,Chester,2704,Right Centre Back,Left Centre Back,England,25.0,188.0,41,42,36,62,25,55,17,75,0,32,45,14,12,48,15,13,0,0,0,35,19,15,68,7,8,0,100,19,0,78,87,36,38,97,97,13,11,82,77,14,19,91,23,25,46,21,25,88,7,70,78,86,100,16,15,76,23,97,16,17,17,14,4,57,100,100,53,46,60,73,27,97,67,42,41,41,18,27,32,23,25,86,48,16,27,25,56,25,44,34,0,65,25,16,32,85,24,20,86,10,44,82,90,22,21,93,78,89
Tom Mark Tweedy,Darlington,542,Left Wing Back,Centre Attacking Midfielder,Wales,21.0,178.0,0,0,79,77,70,0,0,24,0,0,85,99,98,0,98,98,99,99,91,60,96,91,0,87,80,91,19,69,0,6,18,23,23,29,29,46,39,48,56,68,91,61,27,22,100,28,22,54,0,100,6,18,100,51,46,87,68,98,66,59,69,74,72,100,100,100,29,2,42,77,17,50,48,77,1,13,88,39,84,86,35,30,82,56,93,93,88,98,89,93,0,2,99,60,95,35,85,40,12,93,61,62,65,19,0,48,53,13
Tom Mehew,Chippenham Town,2934,Left Defensive Midfielder,Right Defensive Midfielder,England,25.0,181.0,40,41,58,40,61,35,46,42,0,49,44,73,67,47,77,71,0,71,69,33,61,60,7,67,68,66,46,35,0,38,44,52,61,40,47,59,60,70,93,48,98,98,77,62,33,83,73,73,24,13,55,22,100,59,74,99,88,99,45,48,46,75,37,26,100,100,88,59,60,24,47,50,59,71,65,59,52,96,81,75,86,64,66,90,77,86,61,81,60,65,44,72,51,82,83,53,47,55,64,45,38,51,51,63,80,40,56,61
Tom Moore,Southport,3123,Left Centre Back,Right Centre Back,England,27.0,193.0,58,60,52,87,29,89,94,85,0,74,0,27,29,0,27,29,0,63,61,41,37,26,59,23,29,17,88,18,0,77,84,44,61,97,98,13,15,95,69,9,30,99,25,29,90,34,44,60,25,88,87,92,7,14,21,64,30,97,11,13,14,20,7,37,100,100,85,56,91,29,59,98,89,30,42,31,12,36,24,20,69,86,35,22,36,25,72,58,51,42,0,72,29,12,53,76,50,18,79,17,47,88,88,19,16,65,86,86
Tom Owen-Evans,Chippenham Town,2134,Right Midfielder,Left Midfielder,England,29.0,180.0,80,77,77,62,77,61,86,14,28,83,64,84,78,68,88,82,0,67,73,72,79,77,24,46,44,52,36,63,0,47,39,23,32,40,42,55,33,43,67,80,77,35,31,23,32,39,31,55,11,49,34,53,19,60,70,90,87,99,82,79,84,91,75,46,100,100,23,49,17,45,13,30,23,89,68,76,69,32,47,61,15,36,39,55,60,54,75,82,80,77,48,31,73,87,89,36,19,93,29,51,79,21,11,34,30,25,15,5
Tom Peers,Chester,1708,Centre Forward,Left Centre Forward,England,30.0,178.0,74,65,88,81,82,42,39,7,99,86,71,61,72,75,66,80,0,0,0,67,82,79,7,33,25,45,12,31,0,15,11,8,7,19,22,73,40,34,62,96,46,9,18,12,79,17,10,38,8,87,16,69,100,80,65,95,88,99,94,96,94,95,90,35,4,100,13,10,7,46,58,6,7,94,16,54,89,14,52,71,13,14,21,45,34,38,0,81,88,85,0,100,37,41,75,35,39,80,30,43,84,9,21,93,84,81,12,29
Tom Platt,Darlington,2356,Left Defensive Midfielder,Right Defensive Midfielder,England,32.0,185.0,43,44,38,70,24,64,11,67,0,41,61,62,52,65,67,58,0,0,0,48,48,36,49,11,8,20,5,10,0,47,71,36,36,75,77,68,71,64,96,47,97,99,77,54,76,74,53,62,56,49,70,93,20,68,69,99,92,99,46,53,47,72,26,87,100,100,48,42,37,33,50,76,31,81,46,52,41,48,82,70,14,59,59,46,35,36,50,90,63,56,47,31,53,93,83,79,22,36,67,42,37,41,51,51,44,58,42,48
Tom Pugh,Spennymoor Town,1157,Right Defensive Midfielder,Centre Attacking Midfielder,Wales,25.0,169.0,56,57,72,47,77,39,39,17,0,78,0,65,70,0,22,34,0,96,93,38,68,74,5,54,44,66,14,55,0,39,39,10,9,57,52,89,91,28,96,62,99,93,71,34,67,57,27,18,26,45,51,53,100,88,70,99,97,100,63,75,59,85,29,50,100,100,37,26,55,34,41,55,60,78,42,69,62,51,63,61,26,41,34,62,78,34,93,36,69,63,0,73,32,16,75,44,58,56,42,46,70,68,54,34,96,14,66,74
Tom Scott,Oxford City,1753,Right Defensive Midfielder,Right Attacking Midfielder,England,22.0,182.0,84,87,82,81,73,83,80,22,0,82,97,89,62,98,92,69,0,0,0,95,85,67,97,43,46,44,54,53,0,29,47,37,29,54,49,85,84,62,95,65,79,80,63,45,57,53,37,79,21,44,51,69,16,89,75,99,97,99,66,79,63,94,51,69,100,100,40,29,33,30,61,47,29,84,38,59,55,51,15,56,26,46,50,61,46,52,0,76,74,70,84,53,65,93,66,72,15,66,63,27,65,31,22,89,97,24,42,42
Tom Walker,Chorley,687,Right Midfielder,Right Wing,England,30.0,183.0,69,71,57,15,78,50,27,20,0,35,78,74,78,0,57,63,98,92,89,74,61,79,84,81,91,56,83,34,0,12,37,18,18,42,45,62,66,0,73,55,96,69,77,43,57,76,45,89,19,33,33,59,3,64,60,76,70,99,52,56,55,65,51,58,100,100,24,2,27,86,1,52,54,82,7,53,95,73,30,32,24,34,98,71,92,86,92,0,52,59,0,30,90,21,0,25,78,62,11,70,85,70,54,9,24,12,53,42
Tom Whelan,Fylde,2320,Right Centre Midfielder,Right Defensive Midfielder,England,30.0,172.0,0,0,60,43,62,0,38,45,0,44,95,97,99,92,93,98,95,98,96,75,83,92,17,46,47,49,45,67,0,11,40,44,63,55,69,46,36,30,77,64,95,94,77,58,89,95,87,74,54,66,46,41,20,45,84,88,84,99,66,57,70,75,44,64,100,100,95,62,77,23,38,59,84,51,80,77,52,95,92,86,93,61,40,93,90,79,92,83,55,59,89,71,57,28,75,43,47,67,58,45,50,54,57,22,29,47,46,49
Tom Wilson,King's Lynn Town FC,2434,Right Centre Back,Centre Back,England,25.0,170.0,0,0,47,29,55,0,31,64,0,45,0,44,35,0,48,37,0,0,0,0,43,45,9,16,19,15,88,16,0,81,91,78,91,96,98,12,10,86,66,19,53,98,35,60,81,55,82,82,70,79,98,95,21,12,20,55,15,86,19,13,15,19,21,16,100,100,77,31,80,15,30,97,88,33,16,18,26,89,62,51,41,86,33,50,48,52,50,54,61,57,0,73,38,27,64,91,11,19,90,9,23,89,85,14,12,27,85,78
Tom Wraight,AFC Hornchurch,2835,Left Defensive Midfielder,Left Centre Midfielder,England,31.0,175.0,68,70,65,49,66,61,27,33,0,67,57,86,80,47,54,40,90,98,95,64,72,70,20,30,31,33,54,24,0,54,68,30,25,63,64,42,49,89,86,45,99,99,76,49,82,73,46,77,37,57,82,82,100,42,43,93,86,99,44,39,42,60,22,49,100,100,53,6,60,85,18,65,77,72,13,58,58,56,77,69,18,63,6,51,90,68,95,60,51,53,0,66,52,44,56,81,16,42,65,46,37,74,58,30,61,10,71,63
Tommy Buckwell-Willard,Salisbury,1500,Centre Attacking Midfielder,Left Attacking Midfielder,England,25.0,175.0,83,85,78,55,83,70,47,10,0,83,55,65,89,58,50,71,0,91,94,78,73,88,74,57,44,70,11,24,0,4,32,12,15,12,14,36,20,34,57,91,66,20,17,13,97,20,15,92,32,92,3,12,100,47,55,93,85,99,88,77,89,89,74,100,100,100,13,35,26,15,46,5,26,66,65,85,93,35,26,47,24,26,91,56,88,79,90,47,79,80,56,31,84,81,55,12,40,94,17,41,94,38,46,65,60,55,42,48
Tommy Wood,Enfield Town FC,657,Right Centre Forward,Centre Forward,England,27.0,188.0,70,72,91,99,63,69,84,21,0,80,0,50,80,0,55,88,0,0,0,54,84,67,1,0,0,0,0,28,0,36,25,25,15,50,36,34,11,0,28,87,29,6,20,19,39,12,11,21,0,69,32,95,100,34,11,32,60,98,94,74,96,76,92,100,100,100,5,0,5,65,100,35,1,98,1,45,83,10,14,51,0,3,0,24,28,31,0,72,87,82,0,100,42,61,71,80,17,41,64,27,64,0,0,94,79,54,1,1
Tommy-Lee Higgs,Salisbury,399,Centre Forward,Centre Attacking Midfielder,England,21.0,176.0,81,84,93,78,94,55,9,1,0,55,0,65,35,0,71,38,0,0,0,69,90,81,2,16,22,0,100,16,0,50,39,0,0,38,42,80,65,0,91,98,44,10,23,13,57,41,19,30,70,76,3,16,100,84,94,99,83,99,98,99,99,96,100,4,100,100,2,11,10,10,12,34,13,90,9,28,88,15,27,62,3,29,49,31,63,74,0,0,91,91,92,100,0,0,86,56,26,70,64,18,79,26,28,45,78,47,23,35
Tony Craig,Dorking Wanderers FC,1179,Left Centre Back,Centre Back,England,41.0,184.0,0,0,32,87,14,0,55,80,0,47,0,14,17,0,15,18,0,0,0,0,17,11,30,9,0,20,0,33,0,85,89,35,51,97,99,11,13,93,71,9,36,97,48,36,48,72,59,86,26,46,90,86,9,11,22,46,9,42,7,9,9,9,5,50,100,100,75,63,80,85,71,96,76,24,9,1,9,14,48,38,38,90,43,12,12,14,0,54,38,25,0,100,32,41,43,71,60,20,78,29,24,81,73,60,51,17,85,76
Tony Lee,AFC Totton,2636,Centre Forward,Right Centre Forward,England,30.0,,94,95,96,85,96,77,71,2,0,97,80,63,50,83,68,55,0,0,0,94,94,88,83,35,31,43,29,76,87,29,35,8,9,49,52,43,13,68,49,92,55,7,12,9,46,13,10,10,10,85,43,95,100,44,52,82,72,98,96,81,95,80,79,56,100,7,5,0,3,55,5,39,5,98,2,60,92,10,50,80,0,9,32,27,39,41,49,72,93,91,71,72,25,12,83,69,37,37,64,32,55,14,24,95,39,71,21,17
Trae Cook-Appiah,Hemel Hempstead Town,781,Centre Forward,Right Centre Forward,England,25.0,190.0,65,67,76,66,73,50,81,10,0,76,93,43,36,95,46,39,0,0,0,82,65,59,93,39,53,24,89,69,98,2,9,9,9,0,0,73,28,41,76,99,34,2,16,11,97,20,13,28,70,93,6,66,100,78,81,96,96,99,99,98,99,99,93,64,100,100,0,1,8,2,76,0,6,98,7,64,99,4,12,27,2,2,98,20,0,0,0,79,91,85,0,0,39,27,96,14,91,60,6,91,76,11,3,99,86,30,31,8
Trent Reagen Mahorn Rendall,Dagenham & Redbridge,1063,Right Centre Back,Right Back,England,24.0,190.0,58,59,29,38,27,92,97,64,0,52,0,25,29,0,11,19,0,83,81,40,20,25,74,34,31,42,29,37,0,45,70,46,35,84,74,43,35,59,88,25,19,81,75,57,98,51,39,83,97,88,87,77,7,43,24,96,49,97,26,30,26,44,41,11,100,100,28,4,47,41,2,90,75,72,12,62,29,54,6,6,15,48,61,29,56,36,82,57,44,38,0,44,46,15,45,91,6,32,66,23,66,91,91,5,6,78,83,89
Tristan Gill,Buxton,358,Left Back,,England,19.0,,0,0,30,13,46,0,0,51,0,0,0,22,24,0,24,25,0,0,0,0,20,33,26,37,42,36,68,19,0,45,55,46,63,76,88,63,43,95,96,18,67,94,88,69,57,96,88,64,10,22,95,70,100,60,88,99,60,47,12,35,26,46,31,100,100,100,63,13,82,77,67,78,79,30,14,38,36,86,82,66,39,62,45,66,42,29,75,69,44,35,0,12,55,14,56,87,6,55,67,61,19,73,84,90,98,87,83,92
Tye Barton,Darlington,568,Right Back,Right Centre Back,USA,21.0,178.0,0,0,12,1,30,0,0,57,0,0,0,25,28,0,26,29,0,0,0,0,12,26,36,39,40,41,52,43,0,48,50,44,46,75,79,24,26,75,55,30,85,90,32,33,49,39,38,85,32,62,10,17,100,28,38,71,35,97,26,28,30,33,36,100,100,1,41,25,47,11,15,76,63,24,26,43,50,74,87,73,31,55,79,53,50,34,78,55,13,12,0,41,45,27,44,84,7,63,31,81,53,66,68,10,28,47,51,63
Tyler Cordner,AFC Totton,2808,Left Centre Back,Right Centre Back,England,27.0,188.0,51,53,55,56,50,52,63,62,0,60,57,37,33,60,39,33,0,64,62,52,45,40,67,27,25,33,34,8,0,68,74,45,59,90,94,11,9,95,58,9,23,97,26,30,95,31,41,87,85,90,83,88,12,13,18,64,16,80,9,11,11,14,9,31,100,100,72,53,87,63,55,90,88,44,45,38,18,42,38,37,53,74,39,24,29,27,56,65,54,45,58,44,35,41,60,79,42,18,79,20,41,90,82,23,17,10,89,77
Tyler Hill,Spennymoor Town,1542,Left Back,Left Centre Back,England,20.0,190.0,0,0,7,0,8,0,0,100,0,0,55,18,23,58,19,24,0,0,0,32,8,9,77,22,14,34,5,26,0,64,65,60,53,84,84,40,26,86,62,21,52,90,89,77,96,89,75,69,94,75,74,70,100,35,35,73,45,98,14,25,21,32,21,29,100,4,60,9,61,91,4,89,87,55,32,85,28,77,54,38,40,68,43,43,69,72,70,0,8,19,0,66,39,14,0,94,4,24,87,12,31,87,83,7,17,30,74,78
Tyler James,Radcliffe,320,Left Centre Forward,Left Wing Back,England,22.0,181.0,97,98,99,99,75,97,97,17,0,99,0,51,26,0,56,27,0,0,0,95,97,57,45,19,27,0,100,22,0,3,73,39,27,25,30,89,79,0,97,86,64,27,60,44,83,41,30,100,0,68,2,21,100,94,86,99,99,99,82,94,79,99,94,100,100,100,13,5,14,15,44,7,16,59,4,18,96,17,74,93,9,41,85,49,60,70,0,73,85,85,0,100,58,61,81,68,19,65,59,10,97,24,0,48,99,2,22,4
Tyrese Dyce,Slough Town FC,1752,Left Back,Left Centre Back,England,25.0,181.0,62,64,57,85,36,87,67,60,0,53,0,32,36,0,34,39,0,0,0,45,43,34,51,38,39,40,52,67,0,49,63,33,27,95,96,40,52,91,95,19,48,98,82,56,98,73,48,76,70,88,77,91,5,37,31,97,46,98,13,23,17,27,10,9,100,100,46,13,37,79,13,94,52,50,4,7,31,61,18,31,31,61,91,33,40,45,0,29,40,38,0,6,65,44,32,90,6,39,73,19,59,68,63,21,61,26,62,68
Tyrique Clarke,Slough Town FC,2525,Left Defensive Midfielder,Right Defensive Midfielder,England,24.0,175.0,0,0,57,33,64,0,26,30,0,45,81,55,58,85,57,57,0,74,76,56,53,59,53,58,64,52,63,55,0,32,48,47,34,42,36,90,81,53,99,64,98,89,97,83,94,86,63,36,35,56,13,29,100,87,64,99,97,100,60,79,65,96,57,25,100,100,29,38,27,29,41,34,28,72,48,61,62,57,42,33,21,51,88,58,46,42,68,59,52,48,60,15,59,93,51,61,42,46,48,57,53,41,35,50,54,28,41,34
Tyrone Marsh,Bedford Town,3296,Centre Forward,Left Centre Forward,England,32.0,180.0,99,98,94,86,89,94,90,7,99,97,72,53,62,76,56,65,0,70,67,97,89,83,98,43,46,44,55,64,91,11,31,15,10,27,18,56,29,29,55,94,58,12,11,11,44,9,8,36,4,85,20,67,100,63,25,93,67,99,94,90,93,80,87,32,8,100,5,18,14,62,57,15,13,90,26,56,93,23,42,63,8,23,36,43,45,49,47,78,90,88,73,41,57,68,88,31,20,94,41,23,92,18,12,93,96,35,26,27
Vaughan Redford,Worksop Town FC,2753,Right Defensive Midfielder,Left Defensive Midfielder,England,27.0,,52,53,68,86,51,52,22,41,0,52,45,50,43,47,54,48,0,0,0,44,60,45,15,43,47,42,61,73,93,26,47,29,25,44,33,60,63,47,88,64,99,98,61,40,39,41,29,61,23,29,59,78,100,62,47,97,92,99,62,60,61,85,43,58,100,100,47,25,50,51,52,47,46,88,35,59,55,60,49,47,25,51,21,62,62,69,56,66,57,58,44,72,30,48,69,65,22,65,55,60,41,46,43,51,52,32,48,42
Victor Akinwale,Eastbourne Borough,317,Right Midfielder,Left Midfielder,England,21.0,185.0,0,0,72,26,92,0,84,4,0,88,0,38,26,0,41,27,0,0,0,0,60,75,3,0,0,0,0,66,0,21,30,0,0,14,11,40,23,0,14,81,49,31,0,0,0,0,0,74,0,86,20,54,100,53,57,48,33,53,78,67,76,53,100,100,100,100,2,1,8,74,44,1,10,97,25,98,74,5,5,12,3,7,84,25,46,53,0,73,73,70,0,100,0,0,81,84,8,58,55,20,86,27,3,70,74,6,30,5
W.Glennon,Leamington FC,398,Right Centre Back,,England,23.0,181.0,82,84,72,32,87,64,50,49,0,88,0,15,22,0,16,23,0,0,0,69,54,68,85,26,38,0,100,28,0,49,86,31,33,98,98,10,15,93,47,8,69,99,24,23,92,28,26,71,100,89,80,93,100,10,12,28,19,99,8,8,6,15,7,100,100,100,60,6,87,14,19,96,94,25,12,56,18,41,28,25,28,100,56,18,0,0,0,0,67,55,0,0,0,0,0,91,12,13,78,42,0,92,55,7,90,0,90,70
W.Makowski,Slough Town FC,2261,Centre Forward,Right Wing,Poland,23.0,181.0,93,91,91,90,81,84,89,2,34,88,99,91,83,99,94,91,0,0,0,98,94,83,98,36,32,44,29,28,88,32,27,8,8,7,6,44,15,18,20,99,36,3,14,10,90,11,9,35,10,91,8,39,100,49,35,55,71,93,99,87,98,86,94,87,100,100,1,16,8,64,72,0,6,90,41,83,98,10,48,77,1,13,80,34,58,68,0,92,85,84,76,74,45,31,89,32,30,88,22,61,80,12,1,74,52,18,12,1
Warren Clarke,Chorley,2709,Left Midfielder,Right Midfielder,England,28.0,172.0,52,53,61,58,56,48,68,36,0,71,58,63,55,61,66,56,0,71,70,53,59,53,30,50,54,49,55,40,86,18,46,47,42,59,59,74,63,38,91,68,97,87,97,83,93,88,69,73,46,55,61,79,100,69,48,97,89,99,65,67,65,89,64,80,100,100,28,3,24,75,11,54,34,75,16,81,78,47,36,34,11,32,77,56,87,75,91,66,73,73,0,17,92,75,83,86,8,55,45,25,87,47,28,31,50,12,42,25
Will Armitage,Eastbourne Borough,601,Left Centre Back,Right Centre Back,England,21.0,,0,0,32,72,19,0,0,100,0,0,0,0,0,0,0,0,0,0,0,0,14,10,33,37,28,51,10,24,0,50,68,27,43,83,90,56,59,98,99,11,25,99,65,41,48,80,61,26,32,33,94,98,100,54,77,99,51,99,6,18,7,26,7,1,1,100,69,44,63,42,37,84,69,77,33,31,21,30,36,29,36,66,59,19,39,21,78,0,37,27,0,100,44,61,0,70,60,21,75,22,46,74,66,32,46,21,72,67
Will De Havilland,Maidenhead United,2472,Right Centre Back,Centre Back,England,31.0,191.0,72,74,62,94,35,96,95,58,0,64,0,35,17,0,37,17,0,0,0,56,49,22,67,13,14,15,81,16,0,81,83,43,54,95,98,22,24,99,89,18,44,97,64,49,88,76,64,53,76,72,93,96,100,19,30,80,34,98,18,16,13,20,6,53,100,100,40,27,48,41,29,94,57,56,9,9,21,30,27,32,10,80,65,20,27,29,0,84,65,57,46,100,25,14,70,86,21,23,87,14,17,79,58,33,18,5,78,42
Will Flint,Buxton,402,Right Centre Back,Centre Back,England,20.0,,0,0,20,50,14,0,0,100,0,0,0,13,22,0,13,23,0,0,0,0,11,13,39,0,0,0,0,16,0,60,100,30,33,95,96,40,36,53,95,25,32,92,82,54,95,88,65,57,92,76,46,58,100,35,41,99,51,99,16,26,21,26,7,4,100,100,75,56,90,9,57,98,86,41,35,23,8,32,6,6,56,100,79,16,24,27,0,0,23,18,0,100,0,0,0,81,26,27,91,9,0,89,92,36,9,96,89,91
Will Greenidge,AFC Hornchurch,776,Left Back,Left Wing Back,England,24.0,194.0,65,67,71,92,49,78,14,32,0,68,0,54,36,0,59,39,0,0,0,49,63,41,14,68,60,76,19,87,0,20,37,87,84,63,60,26,24,34,66,41,90,91,51,77,76,47,72,69,21,66,55,60,100,26,24,73,41,91,47,33,46,26,11,64,100,100,24,20,45,61,12,69,58,65,16,30,59,66,85,74,19,31,99,47,64,69,64,66,47,51,0,41,73,61,65,84,9,51,46,29,83,72,81,9,61,80,57,86
Will Hatfield,Darlington,749,Right Defensive Midfielder,Right Centre Midfielder,England,34.0,173.0,91,93,77,37,92,78,72,28,0,95,76,60,67,79,66,75,0,0,0,92,71,87,98,27,15,44,2,83,0,42,59,54,51,76,78,75,75,75,89,44,89,73,93,78,80,96,85,44,59,38,48,42,100,71,79,95,86,99,41,49,40,51,16,27,100,100,31,51,27,73,61,78,17,88,49,45,71,37,68,67,21,63,31,74,70,82,0,67,75,76,76,66,54,93,88,37,40,78,17,65,82,24,58,72,42,91,27,55
Will Jenkins,South Shields,2878,Left Defensive Midfielder,Right Defensive Midfielder,England,24.0,176.0,77,79,63,43,66,78,66,43,0,74,96,90,88,96,91,90,90,83,83,91,73,75,97,52,58,48,63,68,0,13,37,27,42,52,68,86,80,77,93,63,88,76,87,57,83,98,87,6,46,48,29,25,24,80,98,99,99,100,62,69,60,95,35,25,100,100,88,61,66,10,49,57,67,79,83,83,49,90,93,91,86,59,49,87,92,96,81,60,60,70,96,65,55,27,68,34,59,67,58,41,55,56,55,47,54,37,57,57
Will King,Chippenham Town,1900,Left Back,Left Centre Back,England,23.0,191.0,0,0,15,7,24,0,71,59,0,39,50,39,39,53,42,43,0,0,0,29,22,30,51,36,40,34,68,86,0,58,71,34,45,68,72,34,34,66,87,25,56,79,56,40,55,65,52,82,56,45,60,56,6,35,50,93,55,99,20,29,27,41,26,28,100,100,64,29,51,80,19,73,61,48,22,30,39,81,61,47,55,74,49,68,75,80,71,0,28,44,69,30,67,53,54,75,12,67,56,31,70,61,70,33,44,66,59,71
Will Lancaster,Fylde,316,Right Centre Back,Left Centre Back,England,23.0,185.0,0,0,0,0,0,0,0,100,0,0,0,32,26,0,34,27,0,0,0,0,13,9,35,0,0,0,0,22,0,40,83,0,0,94,98,9,8,73,51,14,11,93,73,31,100,83,43,87,0,100,62,94,100,8,14,24,8,0,23,11,18,18,100,100,100,100,94,90,67,34,68,94,59,72,82,39,13,34,4,5,93,84,94,19,0,0,0,0,0,0,0,0,0,0,0,56,66,33,56,89,0,66,75,49,19,71,67,67
Will McGowan,Darlington,2622,Centre Attacking Midfielder,Right Defensive Midfielder,England,23.0,171.0,83,85,77,69,72,81,69,29,0,86,93,96,96,83,94,95,97,93,91,92,88,88,88,48,55,43,69,70,0,15,49,20,20,29,36,80,73,43,93,68,93,74,69,39,60,73,43,85,33,40,32,44,100,84,82,99,97,99,65,78,66,96,62,56,100,100,56,53,45,85,30,25,54,80,85,91,69,76,86,89,57,52,82,90,90,86,90,89,77,79,95,61,67,34,89,30,46,80,40,63,58,43,25,25,54,13,35,23
Will Shorrock,Leamington FC,452,Left Wing,Right Wing,England,27.0,168.0,0,0,63,77,48,0,38,29,0,68,90,47,69,92,38,34,0,84,93,65,54,53,78,15,0,31,0,65,0,38,72,36,18,27,17,46,22,43,45,63,57,49,65,46,51,25,19,52,21,36,8,46,100,46,26,75,65,35,56,49,57,47,28,100,100,100,11,1,52,41,26,22,66,64,9,81,52,9,5,9,3,39,91,18,66,40,87,62,47,43,0,5,90,81,69,65,20,68,34,8,99,72,22,20,59,0,66,22
Will Spiers,Merthyr Town FC,786,Right Back,Right Centre Forward,England,20.0,,0,0,52,34,57,0,55,46,0,46,92,69,84,94,74,92,0,0,0,69,57,66,83,81,93,43,89,77,0,18,52,47,62,66,76,61,74,47,92,33,29,55,80,61,70,92,81,83,79,41,46,31,4,63,78,98,56,99,28,40,32,45,34,30,100,100,76,66,85,11,87,69,75,54,70,58,30,79,86,83,87,58,95,74,53,61,0,96,67,64,75,28,53,18,87,56,30,67,59,19,83,63,48,54,59,14,66,50
Will Trueman,Buxton,1617,Right Defensive Midfielder,Left Defensive Midfielder,England,23.0,179.0,0,0,40,57,32,0,55,62,0,60,0,42,26,0,45,27,0,0,0,0,37,25,12,34,34,38,47,70,0,35,63,62,78,50,55,77,79,73,94,55,82,79,81,71,66,93,89,78,20,35,37,53,100,79,91,99,94,99,55,63,54,81,32,66,100,100,59,63,37,11,55,51,31,70,85,83,50,49,58,45,41,73,48,67,39,44,0,65,50,46,54,65,52,95,45,42,34,79,20,82,66,39,43,60,76,46,41,50
Will Van Lier,King's Lynn Town FC,307,Right Wing Back,Right Centre Midfielder,England,21.0,180.0,0,0,0,0,0,0,0,100,0,0,96,59,62,97,64,70,0,0,0,77,32,29,97,42,47,39,68,78,0,77,33,26,38,73,85,86,62,0,95,59,74,64,84,54,57,93,75,4,81,26,92,71,100,85,96,99,97,99,64,75,63,94,49,17,100,100,56,31,31,56,23,74,32,67,48,69,65,83,78,60,60,47,97,78,73,72,77,74,20,34,0,41,59,14,61,42,49,66,52,13,95,51,63,46,61,68,51,68
William Jenkins-Davies,Bath City,2006,Right Midfielder,Right Wing,Wales,21.0,172.0,89,84,73,61,71,80,47,21,99,80,87,90,86,70,84,79,96,93,89,87,80,78,87,59,55,64,30,25,0,14,36,22,17,47,39,88,81,54,94,78,95,71,50,31,56,25,19,77,53,52,18,40,100,92,60,99,99,100,79,92,77,99,66,43,100,100,18,1,23,59,2,41,46,78,5,59,95,17,21,45,11,26,82,44,90,85,90,76,72,74,80,43,89,74,82,44,48,66,26,52,82,44,16,22,29,6,35,8
William John Dawes,Weston-super-Mare AFC,1469,Right Midfielder,Centre Attacking Midfielder,England,25.0,170.0,77,79,85,89,71,71,54,29,0,89,94,94,91,95,96,96,0,74,69,89,91,82,59,73,79,65,63,96,98,5,27,53,52,27,31,97,83,27,98,76,94,85,95,81,78,88,73,11,43,29,19,63,100,95,93,99,99,100,71,91,70,99,57,15,100,100,57,8,40,70,11,44,52,82,47,96,74,61,79,86,59,34,70,77,75,85,55,86,77,79,56,23,79,21,86,46,25,83,39,21,94,43,38,14,57,30,29,37
William Thornton,Scarborough Athletic,3222,Left Centre Back,Centre Back,England,28.0,191.0,39,40,35,72,21,55,55,77,0,45,43,35,16,46,38,17,0,0,0,32,30,14,44,15,18,14,89,46,0,79,86,46,42,94,95,26,26,88,89,15,11,94,59,48,92,65,50,81,79,78,87,96,25,26,26,93,50,98,13,16,11,23,5,65,100,100,28,10,40,42,15,94,52,73,3,8,12,10,11,14,6,80,74,11,18,20,0,52,55,44,43,100,28,95,53,90,12,23,88,11,27,83,71,36,22,11,83,64
Xavier Benjamin,Enfield Town FC,2933,Right Centre Back,Right Back,England,22.0,183.0,0,0,11,5,14,0,0,58,0,0,44,24,14,47,25,15,0,0,0,25,11,10,61,20,24,18,86,36,0,72,79,53,37,82,71,34,33,94,89,21,67,95,42,43,96,30,29,53,90,88,52,63,100,35,17,94,48,99,20,25,20,29,12,33,7,100,17,9,27,53,19,79,36,64,33,86,28,47,9,8,3,65,70,21,26,22,61,40,12,10,44,41,30,31,30,93,4,31,78,30,22,64,41,22,40,8,57,34
Yacou Traore,Enfield Town FC,403,Centre Defensive Midfielder,Right Defensive Midfielder,Burkina Faso,21.0,183.0,0,0,18,41,14,0,0,56,0,0,92,89,49,94,93,54,0,0,0,69,61,29,75,26,22,33,29,79,0,81,64,60,35,58,43,87,90,65,95,29,92,98,99,97,97,90,68,42,92,59,33,35,100,79,33,98,86,80,25,34,19,75,39,31,100,100,31,36,15,22,1,65,26,66,37,47,39,19,38,25,17,70,71,22,39,44,0,87,23,24,0,100,0,0,73,67,39,39,45,56,57,62,85,8,44,94,41,87
Zac McEachran,Oxford City,1417,Centre Attacking Midfielder,Left Wing,England,30.0,171.0,78,80,73,80,61,84,84,37,0,83,97,91,79,98,94,87,0,0,0,93,80,65,96,57,74,31,89,85,0,1,48,26,16,31,24,94,94,0,88,71,68,41,64,40,79,38,23,36,16,62,8,16,100,95,63,98,95,99,69,91,70,87,38,100,100,100,44,69,31,36,66,36,23,90,89,84,64,54,62,62,59,42,73,83,59,69,0,77,66,65,93,72,48,75,77,43,31,80,45,44,70,22,42,64,68,80,22,46
Zachary Willis,Peterborough Sports FC,892,Right Centre Back,Centre Back,Wales,20.0,,0,0,18,23,19,0,55,100,0,38,0,20,20,0,21,21,0,0,0,0,13,15,35,32,42,22,88,35,0,67,87,27,37,92,96,34,45,0,79,15,20,92,61,39,63,72,52,50,70,49,70,76,100,32,47,91,36,99,9,18,11,21,7,15,100,100,68,37,63,2,18,93,77,45,24,25,22,49,48,38,52,83,45,25,30,33,0,0,12,12,0,28,36,61,0,83,28,21,84,16,27,80,82,15,6,58,72,65
Zak Gilsenan,Buxton,507,Centre Attacking Midfielder,Left Centre Forward,Australia,23.0,177.0,91,93,95,97,77,92,94,8,0,97,0,60,30,0,65,31,0,0,0,83,92,61,14,60,71,44,81,58,0,2,31,17,21,24,19,28,25,0,5,85,47,36,47,27,98,45,29,72,70,91,6,27,100,30,38,12,32,66,82,56,82,33,40,100,100,100,8,5,21,69,1,18,49,69,11,55,67,42,86,84,14,37,84,34,44,50,0,80,72,68,97,100,47,19,66,51,20,83,32,93,35,69,24,5,0,1,39,0
Zak Joseph,Chesham United FC,529,Centre Attacking Midfielder,Left Centre Midfielder,England,33.0,,75,77,62,26,75,64,78,18,0,52,0,84,70,0,89,79,0,0,0,61,69,73,20,41,31,55,10,91,0,3,35,23,20,10,9,66,27,44,78,90,89,48,44,29,42,35,24,41,10,46,12,33,100,69,70,91,89,99,90,91,92,92,74,46,100,100,24,63,3,51,1,0,13,76,74,66,95,47,23,47,34,36,97,72,60,71,0,99,90,90,0,19,64,93,99,40,43,74,50,79,31,8,1,80,96,23,8,5
Zanda Siziba,Kidderminster Harriers,450,Right Wing,Left Wing,Zimbabwe,22.0,175.0,79,81,74,52,78,69,84,11,0,89,90,80,44,92,85,49,0,0,0,87,75,66,92,81,76,85,29,46,0,7,10,11,11,35,48,55,36,66,52,82,86,30,14,11,39,16,12,91,92,80,3,31,100,67,77,86,94,92,84,81,82,97,80,100,100,100,15,13,24,48,66,30,19,60,49,93,98,16,13,31,22,13,98,62,74,86,0,84,81,83,0,3,95,95,91,14,59,86,10,85,76,21,36,98,99,73,35,72
Ángelo Balanta,AFC Hornchurch,2370,Centre Attacking Midfielder,Centre Forward,Colombia,35.0,179.0,97,98,93,81,92,93,68,11,0,96,61,87,76,65,91,84,0,0,0,97,94,90,95,23,22,28,52,18,0,18,29,16,14,33,33,35,14,63,62,90,89,51,9,10,34,8,9,90,12,87,24,80,100,47,41,89,77,99,92,77,90,86,84,100,100,100,38,15,20,48,40,38,16,94,29,68,90,38,88,93,22,32,46,81,85,95,0,88,95,97,94,65,64,69,86,62,12,84,52,21,88,15,34,73,50,81,16,31
A . Grout,Eastbourne Borough,2235,Right Centre Midfielder,Right Attacking Midfielder,England,,,56,58,53,35,58,52,40,31,0,51,48,68,60,50,71,61,0,74,72,50,57,56,29,43,48,41,62,20,0,30,41,31,39,28,35,81,64,19,91,75,99,88,40,31,81,52,41,84,55,76,41,47,100,88,90,99,99,99,73,88,75,99,63,86,100,100,28,21,31,34,44,36,27,83,28,52,69,35,29,36,17,39,78,58,62,58,75,62,57,55,64,35,62,59,70,55,18,83,34,60,67,44,45,89,95,39,57,64
A.Crowther,Leamington FC,1816,Right Centre Back,Left Centre Back,England,22.0,190.0,0,0,29,63,18,0,94,79,0,30,0,23,20,0,24,21,0,0,0,0,19,15,27,15,13,22,29,18,0,85,87,43,17,96,86,29,31,96,97,11,10,92,58,45,74,42,25,86,20,61,63,86,16,31,16,98,59,99,8,19,12,29,9,70,100,100,28,3,38,46,1,96,75,58,17,87,15,22,0,1,5,82,47,13,10,11,0,54,43,29,51,0,27,61,49,95,3,23,86,12,36,91,85,5,5,12,81,71
A.Lafleur,Chesham United FC,1217,Left Wing Back,Left Centre Back,England,26.0,,54,56,43,20,57,50,9,38,0,42,83,59,48,86,64,54,0,0,0,68,48,52,88,61,64,60,52,44,94,53,53,56,57,58,61,47,36,85,79,51,79,69,46,48,70,49,50,52,5,65,27,49,9,48,55,92,74,99,59,54,64,83,83,52,100,100,42,9,33,86,9,53,52,56,7,24,69,44,37,42,39,67,60,65,76,86,58,54,65,68,61,23,85,34,52,76,8,76,38,34,85,51,7,16,82,1,39,11
A.Young,Chesham United FC,2886,Centre Back,Left Centre Back,England,29.0,188.0,40,41,39,99,10,96,38,85,0,37,0,14,15,0,14,13,0,64,61,25,21,9,42,23,29,18,88,14,86,76,82,24,26,75,74,9,8,91,54,10,10,78,18,18,95,18,19,88,96,91,59,61,6,10,12,60,11,85,8,10,10,9,3,50,100,8,59,95,35,14,72,70,29,48,95,61,7,5,28,23,43,85,60,8,17,19,0,40,32,22,0,100,0,0,43,59,83,17,50,81,29,43,44,72,81,39,51,54
AJ Warburton,Marine,318,Centre Forward,Right Wing,England,20.0,,0,0,71,60,68,0,26,18,0,48,0,21,26,0,0,0,0,82,86,0,53,52,5,51,27,73,2,22,0,9,26,0,0,14,10,74,43,60,66,91,42,19,21,12,17,16,10,38,46,46,2,44,100,80,68,96,90,99,88,92,86,96,87,18,100,100,25,12,8,1,44,1,10,95,55,96,98,5,6,18,31,26,76,71,72,52,86,0,79,75,0,100,0,0,60,36,6,99,4,9,99,1,4,92,21,77,2,1
Aaron Cosgrave,Ebbsfleet United,1407,Centre Forward,Left Centre Forward,England,26.0,185.0,68,70,85,94,65,64,64,15,0,79,0,44,59,0,48,66,0,0,0,52,74,60,5,40,42,41,55,60,0,2,6,8,8,6,8,94,68,0,86,99,23,1,12,9,8,15,10,39,4,57,0,9,100,97,99,99,96,99,99,99,99,99,96,59,100,100,1,58,3,64,76,0,1,98,74,73,99,10,28,51,10,1,97,49,31,34,0,93,91,88,0,100,30,14,98,0,56,98,3,48,98,0,0,92,71,64,0,1
Aaron Haper-Bailey,Oxford City,594,Left Centre Back,Centre Back,England,24.0,194.0,0,0,45,55,39,0,0,100,0,0,0,0,0,0,0,0,0,0,0,0,22,19,24,32,28,40,29,10,0,70,72,42,36,99,98,13,10,81,83,7,13,98,51,41,98,64,47,60,100,91,95,97,100,11,13,61,8,57,5,8,6,10,21,51,100,100,71,51,73,77,35,99,76,74,27,18,8,6,18,15,50,74,78,7,0,0,0,0,32,18,0,0,0,0,0,86,25,16,92,7,0,84,81,27,29,37,82,80
Aaron Henry,AFC Hornchurch,607,Right Defensive Midfielder,Centre Defensive Midfielder,England,22.0,175.0,72,74,54,8,84,50,27,28,0,80,83,77,90,86,48,60,0,96,97,78,62,90,90,0,0,0,0,10,0,57,82,65,63,61,63,61,54,31,89,46,96,97,50,55,46,43,51,86,70,43,43,56,100,68,53,98,91,99,41,48,41,66,21,52,100,100,69,9,90,47,11,77,95,35,12,43,40,88,32,35,37,73,9,57,98,90,98,0,0,31,83,61,72,55,0,86,19,25,82,22,24,92,92,5,0,77,90,85
Aaron Lacey,Hampton & Richmond,471,Right Back,Right Centre Back,England,19.0,187.0,92,94,41,20,55,99,97,39,0,84,0,0,0,0,0,0,0,0,0,85,19,32,99,51,58,46,68,33,0,82,63,66,59,73,68,41,22,71,88,30,53,99,43,53,70,35,44,79,16,67,81,92,100,45,39,96,56,99,26,35,32,57,59,100,100,100,36,7,34,25,1,75,69,61,12,50,25,25,19,14,13,58,23,22,57,39,81,0,67,60,0,100,0,0,48,90,8,28,73,15,70,82,54,5,22,2,62,41
Aaron Martin,Worksop Town FC,1886,Centre Forward,Left Centre Forward,England,34.0,183.0,97,97,95,86,92,89,81,6,99,98,68,82,61,72,87,68,0,0,0,95,94,86,86,41,27,59,5,33,0,29,19,20,21,35,32,77,50,29,80,92,85,30,50,29,84,42,27,15,55,74,66,99,100,77,56,96,90,99,93,95,93,94,80,40,100,5,20,1,16,62,54,35,11,98,2,39,98,21,83,91,4,13,83,61,52,59,0,93,98,98,51,16,74,87,97,58,36,57,16,68,82,17,34,99,97,79,31,57
Aaron Pickles,Southport,931,Right Centre Back,,England,21.0,188.0,0,0,17,11,24,0,0,100,0,0,69,20,20,72,21,21,0,0,0,44,12,18,83,19,13,31,5,18,0,77,75,18,28,97,99,16,20,95,71,8,11,72,16,15,88,28,24,48,32,90,43,83,6,17,36,81,27,72,6,7,6,8,1,39,100,100,73,66,64,6,45,97,65,17,9,1,9,20,10,8,56,87,37,13,22,24,0,41,53,44,0,100,0,0,60,68,71,15,84,12,45,85,90,39,8,90,85,85
Aaron Powell,Peterborough Sports FC,1868,Left Centre Back,Left Back,England,23.0,177.0,0,0,21,22,24,0,0,71,0,0,51,34,37,54,36,40,0,0,0,29,22,29,51,27,34,22,86,75,0,64,76,64,67,86,89,34,34,89,95,27,37,93,79,71,57,86,78,57,24,29,76,72,100,30,42,98,52,99,22,25,22,27,8,17,100,100,59,21,59,78,17,85,78,57,56,91,29,76,24,24,38,73,46,43,47,53,0,28,17,23,0,28,54,52,31,91,7,27,81,23,27,78,65,14,79,13,69,76
Aaron Skinner,Hereford FC,2444,Right Back,Left Back,England,24.0,174.0,54,43,18,26,18,74,71,63,99,41,46,48,60,49,47,65,0,77,63,37,30,37,60,46,54,39,73,59,94,55,68,62,66,72,75,64,59,75,94,29,91,97,93,81,90,92,83,35,52,54,62,51,21,55,59,97,62,99,25,32,23,49,32,32,100,100,61,41,63,56,54,73,60,47,55,67,37,74,53,39,44,74,45,60,70,73,73,26,34,44,0,28,69,41,52,85,9,50,75,18,57,58,60,35,64,44,56,65
Adam Anson,Alfreton Town,591,Right Centre Back,,England,29.0,183.0,73,75,67,88,47,92,78,58,0,70,0,17,17,0,18,18,0,0,0,58,48,30,72,13,0,28,0,10,0,85,82,21,12,88,67,23,29,87,50,10,13,49,66,38,71,23,15,60,78,52,58,75,100,21,9,35,26,26,10,10,7,15,4,100,100,100,10,1,51,33,5,89,78,47,18,96,17,17,8,9,0,71,14,14,30,33,0,54,70,63,0,12,44,61,0,93,5,23,90,7,64,92,90,6,4,3,92,82
Adam Anson,Marine,2108,Right Centre Back,Right Back,England,29.0,183.0,58,59,51,93,24,93,55,63,0,50,49,30,18,51,31,19,0,0,0,52,37,17,75,20,21,21,75,23,89,81,77,59,46,97,90,32,46,96,89,10,31,97,85,72,94,58,48,71,83,72,98,95,19,28,18,88,23,92,7,17,11,19,10,16,100,100,17,1,34,70,4,96,56,79,6,74,26,16,28,20,0,63,29,15,30,23,66,49,40,30,66,34,41,61,51,95,3,31,73,14,73,84,66,7,34,4,70,63
Adam Barton,Curzon Ashton FC,1748,Centre Defensive Midfielder,Centre Back,England,35.0,190.0,62,64,70,92,47,75,78,48,0,63,52,36,24,55,36,22,0,72,67,58,57,34,49,15,17,17,81,10,0,74,78,21,16,73,68,26,33,86,69,34,72,92,53,32,78,43,25,72,32,67,59,42,100,26,21,81,45,98,35,30,36,37,31,69,100,100,37,66,37,38,72,71,29,49,82,76,27,26,45,50,14,70,48,22,37,37,53,29,61,54,52,100,28,41,32,63,41,43,69,42,31,54,71,74,37,82,62,71
Adam Blakeman,Chorley,1925,Left Back,Centre Attacking Midfielder,England,34.0,175.0,71,73,53,13,75,55,42,40,0,63,93,92,97,84,75,81,96,97,98,85,71,92,91,21,30,0,100,27,0,78,88,34,26,77,74,19,22,57,60,33,87,87,55,39,67,30,24,87,43,57,61,56,100,19,11,47,31,95,31,27,37,38,63,41,100,100,55,1,97,85,13,83,98,16,8,78,63,97,56,52,29,85,1,77,99,98,99,73,26,59,0,51,98,55,54,89,16,15,80,24,29,92,89,12,5,2,93,81
Adam Crowther,Chelmsford City,626,Left Centre Back,Centre Attacking Midfielder,England,25.0,194.0,71,74,65,79,51,84,94,100,0,75,82,60,26,85,65,27,0,0,0,77,61,38,89,0,0,0,0,10,0,71,89,68,79,86,91,9,9,96,18,15,43,99,17,38,46,17,49,81,96,77,93,90,100,9,11,13,24,54,19,19,30,31,58,100,100,1,62,43,82,59,78,83,79,30,34,34,25,71,41,47,27,79,83,28,84,21,97,73,70,61,0,35,71,83,60,83,28,22,82,29,0,81,62,89,99,5,88,85
Adam Henley,Chorley,1680,Right Back,Left Back,Wales,31.0,179.0,63,65,39,84,20,97,55,47,0,46,53,21,21,56,20,19,0,66,67,59,24,16,89,21,21,23,68,26,0,47,71,56,47,81,77,42,49,84,81,30,45,59,66,57,34,43,40,67,21,21,34,52,100,42,20,85,57,99,26,32,29,48,38,48,100,4,9,8,31,56,18,78,41,27,72,99,47,43,11,11,2,38,42,29,47,34,76,56,38,32,0,53,37,41,44,95,2,50,43,20,93,75,76,20,79,49,69,85
Adam Lund,Alfreton Town,2760,Right Defensive Midfielder,Left Defensive Midfielder,England,27.0,180.0,40,42,45,34,49,38,26,57,0,51,45,41,41,0,34,36,90,83,78,34,40,44,35,12,10,18,29,63,0,62,67,24,12,82,72,62,57,80,92,41,98,99,76,45,80,41,23,64,32,56,96,95,100,62,24,98,78,99,42,47,43,59,28,30,100,100,31,2,51,63,4,82,83,72,12,84,53,36,38,30,4,56,7,32,92,49,97,61,64,60,0,17,94,32,64,84,14,35,69,29,49,81,57,12,20,3,72,42
Adam Marriott,King's Lynn Town FC,887,Centre Forward,Right Centre Forward,England,35.0,175.0,79,81,95,81,96,49,42,4,0,91,90,82,88,92,87,95,0,0,0,87,95,96,10,60,60,61,44,47,0,10,39,11,18,35,49,62,30,0,44,91,64,20,10,9,30,12,13,28,70,85,22,54,100,69,81,83,80,99,89,89,89,87,80,15,1,100,7,35,3,53,3,19,8,92,47,64,89,25,65,93,11,24,60,52,59,69,0,62,95,95,71,41,50,81,77,11,74,81,11,96,54,21,20,84,95,44,26,37
Adam May,Eastbourne Borough,657,Centre Defensive Midfielder,Left Defensive Midfielder,England,28.0,182.0,86,88,70,18,94,64,78,32,0,81,0,26,50,0,24,45,0,73,79,75,53,86,92,18,16,26,29,28,0,66,74,31,34,66,71,49,55,32,93,38,93,93,44,33,20,54,40,92,8,23,76,48,100,58,71,99,90,99,36,40,34,60,18,100,100,100,69,43,76,54,62,77,65,92,52,61,33,75,20,33,56,80,59,45,52,51,67,0,43,42,0,50,42,61,0,48,47,60,69,69,0,78,77,78,95,39,84,88
Adam Thomas,Marine,1700,Right Back,Left Back,England,32.0,191.0,63,65,37,80,20,97,99,71,0,50,71,70,50,75,75,55,0,0,0,67,52,33,84,20,21,23,68,15,0,43,67,46,42,76,67,50,48,84,79,38,93,97,78,59,66,58,46,47,50,39,67,81,15,46,37,87,63,98,42,44,50,57,48,49,100,100,35,2,46,69,12,79,60,64,7,60,53,61,29,28,8,57,82,46,44,38,69,55,45,40,0,12,62,21,57,92,4,45,77,10,81,68,72,9,11,56,51,55
Adam Thompson,Enfield Town FC,2466,Centre Back,Right Centre Back,Northern Ireland,33.0,185.0,42,43,31,72,18,74,14,73,0,36,46,26,24,49,27,25,0,0,0,37,22,17,67,9,11,0,100,58,0,92,89,45,32,98,90,21,25,84,87,14,25,99,43,39,87,29,26,79,55,79,91,93,100,22,12,88,28,93,16,18,15,17,6,17,100,7,26,7,26,55,2,97,52,77,18,67,14,10,14,13,0,85,4,10,9,10,0,59,44,30,0,100,0,0,52,93,5,26,86,12,35,76,65,8,54,14,59,68
Adam Walker,Leamington FC,2569,Left Defensive Midfielder,Left Centre Midfielder,England,35.0,168.0,0,0,41,26,50,0,9,33,0,24,59,26,33,62,27,36,0,0,0,36,28,41,61,22,24,23,73,20,87,52,70,51,27,62,51,53,73,21,93,49,99,97,56,49,33,27,23,88,21,27,41,26,22,58,26,98,83,99,44,48,48,61,27,35,100,100,30,6,24,77,8,61,33,80,21,79,56,47,14,12,13,63,69,38,37,39,49,25,31,29,72,100,0,0,51,90,7,36,77,21,45,57,65,23,14,60,49,47
Adan George,AFC Telford United,1000,Centre Forward,Left Wing,England,23.0,179.0,98,99,97,92,94,94,95,1,0,99,95,85,46,97,90,51,0,0,0,99,97,84,99,68,68,67,45,40,0,6,15,37,37,17,15,96,82,0,94,99,53,14,15,21,49,18,23,32,0,82,3,27,100,98,94,99,98,99,98,99,98,99,94,100,100,100,2,6,1,53,0,9,4,92,21,81,92,12,61,91,13,18,87,29,39,44,0,59,91,89,87,50,47,21,58,25,24,94,12,51,93,10,29,26,34,85,4,20
Adebayo Azeez,Hemel Hempstead Town,636,Centre Forward,Left Centre Forward,England,32.0,183.0,0,0,72,77,60,0,0,15,0,0,0,16,16,0,17,17,0,0,0,0,53,41,5,36,16,58,1,45,0,9,7,14,15,14,13,64,20,0,62,99,18,0,10,10,39,13,12,5,0,86,14,82,100,66,66,96,98,99,99,97,99,99,97,100,100,1,0,6,0,72,0,1,0,99,15,62,99,1,15,29,0,0,29,21,0,0,0,0,81,72,0,0,0,0,59,23,16,98,3,18,99,0,0,74,19,63,0,0
Adrien Thibaut,Southport,717,Centre Forward,,England,21.0,,96,97,94,98,74,97,87,3,0,96,77,33,38,80,35,41,0,0,0,96,86,61,98,42,41,45,44,88,0,20,21,9,13,9,12,83,45,0,63,99,25,0,28,16,98,20,15,1,0,92,6,39,100,79,85,96,78,93,99,97,97,90,91,1,100,100,0,49,0,69,0,0,0,93,99,99,99,0,7,52,1,9,63,30,26,29,0,90,87,82,0,100,40,93,89,0,41,99,0,69,99,0,0,75,49,69,0,0
Adulai Sambu,Merthyr Town FC,392,Right Wing,Left Wing,England,21.0,183.0,82,84,94,99,67,84,17,19,0,85,0,21,36,0,22,38,0,0,0,69,84,54,7,43,0,76,0,95,0,1,11,31,49,51,56,92,62,0,77,73,70,60,89,62,90,93,79,13,16,58,11,36,100,91,93,91,95,99,76,93,79,98,85,100,100,100,20,31,6,24,2,47,11,93,32,44,71,0,56,85,32,7,41,45,25,27,0,66,87,82,0,100,0,0,87,36,20,92,14,32,97,13,10,13,27,42,4,4
Aidan Rutledge,Darlington,1646,Left Centre Forward,Right Centre Forward,England,25.0,,92,92,92,69,95,69,62,3,99,94,85,69,65,88,74,69,0,70,67,92,89,91,88,70,76,61,68,51,91,34,21,10,11,51,56,51,38,50,63,85,63,21,20,14,63,24,15,48,24,81,22,93,100,57,64,92,79,99,89,81,87,89,86,66,100,100,13,5,11,49,38,44,11,98,11,52,88,12,73,79,10,28,23,37,59,39,83,86,97,96,0,36,57,34,80,29,49,79,20,28,97,11,13,16,40,60,3,9
Alan Massey,Hampton & Richmond,2414,Centre Back,Left Centre Back,England,37.0,180.0,42,43,39,57,31,52,87,77,0,62,61,31,27,64,33,28,0,0,0,48,31,26,75,15,14,19,52,11,0,85,84,34,27,99,97,18,22,98,87,8,17,98,31,28,47,31,25,74,59,62,81,91,100,19,16,74,27,93,9,14,11,20,9,65,100,100,45,16,50,92,18,99,59,57,7,13,9,7,12,11,12,80,55,11,12,14,0,70,53,41,0,100,0,0,61,89,13,23,84,11,50,81,81,23,15,52,77,74
Aleksandrs Starčenko,Worksop Town FC,2852,Centre Attacking Midfielder,Left Centre Midfielder,Latvia,25.0,,51,52,76,52,81,36,50,17,0,76,44,65,54,0,62,56,90,83,69,43,71,73,4,37,31,48,17,50,0,12,38,34,27,46,39,94,86,47,97,75,99,90,87,62,55,66,43,47,25,20,52,78,100,95,81,99,99,100,74,93,75,99,59,40,100,100,32,9,26,35,11,45,36,80,12,45,75,49,58,56,18,29,83,71,77,82,73,89,81,83,44,59,69,57,79,68,15,73,46,47,64,49,53,24,34,47,41,46
Alex Brown,Scarborough Athletic,2595,Left Back,Left Wing Back,England,27.0,176.0,0,0,18,8,29,0,9,59,0,19,71,81,59,62,82,53,90,82,81,46,54,41,29,65,69,60,58,66,0,37,53,74,72,80,83,28,23,72,83,30,59,89,73,74,70,67,69,89,61,47,49,45,22,28,25,81,48,99,25,28,31,40,32,68,100,100,58,8,68,85,10,82,88,25,12,47,47,87,45,45,45,52,67,62,91,72,95,58,34,44,0,13,96,82,62,90,7,34,77,13,65,82,81,13,42,42,74,83
Alex Curran,Curzon Ashton FC,2432,Centre Attacking Midfielder,Left Centre Midfielder,England,27.0,178.0,90,92,87,77,84,83,78,13,0,93,61,67,75,64,71,79,0,71,71,87,83,82,83,42,40,48,36,70,0,23,28,30,22,20,15,41,29,21,40,86,54,25,14,18,14,9,12,62,3,62,7,25,100,48,34,72,74,99,85,74,86,83,81,32,100,100,15,36,39,36,71,21,30,77,38,48,76,34,65,72,17,26,92,51,62,69,58,81,85,85,88,41,66,87,82,25,27,93,23,72,71,40,40,61,53,39,43,39
Alex Fisher,Bath City,609,Centre Forward,Left Centre Forward,England,35.0,190.0,72,74,86,92,70,64,97,22,0,96,97,88,78,98,92,86,0,0,0,90,89,72,76,37,38,39,52,31,0,12,35,10,9,26,15,27,8,0,26,98,90,49,8,8,7,10,8,80,16,76,28,98,100,36,18,58,92,96,97,80,99,98,96,52,100,100,21,7,9,73,27,24,7,98,9,38,82,21,69,83,9,22,69,43,55,64,0,99,93,93,96,50,60,81,98,42,36,77,27,89,46,10,8,94,95,49,14,19
Alex Fletcher,AFC Telford United,2580,Right Defensive Midfielder,Left Defensive Midfielder,England,29.0,174.0,41,42,29,39,26,55,17,77,0,37,46,55,62,48,60,69,0,0,0,36,40,42,37,27,26,32,44,41,0,56,76,52,58,58,62,43,47,59,88,42,96,97,67,56,84,73,64,66,27,65,73,54,22,42,42,96,73,99,37,37,38,41,15,55,100,100,94,86,83,62,86,66,70,60,88,61,32,95,90,80,88,83,44,86,48,49,57,52,22,25,45,73,31,93,51,55,58,40,62,75,16,59,72,76,58,75,67,77
Alex Healy-Byrne,Fylde,2328,Right Back,Right Wing Back,Republic of Ireland,21.0,,43,44,59,97,27,60,86,62,0,48,62,42,48,65,46,53,0,0,0,49,50,36,46,46,56,37,77,52,0,55,65,68,86,77,89,24,17,56,71,34,69,89,53,60,80,83,88,72,26,69,58,42,100,24,55,79,29,88,34,29,37,31,40,50,100,100,89,70,63,8,52,77,63,23,53,30,42,78,79,63,86,74,48,82,40,42,50,55,35,33,47,16,64,69,49,54,23,76,41,45,72,46,63,54,30,74,49,56
Alex John,Merthyr Town FC,1343,Left Centre Midfielder,Right Centre Midfielder,Wales,25.0,170.0,0,0,40,22,51,0,9,45,0,17,58,63,53,61,43,49,0,92,79,35,50,49,20,27,26,32,44,35,0,35,59,16,19,60,69,56,66,69,82,51,78,83,79,43,89,94,68,39,37,64,26,39,11,51,81,89,70,92,50,42,42,38,14,6,100,100,85,69,58,45,76,62,45,76,82,74,38,72,59,46,77,72,34,77,58,45,79,0,21,23,0,100,0,0,39,27,68,68,31,79,55,37,48,82,75,60,47,56
Alex Penny,Kidderminster Harriers,422,Centre Back,Left Centre Back,England,29.0,185.0,80,82,49,40,51,96,94,100,0,81,0,22,21,0,23,22,0,0,0,67,32,35,93,33,50,0,100,15,0,81,77,99,90,82,87,22,40,67,18,25,35,83,40,94,57,58,82,74,0,62,64,80,100,23,37,24,13,38,20,14,9,14,11,34,100,100,60,34,89,73,75,82,86,13,25,29,21,14,48,35,26,87,12,15,0,0,0,0,65,53,0,0,0,0,51,71,55,23,70,31,43,90,90,60,13,60,92,87
Alex Purver,Scarborough Athletic,2761,Left Defensive Midfielder,Centre Defensive Midfielder,England,30.0,177.0,40,42,13,16,14,78,44,84,0,29,45,60,62,0,45,50,90,89,85,34,37,36,40,15,20,0,100,43,0,62,75,71,74,75,78,97,95,53,99,44,99,99,99,97,85,99,96,11,38,20,76,78,100,95,92,99,99,100,38,60,33,94,26,7,100,100,65,41,51,46,53,73,50,67,42,48,49,68,43,35,18,71,2,63,67,44,86,33,23,24,0,69,36,23,57,59,41,50,64,47,39,43,47,69,83,45,49,58
Alex Wiles,Scarborough Athletic,740,Right Defensive Midfielder,Centre Attacking Midfielder,England,29.0,170.0,67,69,53,51,51,78,44,39,0,67,0,59,53,0,64,59,0,0,0,50,53,49,40,27,32,25,81,18,0,28,62,27,25,44,46,80,71,76,96,60,99,96,84,54,90,77,50,66,77,64,69,55,100,81,64,99,96,99,55,58,46,86,32,62,100,100,49,72,9,37,5,30,16,50,63,39,55,48,61,55,34,53,16,65,42,37,65,68,63,56,77,100,0,0,67,61,16,79,68,26,55,5,1,72,97,38,4,8
Alex Wilkie,Hampton & Richmond,550,Right Centre Back,Right Back,England,20.0,,0,0,37,79,20,0,94,100,0,33,0,24,28,0,25,30,0,0,0,0,25,21,21,14,18,0,100,45,0,75,81,37,47,91,89,34,34,78,88,10,22,95,65,46,32,71,57,76,79,20,66,93,100,34,37,95,40,94,6,9,6,8,1,12,100,100,34,8,38,5,5,92,59,82,5,21,27,11,5,5,13,68,4,16,59,0,91,0,40,25,0,100,0,0,44,94,4,31,84,8,83,74,67,11,26,22,62,59
Alexander Jon Babos,Chesham United FC,1926,Left Defensive Midfielder,Right Centre Midfielder,Wales,27.0,174.0,71,62,65,39,70,47,53,31,99,60,0,64,75,0,65,70,0,79,84,43,62,71,11,39,42,38,61,34,0,42,61,64,71,57,58,45,45,51,77,65,97,93,27,42,62,26,47,72,42,75,55,55,100,52,57,92,83,99,70,59,68,67,34,72,100,100,66,10,64,59,8,63,85,50,35,86,50,82,48,57,39,66,46,69,84,73,89,52,56,58,81,70,48,27,78,77,17,48,71,23,55,74,74,8,12,42,56,59
Alfie Jacob Matthews,Dover Athletic,1654,Left Centre Midfielder,Centre Attacking Midfielder,England,24.0,175.0,81,66,59,19,78,45,33,29,99,55,72,72,78,76,57,65,0,92,89,68,62,78,71,39,48,33,77,80,0,44,51,13,12,66,56,29,21,28,38,59,95,81,15,13,24,11,10,51,59,69,26,63,100,33,22,67,57,88,65,47,66,65,74,47,100,100,27,1,60,14,7,72,83,61,17,93,68,63,42,40,13,38,6,42,96,75,98,0,35,45,91,67,62,45,34,84,15,36,86,12,37,88,76,12,12,6,83,63
Alfie Pavey,Tonbridge Angels FC,983,Centre Forward,Centre Attacking Midfielder,England,30.0,186.0,86,88,93,80,92,66,55,16,0,96,88,73,59,90,77,59,0,72,74,90,91,85,73,19,19,21,68,87,0,20,27,17,14,50,34,42,21,62,27,70,89,35,9,10,17,8,8,14,16,82,41,97,100,44,16,57,76,93,78,66,82,76,63,8,100,100,13,2,17,41,31,51,15,98,7,53,84,28,56,74,2,22,10,39,34,38,0,88,96,94,0,100,35,61,80,73,16,61,52,39,65,23,38,60,28,71,24,26
Alfie Potter,Oxford City,1279,Right Wing,Left Wing,England,37.0,170.0,53,55,51,89,27,84,94,49,0,59,0,44,46,0,48,51,0,0,0,36,45,35,29,57,54,62,32,59,0,18,30,19,15,38,30,92,87,22,97,76,51,39,75,42,66,61,33,51,52,41,31,44,100,94,79,99,97,99,73,91,72,94,53,35,100,3,25,12,14,57,12,27,20,76,4,11,72,36,34,32,21,36,84,58,69,78,57,52,57,60,0,36,65,86,59,44,17,90,23,47,87,22,36,78,91,71,25,50
Alfie Rutherford,Dorking Wanderers FC,1698,Left Centre Forward,Right Centre Forward,England,27.0,180.0,92,94,95,89,91,81,67,3,0,94,84,91,84,75,93,91,93,82,67,94,97,92,45,46,36,59,12,20,0,9,28,10,14,32,45,19,8,61,28,96,38,4,13,10,90,23,17,85,46,91,47,58,100,25,50,64,40,98,96,66,96,52,84,84,100,100,9,4,15,52,25,41,11,92,14,74,99,19,51,89,9,16,93,47,53,57,53,95,96,96,0,30,57,71,94,38,38,79,6,69,91,28,59,45,26,89,26,48
Alfie Tuck,Hampton & Richmond,592,Left Defensive Midfielder,Centre Defensive Midfielder,Wales,20.0,,73,75,31,23,39,96,99,72,0,69,0,67,79,0,47,72,0,92,86,58,48,54,71,53,65,40,81,33,0,63,60,35,36,64,55,67,79,75,84,37,97,99,66,46,97,51,39,33,96,85,71,61,100,66,51,98,69,97,33,43,34,48,25,51,100,100,78,25,67,82,11,69,86,49,50,81,36,55,33,25,63,70,22,38,63,33,87,0,9,10,0,100,0,0,0,57,59,37,59,65,29,76,75,15,22,39,68,69
Alfie Williams,Chesham United FC,1980,Left Wing Back,Left Centre Midfielder,England,23.0,178.0,0,0,48,44,47,0,47,50,0,40,80,83,83,83,82,84,0,86,81,54,63,60,21,40,35,48,29,28,0,35,58,33,33,49,51,57,56,20,84,68,96,86,68,46,64,74,51,83,52,45,42,52,100,59,59,97,92,99,71,66,70,95,74,100,100,100,58,6,50,79,7,51,77,72,25,85,64,52,57,52,43,65,69,64,90,91,86,72,52,62,67,30,87,61,82,55,28,70,38,41,79,68,55,9,23,14,52,42
Alfie-John Terence Allen,Tonbridge Angels FC,631,Left Centre Midfielder,Left Defensive Midfielder,England,23.0,181.0,71,73,30,70,18,99,94,55,0,49,0,44,69,0,48,77,0,0,0,56,34,41,81,30,46,0,100,46,0,46,42,79,83,64,66,63,58,35,94,46,78,76,78,81,98,76,82,38,85,86,33,33,100,60,66,98,94,99,47,43,37,58,14,54,100,100,37,15,47,73,19,64,61,49,62,97,46,68,11,10,19,42,29,60,46,53,0,52,15,21,0,41,43,27,0,77,23,39,73,42,22,76,83,10,1,79,63,45
Ali Omar,Farnborough,364,Left Centre Back,Left Back,England,26.0,191.0,0,0,61,95,32,0,0,60,0,0,94,72,54,96,73,41,0,79,84,72,63,40,80,0,0,0,0,95,0,57,85,94,90,98,98,18,29,0,64,19,45,99,73,91,98,73,87,80,96,88,87,90,1,16,18,57,7,46,14,13,11,0,0,26,100,100,49,4,77,78,21,98,87,26,12,70,27,32,96,92,12,73,41,16,93,65,97,0,11,21,0,44,88,93,0,94,3,29,85,11,46,89,90,22,55,71,89,91
Amari Aaron Morgan-Smith,Kidderminster Harriers,1564,Centre Forward,Right Centre Forward,England,37.0,183.0,76,67,85,94,66,58,39,17,99,40,54,53,46,57,58,51,0,0,0,61,77,57,8,16,14,24,29,57,0,42,21,12,10,38,45,73,45,60,75,98,49,4,13,11,86,15,11,4,70,91,38,99,100,73,75,97,84,99,98,96,98,91,81,6,100,100,8,2,3,44,71,24,2,99,10,77,98,7,24,48,0,8,25,37,36,40,0,93,87,84,0,61,46,97,94,58,10,90,12,30,98,1,4,81,66,78,1,5
Amir Hadi,Farnborough,1132,Left Wing,Right Wing,England,23.0,187.0,74,76,61,41,64,74,22,27,0,64,93,77,67,95,81,69,0,70,72,86,65,62,96,97,94,97,29,96,95,2,1,22,22,22,21,70,54,70,89,75,78,42,55,33,26,41,27,22,27,21,11,49,100,69,53,97,74,99,73,73,72,73,59,49,100,100,24,10,17,63,25,18,19,82,19,57,89,46,27,49,47,14,94,63,58,57,69,56,70,67,85,50,68,22,80,43,30,80,24,49,86,33,43,29,23,59,26,28
Ammar Dyer,AFC Telford United,2371,Right Back,Right Wing Back,England,22.0,174.0,65,67,44,52,39,89,84,49,0,54,61,66,55,65,72,61,0,0,0,64,52,44,78,58,63,54,60,47,0,15,54,49,55,61,66,36,36,51,86,34,53,76,72,57,83,75,64,79,32,61,62,52,21,36,45,93,42,98,30,32,33,38,38,65,100,100,71,57,26,16,11,59,36,43,46,35,38,58,54,54,72,58,91,50,42,47,0,75,43,42,47,13,61,18,65,45,34,75,27,50,82,33,50,33,80,71,28,60
Andrew Williams,Hereford FC,1627,Centre Forward,Left Centre Forward,England,39.0,188.0,90,92,97,89,94,72,68,1,0,93,73,85,59,76,90,66,0,0,0,90,97,88,9,34,30,42,29,57,0,46,34,14,14,37,34,53,40,40,53,99,37,5,14,12,90,12,11,88,46,91,28,85,100,64,58,89,69,99,99,94,98,85,94,66,100,100,2,1,4,72,8,26,7,98,4,50,93,11,44,91,0,19,74,25,51,55,54,83,94,93,0,41,63,93,90,57,48,46,22,98,24,15,26,64,53,70,15,24
Andy Carroll,Dagenham & Redbridge,1030,Left Centre Forward,Right Centre Forward,England,37.0,193.0,97,98,92,60,98,83,32,17,0,91,87,91,87,89,94,94,0,0,0,98,94,97,97,35,49,21,90,91,0,20,16,16,18,68,71,34,18,29,32,85,86,44,17,15,92,15,14,30,32,91,87,99,7,37,29,56,66,99,97,81,99,73,74,74,100,100,43,14,27,77,51,70,20,99,28,68,73,41,94,92,25,22,7,66,44,49,0,99,97,97,66,100,56,55,98,62,17,76,46,54,58,22,40,36,58,77,17,41
Anjola Popoola,Chorley,778,Right Centre Forward,Centre Forward,England,18.0,185.0,95,97,97,94,92,87,30,2,0,94,74,86,43,78,90,47,0,0,0,95,97,81,51,47,54,43,68,48,0,3,2,21,18,0,0,70,40,37,68,99,37,4,9,11,39,8,9,69,0,89,1,13,100,83,47,95,79,81,99,98,98,92,96,64,100,100,0,30,6,74,100,0,2,96,91,99,90,7,66,81,8,3,7,24,53,61,0,66,96,95,92,100,0,0,81,24,50,82,24,61,78,3,31,99,38,93,11,24
Anointed Chukwa,Chippenham Town,1399,Right Centre Forward,Centre Forward,England,25.0,193.0,68,70,86,78,81,48,31,8,0,75,0,68,51,0,74,57,0,0,0,52,82,71,2,36,25,51,7,37,0,19,14,9,10,26,28,71,51,0,73,97,38,8,19,13,57,24,15,18,8,81,39,91,12,74,83,96,85,99,96,94,94,93,87,81,100,100,13,15,11,60,97,9,7,99,19,46,89,11,32,69,11,10,18,49,17,19,0,70,81,74,58,12,41,81,87,10,54,90,1,72,95,3,5,98,87,68,6,10
Ansu Jennah,Slough Town FC,479,Left Defensive Midfielder,Right Defensive Midfielder,Sweden,27.0,178.0,0,0,23,30,23,0,0,58,0,0,88,36,66,91,39,74,0,0,0,63,24,42,92,67,66,69,40,43,0,17,53,25,21,60,53,40,42,46,85,39,99,99,82,52,99,66,40,68,92,90,66,67,1,40,24,92,90,99,48,47,58,90,63,100,100,100,33,8,26,23,62,48,26,76,12,47,38,54,24,28,9,35,85,33,22,24,0,60,50,40,88,100,0,0,68,88,12,27,77,44,0,30,11,86,98,12,39,30
Anthony Dudley,Radcliffe,1213,Centre Attacking Midfielder,Right Centre Forward,England,30.0,178.0,54,56,73,53,75,39,84,16,0,73,61,80,71,0,70,71,95,91,80,57,74,73,7,50,48,55,34,44,94,17,54,30,25,40,31,42,37,39,68,83,88,57,39,30,55,34,25,38,5,59,15,43,100,43,38,75,67,99,82,63,80,70,67,16,100,100,29,38,24,70,39,34,24,78,55,71,79,43,72,72,18,47,92,74,62,54,78,94,83,80,0,41,60,85,93,32,30,88,33,57,71,37,50,39,77,65,34,59
Anthony Lynn,Leamington FC,594,Centre Forward,Right Midfielder,England,23.0,,73,75,72,95,47,92,78,29,0,75,83,85,64,86,89,72,0,0,0,78,75,51,70,0,0,0,0,57,0,18,30,15,11,10,7,73,28,37,67,99,51,11,18,15,95,11,10,4,0,91,27,93,100,72,33,90,97,99,98,96,99,99,94,15,100,100,5,4,3,69,44,4,0,98,1,7,94,2,62,66,0,8,0,30,19,21,0,97,78,71,0,100,0,0,96,22,63,76,4,51,97,1,15,76,32,91,1,8
Anthony Stewart,Peterborough Sports FC,914,Right Centre Back,Left Centre Back,England,33.0,183.0,0,0,14,28,13,0,0,67,0,0,0,28,12,0,29,13,0,0,0,0,15,9,32,31,28,39,29,18,0,77,78,57,65,98,99,10,7,99,78,8,21,98,55,53,98,75,69,91,70,90,97,90,100,9,16,60,21,95,9,9,10,13,4,70,100,100,62,50,63,20,50,98,59,56,12,5,11,15,17,12,33,81,13,10,22,25,0,0,12,10,0,12,36,100,0,79,38,23,81,19,33,81,80,58,24,41,84,77
Anthony Weston,Curzon Ashton FC,2138,Right Centre Forward,Right Wing,England,22.0,170.0,94,95,89,66,93,83,68,2,0,85,64,84,57,68,89,64,0,0,0,93,90,86,88,62,62,64,40,21,0,28,28,18,15,21,19,76,59,18,85,90,72,24,16,15,25,15,13,55,16,69,11,24,100,84,68,99,98,100,88,95,88,99,90,60,100,100,9,9,17,67,32,12,19,75,14,47,95,23,78,84,15,30,87,46,47,54,0,85,89,87,48,6,87,58,94,26,50,81,19,65,80,29,28,46,81,40,27,36
Antony Papadopoulos,Maidstone United,1500,Right Wing,Left Wing,England,23.0,178.0,66,51,67,25,84,35,53,19,99,75,97,99,96,98,99,94,0,92,93,84,90,94,23,64,67,60,55,24,0,20,39,54,59,45,50,52,55,25,83,70,91,65,42,44,65,49,50,51,25,65,67,55,100,55,52,96,69,99,71,60,67,65,52,82,100,100,39,19,51,46,33,45,59,78,38,74,97,49,77,87,44,38,90,86,92,84,92,97,78,80,56,54,94,58,95,46,17,89,27,30,93,56,37,43,82,12,56,47
Anuerin Livermore,Merthyr Town FC,834,Left Centre Midfielder,Right Centre Midfielder,Wales,23.0,,0,0,42,21,55,0,30,45,0,19,0,30,34,0,32,37,0,0,0,0,31,44,16,79,85,69,68,77,0,30,31,24,30,63,72,90,74,56,99,52,96,98,88,57,28,94,74,2,17,4,90,54,5,84,96,99,99,100,50,63,50,93,29,4,100,100,93,25,50,41,5,74,71,71,33,54,36,73,56,47,89,61,16,74,31,17,73,0,27,17,0,100,0,0,0,79,21,37,76,30,31,48,63,9,9,71,27,38
Aramide Oteh,Dagenham & Redbridge,308,Left Centre Forward,Left Wing,England,27.0,175.0,87,89,96,99,69,92,78,10,0,83,0,35,43,0,38,47,0,0,0,77,90,59,7,80,75,84,29,68,0,28,9,14,22,26,35,58,25,0,87,85,24,6,49,26,100,64,39,36,100,100,33,63,100,58,66,99,72,99,85,77,84,73,63,17,100,100,4,44,20,58,83,8,17,92,19,15,85,24,53,89,9,20,81,45,73,85,0,0,84,86,0,100,0,0,60,6,51,94,53,40,63,18,1,93,45,8,26,1
Archie Tamplin,Chelmsford City,1502,Left Defensive Midfielder,Right Defensive Midfielder,England,23.0,178.0,50,51,71,65,66,39,54,23,0,50,55,80,56,58,83,58,0,75,69,50,72,60,6,57,55,60,37,56,0,33,41,47,51,52,56,74,52,76,81,63,97,94,90,70,93,89,74,28,52,65,70,66,100,69,77,93,91,99,63,64,62,85,47,27,100,100,32,7,39,33,39,50,40,72,15,58,66,42,61,61,21,40,32,51,63,59,74,80,54,53,0,36,60,61,61,65,19,69,30,51,79,55,43,75,71,18,63,48
Archy Taylor,Eastbourne Borough,967,Right Wing Back,Left Wing Back,England,22.0,,60,62,69,70,60,55,17,42,0,39,67,58,47,71,62,45,0,66,74,63,62,53,50,22,12,38,2,52,0,44,56,29,36,49,55,67,57,40,90,55,68,83,68,44,40,74,53,57,26,24,44,79,100,68,84,98,95,99,51,58,55,86,38,72,100,100,52,14,44,71,18,43,61,60,11,27,66,51,19,35,34,63,64,72,89,91,84,82,78,82,0,31,91,43,67,71,16,65,51,30,76,65,40,20,13,6,57,19
Arthur Gnahoua,Southport,2011,Centre Forward,Right Wing,England,33.0,187.0,81,83,76,52,82,69,67,14,0,82,66,79,83,70,84,91,0,0,0,79,76,84,71,78,87,62,76,61,0,2,14,24,34,31,37,59,33,54,72,92,76,38,23,20,66,30,28,85,52,79,25,77,100,69,83,90,96,99,93,91,91,97,74,86,100,100,19,22,16,76,65,34,10,97,37,69,88,41,40,45,28,22,99,64,56,66,0,90,78,76,0,23,72,52,90,29,40,84,12,70,84,13,33,87,89,84,16,46
Arthur Penney,Tonbridge Angels FC,2298,Left Centre Back,Centre Back,England,23.0,181.0,0,0,33,56,24,0,11,100,0,19,0,8,10,0,9,11,0,0,0,0,15,14,31,15,18,15,86,27,0,80,87,66,62,95,92,15,14,94,77,12,8,95,33,48,95,30,43,91,70,89,72,86,100,17,13,81,24,97,10,12,9,14,4,87,100,100,46,35,62,71,27,95,72,38,11,9,7,17,4,4,18,92,9,11,9,0,50,26,47,32,47,100,0,0,27,83,37,13,87,15,16,87,84,17,15,36,84,79
Asher Yearwood,Maidenhead United,1762,Right Defensive Midfielder,Right Centre Midfielder,England,28.0,,0,0,68,62,63,0,26,36,0,52,52,86,77,55,82,72,0,90,85,30,74,66,1,22,28,17,89,58,91,31,64,40,49,65,69,70,60,82,93,63,99,98,80,58,74,89,73,46,32,44,69,75,100,69,84,99,92,99,63,66,64,90,58,50,100,100,71,51,30,29,30,61,34,74,56,55,65,60,78,75,49,65,11,90,73,63,83,76,71,69,52,37,73,93,80,57,26,70,48,56,53,26,28,57,38,46,26,21
Ashley Clarke,AFC Totton,2065,Left Wing,Left Midfielder,England,20.0,,88,90,85,68,86,77,81,6,0,87,95,76,64,96,82,72,0,0,0,95,83,80,97,77,65,85,13,53,89,4,13,32,40,11,13,86,45,27,81,90,74,25,63,42,89,62,47,35,55,74,5,19,100,87,87,97,99,99,88,95,87,99,90,23,100,5,13,8,20,12,54,18,15,91,19,65,93,24,51,69,22,19,99,48,57,67,0,86,83,83,91,28,77,33,92,24,40,88,16,70,81,39,64,90,88,85,52,77
Ashley Hunter,Marine,1092,Right Wing,Centre Attacking Midfielder,England,30.0,178.0,57,58,69,18,94,35,41,8,0,75,94,99,99,88,98,97,96,99,98,81,94,99,4,64,75,48,78,32,0,39,41,34,19,22,14,51,41,60,36,76,92,59,24,24,52,19,16,65,0,73,16,21,100,58,36,85,59,94,76,73,80,58,57,47,100,100,30,2,64,54,5,31,89,56,18,94,96,41,54,64,30,41,78,73,99,98,99,37,68,79,0,51,97,70,56,54,39,60,57,33,65,86,71,7,3,5,74,35
Ashley Josiah Hemmings,Dagenham & Redbridge,1403,Right Centre Forward,Centre Attacking Midfielder,England,35.0,173.0,89,70,83,64,85,45,41,14,99,77,0,78,91,0,74,88,0,88,90,52,82,91,2,42,42,46,44,29,93,35,44,18,15,28,18,50,47,54,43,82,71,23,40,25,95,30,20,54,52,88,31,66,100,53,39,86,62,90,84,76,85,77,90,100,100,100,19,10,41,89,23,40,46,94,42,92,94,35,38,63,18,32,56,48,91,77,93,82,80,81,98,32,89,81,93,24,70,69,31,53,76,61,52,30,50,22,57,51
Ashley Josiah Hemmings,Kidderminster Harriers,721,Right Midfielder,Right Wing,England,35.0,173.0,0,0,90,65,95,0,50,12,0,60,77,61,54,80,66,60,0,0,0,51,85,89,1,32,49,0,100,19,0,20,49,13,19,37,51,37,13,0,51,93,53,12,12,11,30,16,15,28,0,81,55,75,100,40,59,88,72,99,92,72,89,61,41,100,100,100,26,19,33,90,27,50,31,97,60,94,77,47,46,68,32,30,40,55,26,29,0,94,84,79,93,0,76,41,84,30,60,71,17,68,81,58,63,14,37,52,44,60
Ashton Fox,Peterborough Sports FC,1029,Right Centre Back,Right Back,England,22.0,192.0,0,0,9,7,9,0,0,100,0,0,0,10,11,0,11,12,0,0,0,0,7,8,49,18,25,0,100,29,0,83,100,44,44,96,95,10,8,91,80,13,32,97,29,32,92,26,30,61,16,87,96,92,100,10,12,59,14,78,15,11,14,14,10,22,2,100,42,11,53,27,16,96,69,60,26,71,24,52,37,24,13,87,94,22,27,30,0,0,18,15,0,100,0,0,29,91,6,29,89,11,17,78,74,14,38,28,71,74
Ashton Mee,Buxton,426,Left Defensive Midfielder,Right Defensive Midfielder,England,20.0,183.0,80,82,48,38,50,96,94,37,0,88,0,39,46,0,42,51,0,0,0,67,40,46,90,16,0,32,0,25,0,35,54,39,37,66,66,33,45,0,84,64,91,82,15,21,39,27,27,85,0,78,13,33,100,41,63,94,41,99,70,53,68,44,58,34,100,100,28,36,38,25,67,66,29,55,27,32,52,17,0,18,19,43,43,42,0,0,0,0,54,40,0,0,0,0,51,47,31,76,13,49,93,56,46,61,4,21,60,12
Avan Jones,Enfield Town FC,866,Left Wing Back,Right Back,England,24.0,179.0,0,0,70,49,72,0,9,24,0,36,0,26,33,0,16,13,0,82,87,0,53,57,5,15,13,23,29,10,0,88,55,33,21,89,76,56,35,24,87,29,61,69,59,41,77,28,21,62,52,63,23,36,100,58,20,95,57,99,30,39,32,49,41,14,100,100,12,0,25,68,1,87,63,41,2,63,54,20,4,11,2,48,68,19,75,41,91,43,61,55,0,28,77,58,50,91,6,33,32,30,92,86,63,8,99,2,75,87
B. Dolaghan,Worthing FC,2210,Centre Forward,Left Centre Forward,England,21.0,,99,99,99,99,91,97,87,4,99,99,90,68,61,92,74,68,0,0,0,99,99,85,98,48,49,51,45,66,95,15,29,12,20,11,14,86,53,60,93,99,51,7,9,9,30,13,14,84,8,88,8,28,100,94,99,99,99,100,99,99,99,99,94,86,100,100,9,43,10,71,99,1,5,95,50,57,83,14,82,96,13,23,55,43,32,35,0,97,98,97,48,100,0,0,98,7,52,93,8,70,88,2,0,99,89,39,7,2
B.Leonard,Enfield Town FC,2727,Right Wing Back,Right Midfielder,England,24.0,,69,71,51,38,53,78,55,30,0,56,79,91,81,73,91,80,90,87,82,74,70,61,69,36,28,49,11,9,0,62,48,42,34,59,49,42,30,48,53,55,80,65,44,38,71,28,27,88,36,68,51,50,23,48,24,78,60,98,57,50,57,61,61,100,100,100,26,0,34,57,7,64,50,65,1,32,81,31,48,55,15,51,94,37,92,92,88,66,55,64,45,12,98,60,61,65,33,48,42,50,67,66,74,41,29,68,66,71
B.Marsden,Marine,1947,Left Defensive Midfielder,Right Defensive Midfielder,England,23.0,188.0,0,0,44,43,43,0,14,49,0,41,67,64,70,71,69,78,0,0,0,42,51,52,28,37,39,38,57,67,0,43,54,60,46,62,52,88,80,61,96,64,99,97,91,79,81,72,57,32,25,40,46,76,17,86,63,99,98,99,62,75,62,96,47,5,100,100,50,8,32,37,5,65,48,86,22,74,64,51,56,54,24,56,24,71,64,72,52,66,59,60,50,59,48,16,53,71,30,41,58,45,50,53,57,19,25,47,42,45
B.Roscoe,Radcliffe,3338,Right Centre Back,Left Centre Back,England,29.0,188.0,64,65,65,83,49,75,50,77,0,68,0,27,34,0,27,33,0,69,67,47,50,40,41,31,42,20,89,25,0,74,80,51,57,92,90,33,38,91,90,20,32,94,80,64,84,67,59,63,76,57,85,90,26,29,27,91,32,98,17,23,19,27,18,57,100,100,46,20,55,8,10,95,72,50,18,34,28,70,28,29,19,77,76,30,38,33,67,24,55,47,0,52,33,83,22,93,4,28,91,8,37,79,89,10,9,92,67,84
B.Williams,Tonbridge Angels FC,2205,Right Back,Left Defensive Midfielder,England,24.0,175.0,0,0,28,54,20,0,38,66,0,30,0,40,35,0,43,38,0,0,0,0,30,25,18,42,49,39,70,51,0,31,66,52,40,83,78,49,46,72,93,28,81,95,89,73,86,77,57,78,49,51,87,77,19,45,30,95,49,98,26,32,28,40,32,61,100,100,53,23,60,23,35,83,67,45,16,26,29,80,35,27,38,64,61,48,46,38,72,27,15,15,64,100,33,16,20,87,11,37,85,13,35,70,68,35,30,36,69,64
Bailey Akehurst,Tonbridge Angels FC,1997,Left Back,Left Wing Back,England,22.0,178.0,59,46,44,54,37,52,50,61,99,58,80,85,75,83,69,41,0,95,94,62,63,52,45,56,50,65,21,57,0,48,53,76,67,85,85,64,61,60,96,27,59,81,81,80,72,71,68,53,42,42,71,65,18,62,54,99,71,98,21,37,28,52,28,73,100,100,46,3,68,84,4,88,91,40,4,33,51,62,25,32,34,54,24,41,92,71,95,0,24,36,0,42,81,30,20,90,5,46,74,18,59,85,85,6,28,53,68,84
Bailey Clements,King's Lynn Town FC,2085,Left Wing Back,Left Back,England,25.0,188.0,58,60,63,82,45,70,47,49,0,53,78,70,69,81,74,74,0,72,65,68,63,52,68,43,51,36,75,48,0,69,74,71,83,80,90,36,30,76,70,38,74,92,53,62,89,68,78,73,73,77,82,75,100,38,60,81,71,99,43,39,47,61,42,74,100,100,65,16,66,80,23,84,77,31,4,8,57,79,61,61,42,76,27,81,83,90,73,70,60,66,49,16,88,57,69,90,5,51,67,17,76,73,82,18,9,81,66,71
Bailey Gooda,Worksop Town FC,1322,Left Centre Back,Right Centre Back,England,29.0,178.0,0,0,34,82,17,0,38,100,0,51,0,25,29,0,27,31,0,0,0,0,23,19,22,12,10,19,29,24,0,82,87,40,39,92,94,11,12,81,74,22,31,99,37,34,66,35,32,90,70,69,98,97,100,12,12,67,28,92,23,13,15,19,8,80,100,100,47,15,76,67,37,93,81,73,9,21,18,33,20,19,10,84,53,18,37,36,57,62,36,31,0,100,31,100,65,90,8,29,91,8,27,90,85,29,58,21,90,89
Bailey Sloane,Marine,773,Left Back,,England,23.0,191.0,0,0,13,1,30,0,38,58,0,32,0,29,58,0,31,65,0,0,0,0,15,41,32,35,47,24,88,48,0,74,91,79,81,87,85,65,61,56,95,31,69,95,94,91,92,85,85,69,95,57,78,60,100,59,54,97,82,99,32,47,44,64,31,29,100,100,30,4,38,80,3,89,64,32,16,77,44,71,14,12,7,71,55,37,76,69,84,0,0,16,0,13,81,58,0,93,5,26,59,37,58,77,76,10,94,43,64,88
Basil Tuma,Slough Town FC,635,Left Wing,Right Attacking Midfielder,Malta,21.0,,87,89,79,75,72,87,86,21,0,91,0,41,60,0,44,68,0,0,0,76,67,66,81,97,95,97,30,95,99,14,3,51,44,36,36,67,41,40,80,82,82,62,67,56,85,41,38,56,10,67,34,80,100,68,44,94,73,99,84,79,80,75,64,100,100,1,30,11,22,50,61,27,19,90,7,22,81,33,45,57,39,24,98,71,72,84,0,73,76,78,0,65,71,41,60,35,46,76,38,51,71,25,8,88,89,14,33,15
Bayley Brown,Enfield Town FC,1310,Left Centre Midfielder,Left Defensive Midfielder,England,29.0,196.0,53,54,63,97,31,78,81,49,0,68,59,19,16,62,20,17,0,0,0,54,45,19,70,37,49,26,87,44,0,25,37,47,33,66,54,65,61,67,84,53,92,80,51,44,90,30,27,21,0,79,77,95,100,64,27,95,81,99,52,55,55,64,33,80,100,100,25,10,9,74,7,62,14,97,20,64,56,29,43,32,8,34,5,35,28,31,0,51,60,52,59,100,0,0,65,84,10,51,64,23,69,21,20,70,86,42,23,28
Bayley McCann,Peterborough Sports FC,541,Left Wing Back,Left Back,England,20.0,182.0,75,77,32,8,56,84,94,66,0,55,0,52,48,0,48,41,0,82,81,60,40,51,83,40,41,42,52,27,0,53,53,82,77,74,73,90,78,0,96,24,60,73,99,97,94,98,95,26,70,47,92,76,100,83,78,99,82,99,15,28,11,43,12,100,100,100,31,1,39,76,1,76,82,42,14,89,52,69,20,19,14,48,80,34,73,70,79,57,18,31,0,34,63,18,45,88,6,57,38,51,71,87,81,4,42,21,66,83
Bayley McCann,Alfreton Town,1140,Left Wing Back,Left Wing,England,20.0,182.0,56,57,64,27,78,39,63,20,0,69,62,67,86,66,58,74,0,87,91,59,63,83,33,62,59,67,32,39,0,38,29,29,22,66,57,70,58,24,86,56,76,56,81,52,94,44,29,68,57,74,8,17,100,71,29,97,49,99,56,60,56,48,52,28,100,100,15,1,42,76,4,62,74,56,29,98,77,30,4,11,13,26,89,40,86,57,93,67,63,60,63,61,62,27,75,61,28,63,27,23,97,85,59,10,16,2,75,42
Ben Beals,Spennymoor Town,1449,Left Centre Back,Right Centre Back,England,22.0,183.0,0,0,0,0,0,0,0,100,0,0,0,14,19,0,14,20,0,0,0,0,7,8,49,0,0,0,0,21,0,83,85,69,60,93,91,14,11,99,78,8,21,90,47,57,96,40,46,89,81,88,75,81,12,14,12,67,11,89,6,11,10,9,4,82,100,100,37,19,60,76,19,94,75,36,30,61,11,34,4,3,11,79,9,15,26,19,65,0,9,8,0,100,0,0,37,91,8,26,90,10,18,89,89,12,61,65,85,91
Ben Beresford,Peterborough Sports FC,948,Left Centre Forward,Centre Forward,England,21.0,188.0,87,89,93,99,63,94,50,18,0,89,0,13,20,0,14,21,0,0,0,76,81,45,31,48,40,58,17,22,0,36,18,18,21,42,48,50,22,27,80,98,76,18,13,13,97,17,16,87,0,93,47,95,100,62,82,98,56,99,99,95,99,74,96,18,100,100,13,1,0,55,0,31,2,98,4,57,85,7,82,73,3,12,3,29,22,24,0,60,74,66,0,100,0,0,68,63,16,76,20,56,85,14,36,45,84,86,10,47
Ben Chapman,Ebbsfleet United,2878,Left Wing Back,Centre Attacking Midfielder,England,27.0,175.0,68,70,55,15,75,52,55,32,0,66,77,81,77,80,85,84,0,76,61,72,64,75,77,64,63,65,40,81,0,25,42,20,24,51,59,62,47,40,88,64,94,81,66,37,66,80,52,76,43,48,28,35,24,65,79,98,71,99,66,61,61,61,41,49,100,100,76,10,63,70,17,67,75,66,20,61,79,84,79,79,77,50,70,94,90,94,81,55,69,76,88,12,98,46,59,66,20,66,43,43,72,59,69,14,10,67,46,48
Ben Coker,Ebbsfleet United,1628,Left Wing Back,Centre Attacking Midfielder,England,36.0,180.0,0,0,33,58,24,0,14,71,0,23,73,69,81,76,63,70,0,87,89,47,51,51,40,21,22,23,68,40,0,60,77,18,21,62,68,20,17,23,30,38,49,60,34,22,88,50,31,78,75,84,69,51,14,23,35,48,27,79,35,29,37,25,21,12,4,100,63,35,54,79,14,62,74,26,27,32,69,63,22,27,58,77,5,85,96,92,94,72,61,68,54,42,85,29,77,67,16,70,62,16,85,47,45,16,36,33,35,37
Ben Collins,Southport,760,Left Back,Left Centre Midfielder,England,22.0,191.0,66,68,13,3,22,97,55,76,0,65,0,11,14,0,12,15,0,0,0,50,8,14,89,87,93,72,74,66,0,30,50,66,73,67,75,66,67,33,89,37,42,68,69,67,50,75,75,32,46,32,73,46,4,64,81,96,88,99,33,44,36,65,24,28,100,100,64,36,36,79,35,66,37,50,37,46,40,51,4,4,69,61,83,52,41,46,0,0,21,23,0,41,53,21,54,76,14,60,61,17,85,30,35,26,69,50,22,39
Ben Darby,Curzon Ashton FC,2551,Right Centre Midfielder,Right Defensive Midfielder,England,22.0,,63,65,61,69,50,74,71,36,0,69,59,50,51,63,54,57,0,0,0,62,54,48,71,19,16,27,29,29,0,60,66,67,55,60,54,74,68,73,92,59,90,80,71,68,55,54,51,47,22,34,55,52,100,74,50,99,87,99,60,66,61,84,55,13,100,100,26,14,21,15,18,59,24,76,49,92,59,39,21,36,10,55,34,46,54,60,49,52,54,54,0,41,51,61,55,75,11,71,39,50,71,43,50,29,64,52,37,53
Ben Hedley,Darlington,2035,Right Back,Right Centre Back,England,27.0,178.0,45,46,21,7,39,50,14,55,0,50,66,64,51,69,70,57,0,0,0,53,43,43,70,26,29,26,73,2,0,64,75,56,55,85,87,24,18,49,68,23,67,95,53,51,65,64,56,90,36,56,82,74,18,26,34,79,32,93,19,24,23,31,32,74,100,100,68,16,72,26,13,88,87,52,15,34,44,86,65,61,44,77,35,63,75,84,60,27,10,32,49,16,80,35,29,86,12,34,69,34,43,83,76,11,16,20,74,66
Ben Isaacson,Bedford Town,446,Right Back,Left Back,England,21.0,,0,0,41,98,13,0,0,100,0,0,0,37,33,0,40,35,0,0,0,0,35,19,14,39,35,47,29,35,0,54,72,84,65,70,64,54,39,76,89,15,14,88,74,83,86,29,44,86,46,64,76,78,100,56,25,96,55,74,9,24,13,32,14,100,100,100,19,0,40,54,0,76,85,47,0,10,27,47,5,6,1,79,69,20,23,25,0,0,15,12,0,0,49,27,0,96,3,18,89,9,33,91,91,4,0,82,80,72
Ben Pollock,Spennymoor Town,1596,Right Centre Back,Left Centre Back,England,28.0,183.0,0,0,20,72,11,0,0,100,0,0,0,16,9,0,17,9,0,0,0,0,12,8,36,14,14,17,68,16,0,81,88,33,30,97,97,10,14,97,80,12,13,93,35,30,76,34,28,87,52,76,97,96,100,10,10,59,20,80,17,11,13,11,3,83,100,100,34,15,47,50,9,97,69,59,3,6,12,33,35,24,10,86,9,14,16,18,0,30,26,17,0,100,0,0,22,94,6,14,92,8,0,87,79,8,19,14,75,73
Ben Tompkins,Chelmsford City,2445,Right Centre Back,Centre Back,England,21.0,179.0,0,0,39,47,35,0,26,78,0,40,0,17,13,0,18,14,0,0,0,0,22,21,24,22,33,0,100,27,0,72,86,62,67,98,97,23,17,87,87,13,32,99,62,59,99,67,66,67,97,93,98,95,21,22,28,82,32,97,15,17,14,25,14,66,100,100,50,11,52,20,11,98,71,69,8,24,22,42,29,22,16,82,65,19,12,14,0,45,53,40,0,100,0,0,52,95,4,19,87,12,32,83,77,14,12,23,77,65
Benjamin Grist,Worksop Town FC,442,Right Back,Right Centre Back,England,21.0,188.0,0,0,0,0,0,0,0,100,0,0,0,74,58,0,73,49,0,84,82,0,44,27,9,32,0,61,0,24,0,82,61,47,38,76,71,37,27,86,86,34,93,98,57,47,30,30,29,76,78,23,55,65,100,38,19,93,66,99,45,42,51,61,50,37,100,100,40,3,45,65,1,75,86,36,28,96,57,78,33,29,18,66,65,54,99,92,99,84,21,48,0,19,99,94,50,93,4,34,77,11,75,84,70,15,48,8,78,72
Benjamin Jackson,Hampton & Richmond,388,Right Centre Back,Left Centre Back,England,22.0,190.0,0,0,11,4,14,0,0,59,0,0,0,0,0,0,0,0,0,0,0,0,7,8,49,26,39,0,100,29,0,100,100,42,31,86,80,39,50,73,82,8,17,99,57,45,100,43,33,82,100,100,68,86,100,43,30,96,15,42,6,12,6,9,2,3,100,100,49,37,6,71,0,84,25,73,19,18,7,0,12,9,15,100,39,2,0,0,0,66,33,19,0,0,0,0,54,88,21,13,0,0,100,62,67,20,15,54,54,51
Benjamin Jackson,Worthing FC,332,Left Centre Back,Right Centre Back,England,22.0,190.0,0,0,20,36,17,0,0,100,0,0,0,19,25,0,20,26,0,0,0,0,13,16,35,0,0,0,0,9,0,100,84,60,83,87,97,10,10,0,54,26,17,98,13,29,100,27,61,88,0,100,98,93,100,13,39,75,19,51,26,21,27,29,72,100,100,100,77,89,34,70,90,84,24,28,97,83,17,64,80,62,49,87,83,33,45,51,0,71,38,39,0,100,0,0,58,73,44,26,88,11,29,45,42,92,92,33,59,58
Benjamin Mensah,Peterborough Sports FC,551,Right Wing Back,Right Centre Midfielder,Italy,23.0,181.0,0,0,29,57,20,0,94,53,0,39,0,80,87,0,83,85,0,78,87,0,56,54,4,66,68,63,52,84,0,46,46,58,53,56,55,79,73,63,98,50,90,73,90,77,98,82,68,76,70,84,55,45,100,79,66,99,97,100,51,67,58,97,65,12,100,100,29,17,38,37,44,46,43,68,80,99,80,58,25,34,17,46,78,66,94,96,84,89,53,67,85,23,95,83,76,60,15,82,17,40,94,38,15,46,88,9,38,24
Berat Jonathan Ustabaşı,Fylde,1413,Left Wing,Right Midfielder,Turkey,32.0,180.0,99,99,99,95,97,96,95,5,0,99,97,82,63,98,87,71,0,0,0,99,99,93,99,86,90,77,62,65,0,2,20,26,37,51,61,59,41,55,59,75,49,31,43,30,76,65,47,29,46,72,48,42,100,59,88,84,83,99,80,75,81,89,80,100,100,100,24,17,1,51,0,43,9,73,26,57,93,22,85,97,43,27,98,60,43,44,56,95,89,86,0,41,67,23,95,29,7,99,13,8,99,9,19,20,23,76,3,9
Billy Clifford,Farnborough,1812,Right Defensive Midfielder,Right Centre Midfielder,England,33.0,170.0,46,0,45,26,54,0,39,45,99,37,69,61,69,73,56,52,0,84,88,44,50,57,35,59,59,60,44,56,0,18,37,65,65,50,40,59,51,57,83,55,95,91,67,64,80,51,56,65,41,61,24,20,100,59,44,95,83,99,58,58,61,81,58,10,100,100,78,32,71,2,18,54,86,55,69,91,57,93,63,55,81,51,93,89,94,94,90,42,42,59,51,59,68,61,56,56,51,45,63,52,35,73,57,22,60,11,67,61
Billy Fewster,Alfreton Town,1551,Right Wing,Left Midfielder,England,22.0,178.0,82,84,78,90,61,92,64,25,0,88,74,78,68,0,57,31,97,95,94,83,78,61,79,29,23,39,15,35,0,16,32,19,10,37,22,52,50,50,33,81,61,30,40,25,78,17,12,58,59,75,22,51,100,55,18,73,79,98,83,72,80,82,67,100,100,100,10,2,36,55,9,26,60,64,4,44,93,30,10,34,9,23,98,39,87,36,96,74,68,62,0,50,81,35,70,31,15,97,41,10,99,72,16,25,70,0,68,19
Billy Phillips,Chippenham Town,779,Left Midfielder,Right Midfielder,England,19.0,175.0,82,84,86,63,90,61,89,10,0,95,0,42,65,0,46,73,0,0,0,69,75,85,26,73,65,80,19,95,0,5,20,12,9,42,54,44,26,51,71,79,80,48,34,20,57,41,21,92,40,66,2,10,100,53,53,92,92,99,82,66,75,87,49,100,100,100,27,42,6,72,1,35,13,89,60,73,86,11,62,71,46,31,77,72,68,68,74,66,89,88,75,66,64,93,91,24,23,95,20,32,95,16,14,87,76,45,20,18
Bivish Gurung,Dover Athletic,1180,Left Centre Midfielder,Right Centre Midfielder,England,24.0,182.0,0,0,39,34,43,0,12,28,0,17,61,37,55,65,39,61,0,0,0,38,34,46,52,32,28,40,29,57,0,31,48,21,17,55,47,88,70,77,98,63,96,87,83,50,78,46,27,70,43,46,55,67,9,90,54,99,98,100,62,83,67,96,46,100,100,100,17,3,23,63,8,56,32,92,23,91,60,28,5,7,9,36,71,30,35,39,0,36,35,32,0,5,53,55,43,83,8,60,56,44,53,60,60,24,29,40,53,52
Bobby Unwin,Tonbridge Angels FC,429,Right Wing,Left Wing,England,23.0,180.0,98,99,82,63,84,97,78,9,0,97,0,96,60,0,95,36,0,91,89,96,91,77,96,76,78,73,52,15,0,28,18,38,59,48,56,53,24,0,57,62,50,31,39,34,97,67,60,35,96,90,94,41,100,54,67,80,69,98,68,53,58,50,28,35,100,100,20,4,29,79,34,52,26,88,32,95,83,29,58,74,18,32,86,43,60,42,82,85,74,68,90,41,83,61,84,45,42,68,32,70,62,39,54,31,82,69,34,66
Boyd Beacroft,Farnborough,588,Right Back,Right Wing Back,England,20.0,,0,0,9,3,11,0,100,100,0,45,0,73,55,0,79,61,0,0,0,0,45,30,9,13,17,0,100,57,0,31,68,28,26,83,82,52,51,36,90,21,87,80,60,38,78,46,32,60,70,64,79,78,100,55,33,98,33,97,11,27,17,23,10,50,100,100,40,14,57,3,18,87,66,35,3,4,66,82,24,19,26,51,84,67,79,74,83,76,27,40,96,100,44,13,83,89,7,38,66,17,78,72,83,16,0,84,64,41
Bradley Ash,Bath City,2113,Right Centre Forward,Centre Forward,England,30.0,174.0,80,82,89,87,79,69,79,7,0,82,65,48,29,68,52,31,0,0,0,78,81,62,41,80,62,90,7,67,0,2,5,13,11,23,19,94,68,19,92,95,72,25,30,19,19,17,12,32,32,37,3,38,100,96,76,99,99,100,90,99,89,99,80,24,100,100,1,2,1,70,0,14,7,96,12,86,94,4,22,52,11,1,85,22,17,19,0,27,85,79,0,100,26,13,56,64,10,86,20,24,98,15,37,11,10,85,4,14
Bradley Holmes,Curzon Ashton FC,1341,Left Centre Forward,Centre Forward,England,23.0,186.0,99,99,98,85,98,86,94,1,99,98,79,37,44,83,40,49,0,0,0,98,95,94,97,44,48,42,61,69,93,22,28,19,14,45,41,66,37,38,63,88,52,16,33,22,93,21,16,55,10,87,56,93,100,72,51,91,94,99,90,90,89,95,68,57,100,100,6,3,4,45,56,34,3,98,7,56,92,11,59,82,5,14,89,34,23,25,0,50,94,91,0,100,31,14,75,43,31,80,23,33,94,10,27,98,63,84,18,28
Bradley Jackson,Radcliffe,859,Left Wing Back,Right Wing Back,England,29.0,175.0,63,65,67,46,69,50,27,27,0,66,97,91,89,98,93,92,0,78,83,88,76,79,92,55,43,68,12,11,0,32,49,48,48,62,62,31,22,36,80,49,94,58,39,38,30,27,33,35,70,39,43,37,100,30,24,83,38,93,52,42,59,44,65,68,100,100,34,6,48,38,9,70,65,62,11,48,89,77,66,65,29,41,99,75,86,85,85,95,72,74,0,41,94,41,84,85,6,65,70,10,91,66,85,14,2,93,54,62
Brandon Haunstrup,AFC Totton,950,Left Back,Left Centre Back,England,29.0,172.0,77,80,55,35,60,84,55,47,0,66,68,73,80,0,59,53,96,91,92,76,60,65,89,27,27,31,52,17,0,69,68,30,37,66,70,15,12,52,54,15,79,88,47,33,98,49,39,90,92,90,43,37,100,16,11,71,16,33,9,16,16,23,36,18,1,100,72,43,87,83,57,73,87,59,70,84,34,91,66,60,65,76,59,79,83,80,84,82,48,55,0,21,89,76,75,86,6,64,75,14,68,78,73,37,38,28,77,73
Brandon Lee,Macclesfield Town,417,Left Back,,England,26.0,,0,0,0,0,0,0,0,100,0,0,0,30,34,0,32,37,0,0,0,0,12,13,36,25,22,33,29,15,0,51,86,29,53,88,97,24,18,54,87,23,41,84,79,51,86,97,87,73,46,61,55,50,100,21,44,82,18,78,15,22,21,25,46,1,100,100,79,32,43,91,10,84,69,20,7,5,53,82,19,16,76,72,52,86,24,26,0,64,16,13,0,0,71,27,52,80,10,62,56,12,95,44,28,14,99,15,30,61
Brandon Leroy Pierrick Keutcha,Tonbridge Angels FC,431,Left Wing,Left Midfielder,England,24.0,182.0,80,82,20,15,26,99,94,58,0,39,0,64,60,0,69,67,0,0,0,67,42,41,89,79,61,90,7,37,0,12,27,38,28,19,9,28,26,0,77,53,44,52,59,43,77,67,44,93,46,63,76,23,1,32,38,94,63,98,47,37,48,44,24,100,100,100,17,46,17,40,91,3,14,94,74,84,65,29,20,24,13,39,73,49,60,70,0,85,29,40,0,100,0,0,92,21,79,66,45,43,69,17,9,99,92,32,30,18
Brandon Smalley,Merthyr Town FC,716,Left Wing,Right Centre Forward,England,28.0,,84,86,66,56,64,92,50,15,0,79,77,72,70,81,78,78,0,0,0,85,66,63,95,46,50,45,57,32,0,20,39,23,37,37,48,47,21,51,49,88,37,7,9,12,39,11,18,79,0,88,7,18,100,59,86,86,76,97,89,81,87,66,43,100,100,100,7,10,9,65,9,31,13,94,17,55,75,14,22,35,9,26,50,38,50,57,0,69,69,65,78,50,55,48,77,36,31,85,3,96,70,14,17,43,18,58,10,6
Brayden Daniel,Oxford City,338,Right Wing,Right Midfielder,England,19.0,,0,0,72,94,48,0,55,30,0,63,95,89,73,97,93,81,0,0,0,74,78,55,32,57,71,37,86,35,0,11,41,36,29,49,43,85,85,0,82,60,31,50,86,61,83,62,41,29,70,49,2,11,100,84,78,98,99,97,60,65,53,99,63,22,100,100,21,9,2,87,0,41,15,88,15,51,52,11,8,45,22,30,88,35,27,30,0,91,62,54,0,100,0,0,79,43,18,90,60,12,93,12,9,14,35,44,3,5
Brendan Kiernan,Hampton & Richmond,654,Left Centre Forward,Centre Attacking Midfielder,England,33.0,175.0,86,88,89,83,84,75,78,13,0,89,0,39,41,0,42,45,0,0,0,75,79,71,33,69,73,65,55,29,0,31,6,25,24,14,14,44,8,0,55,91,89,44,10,13,83,10,12,67,0,92,18,32,100,53,54,91,87,99,90,81,89,92,80,100,100,100,16,15,8,74,44,7,7,94,18,43,91,24,61,48,21,17,65,57,45,51,0,92,85,83,0,41,42,14,91,21,35,91,31,42,84,3,3,23,43,63,0,2
Brennan Camp,Dorking Wanderers FC,2774,Right Centre Back,Right Back,Scotland,25.0,185.0,78,80,78,88,61,84,95,50,0,88,78,72,54,82,78,60,0,0,0,80,75,56,78,25,22,31,35,56,0,48,65,63,78,82,90,42,30,82,89,35,72,97,77,69,87,89,86,20,46,63,75,85,12,35,58,95,55,99,36,34,38,43,31,23,100,100,71,18,72,9,30,82,83,33,12,24,27,82,71,74,41,67,58,47,69,72,72,56,70,69,44,22,77,59,66,93,4,33,78,11,71,75,62,39,57,13,74,66
Brian Nelson,Slough Town FC,739,Left Defensive Midfielder,Right Defensive Midfielder,England,,,0,0,14,6,23,0,0,46,0,0,0,60,37,0,65,40,0,0,0,0,37,28,13,32,32,35,52,24,0,57,50,75,56,59,54,91,85,71,96,54,99,99,91,87,90,79,67,16,40,55,18,33,100,88,75,99,99,100,53,75,59,99,60,62,100,100,38,10,14,61,0,58,31,71,23,71,38,20,18,16,12,57,19,30,55,64,0,47,17,27,93,57,40,41,0,87,13,31,72,50,18,56,50,15,10,26,43,24
Brody Peart,Tonbridge Angels FC,1383,Right Wing,Right Attacking Midfielder,England,21.0,,90,91,75,57,77,89,89,16,0,86,78,48,47,82,52,48,0,62,70,90,65,66,98,85,86,82,47,41,0,29,18,32,28,29,31,74,66,45,91,71,50,25,51,36,68,39,29,28,55,61,33,56,100,76,72,99,83,99,70,76,71,82,61,81,100,3,12,1,18,57,7,33,25,76,5,62,85,32,28,38,16,23,95,31,57,67,0,61,58,58,0,5,84,45,64,60,18,77,50,29,79,55,76,31,7,89,51,54
Byron Wilson,Oxford City,346,Left Back,Right Centre Back,England,20.0,,0,0,0,0,0,0,0,100,0,0,0,18,24,0,19,26,0,0,0,0,8,9,46,18,25,0,100,34,0,67,74,24,26,70,78,35,24,78,80,11,10,51,84,53,98,84,57,31,96,88,61,71,100,27,33,62,23,48,6,10,6,9,2,23,100,1,34,16,27,31,23,65,34,64,11,23,27,20,11,9,21,75,0,19,0,0,0,0,0,0,0,0,0,0,0,91,4,57,70,15,76,50,0,34,94,0,46,2
C.Cook,Horsham FC,1613,Centre Attacking Midfielder,Right Centre Midfielder,England,26.0,182.0,81,83,94,94,81,69,87,15,0,83,54,76,72,57,81,81,0,0,0,76,92,79,3,68,64,72,30,79,0,4,17,43,43,41,42,98,94,37,99,75,96,78,96,79,78,94,77,13,10,29,38,78,100,97,95,99,99,99,73,92,68,98,53,7,100,100,32,18,31,56,46,42,28,90,37,76,73,49,78,81,28,23,85,65,65,73,54,72,84,84,54,54,63,48,92,58,42,50,33,74,56,38,38,81,87,38,47,50
Caden Kelly,South Shields,907,Left Midfielder,Left Wing,England,22.0,182.0,93,95,66,21,86,87,67,18,0,79,69,85,87,73,68,82,0,95,89,92,72,89,98,84,84,82,45,23,0,9,18,27,47,30,45,38,39,36,48,75,38,20,50,33,63,86,69,82,32,57,28,12,100,42,86,75,64,99,78,64,81,77,87,70,100,100,31,12,59,31,26,35,72,60,60,97,82,48,28,34,44,25,95,65,84,68,90,75,70,68,70,52,76,27,87,4,51,95,20,18,99,77,62,14,31,10,68,56
Cain Sykes,South Shields,2030,Right Back,Right Defensive Midfielder,England,23.0,178.0,45,46,23,33,22,74,97,66,0,26,66,86,75,69,90,83,0,0,0,53,59,46,31,20,22,21,75,16,0,60,77,32,53,72,86,13,10,67,56,35,60,59,34,29,85,66,57,90,75,82,61,58,100,15,43,72,33,90,35,24,33,27,18,74,100,100,96,82,72,24,77,72,63,33,42,11,43,95,94,89,95,85,41,93,80,89,67,58,49,59,49,30,75,61,66,46,28,79,67,21,67,38,43,75,69,48,45,48
Caine Bradbury,Chippenham Town,1796,Left Midfielder,Right Midfielder,England,25.0,175.0,73,75,71,64,67,69,89,38,0,79,83,87,94,54,74,89,97,95,94,78,77,83,65,49,51,51,48,43,0,36,41,19,25,36,40,75,65,31,89,64,78,57,88,54,67,89,63,64,37,29,11,29,16,74,87,97,98,99,63,71,67,97,57,70,100,100,59,29,50,47,11,40,72,78,62,87,77,68,83,77,52,51,26,85,96,86,97,94,71,74,52,37,93,76,93,24,53,80,32,63,68,60,41,12,20,11,44,24
Callum Adebiyi,Chesham United FC,2133,Left Centre Back,Left Back,England,32.0,191.0,75,77,62,70,52,89,55,65,0,54,0,14,15,0,14,16,0,0,0,60,41,33,83,12,12,16,68,32,0,64,76,30,34,94,96,20,23,82,87,16,24,95,26,24,90,35,30,77,82,88,87,93,100,23,30,86,31,93,16,23,22,27,21,24,100,6,74,23,66,78,12,96,82,40,16,28,19,65,44,37,44,78,52,26,32,29,60,38,64,56,0,100,26,15,51,93,7,16,87,12,28,82,90,12,9,92,73,85
Callum Dolan,Torquay United,855,Left Wing,Left Defensive Midfielder,England,25.0,,89,82,77,19,98,45,41,6,99,76,97,93,87,98,95,92,0,82,76,93,85,98,95,93,95,89,55,89,97,3,18,24,27,48,59,65,63,67,89,69,82,47,55,34,46,74,49,41,32,39,26,45,5,67,82,99,74,99,70,67,68,79,71,14,100,100,40,17,31,50,15,46,42,83,11,24,81,56,59,70,68,26,97,79,79,81,78,76,79,81,72,13,91,35,33,51,30,73,44,40,74,52,54,23,47,43,44,53
Callum Ebanks,Buxton,482,Centre Forward,Right Centre Forward,England,23.0,186.0,0,0,87,84,79,0,26,5,0,73,88,85,66,91,90,73,0,0,0,63,88,74,1,23,0,45,0,6,0,10,26,11,15,49,60,53,26,0,28,94,15,0,8,8,100,8,9,18,0,100,58,81,100,59,86,75,77,99,96,91,97,94,100,41,100,100,1,8,4,62,2,52,3,99,23,74,96,6,14,73,2,1,36,29,0,0,0,82,91,85,0,0,66,81,89,10,64,87,9,77,84,27,27,80,57,41,34,26
Callum Ebanks,Bedford Town,803,Right Centre Forward,Left Centre Forward,England,23.0,186.0,90,92,93,92,83,84,84,5,0,86,0,29,56,0,30,63,0,0,0,82,84,74,49,30,30,33,52,21,0,25,15,12,8,34,15,50,30,28,36,91,59,21,9,9,17,8,8,25,0,84,38,93,100,56,19,83,51,99,92,85,91,61,79,31,100,100,6,1,3,35,5,34,2,99,7,81,98,19,5,47,5,7,80,32,46,52,0,0,85,83,0,100,0,0,86,49,65,42,17,88,61,13,45,68,59,91,12,46
Callum Edwards,Southport,989,Right Back,Left Midfielder,England,19.0,,0,0,41,22,53,0,94,42,0,49,0,26,53,0,28,59,0,0,0,0,28,50,18,43,32,57,10,6,0,42,50,10,14,82,86,33,24,53,79,27,30,80,77,38,50,77,44,90,32,25,73,35,7,33,53,90,43,88,24,29,28,29,16,42,2,100,61,18,49,13,1,85,84,50,26,56,57,91,21,19,58,60,85,82,59,51,76,39,35,36,0,44,47,14,58,90,5,47,74,21,53,80,87,4,8,86,54,79
Callum McFadzean,Radcliffe,1641,Left Centre Back,Left Wing Back,Scotland,32.0,181.0,0,0,15,45,11,0,55,72,0,45,53,39,48,56,31,37,0,82,83,31,22,27,60,21,22,23,68,36,91,58,66,54,58,77,77,32,35,97,91,26,44,86,68,58,57,72,63,51,71,40,80,72,100,30,36,94,51,98,26,28,30,36,21,32,100,100,40,13,61,82,13,79,80,48,9,23,39,67,18,15,20,65,53,38,57,43,79,56,29,29,0,46,45,27,52,93,6,22,88,9,35,85,80,9,72,29,74,87
Callum McFarlane,Oxford City,336,Centre Attacking Midfielder,Centre Forward,England,22.0,185.0,0,0,86,81,80,0,44,18,0,71,0,38,40,0,41,44,0,0,0,0,75,66,0,57,72,37,86,20,0,78,24,13,13,0,0,97,48,62,90,94,17,6,30,19,57,30,19,60,0,70,35,97,100,99,98,99,99,100,92,99,91,100,82,21,100,100,34,14,13,74,100,1,3,98,37,81,72,26,7,39,20,35,0,69,58,68,0,71,87,87,0,100,0,0,58,24,12,98,9,15,99,4,11,99,99,79,10,37
Callum Ryan-Phillips,Merthyr Town FC,3145,Left Centre Back,Right Centre Back,Wales,22.0,,39,40,18,59,12,84,17,84,0,19,0,25,22,0,27,23,0,0,0,25,15,12,49,20,27,14,91,46,0,76,88,26,40,89,96,14,12,97,76,8,10,83,30,24,68,49,39,87,37,75,60,76,100,16,32,74,25,90,8,12,10,12,3,75,100,100,94,96,49,46,62,86,46,26,60,10,7,33,66,49,92,91,87,19,19,21,0,52,24,16,0,100,0,0,46,55,84,22,68,33,45,54,51,71,50,31,61,50
Callum Tripp,Bedford Town,541,Right Back,Right Defensive Midfielder,England,19.0,190.0,75,77,32,37,32,97,55,50,0,71,86,56,29,88,60,30,0,0,0,81,42,27,97,46,69,0,100,5,0,60,61,86,48,74,46,61,60,39,89,38,91,94,94,93,55,51,45,92,46,13,96,65,100,60,14,84,46,29,32,42,36,48,59,100,100,100,26,11,17,38,3,68,31,31,37,87,50,42,15,21,12,46,77,37,20,22,0,78,35,26,86,100,46,16,64,82,16,39,60,37,56,45,7,12,99,2,29,42
Callum Wood,Chippenham Town,675,Left Centre Back,Centre Back,Wales,23.0,,69,71,65,96,34,96,94,66,0,71,0,59,32,0,65,34,0,0,0,53,60,31,27,18,25,0,100,20,0,72,100,36,26,89,88,9,8,98,55,10,13,94,25,26,98,27,23,88,0,92,87,81,2,10,9,69,16,74,9,9,9,13,7,22,100,100,83,52,76,99,23,88,88,13,30,21,12,57,60,43,71,100,81,20,36,30,67,50,38,31,80,100,0,0,39,87,21,15,93,6,24,86,69,15,2,4,81,30
Callum Wood,Weston-super-Mare AFC,1217,Left Centre Back,Left Back,Wales,23.0,,0,0,25,73,14,0,0,78,0,0,0,21,22,0,22,23,0,0,0,0,17,13,30,31,42,19,90,19,0,64,86,84,72,90,90,15,13,69,74,17,23,92,57,76,96,44,58,90,70,86,82,83,2,16,14,72,18,69,10,16,17,19,15,32,2,100,49,12,56,90,12,90,77,41,11,31,26,58,29,25,23,83,86,25,12,14,0,0,14,10,91,0,32,14,0,93,5,28,85,9,59,85,80,8,41,24,73,81
Cameron Borthwick-Jackson,Macclesfield Town,403,Left Centre Back,Left Back,England,29.0,183.0,0,0,13,17,14,0,0,100,0,0,0,20,49,0,21,54,0,0,0,0,11,29,39,26,22,33,29,0,0,81,86,41,25,73,70,8,8,75,39,7,27,85,23,27,100,29,23,90,0,100,68,84,100,9,14,36,14,40,6,8,7,9,2,31,100,100,50,62,85,87,71,68,86,26,97,98,26,54,92,81,25,78,67,29,52,60,0,0,16,24,0,28,72,81,0,74,61,13,4,99,27,88,46,31,34,0,88,38
Cameron Salkeld,Spennymoor Town,813,Right Wing,Right Wing Back,England,27.0,183.0,81,83,80,75,74,75,55,24,0,76,73,88,79,76,92,88,0,0,0,81,84,76,44,42,45,42,57,52,0,26,37,12,11,20,21,88,89,32,97,57,29,15,81,42,73,70,37,78,5,43,7,20,100,90,78,99,87,99,51,72,54,82,51,12,1,100,24,24,23,74,23,18,26,72,36,62,86,40,63,70,26,39,70,69,74,87,0,87,86,88,74,13,89,51,86,35,19,93,5,50,96,36,54,46,60,74,35,58
Camron Gbadebo,Eastbourne Borough,1330,Right Centre Back,Centre Back,England,23.0,192.0,0,0,61,89,39,0,30,81,0,43,0,8,16,0,8,16,0,0,0,0,39,24,12,29,40,19,90,32,0,57,78,84,87,99,99,34,27,92,79,15,40,99,85,88,99,91,91,83,85,92,81,94,100,31,47,83,41,96,11,20,14,27,12,80,100,100,73,36,70,29,38,99,73,41,38,47,21,39,11,22,45,78,58,22,23,25,0,0,46,37,0,3,42,48,0,87,21,19,89,10,23,85,87,40,24,74,86,87
Camron Gbadebo,Salisbury,1609,Left Centre Back,Right Centre Back,England,23.0,192.0,0,0,24,11,39,0,41,61,0,33,0,34,18,0,36,19,0,0,0,0,24,26,22,23,30,17,89,49,0,62,86,46,53,98,98,14,15,93,79,9,30,98,25,31,98,41,43,71,96,93,90,93,4,16,22,91,27,99,9,12,10,11,2,65,100,100,80,58,65,36,32,98,67,43,14,4,17,46,20,14,70,87,87,22,16,17,0,45,41,29,86,100,29,100,34,77,46,19,88,16,0,79,89,24,5,92,76,79
Canice Carroll,Chippenham Town,1470,Left Centre Back,Right Centre Back,Republic of Ireland,27.0,182.0,67,69,62,75,48,81,95,64,0,72,0,15,23,0,16,24,0,0,0,51,41,34,69,30,45,0,100,73,0,63,75,25,33,82,86,21,22,86,88,23,27,96,64,39,92,80,56,70,49,77,62,72,100,19,34,90,32,96,27,24,29,27,21,26,3,100,87,65,83,49,52,82,85,23,16,4,11,45,71,60,79,84,49,24,42,47,0,0,52,49,0,65,40,61,0,85,25,20,87,15,14,83,86,27,51,68,82,89
Carl Mensah,Bedford Town,528,Right Centre Back,Centre Back,England,30.0,,90,92,65,57,62,97,44,58,0,77,86,7,18,89,8,19,0,0,0,93,43,43,99,21,31,0,100,38,99,84,80,23,14,95,85,17,15,86,83,7,31,89,44,29,98,15,12,52,92,91,98,97,100,16,8,78,8,64,5,9,7,11,21,11,1,100,16,1,37,35,10,91,62,76,8,80,15,7,18,13,1,70,17,8,0,0,0,79,68,56,0,0,0,0,65,88,24,8,83,28,0,89,53,26,25,0,89,41
Cawley Cox,Merthyr Town FC,1703,Right Centre Forward,Left Centre Forward,England,21.0,,94,95,97,93,91,86,88,3,0,98,91,83,72,93,88,81,0,0,0,97,97,88,86,74,64,82,15,31,91,23,13,11,16,36,46,83,51,34,86,96,47,10,18,13,17,25,18,77,5,54,11,28,15,90,97,99,98,99,95,97,90,99,75,49,100,100,5,22,8,68,22,23,11,87,61,92,75,15,90,95,13,21,52,31,47,54,0,77,86,84,72,35,62,48,82,17,64,80,19,89,59,19,24,53,71,57,17,28
Cedric Julien Main,Darlington,2384,Left Centre Forward,Right Centre Forward,Suriname,28.0,180.0,97,96,97,87,96,81,83,2,99,98,88,94,92,91,97,97,0,0,0,97,98,97,66,48,57,40,75,47,0,13,17,10,10,5,6,42,11,32,31,99,34,4,13,10,90,15,11,73,32,91,30,63,100,51,55,75,88,99,97,85,95,94,84,87,100,100,10,19,16,57,52,8,12,96,46,83,98,17,86,97,18,25,84,60,70,82,0,94,97,98,74,35,85,87,99,12,72,81,11,80,79,20,22,67,55,49,21,20
Cedwyn Scott,South Shields,2438,Left Centre Forward,Centre Forward,England,27.0,178.0,98,98,98,94,93,93,75,4,0,98,88,93,79,91,95,86,0,66,63,98,98,91,93,64,70,58,62,89,0,20,38,12,15,10,13,21,16,29,31,97,33,6,10,9,65,17,14,90,10,90,12,13,100,30,69,74,54,99,96,70,96,65,80,78,100,100,13,24,24,49,49,13,20,79,42,71,73,52,82,97,22,43,66,50,60,69,50,84,92,92,94,54,44,31,87,54,21,79,57,34,64,36,53,71,58,72,41,56
Chae Whitman-Brown,Worksop Town FC,678,Right Wing,Right Midfielder,England,,,0,0,67,70,58,0,94,19,0,35,79,73,78,82,78,81,0,63,78,53,67,63,13,34,25,47,10,20,0,5,26,13,11,0,0,54,39,0,87,90,69,26,42,23,34,47,24,84,5,40,6,19,100,60,60,98,74,99,88,79,84,86,89,22,100,100,9,3,23,36,50,10,18,93,18,86,98,25,32,46,7,18,98,46,78,86,66,71,74,76,0,5,97,69,86,30,23,93,9,47,95,55,58,76,99,47,63,86
Charlee Adams,Chelmsford City,606,Right Defensive Midfielder,Left Defensive Midfielder,England,31.0,181.0,0,0,29,21,38,0,94,56,0,33,0,36,71,0,25,48,0,84,90,0,28,50,19,20,28,0,100,10,0,63,60,48,40,65,62,16,13,86,71,35,99,99,64,52,83,78,58,90,85,65,71,74,100,15,22,75,55,98,40,24,34,39,23,52,100,100,56,8,77,31,28,68,87,64,18,63,41,84,36,26,23,61,27,48,56,21,87,0,0,7,0,50,60,27,0,86,13,32,86,14,26,85,69,25,51,5,83,72
Charlee Adams,AFC Hornchurch,361,Centre Defensive Midfielder,Right Defensive Midfielder,England,31.0,181.0,0,0,50,14,70,0,94,27,0,70,0,84,95,0,50,89,0,98,95,0,64,87,2,17,24,0,100,18,0,68,75,65,52,68,62,17,22,57,23,40,99,95,18,37,5,10,23,65,0,13,87,39,100,19,16,47,39,99,48,28,38,33,27,100,100,100,38,2,77,15,15,74,90,44,16,89,56,86,57,53,13,65,19,58,75,48,90,69,50,47,0,50,88,83,0,90,5,49,81,26,21,91,91,18,7,76,91,89
Charlie Carter,Dorking Wanderers FC,1288,Left Centre Midfielder,Left Defensive Midfielder,England,29.0,188.0,96,97,93,76,95,87,86,16,0,98,59,46,42,62,50,46,0,0,0,95,87,85,96,80,73,85,21,52,0,7,19,22,33,58,71,56,36,56,88,79,86,48,42,28,55,67,47,32,52,57,64,79,100,56,86,97,93,100,83,72,80,94,69,35,100,100,43,33,45,20,81,56,32,78,45,64,62,71,87,91,47,30,94,73,53,62,0,89,88,87,0,69,42,21,71,54,32,66,42,71,48,39,42,94,89,44,55,56
Charlie Cooper,Hereford FC,333,Left Defensive Midfielder,Right Defensive Midfielder,England,29.0,175.0,0,0,42,2,86,0,0,36,0,0,0,19,58,0,20,65,0,0,0,0,25,78,21,18,26,0,100,88,0,16,74,13,9,24,11,60,69,83,92,58,99,95,44,24,46,26,15,59,32,48,0,0,100,64,32,98,78,99,48,49,44,29,5,100,100,100,73,54,39,9,2,26,78,75,92,96,32,74,12,9,56,64,30,40,28,31,0,0,11,11,0,100,0,0,0,63,32,54,79,18,45,68,42,8,51,5,48,41
Charlie Cooper,Kidderminster Harriers,933,Left Defensive Midfielder,Centre Defensive Midfielder,England,29.0,175.0,78,80,38,8,64,81,16,39,0,69,0,26,49,0,27,54,0,0,0,64,27,56,92,15,20,0,100,81,0,60,91,53,69,65,80,48,34,88,92,48,98,98,58,51,80,84,78,27,55,66,71,66,100,44,74,99,92,100,52,46,54,70,23,17,100,100,79,43,88,18,53,74,87,58,42,47,35,79,69,53,57,84,21,63,47,53,0,41,17,23,69,100,0,0,60,58,60,35,46,82,32,82,76,25,7,25,79,55
Charlie Cummins,Weston-super-Mare AFC,1465,Right Defensive Midfielder,Centre Defensive Midfielder,Republic of Ireland,20.0,188.0,67,69,76,83,63,64,78,33,0,79,0,81,82,0,86,90,0,0,0,51,77,69,3,50,56,45,68,63,0,30,55,22,21,51,54,95,87,48,98,62,97,92,95,67,80,90,63,32,50,33,62,66,100,95,88,99,99,100,61,80,56,97,45,42,100,100,58,41,31,47,28,60,28,89,61,76,60,66,52,59,46,60,82,68,42,47,0,59,61,57,56,41,40,48,72,50,33,71,35,69,59,36,57,48,25,79,36,46
Charlie Hickingbottom,Peterborough Sports FC,1193,Left Centre Back,Right Centre Back,England,21.0,,0,0,29,48,23,0,26,79,0,29,0,39,22,0,42,23,0,0,0,0,30,19,17,13,11,19,29,45,0,85,79,48,42,96,97,32,44,95,86,22,67,99,62,51,62,74,56,33,79,47,81,94,100,28,34,81,46,97,31,27,29,30,16,78,100,100,65,22,80,36,39,96,86,50,8,10,22,45,76,65,30,84,69,24,39,38,58,35,40,35,0,57,32,61,68,77,38,25,56,77,23,89,86,26,54,36,88,89
Charlie Jolley,Fylde,730,Centre Forward,Centre Attacking Midfielder,England,25.0,180.0,67,69,89,72,91,42,50,3,0,89,0,10,14,0,11,15,0,0,0,51,75,70,4,32,41,25,86,96,0,41,26,12,21,22,29,78,35,0,83,99,19,1,11,10,92,14,15,29,70,92,31,66,100,85,98,99,95,99,99,98,98,99,92,61,100,1,2,11,2,75,17,17,0,95,46,93,95,7,11,45,5,21,44,30,17,19,0,68,92,88,0,100,40,93,89,12,17,99,2,40,99,0,5,99,88,87,1,10
Charlie Jolley,Marine,1171,Right Midfielder,Centre Forward,England,25.0,180.0,93,94,88,82,82,89,94,3,0,93,0,75,45,0,80,50,0,0,0,85,86,71,66,49,54,46,61,74,95,4,13,12,9,39,33,47,36,39,87,79,63,26,19,14,46,15,11,64,32,75,15,53,100,55,40,98,76,99,84,73,82,87,87,50,100,100,5,0,12,78,2,33,22,92,2,50,90,12,40,73,7,8,90,28,49,56,0,76,76,73,62,21,53,16,74,57,41,53,21,78,69,42,51,22,37,56,33,44
Charlie Lennon,Darlington,1199,Left Wing Back,Left Midfielder,England,20.0,,73,75,85,73,83,52,78,14,0,82,99,98,98,99,97,99,95,94,88,97,94,96,96,94,91,96,29,63,0,1,6,17,16,38,40,55,37,0,72,68,63,41,68,37,79,65,37,90,60,59,14,19,100,59,56,95,73,97,66,60,64,77,70,100,100,100,21,5,16,67,1,39,34,87,18,78,94,59,78,85,49,15,99,62,96,98,85,94,78,88,62,22,97,58,91,43,39,74,30,41,86,48,52,12,19,46,31,35
Charlie Osborne,AFC Totton,784,Left Centre Midfielder,Left Defensive Midfielder,England,20.0,178.0,0,0,30,16,43,0,94,42,0,38,98,50,43,98,54,47,0,0,0,82,37,41,98,26,39,0,100,22,0,24,49,21,22,48,45,89,79,66,98,60,90,84,80,47,85,76,47,70,55,58,68,56,100,91,86,99,99,100,60,80,62,97,49,64,100,1,35,80,35,45,48,42,35,65,95,86,47,56,52,39,26,46,64,53,33,36,0,0,16,16,75,100,0,0,0,52,42,60,65,27,60,55,51,31,67,31,51,56
Charlie Pegrum,AFC Hornchurch,1770,Right Wing,Left Wing,England,21.0,170.0,47,48,67,63,61,39,28,32,0,68,52,67,83,55,73,91,0,0,0,45,64,68,10,64,65,64,46,68,0,11,32,55,46,44,45,73,58,49,84,71,97,87,75,63,84,63,51,88,70,60,12,25,16,76,65,94,96,99,70,80,75,97,75,100,100,100,49,19,20,35,9,41,27,83,55,91,81,53,84,80,45,41,85,82,75,87,0,84,77,79,52,46,69,43,91,40,45,72,26,62,75,33,38,34,67,49,28,41
Charlie Rowan,Hemel Hempstead Town,1206,Centre Back,Right Centre Back,England,28.0,192.0,55,56,52,63,42,69,30,51,0,45,0,14,10,0,0,0,0,76,71,37,31,24,60,16,11,28,5,23,0,81,70,24,27,88,90,50,52,98,91,29,77,99,61,37,94,57,38,18,82,81,75,96,9,44,47,98,82,99,25,33,30,49,17,31,100,100,35,4,38,20,8,88,55,64,1,5,26,36,8,7,7,63,50,20,24,27,0,35,53,44,0,100,0,0,42,92,8,24,87,10,36,85,76,20,3,14,81,45
Charlie Ruff,AFC Hornchurch,801,Centre Attacking Midfielder,Centre Forward,England,26.0,171.0,81,84,94,92,85,65,88,24,0,94,98,99,94,98,99,98,0,0,0,95,98,93,12,70,77,58,71,68,0,5,13,25,31,30,33,59,38,55,92,80,86,38,28,23,83,39,30,78,81,83,13,30,100,67,76,99,91,100,79,77,78,91,63,65,100,100,34,31,43,5,62,38,34,81,92,99,76,61,98,99,41,21,54,74,81,93,0,95,82,87,97,100,63,93,97,47,24,82,32,89,42,38,46,57,52,55,40,45
Charlie Sayers,Hampton & Richmond,2471,Left Centre Back,Left Back,England,22.0,183.0,42,43,24,25,28,55,55,69,0,32,0,19,22,0,18,20,0,68,63,27,15,21,59,7,8,0,100,21,0,72,81,48,36,82,77,44,39,84,89,29,34,81,47,43,68,40,33,49,34,63,55,67,100,45,36,94,66,99,26,35,33,53,34,32,100,100,46,10,61,87,10,82,84,42,4,12,26,72,9,8,29,78,50,29,43,48,0,0,22,25,46,23,47,18,34,94,4,26,84,12,43,86,74,9,8,8,76,54
Charlie Seaman,Ebbsfleet United,2858,Right Wing Back,Right Back,England,26.0,173.0,51,52,48,17,65,41,33,39,0,41,88,94,91,87,93,84,90,90,91,72,72,77,51,65,60,70,29,17,0,14,42,24,33,60,66,27,16,24,58,55,77,68,36,26,81,51,38,81,34,79,74,60,100,31,48,77,71,99,67,46,67,75,70,81,100,100,68,9,69,40,8,66,89,36,10,37,89,65,69,70,62,46,57,91,99,98,96,60,58,72,78,31,98,61,73,70,16,67,45,31,82,68,68,10,18,41,53,56
Charlie Weston,Curzon Ashton FC,2411,Left Defensive Midfielder,Centre Defensive Midfielder,England,21.0,173.0,55,56,60,46,60,48,50,36,0,64,73,83,77,77,77,57,0,90,90,63,67,64,32,27,35,19,88,46,0,44,65,49,46,66,63,76,74,72,93,49,97,93,70,56,80,54,46,71,60,59,42,49,100,79,57,99,93,99,47,57,46,76,28,51,100,100,55,18,76,44,32,75,81,73,52,91,53,87,72,67,35,64,15,71,87,77,89,54,46,53,94,70,56,61,53,71,42,30,59,76,19,84,84,23,38,49,81,85
Charlie Wiggett,Oxford City,2860,Right Centre Back,Centre Back,England,23.0,177.0,0,0,20,61,12,0,55,81,0,34,0,12,15,0,13,15,0,0,0,0,11,10,39,10,12,0,100,9,0,81,93,36,27,96,92,12,14,88,80,8,8,72,33,30,66,27,23,86,21,72,63,87,24,13,11,74,22,92,6,8,7,11,2,88,100,100,60,52,75,3,26,97,85,52,36,28,7,23,12,9,46,86,59,12,20,19,48,32,20,14,57,100,0,0,24,84,33,12,92,7,0,90,90,8,2,61,84,77
Charlie Williams,AFC Telford United,1192,Left Wing,Right Wing,England,21.0,173.0,55,56,70,37,80,38,89,16,0,64,97,96,89,98,98,96,0,0,0,85,85,87,67,53,43,65,14,75,94,6,35,55,66,33,39,47,45,29,71,85,57,33,30,38,79,33,48,70,10,81,8,26,100,53,62,91,77,99,85,71,81,86,84,31,100,100,26,50,18,49,33,19,20,81,57,58,78,46,53,74,37,37,96,66,63,74,0,82,76,76,92,16,88,58,95,10,30,97,27,38,90,29,8,59,93,10,30,18
Chibuike Udogu Ezennolim,Curzon Ashton FC,1986,Left Wing Back,Left Back,England,24.0,183.0,45,46,46,89,22,74,38,53,0,36,0,38,49,0,37,51,0,74,65,29,39,34,26,44,38,54,20,38,0,38,49,33,26,75,70,53,38,58,93,29,55,71,86,59,79,78,51,79,53,45,59,60,100,51,38,96,50,99,26,34,29,48,50,73,100,100,31,6,35,77,3,79,58,64,18,73,61,47,21,24,23,35,77,50,50,37,76,77,46,41,0,61,52,16,77,88,4,76,50,11,98,71,84,6,5,89,47,68
Chris Francis,Oxford City,791,Left Centre Back,,England,23.0,,0,0,10,13,9,0,0,78,0,0,0,32,14,0,34,14,0,0,0,0,14,8,32,11,14,0,100,35,0,75,91,16,18,91,92,13,11,84,88,7,8,87,24,18,92,32,22,90,32,89,71,49,4,16,22,86,8,64,8,13,12,7,2,100,100,100,85,69,83,78,57,96,77,35,42,21,7,18,14,14,84,88,48,14,25,27,0,45,24,19,0,100,0,0,65,85,25,21,89,8,48,83,92,25,4,97,81,89
Chris Merrie,Fylde,2013,Left Defensive Midfielder,Centre Defensive Midfielder,England,27.0,181.0,0,0,32,22,42,0,55,63,0,46,66,83,81,70,82,76,0,85,85,42,59,56,14,33,35,33,61,74,89,48,71,39,59,57,70,49,50,77,91,44,90,88,34,32,70,64,59,83,25,73,86,57,18,56,90,97,81,99,40,42,38,55,22,86,100,100,97,93,60,77,76,59,47,66,92,57,42,91,93,89,96,82,6,95,74,68,81,59,30,39,49,52,57,87,62,52,61,42,54,72,31,26,41,69,55,70,29,40
Chris Stokes,Curzon Ashton FC,822,Centre Back,Left Centre Back,England,35.0,185.0,0,0,36,30,41,0,17,100,0,45,0,18,13,0,19,14,0,0,0,0,21,25,25,0,0,0,0,39,0,75,91,30,27,91,87,13,10,92,70,12,42,98,27,24,100,28,24,79,100,100,80,91,4,14,13,59,23,88,22,16,17,23,21,4,100,100,83,61,63,84,36,91,69,23,4,0,11,31,76,67,55,86,85,19,24,26,0,0,48,39,73,100,0,0,0,80,37,20,81,23,22,75,81,38,6,69,74,62
Chris Sze,Southport,906,Centre Forward,Centre Attacking Midfielder,England,22.0,185.0,98,90,94,79,95,66,96,2,99,98,0,66,57,0,72,64,0,0,0,78,91,88,6,69,76,60,68,88,99,6,20,8,9,8,9,72,30,0,67,98,48,16,16,11,49,21,14,21,10,80,5,39,100,76,90,96,85,99,96,96,96,91,79,70,100,100,3,3,6,33,30,1,8,89,1,10,74,24,26,62,6,13,56,21,58,55,72,62,87,85,0,100,0,0,61,19,25,96,7,70,90,12,1,89,99,16,16,13
Christian Maghoma,Dagenham & Redbridge,2003,Centre Back,Left Centre Back,DR Congo,28.0,195.0,0,0,42,68,29,0,26,76,0,32,0,15,12,0,16,12,0,0,0,0,23,16,23,20,29,0,100,20,0,83,90,28,29,91,88,21,17,95,80,12,16,91,50,34,98,50,35,88,95,91,89,85,100,22,24,81,29,93,11,13,9,16,4,73,100,5,45,57,60,25,56,91,54,44,17,7,9,12,26,18,22,88,67,11,18,20,0,39,52,41,0,100,0,0,47,74,53,20,55,61,39,80,87,34,20,87,79,86
Christian N'Guessan,Dagenham & Redbridge,1694,Left Defensive Midfielder,Right Defensive Midfielder,England,27.0,186.0,0,0,17,61,11,0,0,81,0,0,0,47,34,0,51,36,0,0,0,0,29,18,18,39,40,41,52,46,0,35,55,36,28,60,56,38,28,37,64,47,97,95,35,31,99,27,24,74,98,93,86,75,15,43,31,87,58,95,47,42,49,48,36,49,100,100,53,50,43,61,69,58,34,79,67,73,38,56,43,37,32,46,55,52,41,34,69,56,19,17,72,100,28,27,44,55,55,43,51,72,36,42,45,76,87,44,50,58
Christie Ward,AFC Totton,2111,Left Centre Midfielder,Right Defensive Midfielder,England,22.0,,68,70,74,56,75,52,71,23,0,79,0,42,52,0,46,58,0,0,0,52,63,67,19,41,45,40,62,60,0,35,56,21,22,58,63,48,30,43,86,64,95,81,42,27,84,51,32,74,4,78,64,56,100,53,57,97,92,99,64,59,68,92,62,86,100,100,42,34,39,38,44,62,35,87,45,61,64,41,72,68,27,56,70,69,40,45,0,64,64,59,49,69,26,14,72,46,17,90,40,36,81,49,62,79,61,68,58,67
Christos Batzelis,AFC Totton,2229,Left Back,Left Wing Back,Greece,21.0,180.0,43,45,13,11,15,84,55,68,0,29,0,59,55,0,57,52,0,81,77,28,36,33,27,61,74,41,83,53,0,19,63,64,75,69,76,62,59,0,86,33,51,58,82,73,66,84,81,77,36,35,20,28,100,62,68,96,56,96,27,36,27,35,16,76,100,100,37,24,42,78,18,70,53,45,18,29,49,59,23,24,35,55,96,41,69,68,75,62,27,37,48,30,75,41,59,75,9,75,54,28,76,64,75,22,26,73,58,70
Cian Dillon,Enfield Town FC,496,Centre Forward,Right Centre Forward,Republic of Ireland,20.0,,77,79,74,76,64,78,96,17,0,90,99,99,90,99,99,96,0,0,0,99,92,77,99,49,32,67,5,31,0,29,7,10,9,32,26,66,11,0,36,96,76,23,0,7,0,0,7,58,0,91,2,49,100,78,53,83,97,99,96,96,96,99,96,100,100,100,8,15,1,45,0,12,8,95,7,13,89,23,44,89,10,10,93,45,70,82,0,81,80,81,0,28,65,95,88,37,16,94,7,34,98,10,0,88,99,8,12,3
Cian Eric Coleman,Buxton,977,Centre Attacking Midfielder,Right Centre Midfielder,Republic of Ireland,21.0,177.0,92,94,72,60,70,96,84,20,0,89,96,63,65,97,69,73,0,0,0,97,67,66,99,46,51,45,59,68,0,25,47,17,21,28,38,54,36,30,76,75,87,42,40,24,41,51,31,75,8,47,3,17,100,60,77,95,96,99,73,68,73,93,53,73,100,100,27,62,25,62,79,20,20,93,93,94,72,45,32,57,26,58,47,77,74,83,61,72,80,82,0,72,35,19,92,40,29,84,22,72,72,21,16,71,54,34,23,14
Claude Kayibanda,Bedford Town,457,Right Defensive Midfielder,Right Centre Midfielder,Rwanda,20.0,,0,0,10,3,13,0,0,100,0,0,0,34,32,0,36,34,0,0,0,0,15,18,31,38,59,0,100,34,0,46,62,68,57,75,69,86,88,0,92,41,66,78,95,87,46,65,59,5,0,7,81,38,100,78,34,94,92,99,43,45,31,65,21,38,100,100,26,4,27,74,5,72,46,60,15,73,32,30,0,0,12,40,91,26,22,25,0,0,10,9,0,100,0,0,0,91,6,30,79,18,45,68,73,15,64,60,58,79
Cody Cooke,Torquay United,1333,Centre Forward,Left Centre Forward,England,33.0,185.0,90,81,95,99,65,83,53,16,99,68,90,71,54,92,77,60,0,0,0,87,93,58,22,15,16,19,68,66,0,28,35,11,10,13,18,39,13,0,20,99,18,0,11,10,88,15,11,34,70,92,52,99,100,43,63,63,74,99,97,81,95,87,92,57,100,100,13,0,3,33,13,5,5,99,5,74,95,13,39,82,2,15,43,39,45,51,0,33,81,78,80,100,31,61,70,80,7,73,41,24,91,4,4,69,54,61,3,4
Cole Jarvis,Merthyr Town FC,2493,Right Centre Midfielder,Right Centre Back,Wales,24.0,,81,83,82,84,70,80,84,40,0,87,82,70,62,85,76,69,0,0,0,84,78,65,81,57,61,54,56,12,87,18,40,21,24,75,84,49,43,58,80,53,45,71,48,30,70,74,47,88,12,64,71,88,21,56,81,95,77,99,62,55,59,57,28,87,100,100,68,50,33,54,66,72,27,80,33,26,28,60,84,86,55,53,80,53,45,51,0,64,78,74,0,62,43,19,77,65,30,52,64,37,48,34,38,76,60,45,41,39
Cole Kpekawa,Bedford Town,1067,Left Centre Back,Centre Back,England,30.0,191.0,0,0,62,95,32,0,55,100,0,42,0,17,11,0,18,12,0,0,0,0,42,18,10,0,0,0,0,15,0,89,92,46,25,99,91,7,7,99,6,7,12,81,16,25,100,10,13,89,100,100,87,94,1,7,7,7,9,29,6,0,0,0,0,100,100,100,9,3,50,80,17,99,61,88,4,26,16,28,11,11,0,86,0,11,21,23,0,0,36,26,0,12,33,100,0,95,4,22,89,9,28,92,89,17,7,5,92,82
Connell Rawlinson,Chester,392,Left Centre Back,Centre Back,Wales,34.0,185.0,82,84,38,57,29,99,94,100,0,67,0,95,22,0,97,23,0,0,0,69,71,22,41,16,23,0,100,0,0,69,100,75,79,69,72,7,8,82,0,8,11,71,0,28,0,0,33,83,70,75,41,66,100,7,8,10,8,42,6,0,0,0,0,30,100,100,79,96,83,36,98,63,66,2,2,0,17,12,76,88,64,89,25,11,0,0,0,88,61,48,0,0,0,0,74,48,94,18,50,46,61,75,68,90,99,22,84,91
Connor Barratt,Bedford Town,392,Right Centre Back,Left Back,Republic of Ireland,22.0,189.0,0,0,68,93,43,0,97,42,0,74,0,35,36,0,38,38,0,0,0,0,54,38,5,0,0,0,0,29,0,69,86,61,58,95,88,24,13,56,68,22,20,81,56,56,98,33,42,83,0,89,43,45,100,25,21,90,47,99,22,28,32,31,16,100,100,100,24,16,55,71,15,97,66,86,19,45,29,42,7,11,8,72,36,34,40,45,0,66,53,48,0,12,53,100,0,92,7,24,62,65,25,89,86,5,1,35,74,53
Connor Douglas,Buxton,683,Right Wing,Right Wing Back,England,20.0,178.0,69,71,60,43,62,69,12,30,0,37,99,72,86,99,77,94,0,0,0,94,62,71,99,84,84,84,38,49,0,2,17,9,10,55,61,48,31,0,86,70,74,29,67,31,79,79,42,44,40,60,45,59,100,46,68,95,77,87,72,56,68,77,63,58,100,100,24,6,22,51,25,50,26,58,46,97,93,48,20,31,25,23,95,57,81,92,0,83,83,87,0,2,99,83,90,30,53,75,34,65,64,37,42,80,35,46,47,33
Connor Kirby,Buxton,2805,Right Defensive Midfielder,Left Defensive Midfielder,England,27.0,169.0,61,62,47,15,66,51,28,43,0,48,45,42,41,0,32,33,90,84,80,52,42,55,70,16,15,22,44,28,0,67,72,50,63,67,77,58,65,79,88,45,94,94,72,57,85,86,76,42,43,64,68,44,100,56,74,94,78,99,46,45,44,55,25,24,100,100,77,43,78,43,34,67,86,41,60,71,38,86,51,40,58,76,40,69,63,49,81,24,32,33,69,46,49,41,38,62,42,43,61,60,32,79,73,21,41,22,75,73
Connor Lawless,Dagenham & Redbridge,1552,Left Wing Back,Left Defensive Midfielder,England,24.0,173.0,0,0,22,22,26,0,96,59,0,42,54,64,65,58,66,69,0,76,68,32,43,43,26,33,31,39,37,39,0,51,50,69,70,61,60,79,62,51,97,51,82,73,77,73,92,78,74,36,73,71,49,51,13,79,80,99,92,99,52,60,50,86,47,29,100,100,50,28,47,83,26,61,56,50,42,66,43,54,63,57,32,52,16,47,74,80,70,0,33,46,75,42,59,41,0,65,43,38,65,37,47,60,48,33,55,17,58,48
Connor Roberts,Chesham United FC,1517,Right Wing Back,Left Wing Back,England,29.0,181.0,50,51,67,43,71,37,16,26,0,62,87,83,84,90,81,78,0,87,88,70,72,77,45,34,36,34,59,61,0,64,63,43,42,68,68,40,46,76,89,35,78,69,62,48,43,52,42,82,41,31,57,39,100,43,45,93,43,91,36,38,40,40,42,43,100,100,39,10,59,11,15,67,79,31,30,81,61,72,61,62,24,68,29,61,94,94,90,67,64,71,76,37,87,68,61,80,11,56,68,18,73,80,74,9,14,25,66,62
Connor Stevens,Chesham United FC,2871,Right Centre Back,Left Centre Back,England,28.0,187.0,40,41,19,32,17,69,30,69,0,35,77,72,31,80,78,33,0,0,0,58,48,21,73,19,15,28,15,39,0,74,75,36,42,81,83,16,16,97,83,24,41,96,37,32,83,39,36,92,87,79,82,85,12,18,23,85,29,98,24,24,28,27,22,72,100,100,61,26,43,47,9,80,65,60,19,28,24,37,37,31,33,76,21,27,37,41,0,91,73,67,44,58,35,55,93,89,11,29,69,31,45,64,59,11,15,27,49,40
Connor Wood,Peterborough Sports FC,1746,Left Back,Left Wing Back,England,29.0,177.0,0,0,53,29,62,0,39,38,0,57,84,70,78,74,69,76,93,83,83,58,58,65,45,49,61,36,82,33,0,51,65,58,66,77,84,25,20,70,70,30,78,91,45,48,87,62,63,87,19,79,84,74,100,28,47,81,48,98,27,28,30,39,30,69,100,4,72,15,54,81,7,78,81,43,27,65,56,78,72,76,56,70,29,72,89,90,85,63,52,61,52,30,92,74,66,85,8,55,68,16,77,66,64,10,28,36,49,57
Connor Woods,Chester,1662,Left Wing,Left Midfielder,England,28.0,172.0,92,66,82,65,84,42,94,19,99,89,0,60,78,0,57,69,0,82,87,47,76,83,3,87,92,74,71,35,0,7,31,56,49,37,35,45,25,21,42,75,73,39,31,39,86,32,36,79,32,84,47,63,15,52,44,70,59,98,76,66,77,71,83,21,100,100,30,16,29,38,25,36,33,87,34,73,93,51,71,68,36,38,88,77,79,58,89,89,85,83,73,34,81,71,79,46,22,85,34,29,91,35,41,27,91,50,27,56
Conor Harris,Farnborough,572,Left Defensive Midfielder,Centre Defensive Midfielder,England,,,74,76,46,39,48,92,78,65,0,51,0,94,66,0,97,74,0,0,0,59,73,52,10,27,18,41,5,25,0,62,67,68,53,65,57,47,60,73,92,39,97,96,54,60,86,48,47,68,16,74,55,54,100,49,44,95,81,99,32,36,33,55,22,49,100,100,38,17,40,57,33,62,45,47,13,26,45,64,81,72,13,63,40,46,57,67,0,76,61,60,0,100,0,0,94,82,14,42,64,58,27,58,36,35,49,9,55,32
Corey McKeown,Spennymoor Town,2197,Left Wing,Right Wing Back,England,24.0,173.0,0,0,65,56,62,0,63,30,0,52,48,78,78,51,83,85,0,65,64,28,67,66,2,76,88,51,83,60,88,23,38,45,34,32,31,65,56,55,85,65,69,50,36,35,27,24,24,82,17,39,22,23,100,72,54,98,80,99,66,69,65,87,78,76,100,100,31,46,21,54,40,32,19,85,50,53,65,44,44,41,38,43,98,67,68,74,65,84,72,72,93,57,59,27,92,31,24,92,24,34,93,26,39,56,88,65,26,51
Corey Panter,Dagenham & Redbridge,2696,Left Centre Back,Left Back,England,25.0,186.0,0,0,22,32,21,0,0,80,0,0,70,52,42,48,35,28,94,89,85,45,35,30,66,10,8,19,5,15,0,84,87,49,50,88,88,26,28,92,86,20,25,96,48,43,89,40,41,77,80,80,80,80,100,28,28,89,51,99,21,23,20,29,11,37,100,7,61,7,83,78,10,95,92,55,9,37,24,69,33,26,32,87,28,28,72,48,87,33,20,23,70,17,76,36,39,93,6,20,84,12,49,91,91,7,7,74,87,89
Corey Whelan,Fylde,2746,Left Centre Back,,Republic of Ireland,28.0,185.0,41,42,43,64,31,48,55,100,0,50,45,34,22,47,36,23,0,0,0,35,34,23,44,15,18,15,88,18,0,80,86,61,80,93,99,12,12,97,54,13,15,92,25,39,97,55,71,70,21,91,91,92,100,13,32,46,31,89,17,14,15,23,11,38,100,100,95,96,81,17,93,92,66,25,63,11,14,44,86,77,91,91,91,24,8,10,0,50,43,29,44,0,25,19,49,44,93,22,52,60,45,61,57,83,75,30,71,66
Corie Andrews,Enfield Town FC,385,Left Centre Forward,Centre Forward,England,28.0,180.0,82,84,46,47,44,97,55,35,0,31,99,96,98,99,98,99,0,0,0,99,75,79,99,17,0,34,0,94,0,30,33,0,0,12,8,54,40,0,25,98,25,4,11,8,100,8,7,82,0,100,1,27,100,70,29,69,73,99,96,93,94,88,96,100,100,100,5,21,1,69,100,4,0,97,17,31,99,16,80,91,5,32,33,51,53,62,0,96,93,92,0,100,74,93,99,1,99,63,1,97,75,2,6,99,97,76,7,20
Corie Andrews,Maidenhead United,400,Centre Forward,Left Centre Forward,England,28.0,180.0,0,0,83,96,60,0,99,13,0,83,0,56,75,0,61,84,0,0,0,0,76,63,0,26,0,51,0,80,0,1,5,0,0,12,16,77,48,85,85,99,44,5,8,7,4,9,7,20,0,59,1,52,100,84,89,99,64,99,98,98,98,81,95,31,100,1,2,18,10,70,95,0,8,94,74,98,100,4,69,64,9,1,3,55,24,27,0,87,89,85,0,100,52,61,98,1,21,99,0,33,99,0,0,99,99,44,2,2
Cormac Daly,Hereford FC,566,Left Midfielder,Right Wing,Scotland,19.0,,89,91,89,69,92,74,71,6,0,88,84,87,94,87,91,98,0,0,0,91,91,96,80,68,79,52,77,5,0,16,30,22,24,40,44,38,37,0,68,71,83,35,55,33,95,59,38,85,0,85,1,9,100,42,52,88,76,99,73,57,73,56,28,49,100,100,23,39,16,74,56,32,14,83,25,25,87,36,35,79,29,37,99,74,65,76,0,95,77,77,0,28,94,87,95,9,49,93,13,76,81,18,15,95,17,40,26,4
Craig Eastmond,Eastbourne Borough,1918,Centre Defensive Midfielder,Right Defensive Midfielder,England,35.0,183.0,0,0,42,24,52,0,39,48,0,45,81,61,51,84,66,53,0,62,66,55,49,49,66,45,54,38,75,81,0,48,57,64,60,74,76,73,65,69,97,44,99,99,83,74,72,89,77,25,52,40,77,73,100,69,80,99,94,99,45,50,43,82,34,41,100,100,54,32,63,40,47,74,66,59,48,69,35,69,36,34,21,50,32,43,58,62,61,40,33,39,50,73,35,31,30,78,32,27,67,56,23,76,69,46,48,23,77,72
Craig Fasanmade,Hampton & Richmond,1950,Right Wing,Right Centre Forward,England,25.0,182.0,82,84,80,73,75,76,78,4,0,89,50,45,47,53,49,52,0,0,0,75,70,65,75,33,23,48,6,34,0,33,27,17,18,32,27,73,43,0,67,84,29,13,21,17,75,15,14,80,46,84,10,56,100,83,70,95,89,99,84,90,83,93,76,85,100,100,2,12,6,64,9,18,11,92,14,40,90,8,13,27,3,13,68,29,31,34,0,81,76,70,0,34,53,61,89,10,37,96,4,64,94,14,7,27,40,32,7,4
Craig Hewitt,Chorley,798,Left Midfielder,Left Centre Midfielder,England,22.0,,97,84,57,25,69,81,95,23,99,66,0,82,80,0,87,88,0,0,0,69,66,73,64,82,90,65,77,58,0,1,28,12,13,30,25,36,22,0,63,73,78,45,33,19,98,18,14,92,70,93,8,13,100,44,25,90,64,99,71,60,75,72,76,100,100,100,26,13,10,63,5,23,16,78,28,71,97,41,54,53,38,23,98,72,79,90,0,98,87,90,0,16,95,51,98,19,48,86,7,60,93,11,18,34,26,68,6,9
Craig Tanner,AFC Totton,2448,Left Defensive Midfielder,Right Defensive Midfielder,England,31.0,171.0,42,43,20,10,33,50,27,56,0,32,73,75,84,49,58,53,95,93,95,57,50,55,66,31,38,27,81,50,0,65,72,37,49,69,76,66,72,74,90,48,93,85,91,68,66,92,76,37,28,24,43,34,21,60,65,96,75,99,45,49,48,61,37,12,100,100,60,34,91,89,50,75,91,57,68,89,57,83,36,32,45,75,64,67,91,59,96,45,21,28,74,61,66,45,52,43,52,62,50,71,38,87,83,28,34,26,86,83
Crispin McLean,Curzon Ashton FC,961,Left Centre Midfielder,Left Midfielder,Scotland,19.0,170.0,0,0,46,51,41,0,14,51,0,53,98,99,98,97,98,98,96,95,91,85,85,78,67,69,66,73,32,22,0,24,43,11,13,14,14,64,52,26,58,65,67,41,29,17,25,15,12,87,5,46,5,14,100,73,66,85,96,99,60,63,58,89,41,41,100,100,53,59,52,39,34,10,62,51,84,86,77,73,52,65,55,50,74,88,95,96,90,73,52,66,88,32,88,56,85,31,62,68,50,41,65,48,28,24,57,11,41,27
D'Mani Bughail-Mellor,Macclesfield Town,2699,Centre Attacking Midfielder,Centre Forward,England,25.0,186.0,92,93,90,98,63,97,72,25,0,92,58,74,55,61,80,62,0,0,0,89,88,58,78,40,46,37,69,41,0,19,29,20,26,34,44,66,49,42,83,88,79,39,23,19,51,34,26,87,12,72,39,77,100,76,88,97,93,99,88,91,87,95,75,88,100,100,22,52,18,52,91,24,12,87,41,34,83,19,51,77,17,28,65,67,40,45,0,75,82,78,70,46,66,93,92,12,23,98,10,34,98,14,8,94,93,37,20,18
D.Akyeampong,Torquay United,555,Right Back,Right Wing Back,England,22.0,183.0,0,0,8,0,11,0,0,65,0,0,0,22,28,0,23,30,0,0,0,0,9,15,43,21,18,29,29,74,0,28,67,64,56,84,82,34,45,53,53,35,53,64,71,66,92,60,55,55,70,74,76,55,100,31,25,68,40,98,33,29,31,30,21,48,100,100,24,20,45,46,23,82,57,52,59,93,41,31,20,15,14,38,28,23,51,0,88,0,17,10,0,41,62,61,44,90,4,66,62,21,76,77,53,13,42,4,67,49
D.Dowrich,Hemel Hempstead Town,2878,Left Back,Left Wing Back,England,22.0,,0,0,27,53,19,0,26,54,0,23,68,33,38,71,33,39,0,69,61,43,24,27,74,42,49,36,75,57,86,32,49,60,56,70,72,76,70,61,97,34,74,96,96,86,88,90,77,58,60,42,64,72,24,72,66,99,82,99,28,41,28,52,18,81,100,100,31,2,63,77,9,71,86,45,17,90,40,62,12,10,21,37,94,38,67,43,86,48,33,32,44,15,76,18,43,89,6,43,63,19,79,86,75,13,70,9,80,81
D.Roth,Slough Town FC,1899,Right Back,Right Wing Back,England,26.0,,0,0,22,25,24,0,0,60,0,0,0,28,29,0,30,30,0,0,0,0,19,23,27,51,60,42,74,32,90,38,62,67,57,75,72,33,32,59,83,29,73,90,96,88,72,79,67,89,80,23,51,46,17,27,19,84,41,98,24,29,33,36,32,54,100,100,36,9,57,32,8,75,83,22,5,19,42,63,30,22,24,52,58,35,41,24,77,40,22,16,51,50,43,16,48,91,4,54,77,12,73,84,79,8,28,26,71,78
DJ Campton-Sturridge,Oxford City,1214,Right Wing,Left Centre Forward,England,24.0,176.0,95,94,83,91,66,97,94,10,99,92,92,81,48,94,86,54,0,0,0,96,83,58,98,50,47,55,34,59,94,1,28,20,25,14,13,62,64,23,69,83,39,24,20,18,65,18,18,43,0,81,22,49,100,68,46,93,61,94,83,84,84,63,63,78,100,100,5,21,7,6,26,6,8,94,23,41,84,14,27,62,10,21,96,34,39,38,58,87,72,66,61,100,44,31,86,31,19,94,4,59,95,10,9,70,99,51,9,30
Dajon Golding,Maidstone United,1337,Right Wing,Centre Forward,England,28.0,178.0,86,88,84,81,76,81,50,14,0,79,58,82,76,61,87,85,0,0,0,82,85,76,43,49,48,52,41,46,0,10,33,40,50,16,17,68,48,26,89,91,82,40,25,28,14,21,30,50,12,35,23,62,100,74,61,99,93,99,88,90,88,97,84,37,100,100,25,16,10,65,5,10,16,89,24,57,98,27,54,77,23,31,98,78,67,79,0,78,86,87,59,2,90,77,89,13,51,90,18,29,97,16,15,57,94,46,15,28
Dan Ellison,Weston-super-Mare AFC,805,Left Centre Back,Right Back,England,21.0,185.0,0,0,50,96,21,0,55,69,0,45,0,0,0,0,0,0,0,0,0,0,26,10,20,0,0,0,0,27,0,81,91,71,58,82,87,21,21,99,91,11,35,99,59,65,98,41,46,83,92,89,80,94,100,21,19,91,31,99,9,15,11,21,8,4,100,100,39,8,38,65,13,82,52,82,2,6,19,13,5,8,6,82,55,11,0,0,0,0,27,15,0,0,0,0,0,90,14,17,84,15,35,76,67,36,42,18,75,67
Dan Hayfield,Torquay United,2092,Right Defensive Midfielder,Left Defensive Midfielder,England,29.0,,0,0,50,38,53,0,32,38,0,31,86,56,58,89,60,62,0,61,65,61,50,52,76,28,34,25,81,31,0,55,66,41,55,52,62,35,33,63,74,57,97,95,32,32,70,53,51,73,48,74,52,57,100,40,62,93,70,99,58,47,59,67,54,45,100,100,51,32,43,33,39,53,44,71,24,29,62,52,70,60,29,67,76,72,55,64,0,79,53,54,0,54,46,61,90,75,21,46,45,67,48,51,54,39,67,44,49,60
Dan Jarvis,Peterborough Sports FC,1405,Centre Attacking Midfielder,Centre Defensive Midfielder,England,27.0,182.0,78,80,78,55,82,62,80,15,0,88,57,78,71,60,78,71,0,83,78,73,77,79,33,42,46,41,61,73,0,55,59,60,67,52,61,57,67,66,96,65,87,74,46,50,25,51,58,67,37,27,29,78,100,62,74,99,87,99,67,65,68,75,38,40,100,100,39,15,25,44,50,53,21,86,12,28,62,34,76,79,21,58,59,55,60,62,66,93,80,78,57,30,56,72,87,81,21,33,58,56,40,27,31,77,39,50,32,25
Dan Meredith,Leamington FC,2969,Right Back,Left Centre Midfielder,Scotland,26.0,173.0,0,0,48,30,55,0,38,38,0,52,0,62,55,0,62,49,0,79,80,0,52,52,5,55,60,51,61,14,0,35,61,46,31,76,65,17,14,35,44,22,56,81,44,40,76,22,23,92,59,71,28,13,100,19,10,52,26,83,20,23,26,29,41,82,100,100,34,5,55,68,5,80,81,39,8,44,48,87,10,18,25,52,95,42,81,81,81,31,35,48,0,16,85,58,23,91,5,37,68,29,52,80,84,7,6,69,64,70
Dan Mooney,Kidderminster Harriers,659,Right Wing,Centre Attacking Midfielder,Wales,26.0,181.0,0,0,89,47,99,0,50,2,0,85,0,89,96,0,92,98,0,71,79,0,92,99,0,58,53,65,29,70,0,7,23,19,19,35,35,53,46,0,75,93,98,65,10,11,8,11,12,58,0,69,38,32,100,63,66,95,84,99,91,90,93,88,72,56,100,100,20,7,13,83,0,21,36,88,56,98,96,53,24,82,30,24,94,72,70,82,0,84,76,77,80,65,69,33,80,17,66,79,12,84,74,40,31,15,47,23,27,27
Dan Pike,Southport,545,Right Back,Right Defensive Midfielder,England,24.0,175.0,75,77,47,15,66,74,71,26,0,50,85,38,59,88,41,66,0,0,0,81,39,61,98,14,18,0,100,36,0,28,75,45,55,70,71,32,21,78,64,37,86,92,58,47,73,53,51,44,70,60,78,76,100,30,36,57,50,62,41,36,48,31,14,12,100,100,43,6,69,63,25,68,84,30,28,88,49,77,1,5,24,68,68,51,72,47,88,0,17,21,0,34,75,23,0,88,4,69,43,72,46,85,55,16,94,1,79,73
Dan Pybus,Dorking Wanderers FC,569,Centre Defensive Midfielder,Left Defensive Midfielder,England,28.0,179.0,74,76,14,2,30,97,55,63,0,30,84,52,46,87,57,51,0,0,0,80,31,36,98,33,29,41,29,43,0,62,63,36,53,58,65,92,67,65,99,48,71,99,94,71,28,98,89,68,20,2,81,59,1,92,98,100,99,100,41,63,41,91,21,14,100,100,87,21,91,26,29,60,94,36,58,92,34,96,74,57,64,67,5,81,58,57,69,0,13,20,84,19,62,48,0,77,19,47,74,19,57,84,42,13,61,0,77,44
Dan Savage,South Shields,448,Right Midfielder,Left Wing Back,England,20.0,,0,0,71,83,56,0,97,47,0,59,90,94,44,92,96,49,0,0,0,65,82,49,6,39,21,61,2,35,0,37,35,19,34,47,64,79,43,54,85,60,86,50,20,17,100,48,36,4,100,100,5,9,100,79,99,98,99,100,61,82,74,98,46,6,100,100,57,85,28,8,62,42,23,60,97,86,64,35,31,59,52,58,45,82,58,68,0,94,66,65,0,12,82,95,83,6,34,97,4,68,93,14,40,82,97,88,17,64
Dan Ward,South Shields,1587,Right Midfielder,Left Midfielder,England,28.0,178.0,87,89,90,96,70,89,87,29,0,88,96,94,88,97,97,94,0,60,68,95,94,79,85,66,62,71,30,41,0,9,33,16,26,34,48,50,49,44,93,76,89,48,61,32,78,89,64,67,40,63,8,11,100,52,90,99,84,100,76,67,78,87,70,65,100,100,55,37,16,50,20,33,17,75,60,77,91,38,96,97,60,42,44,91,74,84,54,88,86,88,74,42,80,27,92,16,26,96,10,28,98,18,30,49,40,69,16,23
Daniel Bayliss,Chesham United FC,585,Left Centre Back,Centre Back,England,27.0,193.0,0,0,47,43,47,0,26,100,0,52,84,34,36,87,36,39,0,0,0,58,37,40,82,13,17,0,100,17,0,85,89,28,25,99,96,18,17,93,84,26,36,96,19,20,26,18,18,59,16,64,82,91,100,19,12,68,30,92,33,21,22,26,21,50,100,100,50,6,57,79,3,99,85,61,12,53,15,23,13,14,15,88,2,16,31,33,0,76,80,74,0,12,61,95,94,96,2,24,79,15,55,87,90,5,7,85,70,84
Daniel Dodds,South Shields,2626,Left Back,Right Back,England,25.0,178.0,53,54,54,59,46,60,79,50,0,62,90,93,72,93,96,79,0,59,62,75,73,54,64,60,61,61,44,19,0,24,46,39,63,65,80,36,35,51,83,48,60,71,60,44,88,90,80,83,72,74,66,51,100,38,79,87,84,99,57,49,64,73,42,69,100,100,86,68,45,70,39,63,48,51,59,39,53,85,93,93,86,63,77,90,65,75,49,84,64,64,0,12,93,78,85,49,26,79,36,32,88,37,54,46,51,73,36,54
Daniel Elliott,Macclesfield Town,1870,Centre Forward,Left Centre Forward,England,30.0,183.0,96,94,96,86,94,78,75,1,34,94,68,55,40,72,60,43,0,0,0,92,92,83,75,41,46,39,68,46,96,9,23,0,0,18,27,57,27,59,57,99,44,6,19,11,92,26,14,39,70,90,22,76,100,62,82,92,81,99,99,95,99,93,97,71,100,100,0,2,0,77,0,9,1,99,4,32,92,8,72,84,3,6,90,19,44,50,0,61,92,90,51,13,54,61,79,31,56,72,17,49,91,8,17,27,9,76,3,3
Daniel Gallagher,Dorking Wanderers FC,1464,Centre Defensive Midfielder,Right Centre Back,England,28.0,184.0,0,0,17,78,10,0,94,100,0,19,0,17,14,0,18,15,0,0,0,0,11,9,38,14,15,18,68,38,0,71,77,55,73,75,81,46,48,74,93,33,82,98,46,47,25,66,69,38,11,26,84,85,12,46,70,98,63,99,28,31,26,34,12,15,100,100,51,46,39,67,66,75,30,64,44,45,24,39,2,3,18,68,6,25,22,24,0,32,14,11,0,100,0,0,23,86,10,41,85,10,57,51,51,85,59,38,63,53
Daniel Greenslade,Bath City,2130,Left Back,Left Wing Back,England,30.0,180.0,0,0,10,0,21,0,0,58,0,0,0,66,70,0,47,36,0,92,93,0,40,43,11,19,24,16,89,3,0,47,84,23,17,81,73,42,36,79,80,25,69,96,45,29,78,34,22,81,70,72,57,70,100,46,29,94,51,99,23,32,27,48,49,34,100,100,41,2,72,97,5,82,92,40,7,63,61,89,4,7,19,64,13,52,95,68,98,49,11,23,65,47,79,43,28,94,4,25,86,12,35,89,75,9,51,4,81,78
Daniel Jones,Spennymoor Town,2070,Left Centre Back,Left Back,England,31.0,183.0,44,46,39,86,19,78,44,76,0,41,0,42,34,0,33,26,0,84,81,28,37,24,28,9,9,16,29,36,0,76,86,55,45,93,90,19,27,92,70,11,22,97,39,43,76,35,35,35,48,74,95,87,100,17,13,67,25,78,11,16,15,20,11,3,5,100,53,3,88,85,16,95,94,54,16,81,20,69,12,11,19,84,8,25,71,33,91,27,21,19,49,13,77,48,29,93,6,18,86,16,21,92,79,8,26,0,91,77
Daniel Martin,Weston-super-Mare AFC,1128,Left Back,Left Wing Back,England,26.0,173.0,56,58,41,96,15,97,97,77,0,64,0,43,42,0,24,29,0,89,84,39,38,26,46,55,59,53,57,44,0,47,50,60,50,76,74,41,34,54,91,32,69,83,63,59,65,54,48,92,46,49,87,74,100,45,34,97,47,99,28,31,27,44,44,77,100,100,38,18,50,81,19,75,66,35,13,25,60,79,40,29,27,49,98,49,65,40,86,0,20,20,63,16,79,61,27,85,9,50,64,17,81,65,65,17,92,41,56,80
Daniel O'Connor,AFC Totton,544,Left Centre Back,Centre Back,Republic of Ireland,21.0,,0,0,48,99,11,0,0,100,0,0,85,57,18,88,62,19,0,0,0,60,50,10,74,21,30,0,100,11,0,100,100,38,32,91,84,10,8,63,36,8,26,96,21,24,26,18,20,93,0,60,99,73,1,14,9,50,9,62,6,7,6,8,2,100,100,100,60,38,49,81,10,95,58,60,7,3,14,11,14,19,36,100,6,12,0,0,0,57,40,26,85,0,0,0,77,80,32,24,82,31,0,82,89,16,36,89,76,90
Daniel Quick,Eastbourne Borough,1563,Right Centre Back,Right Back,England,23.0,184.0,0,0,22,57,14,0,0,75,0,0,0,49,50,0,53,56,0,0,0,0,33,30,15,31,35,29,73,38,0,49,76,74,77,89,89,42,44,91,87,24,72,97,59,67,95,63,71,54,40,83,87,85,100,42,50,96,36,90,19,30,27,33,32,3,100,100,68,15,84,14,26,93,90,36,10,23,27,80,39,29,45,67,85,46,78,85,70,31,24,44,0,15,80,55,35,89,11,27,76,17,58,89,85,28,27,28,89,85
Danny Gardner,Radcliffe,1147,Left Defensive Midfielder,Right Defensive Midfielder,England,36.0,185.0,56,0,21,5,44,0,12,70,28,21,99,97,96,95,74,63,99,99,99,91,73,75,97,33,29,41,29,25,0,18,74,50,33,46,34,45,53,79,89,46,97,97,62,52,52,64,44,58,36,39,46,20,100,45,38,93,67,99,40,37,36,41,17,28,100,100,64,19,85,13,37,54,90,50,91,99,54,91,49,46,41,72,82,77,98,85,98,36,30,48,84,47,86,75,0,64,47,36,72,44,24,82,68,14,44,10,74,69
Danny Greenfield,Radcliffe,2725,Right Defensive Midfielder,Left Centre Midfielder,England,25.0,176.0,69,71,72,33,87,44,43,15,0,68,79,78,79,61,63,66,94,93,89,74,73,87,62,52,52,56,40,27,0,39,55,28,28,48,48,38,42,43,62,63,97,80,21,21,33,21,21,65,7,65,43,39,100,43,39,87,71,99,63,54,67,75,68,38,7,100,34,35,39,26,30,46,45,79,48,66,73,72,49,61,30,49,96,73,75,59,86,50,53,53,0,67,60,57,57,52,34,68,47,42,68,53,50,29,71,32,48,56
Danny Lloyd,Southport,1381,Right Wing,Right Midfielder,England,34.0,173.0,69,53,69,26,87,35,72,20,99,76,89,84,86,92,83,88,0,86,82,73,73,89,59,54,39,70,7,64,0,12,31,29,39,18,20,73,66,37,79,80,77,39,32,26,21,46,39,27,5,37,20,17,100,76,76,95,82,99,80,81,77,89,79,23,100,100,28,17,40,80,12,26,56,80,64,97,83,39,44,52,39,37,73,72,81,83,79,88,78,80,58,29,84,34,88,21,63,77,6,85,82,62,55,11,45,25,46,53
Danny Mayor,Fylde,984,Left Centre Midfielder,Left Midfielder,England,35.0,183.0,97,98,91,88,83,96,97,27,0,99,96,98,95,97,99,98,0,84,74,99,97,93,98,87,95,57,86,46,0,3,49,14,18,46,59,18,19,75,34,62,49,32,21,15,83,44,27,92,16,87,24,20,100,25,51,64,55,99,67,43,68,60,67,73,100,100,69,81,20,39,55,40,18,79,85,62,85,97,96,98,81,54,98,98,94,98,80,81,73,83,88,75,35,13,84,36,52,71,27,65,71,12,23,70,67,74,12,25
Danny Ormerod,Fylde,2318,Centre Forward,Centre Attacking Midfielder,England,20.0,,99,99,97,89,96,96,79,3,99,99,89,92,72,92,95,80,0,0,0,99,98,92,99,48,47,52,40,64,0,14,34,15,22,39,49,83,68,41,91,94,29,6,35,21,54,60,37,49,10,63,16,60,100,87,98,99,98,100,93,97,91,98,71,64,100,100,6,49,9,36,89,30,4,86,39,34,79,20,87,96,9,25,95,37,47,54,0,88,89,88,47,73,39,55,87,21,18,97,27,48,84,6,19,96,68,84,10,21
Danny Rowe,Spennymoor Town,2377,Right Centre Back,Right Back,England,30.0,188.0,65,67,30,43,26,96,86,83,0,62,47,25,17,50,27,18,0,0,0,58,21,17,89,13,17,0,100,45,0,80,87,62,55,95,93,20,30,95,84,10,22,97,66,62,87,52,50,68,83,70,94,96,100,17,14,71,26,95,7,11,9,17,6,15,100,100,57,12,75,35,30,97,80,73,15,43,17,38,24,20,23,86,41,19,37,27,71,35,43,35,0,53,44,85,35,94,4,22,89,9,27,85,87,23,42,71,83,89
Danny Ryan Barker,Horsham FC,2342,Right Defensive Midfielder,Centre Defensive Midfielder,England,27.0,,43,44,26,51,19,74,38,65,0,21,47,14,20,50,15,21,0,0,0,38,14,15,76,26,23,34,29,31,0,69,77,28,29,70,69,57,53,67,92,40,82,93,89,60,97,82,57,28,55,78,59,76,100,48,48,96,68,99,35,37,34,42,18,77,100,100,33,38,37,34,59,68,33,79,31,35,28,32,13,10,10,74,19,24,25,27,0,0,12,11,0,100,0,0,19,63,37,47,46,89,24,62,59,84,75,32,71,68
Danny Whitehead,Macclesfield Town,916,Left Defensive Midfielder,Right Defensive Midfielder,England,32.0,179.0,61,63,48,53,43,78,81,47,0,75,69,44,43,73,48,48,0,0,0,65,43,41,87,23,28,22,81,40,0,42,67,45,55,73,78,37,28,0,61,51,97,93,68,52,85,84,71,83,70,66,43,56,100,38,63,80,66,99,52,46,60,71,70,100,100,100,83,69,37,38,36,72,37,74,63,43,61,82,48,43,68,69,29,95,70,78,62,41,49,55,0,69,36,41,61,48,31,75,39,69,55,22,29,38,48,56,18,25
Darnell Johnson,Oxford City,1941,Left Centre Back,Right Centre Back,England,27.0,185.0,71,73,40,85,20,99,81,82,0,57,0,8,8,0,9,9,0,0,0,55,19,11,87,14,16,16,81,9,0,71,88,34,24,97,91,11,14,97,63,7,9,77,41,32,88,34,25,90,24,81,92,84,100,12,9,52,17,89,6,9,7,9,2,41,100,100,41,40,47,71,22,97,56,52,18,15,8,9,4,5,26,79,38,8,0,0,0,28,34,20,0,0,0,0,20,87,22,19,90,11,0,81,75,14,60,23,73,80
Darren McQueen,AFC Hornchurch,1445,Left Wing,Left Centre Forward,England,31.0,174.0,77,70,83,88,69,58,63,9,99,59,56,74,54,59,79,55,0,60,69,63,80,62,7,35,24,50,7,78,0,51,43,15,15,35,38,35,12,34,46,89,61,20,12,11,57,13,12,88,32,88,13,34,100,46,55,77,81,99,91,81,93,89,84,61,100,100,9,15,4,76,2,31,7,86,23,55,96,22,50,78,13,35,94,47,38,43,0,86,75,70,0,6,61,28,91,46,13,93,46,17,94,8,15,38,8,73,4,2
David Agbontohoma,Maidstone United,703,Right Centre Back,Left Centre Back,England,24.0,189.0,0,0,13,40,10,0,0,100,0,0,0,17,15,0,18,16,0,0,0,0,9,9,41,0,0,0,0,8,0,100,100,57,77,88,95,9,11,88,51,18,20,95,34,42,83,62,71,79,16,81,83,64,100,9,11,49,9,21,17,15,22,12,21,59,100,100,69,22,79,39,25,87,89,2,16,27,19,17,72,60,36,100,72,12,17,0,66,49,36,22,0,0,41,16,38,89,16,14,84,10,61,86,90,11,1,90,79,76
David Ball,Radcliffe,1632,Centre Attacking Midfielder,Left Centre Forward,England,36.0,183.0,81,83,82,73,78,71,86,15,0,85,0,64,62,0,69,70,0,0,0,68,77,72,19,44,45,46,48,62,97,24,23,16,13,37,34,43,39,42,64,93,86,32,12,12,66,13,11,47,0,89,13,49,100,50,44,93,80,99,94,82,92,89,86,12,100,100,18,45,13,47,44,24,14,91,35,33,97,26,52,71,20,28,60,77,54,63,0,96,89,88,0,43,46,28,93,27,36,88,18,59,85,11,5,71,84,39,10,10
David Carson,South Shields,946,Left Defensive Midfielder,Right Defensive Midfielder,England,30.0,178.0,0,0,12,15,12,0,0,74,0,0,0,36,61,0,39,68,0,0,0,0,19,34,27,15,20,0,100,91,0,33,73,18,29,49,63,57,49,81,94,55,85,71,89,55,96,98,86,43,89,74,33,14,100,51,90,98,91,99,50,49,55,63,21,18,100,100,94,87,60,3,79,57,42,55,92,69,44,93,97,93,93,72,23,88,51,59,0,41,23,31,88,61,35,61,0,16,85,65,22,89,54,38,64,76,77,86,46,74
David Davis,Kidderminster Harriers,1501,Right Defensive Midfielder,Left Defensive Midfielder,England,35.0,173.0,88,90,91,99,62,96,86,34,0,86,75,29,48,79,31,53,0,0,0,88,81,55,89,38,40,40,55,53,0,61,59,57,65,63,69,75,54,71,96,72,99,93,75,64,80,90,81,6,18,55,90,82,100,69,84,99,94,100,76,79,79,95,69,16,3,100,47,24,39,73,41,63,38,86,47,79,63,42,66,71,22,62,62,60,45,51,0,47,68,63,56,28,47,21,71,63,19,72,54,31,72,50,52,57,42,42,54,48
David Longe-King,Hampton & Richmond,524,Left Centre Back,Right Centre Back,England,31.0,193.0,0,0,15,42,12,0,0,100,0,0,0,0,0,0,0,0,0,0,0,0,8,8,45,0,0,0,0,64,0,100,88,47,58,73,76,20,25,68,95,22,16,90,36,37,88,45,48,93,32,83,98,67,100,25,33,99,31,99,16,20,16,28,25,45,100,100,35,11,30,74,4,71,54,53,74,99,16,31,4,4,9,100,94,16,21,23,0,58,36,27,0,100,0,0,46,91,8,24,77,46,0,67,63,15,26,30,57,54
David Longe-King,Chelmsford City,1643,Left Centre Back,Centre Attacking Midfielder,England,31.0,193.0,48,49,50,73,35,64,94,100,0,50,0,7,8,0,8,9,0,0,0,31,26,19,49,8,0,17,0,21,0,84,89,35,39,87,88,13,9,93,62,19,13,94,11,18,94,12,20,62,32,93,98,91,100,15,23,78,22,96,19,18,19,14,5,66,4,4,37,59,50,70,66,86,41,56,34,20,14,10,18,17,14,90,45,11,10,12,0,30,53,40,0,100,0,0,34,71,57,22,64,39,46,70,58,68,71,16,75,66
David Mantle,Maidenhead United,599,Left Centre Back,Centre Back,England,,,0,0,11,19,11,0,0,100,0,0,0,0,0,0,0,0,0,0,0,0,7,8,48,20,28,0,100,32,0,63,82,65,75,90,94,21,13,70,73,9,17,96,44,53,83,67,71,61,0,76,94,92,100,20,31,84,44,99,6,9,6,19,4,15,100,100,55,44,47,35,25,88,58,59,79,91,10,4,40,26,29,75,61,8,0,0,0,0,9,7,0,0,0,0,0,88,15,24,88,6,95,69,45,37,87,6,68,58
David Sesay,Maidstone United,2915,Right Back,Right Centre Back,Sierra Leone,27.0,184.0,40,41,23,15,34,44,65,47,0,36,44,25,21,47,27,22,0,0,0,33,18,24,67,37,39,38,57,76,0,64,73,59,62,76,77,22,20,75,57,36,50,86,45,49,94,56,57,82,92,85,78,60,100,24,25,77,44,99,40,32,45,43,47,61,100,8,42,9,57,8,17,78,73,34,8,28,46,72,17,14,22,67,46,44,42,38,65,40,39,35,0,12,66,45,55,93,4,36,76,21,47,81,78,17,43,36,75,80
Davide Rodari,Hampton & Richmond,783,Left Centre Forward,Centre Forward,Switzerland,26.0,178.0,95,96,76,48,84,93,42,20,0,86,74,44,65,78,47,72,0,0,0,95,65,78,99,43,39,51,29,59,0,35,22,16,18,51,37,24,9,60,26,84,65,16,13,13,17,12,12,19,0,67,52,97,100,24,14,59,47,99,93,63,95,70,100,64,100,100,19,0,6,46,44,38,6,98,2,43,91,16,7,17,4,12,19,34,40,45,0,66,88,86,0,41,38,41,74,65,14,78,30,65,69,5,5,91,19,59,6,1
Decarrey Musi Sheriff,Dover Athletic,1658,Centre Forward,Left Wing,England,28.0,,86,88,92,94,77,81,75,4,0,89,91,67,51,94,73,57,0,0,0,92,89,68,86,45,54,37,76,42,0,22,23,16,11,27,20,53,24,29,47,94,49,10,29,19,98,20,14,41,70,93,8,57,100,56,26,83,72,99,94,87,93,81,81,67,100,100,2,1,6,76,15,22,7,95,9,82,98,6,10,58,5,11,91,26,45,51,0,77,76,72,0,2,84,61,79,36,54,68,2,94,81,13,12,82,63,50,14,12
Declan Drysdale,Marine,1256,Right Centre Back,Centre Defensive Midfielder,England,26.0,196.0,54,55,58,73,45,64,50,72,0,64,0,31,21,0,33,22,0,0,0,36,44,31,31,16,17,19,68,26,0,77,80,36,25,95,87,12,14,85,60,18,41,99,22,24,92,13,15,81,70,90,80,92,100,14,10,49,32,85,27,24,34,29,27,33,100,100,23,4,40,10,16,94,55,73,13,65,23,35,14,18,3,69,90,18,29,32,0,34,53,46,60,100,0,0,51,94,4,28,89,9,39,85,73,38,47,9,86,76
