Name,Team,Minutes,Primary Position,Secondary Position,Nationality,Age,Height,All Goals,NP Goals,xG,xG/Shot,Shots,Goal Conversion%,Shooting%,Shot Touch%,Penalty Conversion%,PSxG,Assists,xG Assisted,Key Passes,OP Assists,OP xG Assisted,OP Key Passes,SP Assists,SP xG Assisted,SP Key Passes,Scoring Contribution,xG & xG Assisted,Shots & Key Passes,O/U Performance,Dribbles,Successful Dribbles,Failed Dribbles,Dribble%,Fouls Won,Penalty Wins,Dispossessed,Turnovers,Interceptions,PAdj Interceptions,Clearances,PAdj Clearances,Defensive Actions,Aggressive Actions,Blocks/Shot,Defensive Regains,Average DA X,Ball Recov. F2,Ball Recoveries,Tackles,Tack&Int,Tack/DP%,PAdj Tackles,PAdj Tack&Int,Fouls,Dribbles Stopped%,Dribbled Past,Aerial Win%,Aerial Wins,Errors,Pressures,PAdj Pressures,Pressure Regains,Counterpressures,Counterpress Regains,Average Pressure X,Pressures F2,Pressures F2%,Counterpressures F2,Counterpressures F2%,Yellow Cards,2nd Yellows,Red Cards,OP Passes,Passing%,Long Balls,L/R Footedness%,Long Ball%,Pr. Long Balls,UPr. Long Balls,Passes Pressured%,Pr. Pass%,Pr. Pass% Dif.,Average Pass X,Deep Progressions,xGBuildup,xGChain,Carries,Carry%,Carry Length,OP F3 Passes,PintoB,OP Passes Into Box,SP PintoB,Passes Inside Box,Touches In Box,PinTin,Throughballs,Successful Box Cross%,Successful Crosses,Crossing%,Deep Completions,Pass Forward%,Pass Sideways%,Pass Backward%,F3 Pass Forward%,F3 Pass Sideways%,F3 Pass Backward%,Pass Length,Pr. Pass Length,Pass Length Ratio,Pr. Pass Length%,Pr. Pass Length Dif.,Succ. Pass Length,Succ.Pr. Pass Length
A . Grout,Eastbourne Borough,2235,Right Centre Midfielder,Right Attacking Midfielder,England,,,0.08,0.08,0.07,0.06,1.05,8,27,2,,0.06,0.04,0.09,0.85,0.04,0.09,0.77,0,0.01,0.08,0.12,0.16,1.89,-0.04,0.93,0.6,0.32,65,0.52,0,1.41,1.89,0.68,0.78,0.64,0.74,21.38,8.7,0,6.4,49.95,7.57,11.6,1.29,1.97,74,1.44,2.22,0.64,44,0.44,44,1.21,0,19.49,20.11,5.48,6.24,1.69,51.45,10.63,55,4.71,75,0.04,0,0,26.34,69,1.77,12,50,1.41,2.78,23,62,-7,57.65,2.62,0.28,0.37,20.06,91,5.84,7.97,0.89,0.64,0.24,0.2,1.81,2.46,0.08,27,0.32,32,0.4,24,59,17,20,66,14,19.78,16.99,0.99,107,-2.79,19.53,18.18
A.Crowther,Leamington FC,1816,Right Centre Back,Left Centre Back,England,22,190,0,0,0.03,0.09,0.3,0,50,0,,0.02,0,0.02,0.2,0,0.02,0.2,0,0,0,0,0.04,0.5,-0.04,0.2,0.1,0.1,50,0.5,0,0.15,0.2,0.94,0.32,7.04,4.26,12.24,5.8,0.08,7.88,23.69,1.04,12.44,1.64,2.58,72,1.23,1.55,0.59,28,0.64,54,3.02,0.05,10.11,6.62,4.76,2.97,1.19,28.2,1.44,14,1.09,37,0.1,0,0,26.12,57,2.13,15,27,7.98,6.94,17,58,1,35.87,1.93,0.05,0.08,14.17,99,4.88,2.23,0.05,0.05,0,0.15,1.24,1.29,0.05,100,0.05,33,0.2,51,44,5,47,47,7,27.96,23.38,0.8,81,-4.58,22.47,18.95
A.Lafleur,Chesham United FC,1217,Left Wing Back,Left Centre Back,England,26,,0.07,0.07,0.05,0.05,1.04,7,7,1,,0.04,0.15,0.07,0.67,0.15,0.07,0.67,0,0,0,0.22,0.12,1.7,0.1,1.48,0.89,0.59,60,0.96,0.07,0.81,1.33,1.26,1.19,1.77,1.78,15.23,6.21,0.05,5.18,40.4,4.36,9.47,1.41,2.66,70,1.38,2.58,1.18,13,0.59,37,1.26,0.07,12.65,12.64,3.77,3.55,1.04,46.32,5.84,46,3.03,85,0.15,0,0,31.21,63,1.85,84,36,2.14,4.81,17,51,-13,57.62,3.11,0.31,0.4,26.99,96,5.22,8.73,1.26,1.18,0.07,0.15,2.37,3.55,0.07,35,0.67,24,0.22,31,54,15,21,59,19,20.45,13.27,0.88,102,-7.18,18.06,13.56
A.Young,Chesham United FC,2886,Centre Back,Left Centre Back,England,29,188,0.03,0.03,0.04,0.34,0.12,25,25,0,,0.03,0,0.01,0.12,0,0.01,0.09,0,0,0.03,0.03,0.05,0.25,-0.02,0.37,0.31,0.06,83,0.41,0.03,0.31,0.31,0.53,0.53,3.06,2.79,6.86,2.9,0.06,4.09,23.15,1.03,10.26,0.75,1.28,83,0.69,1.21,0.53,75,0.16,52,1.65,0.09,5.58,5.55,2.56,0.94,0.5,27.72,0.72,13,0.22,23,0.16,0,0.03,36.62,89,1.96,8,61,3.31,2.99,15,84,-5,30.65,0.87,0.27,0.3,28.13,99,5.23,1.25,0.12,0.12,0,0.09,0.9,1.03,0,0,0,,0.16,25,71,4,25,70,5,19.69,16.94,0.96,102,-2.75,18.96,17.27
Ángelo Balanta,AFC Hornchurch,2370,Centre Attacking Midfielder,Centre Forward,Colombia,35,179,0.57,0.57,0.32,0.13,2.58,22,37,4,,0.41,0.08,0.15,1.14,0.08,0.15,1.14,0,0,0,0.65,0.48,3.72,0.17,0.38,0.23,0.15,60,0.49,0,1.82,2.62,0.34,0.25,0.76,0.7,13.25,4.14,0.03,4.37,58.16,5.05,8.09,0.38,0.72,59,0.25,0.5,0.46,22,0.27,35,2.58,0,12.42,10.64,3.57,3.72,0.99,62.26,8.81,71,3.19,86,0,0,0,29.73,66,1.18,15,49,1.48,1.67,31,63,-4,63.25,2.77,0.57,0.81,22.02,89,4.86,10.86,1.63,1.63,0,0.46,6.38,8.01,0.27,12,0.34,35,0.68,26,56,18,26,54,21,16.57,16,0.96,96,-0.58,15.96,15.4
Aaron Cosgrave,Ebbsfleet United,1407,Centre Forward,Left Centre Forward,England,26,185,0.13,0.13,0.22,0.17,1.28,10,35,3,,0.18,0,0.05,0.83,0,0.05,0.83,0,0,0,0.13,0.27,2.11,-0.14,0.83,0.51,0.32,62,1.28,0,3.07,4.54,0.06,0.06,0.06,0.1,25.65,9.08,0,5.69,67.99,1.98,3.13,0.51,0.58,42,0.58,0.64,1.41,8,0.7,5,0.19,0,23.92,28.37,5.12,5.24,1.54,68.14,20.28,85,4.92,94,0.13,0,0,13.24,78,0.32,21,63,0.19,0.38,38,75,-3,71.14,1.22,0.27,0.45,17.01,70,7.36,7.1,0.32,0.32,0,0.58,5.56,5.88,0,0,0.06,10,1.22,8,67,25,8,63,29,13.13,11.54,0.99,100,-1.59,13.05,11.53
Aaron Haper-Bailey,Oxford City,594,Left Centre Back,Centre Back,England,24,194,0,0,0.05,0.09,0.61,0,0,0,,0,0,0,0,0,0,0,0,0,0,0,0.05,0.61,-0.05,0.61,0.3,0.3,50,0.3,0,0.45,0.61,0.91,0.73,9.09,7.96,8.48,3.48,0.04,5.45,17.87,1.36,14.54,1.51,2.42,91,1.71,2.44,1.06,100,0.15,73,5.3,0,5.91,5.81,2.57,0.61,0.3,20.76,0.45,8,0.3,50,0.15,0,0,40.58,76,4.09,71,47,10.6,7.12,20,62,-14,31.63,0.91,0.23,0.25,29.83,97,5.85,0.91,0,0,0,0,0.91,0.91,0,,0,,0,36,61,3,67,33,0,24.98,22.08,0.91,92,-2.89,22.66,20.3
Aaron Henry,AFC Hornchurch,607,Right Defensive Midfielder,Centre Defensive Midfielder,England,22,175,0.15,0.15,0.07,0.03,2.08,7,21,2,,0.19,0.15,0.12,1.63,0.15,0.05,0.74,0,0.07,0.89,0.3,0.19,3.71,0.11,0,0,0,,0.3,0,0.74,0.3,1.48,1.35,1.93,1.92,17.5,7.71,0.01,6.08,38.64,6.23,14.24,1.48,2.97,63,1.26,2.6,0.59,50,0.89,45,1.48,0,15.42,12.48,4.6,4.6,1.33,40.77,5.04,33,2.37,52,0.15,0,0,39.75,63,6.23,15,37,4.15,14.53,13,55,-8,49.24,5.78,0.29,0.36,26.4,97,3.81,7.86,3.11,1.33,1.78,0,0,1.33,0.15,14,0.44,30,0,35,59,5,42,55,4,30.74,29.85,0.8,71,-0.88,24.7,21.34
Aaron Lacey,Hampton & Richmond,471,Right Back,Right Centre Back,England,19,187,0.38,0.38,0.05,0.05,0.96,40,60,1,,0.22,0,0,0,0,0,0,0,0,0,0.38,0.05,0.96,0.34,1.15,0.77,0.38,67,0.77,0,0.19,0.96,1.53,1.24,2.87,2.25,14.35,4.97,0.03,5.93,31.69,3.25,16.07,1.34,2.87,70,1.09,2.33,0.77,25,0.57,63,3.83,0,12.24,10.45,4.21,2.87,1.34,35.5,3.44,28,2.1,73,0,0,0,29.27,62,1.91,10,26,3.83,6.31,17,55,-7,41.08,2.1,0.24,0.24,18.36,95,4.27,3.83,0.77,0.38,0.38,0,2.49,2.87,0,0,0,0,0.19,40,54,6,35,50,15,24.64,17.94,0.81,90,-6.7,19.97,16.18
Aaron Martin,Worksop Town FC,1886,Centre Forward,Left Centre Forward,England,34,183,0.52,0.48,0.36,0.14,2.58,19,43,5,100,0.47,0.1,0.13,0.86,0.1,0.13,0.86,0,0,0,0.57,0.49,3.44,0.09,0.86,0.29,0.57,33,0.76,0,1.43,3.29,0.43,0.41,0.81,0.67,20.42,7.44,0.01,5.2,59.86,4.72,6.44,1.48,1.91,76,1.22,1.63,1.96,44,0.48,55,8.06,0,17.03,12.82,4.25,4.49,1.43,62.85,12.79,75,3.77,84,0.19,0,0.05,22.9,53,0.95,19,54,1.38,1.19,41,43,-9,66.94,1.91,0.53,0.78,13.31,80,6.08,8.3,0.67,0.67,0,0.57,8.06,8.73,0.05,43,0.48,48,1.1,25,63,12,14,67,18,16.81,16.03,1.04,109,-0.78,17.4,17.55
Aaron Pickles,Southport,931,Right Centre Back,,England,21,188,0,0,0.01,0.04,0.39,0,0,0,,0,0.1,0.01,0.19,0.1,0.01,0.19,0,0,0,0.1,0.03,0.58,0.07,0.29,0.1,0.19,33,0.48,0,0.29,0.48,0.39,0.55,7.54,9.92,9.47,4.83,0.08,4.74,21.77,1.16,9.76,0.68,1.06,78,0.92,1.48,1.26,33,0.19,45,2.8,0.1,7.54,10.01,3.19,1.74,0.39,26.12,0.39,5,0.19,11,0.19,0,0,41.17,80,3.48,6,51,8.51,5.9,10,52,-27,33.32,1.84,0.18,0.19,31.51,99,4.65,2.22,0.19,0.19,0,0.1,1.64,1.84,0,0,0,,0.29,28,69,3,43,48,9,25.21,25.71,0.92,83,0.5,23.29,21.46
Aaron Powell,Peterborough Sports FC,1868,Left Centre Back,Left Back,England,23,177,0,0,0.02,0.05,0.39,0,0,0,,0,0.05,0.03,0.48,0.05,0.03,0.48,0,0,0,0.05,0.05,0.87,0,0.48,0.39,0.1,80,1.64,0,0.58,0.48,1.45,1.46,4.67,4.79,13.15,6.07,0.06,7.37,30.28,2.65,12.72,2.17,3.61,66,2.4,3.85,1.11,30,1.11,60,2.12,0,9.88,10.83,4.82,2.7,1.35,33.8,2.12,21,0.96,36,0.29,0,0,36.57,69,3.18,75,40,5.35,7.28,17,70,2,44.95,4.72,0.26,0.31,26.79,97,4.87,6.5,0.58,0.58,0,0.05,0.48,1.06,0,33,0.24,29,0.1,41,53,6,41,55,4,23.74,19.27,0.88,102,-4.47,20.78,19.58
Aaron Skinner,Hereford FC,2444,Right Back,Left Back,England,24,174,0.07,0.04,0.02,0.05,0.29,13,38,0,100,0.04,0.04,0.05,0.85,0.04,0.05,0.81,0,0.01,0.04,0.07,0.07,1.14,0,0.99,0.7,0.29,70,1.25,0.07,0.77,0.77,1.4,1.43,2.76,2.9,17.86,8.21,0.04,6.96,31.22,5.34,14.44,2.76,4.16,79,2.78,4.21,1.47,43,0.74,54,1.33,0.04,13.63,13.37,4.49,3.09,1.1,34.74,3.06,22,1.84,60,0.22,0,0,37.2,74,3.43,17,54,3.61,5.49,15,70,-4,48.35,4.64,0.37,0.38,28.32,97,4.84,8.18,1.1,0.88,0.22,0.04,0.96,1.84,0,33,0.41,26,0.22,35,55,11,36,52,12,21.11,18.56,0.92,99,-2.55,19.38,18.3
Adam Anson,Alfreton Town,591,Right Centre Back,,England,29,183,0.15,0.15,0.11,0.15,0.76,20,40,1,,0.12,0,0.01,0.15,0,0.01,0.15,0,0,0,0.15,0.12,0.91,0.03,0.15,0,0.15,0,0.3,0,0.15,0.3,0.46,0.19,5.02,2.22,11.12,5.63,0.05,3.96,23.5,1.37,7.92,1.83,2.28,71,0.82,1.01,1.07,56,0.76,52,2.28,0,8.22,4.48,1.98,1.67,0.15,28.85,0.76,9,0.46,27,0,0,0,18.88,53,2.74,12,33,5.94,7.31,15,58,5,36.43,1.67,0.17,0.2,9.75,97,4.02,2.28,0.3,0.3,0,0.15,2.74,3.05,0,50,0.15,33,0,44,51,5,53,33,13,31.97,25.82,0.82,80,-6.15,26.17,20.65
Adam Anson,Marine,2108,Right Centre Back,Right Back,England,29,183,0.09,0.09,0.06,0.16,0.38,22,33,0,,0.06,0.04,0.03,0.17,0.04,0.03,0.17,0,0,0,0.13,0.09,0.55,0.04,0.3,0.21,0.09,71,0.6,0.04,0.21,0.43,1.32,0.92,7.3,4.99,12.72,7.09,0.08,6.06,23.11,2.39,14.3,2.35,3.67,82,1.57,2.5,0.9,59,0.51,78,4.57,0.04,9.48,7.02,3.54,1.54,0.6,27.14,1.28,14,0.6,39,0.3,0,0,21.9,52,1.92,25,32,8.11,5.17,22,50,-3,42.24,1.62,0.27,0.28,9.78,96,4.45,2.43,0.3,0.17,0.13,0.13,1.15,1.32,0.09,29,0.13,33,0.21,48,45,7,35,49,16,25.13,19.39,0.83,93,-5.73,20.92,18.07
Adam Barton,Curzon Ashton FC,1748,Centre Defensive Midfielder,Centre Back,England,35,190,0.1,0.1,0.12,0.16,0.77,13,40,1,,0.09,0.05,0.04,0.26,0.05,0.03,0.21,0,0,0.05,0.15,0.16,1.03,-0.01,0.21,0.15,0.05,75,0.31,0,0.36,0.41,0.46,0.3,2.94,2.26,11.69,6.02,0.05,4.63,33.73,3.96,12.25,1.54,2.01,73,1.25,1.55,0.88,33,0.57,53,1.08,0,9.27,7.48,3.19,2.47,0.82,39.08,2.83,31,1.44,58,0.1,0,0,29.5,80,2.06,13,61,3.4,2.94,15,78,-2,43.08,2.16,0.34,0.44,18.59,97,4.9,3.76,0.41,0.36,0.05,0.05,2.06,2.42,0.05,0,0.05,25,0.1,26,64,9,33,62,5,20.67,20.16,0.97,94,-0.52,19.96,18.9
Adam Blakeman,Chorley,1925,Left Back,Centre Attacking Midfielder,England,34,175,0.14,0.14,0.07,0.04,1.68,8,28,1,,0.1,0.23,0.18,2.2,0.14,0.1,1.08,0.09,0.09,1.12,0.37,0.25,3.88,0.13,0.33,0.33,0,100,0.65,0,0.28,0.19,0.75,0.52,3.41,2.83,10.15,5,0.02,4.3,33.37,4.91,11.36,1.59,2.34,69,0.98,1.5,0.56,39,0.7,53,1.5,0,8,5.47,2.24,1.92,0.7,37.32,2.48,31,1.45,76,0.19,0,0,35.26,53,8.46,84,38,5,20.71,10,51,-2,55.58,8,0.38,0.45,24.27,99,3.28,10.24,6.17,2.01,4.16,0.28,0.75,2.76,0,19,1.4,30,0.23,39,58,3,40,55,5,31.66,25.31,0.87,81,-6.35,27.49,20.46
Adam Crowther,Chelmsford City,626,Left Centre Back,Centre Attacking Midfielder,England,25,194,0.14,0.14,0.1,0.12,0.86,17,50,0,,0.15,0.14,0.08,0.29,0.14,0.08,0.29,0,0,0,0.29,0.18,1.15,0.11,0,0,0,,0.29,0,0.43,0.14,1.58,1.89,4.6,5.33,6.61,3.31,0.08,2.73,25.52,2.87,16.53,0.72,2.3,63,0.63,2.52,0.72,75,0.43,71,3.45,0,5.32,5.39,1.29,1.58,0.29,32.44,1.44,27,1.15,73,0,0,0.14,37.36,74,5.03,18,64,5.03,7.47,12,64,-10,41.6,4.45,0.32,0.42,23.57,98,6.05,4.74,1.58,0.14,1.44,0.29,2.73,2.87,0,27,0.43,43,0.29,34,62,4,42,58,0,24.45,18.79,0.99,114,-5.66,24.12,21.43
Adam Henley,Chorley,1680,Right Back,Left Back,Wales,31,179,0.11,0.11,0.04,0.13,0.32,33,33,1,,0.05,0.05,0.01,0.21,0.05,0.01,0.16,0,0,0.05,0.16,0.06,0.54,0.1,0.32,0.21,0.11,67,0.64,0,0.96,0.64,1.23,0.95,3.86,3.12,14.46,7.28,0.05,5.3,31.87,2.95,8.68,1.82,3.05,59,1.25,2.19,0.96,29,1.29,41,1.34,0,11.73,7.3,3.37,2.89,1.23,35.21,3.05,26,1.82,63,0.16,0,0.05,18.43,63,1.77,17,41,4.29,3.91,12,75,12,50.98,3.05,0.19,0.22,11.84,90,4.75,4.93,0.59,0.32,0.27,0.16,1.07,1.39,0,18,0.11,25,0.16,49,41,11,23,53,24,23.38,21.05,0.89,101,-2.33,20.84,21.36
Adam Lund,Alfreton Town,2760,Right Defensive Midfielder,Left Defensive Midfielder,England,27,180,0.03,0.03,0.05,0.06,0.82,4,20,1,,0.06,0.03,0.04,0.55,0,0.03,0.42,0.03,0.02,0.13,0.07,0.09,1.37,-0.03,0.13,0.07,0.07,50,1.34,0,0.62,0.78,0.52,0.21,4.11,2.65,17.55,8.06,0.04,6.52,36.43,6.91,15.78,2.05,2.58,74,1.2,1.41,1.01,33,0.72,73,4.57,0,14.61,8,4.66,3.78,1.5,41.04,4.92,34,2.15,57,0.23,0,0,27.49,55,2.77,20,31,4.86,8.19,20,55,0,52.58,2.71,0.31,0.34,13.63,94,3.72,5.32,2.12,0.52,1.6,0.2,2.28,2.8,0,42,0.95,23,0.33,35,58,8,33,58,10,24.47,18.26,0.87,89,-6.21,21.19,16.3
Adam Marriott,King's Lynn Town FC,887,Centre Forward,Right Centre Forward,England,35,175,0.2,0.2,0.37,0.13,2.94,7,28,5,,0.3,0.2,0.13,1.52,0.2,0.13,1.52,0,0,0,0.41,0.5,4.46,-0.1,1.42,0.81,0.61,57,1.01,0,2.23,2.03,0.2,0.36,0.81,1.19,17.65,5.78,0,3.75,58.69,3.65,5.48,0.41,0.61,57,0.47,0.83,1.62,50,0.3,34,1.42,0,15.63,17.42,3.25,3.86,1.01,60.64,10.86,69,3.25,84,0.3,0.1,0,17.55,72,0.3,16,30,0.91,0.91,29,68,-5,62.92,2.13,0.42,0.82,17.45,85,5.23,7.41,0.81,0.81,0,0.2,6.39,7.2,0.1,25,0.2,40,0.51,14,70,17,12,77,11,17.34,14.8,0.98,107,-2.54,16.96,15.88
Adam May,Eastbourne Borough,657,Centre Defensive Midfielder,Left Defensive Midfielder,England,28,182,0.27,0.27,0.12,0.04,2.74,10,40,2,,0.19,0,0.02,0.68,0,0.02,0.55,0,0,0.14,0.27,0.14,3.42,0.13,0.27,0.14,0.14,50,0.68,0,0.55,0.55,0.68,0.68,2.33,2.49,15.61,7.81,0.01,6.85,35.49,5.62,12.74,1.37,2.05,53,1.49,2.17,0.27,18,1.23,60,1.23,0,13.97,15.35,4.93,4.52,1.51,39.17,4.11,29,2.19,48,0,0,0,39.99,74,4.38,17,57,4.11,5.89,29,69,-5,47.27,4.66,0.24,0.35,31.5,98,5.21,6.71,0.68,0.55,0.14,0,1.23,1.78,0,20,0.14,33,0,22,65,12,33,67,0,23.83,21.08,0.97,107,-2.75,23.1,22.56
Adam Thomas,Marine,1700,Right Back,Left Back,England,32,191,0.11,0.11,0.04,0.12,0.32,33,83,0,,0.06,0.11,0.1,0.69,0.11,0.1,0.69,0,0,0,0.21,0.14,1.01,0.07,0.32,0.21,0.11,67,0.42,0,1.06,0.79,1.01,0.85,3.23,2.22,15.67,7.25,0.05,5.14,35.52,5.56,14.4,2.12,3.12,69,1.57,2.42,1.27,42,0.95,56,2.65,0.05,12.34,10.03,3.44,3.12,0.85,41.23,4.61,37,2.12,68,0.16,0,0,28.75,56,2.49,24,38,4.34,5.45,18,51,-5,52.47,3.92,0.28,0.33,15.83,95,6.01,6.78,0.53,0.37,0.16,0.16,1.32,1.69,0,50,0.32,18,0.26,42,48,10,38,45,18,22.28,20.29,0.85,85,-1.98,18.97,17.33
Adam Thompson,Enfield Town FC,2466,Centre Back,Right Centre Back,Northern Ireland,33,185,0.04,0.04,0.03,0.11,0.29,13,13,0,,0.03,0.04,0.02,0.26,0.04,0.02,0.26,0,0,0,0.07,0.05,0.55,0.02,0.07,0.07,0,100,1.24,0,0.04,0.15,0.99,0.64,7.66,5.03,10.62,5.33,0.05,5.84,24.96,2.12,16.71,1.35,2.34,77,0.96,1.6,0.77,44,0.4,69,4.09,0,8.58,5.67,3.5,1.75,0.62,31.47,1.39,16,0.55,31,0.29,0,0.04,25.36,62,1.5,17,28,8.28,4.82,21,58,-4,35.67,1.24,0.21,0.24,9.67,99,3.51,1.72,0.04,0.04,0,0.18,1.28,1.31,0,0,0,0,0.22,44,50,6,47,47,6,23.5,19.17,0.84,97,-4.33,19.71,18.59
Adam Walker,Leamington FC,2569,Left Defensive Midfielder,Left Centre Midfielder,England,35,168,0,0,0.05,0.05,0.84,0,8,2,,0.01,0.07,0.02,0.42,0.07,0.02,0.42,0,0,0,0.07,0.07,1.26,0,0.35,0.25,0.11,70,0.53,0.04,0.84,0.7,1.12,0.54,2,1.3,16.15,9.74,0.01,6.8,39.74,7.29,13.94,1.61,2.73,58,0.89,1.43,0.56,29,1.16,44,0.7,0.04,13.98,8.41,4.66,4.03,1.47,41.81,5.08,36,2.24,56,0.21,0,0,26.87,61,1.4,71,35,2.63,3.33,22,60,-1,53.4,3.22,0.21,0.23,18.25,96,5.51,5.92,0.42,0.39,0.04,0.04,0.88,1.26,0.11,0,0,0,0.21,39,53,8,37,54,9,21,19.18,0.9,87,-1.82,18.86,16.72
Adan George,AFC Telford United,1000,Centre Forward,Left Wing,England,23,179,0.63,0.63,0.43,0.16,2.7,23,53,7,,0.6,0.27,0.15,0.63,0.27,0.15,0.63,0,0,0,0.9,0.58,3.33,0.32,1.71,0.99,0.72,58,0.9,0,2.52,3.6,0.81,0.75,0.36,0.29,27,10.89,0,7.02,66.26,3.24,4.86,0.63,1.44,64,0.66,1.41,1.53,0,0.36,16,0.72,0,24.84,22.46,6.48,5.76,1.62,67.19,20.7,83,5.31,92,0,0,0,14.49,61,0.18,16,20,0.63,0.63,29,60,-1,63.71,1.35,0.4,0.77,18.18,83,6.31,4.95,0.45,0.45,0,0.18,5.58,6.03,0.18,20,0.18,18,0.27,17,61,22,13,64,24,15.81,15.58,0.9,93,-0.23,14.3,14.51
Adebayo Azeez,Hemel Hempstead Town,636,Centre Forward,Left Centre Forward,England,32,183,0,0,0.13,0.12,1.13,0,0,3,,0,0,0.01,0.14,0,0.01,0.14,0,0,0,0,0.14,1.27,-0.14,0.71,0.14,0.57,20,0.99,0,2.26,4.38,0.28,0.27,0.28,0.23,17.96,4.81,0,4.38,71.74,1.7,1.84,0.42,0.71,60,0.5,0.76,2.55,0,0.28,29,2.69,0,15.13,14.35,4.24,6.08,1.7,74.33,13.86,92,5.8,95,0,0,0.14,10.04,61,0,29,,0.28,0,44,56,-5,68.75,0.42,0.21,0.33,10.32,60,4.44,3.54,0,0,0,0,3.96,3.96,0,,0,0,0.28,17,58,25,8,52,40,11.56,9.91,0.96,89,-1.65,11.15,8.82
Adrien Thibaut,Southport,717,Centre Forward,,England,21,,0.5,0.5,0.34,0.21,1.63,31,46,6,,0.41,0.13,0.03,0.5,0.13,0.03,0.5,0,0,0,0.63,0.37,2.13,0.26,0.88,0.5,0.38,57,2.13,0,1.76,3.14,0.13,0.23,0.13,0.2,21.71,7.03,0,4.39,69.07,2.13,2.89,1,1.13,89,0.72,0.95,3.26,0,0.13,22,1,0,17.44,18.42,4.27,3.76,0.63,68.83,14.18,81,3.39,90,0.63,0,0,10.92,76,0,24,0,0.13,0.13,30,88,13,68.54,0.13,0.16,0.45,10.67,78,5.3,5.02,0.25,0.25,0,0.5,4.77,5.02,0,0,0.13,50,0.75,6,64,30,0,68,33,12.17,10.79,0.97,96,-1.37,11.75,10.38
Adulai Sambu,Merthyr Town FC,392,Right Wing,Left Wing,England,21,183,0.23,0.23,0.33,0.24,1.38,17,17,3,,0.23,0,0.01,0.46,0,0.01,0.46,0,0,0,0.23,0.35,1.84,-0.12,0.92,0,0.92,0,2.76,0,5.05,3.91,0.69,0.99,1.38,1.54,24.58,8.5,0,5.05,49.13,3.91,8.73,2.53,3.22,79,2.94,3.94,2.07,25,0.69,27,0.92,0,20.45,21.35,3.68,5.05,0.92,52.49,11.95,58,4.37,86,0,0,0,22.98,72,0.46,10,29,1.84,1.15,29,63,-8,58.36,0.23,0.38,0.68,25.04,76,4.73,6.66,0.23,0.23,0,0.23,4.82,5.05,0,0,0,0,0.69,20,60,21,14,59,28,16.27,13.67,0.87,92,-2.61,14.17,12.52
Aidan Rutledge,Darlington,1646,Left Centre Forward,Right Centre Forward,England,25,,0.38,0.33,0.3,0.1,2.9,11,34,6,100,0.36,0.16,0.1,0.93,0.16,0.09,0.87,0,0,0.05,0.49,0.4,3.83,0.1,1.8,1.2,0.6,67,1.09,0.05,1.31,3.12,0.16,0.16,1.42,1.5,15.86,6.4,0.02,4.43,55.03,3.61,5.58,0.82,0.98,68,0.83,1,1.26,30,0.38,34,3.99,0,13.83,14.1,3.83,3.83,1.48,60.27,9.29,67,3.34,87,0.11,0,0,20.12,61,0.71,15,48,1.69,1.2,39,54,-7,62.64,1.37,0.46,0.62,16.79,87,4.28,5.85,0.82,0.38,0.44,0.44,7.33,7.71,0,27,0.27,24,0.55,18,66,16,16,57,27,15.89,14.07,0.88,94,-1.81,14.03,13.29
AJ Warburton,Marine,318,Centre Forward,Right Wing,England,20,,0,0,0.13,0.09,1.42,0,20,3,,0.05,0,0.01,0.28,0,0,0,0,0.01,0.28,0,0.14,1.7,-0.14,1.13,0.28,0.85,25,0.57,0,2.27,2.83,0,0,0.28,0.14,19.84,6.8,0.02,4.53,58.8,2.83,5.38,0.85,0.85,50,0.62,0.62,1.42,40,0.85,15,1.13,0,17.57,14.82,4.25,4.53,1.13,59.74,11.62,66,3.97,88,0.28,0,0,24.94,65,0.57,4,50,0.28,1.13,33,70,5,66.63,0.85,0.15,0.27,24.94,86,5.73,9.35,1.13,0.57,0.57,0,3.68,4.25,0,0,0,0,0.28,20,52,28,9,42,48,13.69,12.8,0.99,90,-0.89,13.6,11.51
Alan Massey,Hampton & Richmond,2414,Centre Back,Left Centre Back,England,37,180,0.04,0.04,0.04,0.09,0.48,8,46,0,,0.09,0.07,0.03,0.3,0.07,0.03,0.3,0,0,0,0.11,0.07,0.78,0.04,0.19,0.11,0.07,60,0.34,0,0.15,0.26,0.75,0.55,8.84,6.99,9.88,5.03,0.1,5.78,22.11,1.6,15.21,1.08,1.83,63,1,1.55,0.86,46,0.63,63,3.73,0,7.94,6.61,2.95,1.72,0.63,28.73,1.04,13,0.63,37,0.11,0,0,31.99,67,2.72,88,41,10.1,5.41,17,50,-17,33.35,1.04,0.2,0.22,17.67,98,5.08,1.86,0.07,0.07,0,0.26,1.64,1.72,0,0,0,0,0.3,38,57,5,44,46,10,24.37,22.18,0.9,87,-2.19,21.9,19.38
Aleksandrs Starčenko,Worksop Town FC,2852,Centre Attacking Midfielder,Left Centre Midfielder,Latvia,25,,0.06,0.06,0.16,0.08,1.96,3,31,3,,0.16,0.03,0.09,0.76,0,0.07,0.69,0.03,0.02,0.06,0.09,0.25,2.71,-0.15,0.76,0.35,0.41,46,1.07,0,2.08,2.08,0.76,0.54,1.2,0.85,25.78,11.65,0.02,7.98,49.94,7.76,11.9,2.46,3.22,66,1.76,2.3,1.26,31,1.29,49,2.43,0,22.06,17.38,5.81,6.88,2.05,51.89,11.99,54,5.05,73,0.19,0,0,27.84,63,1.51,12,37,1.77,3.53,22,55,-8,59.33,3.31,0.39,0.47,20.48,88,6.05,9.41,1.29,1.07,0.22,0.47,4.04,5.11,0.03,15,0.41,31,0.54,28,58,15,24,63,13,20.23,17.81,0.9,93,-2.42,18.23,16.59
Alex Brown,Scarborough Athletic,2595,Left Back,Left Wing Back,England,27,176,0,0,0.02,0.03,0.45,0,8,0,,0,0.1,0.13,0.83,0.07,0.12,0.66,0.03,0.01,0.17,0.1,0.14,1.28,-0.04,1.6,1.01,0.59,63,1.42,0,1.21,1.32,1.8,1.61,3.78,3.84,12,5.13,0.03,5.41,31.61,3.47,11.65,1.98,3.78,70,1.77,3.39,0.52,47,0.83,48,1.14,0.03,9.54,8.25,3.19,2.57,0.94,34.95,2.6,27,1.53,59,0.1,0,0,36.21,62,3.75,83,36,4.79,9.3,12,55,-8,51.06,5.62,0.34,0.41,28.62,94,5.44,8.39,2.05,0.87,1.18,0.17,0.97,1.84,0,46,1.11,42,0.31,39,53,8,38,49,14,24.7,22.08,0.87,95,-2.62,21.47,20.91
Alex Curran,Curzon Ashton FC,2432,Centre Attacking Midfielder,Left Centre Midfielder,England,27,178,0.33,0.33,0.25,0.12,2.11,16,40,3,,0.33,0.07,0.09,1.11,0.07,0.09,1.04,0,0,0.07,0.41,0.34,3.22,0.07,0.89,0.48,0.41,54,1.52,0,1.63,2.7,0.67,0.44,0.44,0.29,14.25,5.63,0,3.59,55.44,3.29,6,0.59,1.26,48,0.33,0.77,1.04,6,0.63,22,0.67,0,12.62,9.61,2.89,3.59,1,57.31,8.29,66,3.04,85,0.22,0,0,20.8,73,2.15,12,60,0.96,3.04,21,65,-7,59.72,2.59,0.42,0.57,20.06,86,6.69,7.29,0.89,0.81,0.07,0.37,4.55,5.37,0.19,25,0.37,48,0.59,17,62,21,17,68,15,19.32,16.56,0.95,97,-2.76,18.35,16.02
Alex Fisher,Bath City,609,Centre Forward,Left Centre Forward,England,35,190,0.15,0.15,0.24,0.16,1.48,10,60,2,,0.42,0.3,0.16,1.18,0.3,0.16,1.18,0,0,0,0.44,0.4,2.66,0.05,0.74,0.44,0.3,60,0.74,0,2.07,2.22,0.15,0.12,0.59,0.3,11.82,2.95,0,3.1,64.88,5.17,7.98,0.3,0.44,40,0.35,0.47,0.74,25,0.44,38,5.76,0,10.78,6.99,2.51,4.73,0.74,66.17,9.16,85,4.43,94,0.15,0,0,23.34,62,0.59,31,44,1.03,0.89,41,52,-9,61.19,1.92,0.44,0.66,16.54,85,5.5,6.5,0.74,0.74,0,1.18,5.91,6.65,0.3,20,0.3,40,1.33,21,64,16,18,73,9,15.76,13.46,1,107,-2.29,15.75,14.41
Alex Fletcher,AFC Telford United,2580,Right Defensive Midfielder,Left Defensive Midfielder,England,29,174,0.03,0.03,0.03,0.07,0.42,8,17,0,,0.03,0.03,0.07,0.87,0.03,0.07,0.87,0,0,0,0.07,0.1,1.29,-0.03,0.49,0.28,0.21,57,0.91,0,0.77,0.45,1.15,1.21,1.74,1.89,14.58,7.12,0.02,5.93,36.85,6.24,13.88,1.85,3,76,1.94,3.15,0.98,32,0.59,59,1.43,0.03,11.75,10.83,4.26,3.52,1.33,39.75,3.7,31,1.57,45,0.14,0,0,55.42,85,5.13,20,67,2.96,6.38,17,80,-5,46.9,6.91,0.6,0.63,42.17,99,4.81,11.72,0.59,0.52,0.07,0.14,0.63,1.15,0.03,6,0.07,50,0.21,24,67,9,29,69,2,21.25,20.25,0.97,98,-0.99,20.54,19.78
Alex Healy-Byrne,Fylde,2328,Right Back,Right Wing Back,Republic of Ireland,21,,0.04,0.04,0.08,0.19,0.43,9,45,0,,0.05,0.08,0.05,0.66,0.08,0.05,0.66,0,0,0,0.12,0.13,1.08,-0.01,1.01,0.73,0.27,73,1.12,0,0.77,0.85,1.59,2.28,3.4,4.8,11.17,4.52,0.02,4.76,33.75,3.87,11.68,1.55,3.13,74,2.3,4.59,0.89,32,0.54,52,1.08,0,8.78,12.71,3.09,1.82,0.54,38.45,2.71,31,1.16,64,0.15,0,0,50.03,81,3.44,7,53,4.18,5.68,11,69,-11,49.78,4.87,0.5,0.51,41.53,97,4.92,10.98,0.46,0.43,0.04,0.15,1.01,1.43,0.04,42,0.35,35,0.19,24,61,16,22,62,15,19.97,18.93,0.94,92,-1.04,18.81,17.44
Alex John,Merthyr Town FC,1343,Left Centre Midfielder,Right Centre Midfielder,Wales,25,170,0,0,0.04,0.05,0.87,0,8,1,,0,0.07,0.08,0.74,0.07,0.04,0.6,0,0.04,0.13,0.07,0.13,1.61,-0.06,0.47,0.27,0.2,57,0.8,0,1.27,1.07,0.34,0.37,1.88,2.39,16.56,8.92,0.03,5.36,40.27,4.29,10.79,2.15,2.48,78,2.97,3.34,1.41,36,0.6,37,1.01,0.07,13,17.44,3.55,3.42,0.6,43.54,4.36,34,1.47,43,0.4,0,0,46.99,80,3.15,14,63,2.68,4.22,21,78,-3,48.73,4.49,0.39,0.42,37.27,97,4.56,10.12,0.8,0.47,0.34,0,0.6,1.07,0,0,0,0,0.13,18,69,14,19,70,11,19.1,17.32,0.98,101,-1.78,18.64,17.43
Alex Penny,Kidderminster Harriers,422,Centre Back,Left Centre Back,England,29,185,0.21,0.21,0.06,0.07,0.85,25,50,0,,0.2,0,0.02,0.21,0,0.02,0.21,0,0,0,0.21,0.07,1.07,0.14,0.64,0.64,0,100,0.43,0,0.21,0.43,4.05,2.57,4.05,4.53,10.88,6.61,0.03,2.77,29.35,2.56,10.88,1.28,5.33,67,1.56,4.14,0.85,0,0.64,55,2.56,0,8.75,10.17,1.71,1.07,0.21,32.92,1.07,12,0.43,40,0.21,0,0,36.69,72,5.97,32,62,4.91,8.75,9,61,-11,38.09,1.49,0.35,0.37,23.25,99,3.96,2.56,0,0,0,0,2.35,2.35,0,,0,,0.21,29,67,5,33,58,8,27.34,25.54,0.95,87,-1.81,25.94,22.18
Alex Purver,Scarborough Athletic,2761,Left Defensive Midfielder,Centre Defensive Midfielder,England,30,177,0.03,0.03,0.01,0.04,0.23,14,29,0,,0.02,0.03,0.08,0.88,0,0.04,0.62,0.03,0.03,0.26,0.07,0.09,1.11,-0.02,0.2,0.2,0,100,0.95,0,0.62,0.49,1.69,1.7,3.1,3.18,28.78,13.85,0.02,10.36,37.68,9.48,18.06,4.17,5.87,76,4.17,5.87,2.12,37,1.3,60,2.44,0,22.55,21.05,7.17,6.84,2.25,40.06,6.52,29,3.78,55,0.39,0,0,38.56,74,2.77,15,53,3.65,4.63,19,67,-7,51.65,4.27,0.33,0.36,20.57,97,3.35,8.47,1.01,0.46,0.55,0.07,0.65,1.11,0,10,0.1,19,0.26,25,64,11,30,63,7,19.66,17.16,0.96,102,-2.51,18.85,17.58
Alex Wiles,Scarborough Athletic,740,Right Defensive Midfielder,Centre Attacking Midfielder,England,29,170,0.12,0.12,0.07,0.08,0.85,14,29,1,,0.11,0,0.07,0.73,0,0.07,0.73,0,0,0,0.12,0.14,1.58,-0.02,0.49,0.37,0.12,75,0.49,0,1.46,0.97,0.61,0.5,1.1,1.09,21.05,9.49,0.04,7.55,43.58,7.55,13.51,2.31,2.92,79,2.07,2.58,0.97,55,0.61,57,1.46,0,17.77,14.08,5.84,5.35,1.83,45.01,6.33,36,3.16,59,0.12,0,0,33.22,81,0.61,13,33,1.22,1.7,15,72,-9,53.04,3.29,0.4,0.47,25.68,94,4.07,8.64,0.49,0.37,0.12,0.24,2.19,2.56,0.12,0,0,0,0.37,26,58,16,32,56,11,14.88,12.05,0.96,109,-2.82,14.32,13.12
Alex Wilkie,Hampton & Richmond,550,Right Centre Back,Right Back,England,20,,0,0,0.04,0.12,0.33,0,50,0,,0.02,0,0.02,0.33,0,0.02,0.33,0,0,0,0,0.06,0.65,-0.06,0.16,0.16,0,100,0.98,0,0.33,0.33,0.82,0.96,5.56,4.89,13.08,6.05,0.04,5.89,23.27,1.96,13.41,1.8,2.62,58,1.89,2.85,0.82,56,1.31,56,4.09,0,10.47,10.04,4.09,2.29,0.65,26.09,0.65,6,0.16,7,0.33,0,0,28.3,63,2.13,5,33,6.71,5.4,23,49,-14,43.1,1.31,0.14,0.15,18.32,96,3.53,2.62,0.82,0,0.82,0,1.14,1.14,0,0,0,,0.16,45,48,7,44,38,19,23.16,19.43,0.86,91,-3.73,19.96,17.72
Alexander Jon Babos,Chesham United FC,1926,Left Defensive Midfielder,Right Centre Midfielder,Wales,27,174,0.14,0.09,0.1,0.07,1.5,6,31,2,100,0.08,0,0.09,1.12,0,0.08,0.89,0,0.01,0.23,0.09,0.19,2.62,-0.09,0.79,0.51,0.28,65,0.79,0,1.07,1.03,1.45,1.58,1.73,1.65,14.95,6.96,0.02,5.05,45.67,6.5,12.71,0.98,2.43,68,0.87,2.45,0.89,38,0.47,50,1.45,0,13.09,12.93,3.79,4.02,1.45,50.44,6.45,49,2.43,60,0.09,0,0,38.79,64,3.46,18,36,2.76,8.69,16,64,0,51.82,5.19,0.35,0.48,27.06,96,4.87,9.11,1.59,0.89,0.7,0.14,1.78,2.66,0.14,9,0.19,20,0.51,31,59,10,34,55,11,23.19,20.54,0.84,86,-2.65,19.45,17.69
Alfie Jacob Matthews,Dover Athletic,1654,Left Centre Midfielder,Centre Attacking Midfielder,England,24,175,0.22,0.11,0.08,0.05,1.8,6,24,2,100,0.07,0.11,0.1,1.2,0.11,0.06,0.82,0,0.04,0.38,0.22,0.19,2.99,0.03,0.82,0.6,0.22,73,1.8,0,1.03,1.41,0.27,0.21,2.29,1.54,12.25,4.9,0.01,3.54,43.07,5.88,10.56,0.65,0.93,55,0.4,0.61,1.2,46,0.54,37,1.74,0,10.39,7.67,2.72,2.88,0.54,48.52,4.95,48,2.34,81,0.16,0,0,25.74,55,3.27,8,35,3.48,8.22,17,58,3,57.42,4.03,0.33,0.39,18.39,91,3.67,6.42,2.61,0.93,1.69,0,0.98,1.9,0.22,10,0.33,27,0.11,34,58,8,47,47,7,26.34,20.94,0.87,86,-5.4,22.84,18.07
Alfie Pavey,Tonbridge Angels FC,983,Centre Forward,Centre Attacking Midfielder,England,30,186,0.27,0.27,0.32,0.12,2.56,11,32,3,,0.4,0.18,0.11,0.82,0.18,0.1,0.73,0,0,0.09,0.46,0.42,3.39,0.04,0.27,0.18,0.09,67,2.11,0,1.74,2.75,0.37,0.24,1.37,0.73,14.47,4.95,0.03,3.11,48.04,5.13,6.87,0.37,0.73,50,0.2,0.44,2.01,25,0.37,44,5.4,0,12.09,6.67,2.47,3.66,0.64,53.63,7.33,61,2.75,75,0.37,0,0,19.97,57,1.01,13,46,2.01,1.56,39,50,-7,61.54,2.29,0.38,0.58,12.36,84,3.87,6.04,0.37,0.37,0,0.46,6.59,6.96,0,0,0.09,33,0.55,29,58,13,26,61,14,17.66,16.41,0.95,92,-1.24,16.75,15.05
Alfie Potter,Oxford City,1279,Right Wing,Left Wing,England,37,170,0.07,0.07,0.06,0.15,0.42,17,50,1,,0.08,0,0.05,0.63,0,0.05,0.63,0,0,0,0.07,0.11,1.06,-0.04,1.34,0.7,0.63,53,1.27,0,1.83,2.53,0.42,0.27,0.91,0.62,24.97,11.75,0.01,7.88,50.59,3.17,7.18,2.04,2.46,69,1.63,1.91,1.2,43,0.91,39,1.13,0,21.81,16.77,6.19,5.42,1.62,51.53,11.4,52,3.8,70,0.21,0,0.07,25.04,65,0.84,18,38,1.13,2.04,21,47,-18,58.56,2.67,0.3,0.35,21.67,90,6.12,7.95,1.06,0.98,0.07,0.14,1.83,2.81,0,27,0.35,45,0.28,21,59,20,17,63,20,17.42,16.17,0.97,105,-1.26,16.9,16.95
Alfie Rutherford,Dorking Wanderers FC,1698,Left Centre Forward,Right Centre Forward,England,27,180,0.37,0.37,0.36,0.15,2.49,15,36,5,,0.36,0.16,0.18,1.38,0.11,0.16,1.32,0.05,0.01,0.05,0.53,0.54,3.87,-0.01,1.01,0.42,0.58,42,0.53,0,2.28,2.65,0.16,0.26,0.74,1.05,10.28,2.6,0.02,3.18,62.32,2.7,3.82,0.58,0.74,79,0.82,1.08,0.64,40,0.16,47,1.54,0,9.06,11.95,2.65,2.28,0.85,65.4,7.26,80,1.96,86,0.05,0,0,18.23,59,0.9,16,44,1.59,1.22,29,56,-3,68.89,1.8,0.36,0.74,16.16,82,6.8,6.84,0.69,0.64,0.05,0.64,6.89,7.53,0,31,0.26,36,0.95,20,64,16,10,67,22,18.19,18.4,0.93,91,0.21,16.95,16.76
Alfie Tuck,Hampton & Richmond,592,Left Defensive Midfielder,Centre Defensive Midfielder,Wales,20,,0.15,0.15,0.03,0.05,0.61,25,75,0,,0.12,0,0.09,1.22,0,0.05,0.91,0,0.05,0.3,0.15,0.12,1.83,0.03,1.22,0.91,0.3,75,0.76,0,0.61,1.06,0.76,0.73,2.13,1.46,18.56,10.5,0.04,5.48,35.08,6.54,15.97,1.83,2.59,86,1.42,2.15,1.52,75,0.3,58,1.67,0,15.21,12.05,4.56,3.35,0.76,38.28,4.41,29,1.83,55,0.15,0,0,43.2,70,3.65,80,37,3.19,8.82,15,69,-1,48.07,3.65,0.29,0.31,33.16,97,4.25,5.93,0.91,0.3,0.61,0,0.15,0.46,0,0,0,0,0,24,67,8,28,67,5,23.52,20.75,0.88,90,-2.77,20.71,18.68
Alfie Williams,Chesham United FC,1980,Left Wing Back,Left Centre Midfielder,England,23,178,0,0,0.06,0.07,0.77,0,29,1,,0.04,0.14,0.14,1.32,0.14,0.12,1.14,0,0.02,0.18,0.14,0.19,2.09,-0.06,0.82,0.41,0.41,50,0.68,0,1.27,1.14,0.73,0.67,1.32,1.27,16.72,7.91,0,5.54,46.83,6.04,11.32,1.86,2.59,68,1.96,2.63,0.68,43,0.86,45,1.36,0,14.18,13.23,4.41,4.73,1.36,50.62,7.23,51,3.82,81,0,0,0,36.31,61,2.73,76,34,2.05,7.18,20,61,0,55.84,3.5,0.39,0.45,28.18,96,5.49,8.59,1.91,1.36,0.55,0.27,1.59,2.95,0.09,31,0.73,33,0.59,24,62,14,21,61,17,22.35,17.98,0.85,90,-4.37,19.03,16.26
Alfie-John Terence Allen,Tonbridge Angels FC,631,Left Centre Midfielder,Left Defensive Midfielder,England,23,181,0.14,0.14,0.03,0.11,0.29,50,50,1,,0.05,0,0.05,1,0,0.05,1,0,0,0,0.14,0.08,1.28,0.06,0.57,0.57,0,100,1,0,1,1.85,2,2.09,2.14,2.12,17.82,8.12,0.01,6.98,38.64,4.28,10.12,2.14,4.13,88,2.03,4.12,1.43,60,0.29,40,0.86,0,14.25,14.46,4.85,4.99,1.14,42.5,4.42,31,2.14,43,0.14,0,0,29.51,66,2.57,33,41,2.85,5.56,15,72,6,50.79,4.28,0.19,0.21,20.67,92,4.45,8.12,0.57,0.57,0,0.14,0.43,1,0,25,0.14,20,0,31,61,9,35,61,4,23.44,22.69,0.86,73,-0.75,20.09,16.49
Ali Omar,Farnborough,364,Left Centre Back,Left Back,England,26,191,0,0,0.09,0.18,0.5,0,0,0,,0,0.25,0.1,0.74,0.25,0.09,0.5,0,0.01,0.25,0.25,0.19,1.24,0.06,0,0,0,,2.72,0,0.74,0.25,2.97,2.57,7.68,8,9.9,5.69,0,4.46,26.98,2.97,16.09,1.98,4.95,89,1.95,4.52,0.74,75,0.25,67,3.47,0.25,7.18,6.96,2.48,0.5,0.25,30.65,0.99,14,0,0,0.25,0,0,33.43,58,4.46,75,42,9.16,9.16,12,55,-3,43.46,2.48,0.75,0.79,17.83,97,4.74,2.72,2.23,0.74,1.49,0,0.25,0.99,0,22,0.74,50,0,47,47,6,45,45,9,26.97,25.74,0.9,97,-1.24,24.19,24.99
Amari Aaron Morgan-Smith,Kidderminster Harriers,1564,Centre Forward,Right Centre Forward,England,37,183,0.17,0.12,0.23,0.17,1.32,9,26,3,100,0.04,0.06,0.06,0.63,0.06,0.06,0.63,0,0,0,0.17,0.29,1.96,-0.12,0.23,0.12,0.12,50,1.21,0,1.09,3.16,0.23,0.14,0.92,1.04,19.5,7.02,0.02,4.95,65.15,3.11,3.74,0.58,0.81,77,0.58,0.72,2.65,50,0.17,43,7.71,0,16.28,16.13,4.49,4.08,1.78,68.03,13.52,83,3.45,85,0.4,0,0,17.66,56,0.35,14,60,1.04,0.46,54,54,-2,67.27,0.98,0.26,0.43,10.53,77,4.34,5.87,0.4,0.4,0,0.58,4.83,5.23,0,14,0.17,75,0.92,25,56,20,13,58,29,13.54,12.75,0.97,99,-0.79,13.2,12.63
Amir Hadi,Farnborough,1132,Left Wing,Right Wing,England,23,187,0.16,0.16,0.09,0.07,1.27,13,19,2,,0.1,0.24,0.12,0.95,0.24,0.11,0.87,0,0,0.08,0.4,0.21,2.23,0.19,4.29,2.15,2.15,50,2.86,0.08,3.02,5.88,0.48,0.43,0.48,0.42,19.01,7.71,0.03,6.04,49.96,4.29,7.4,1.59,2.07,56,1.22,1.65,1.75,32,1.27,27,1.27,0,15.67,12.39,4.45,3.58,1.27,51.64,8.19,52,2.62,73,0.16,0,0,24.57,64,1.03,20,43,0.87,1.99,23,58,-6,62.8,3.18,0.27,0.43,29.27,81,6.89,8.43,0.8,0.64,0.16,0.16,2.78,3.42,0.16,20,0.4,19,0.56,21,62,17,17,63,20,18.67,16.82,0.91,90,-1.85,16.99,15.21
Ammar Dyer,AFC Telford United,2371,Right Back,Right Wing Back,England,22,174,0.11,0.11,0.05,0.08,0.61,19,44,1,,0.07,0.08,0.09,0.76,0.08,0.09,0.76,0,0,0,0.19,0.14,1.37,0.05,1.37,0.87,0.49,64,1.02,0,1.94,1.29,1.06,1.14,1.94,2.11,13.51,6.26,0.02,5.66,33.45,3.26,10.1,1.97,3.04,75,2,3.13,0.76,33,0.65,54,1.37,0.04,10.82,11.22,3.91,2.35,0.87,36.82,3.11,29,1.48,63,0.11,0,0,40.46,78,1.52,9,37,2.47,3.57,14,68,-10,48.64,3.76,0.37,0.46,35.68,95,6.65,7.17,0.49,0.49,0,0.3,1.25,1.75,0.04,46,0.3,16,0.34,21,63,15,18,63,19,18.71,17.48,0.92,102,-1.23,17.13,17.78
Andrew Williams,Hereford FC,1627,Centre Forward,Left Centre Forward,England,39,188,0.33,0.33,0.4,0.15,2.71,12,37,7,,0.33,0.11,0.15,0.83,0.11,0.15,0.83,0,0,0,0.44,0.55,3.54,-0.11,0.66,0.33,0.33,50,1.22,0,1,2.32,0.28,0.25,0.89,0.73,16.1,6.58,0.01,4.04,65.38,2.66,3.93,0.61,0.89,79,0.47,0.72,0.55,40,0.17,38,2.93,0,14.93,13.2,3.6,3.37,1.22,69.85,12.56,84,3.1,92,0.11,0,0,14.33,55,0.39,28,35,1.11,0.89,38,47,-7,64.29,1.27,0.33,0.77,10.45,83,5.69,4.37,0.66,0.61,0.06,0.39,6.2,6.8,0,25,0.33,55,0.77,24,66,10,16,80,4,16.62,15.3,0.95,97,-1.32,15.85,14.81
Andy Carroll,Dagenham & Redbridge,1030,Left Centre Forward,Right Centre Forward,England,37,193,0.52,0.52,0.3,0.09,3.32,16,24,3,,0.29,0.17,0.18,1.49,0.17,0.18,1.49,0,0,0,0.7,0.48,4.8,0.22,0.7,0.61,0.09,88,2.36,0,1.75,3.49,0.35,0.34,2.45,2.51,13.19,4.54,0.01,3.32,55.09,4.8,7.6,0.7,1.05,80,0.56,0.9,1.57,33,0.17,66,10.05,0.09,10.92,8.81,2.45,3.23,1.05,66.24,9.35,86,2.62,81,0.09,0,0,31.62,66,1.57,70,53,3.32,2.1,44,62,-4,59.04,2.97,0.67,0.79,22.89,85,3.71,8.82,0.52,0.52,0,0.96,7.43,7.95,0.09,0,0.26,30,1.22,26,59,16,24,64,12,17.47,16.57,0.92,98,-0.91,16.07,16.17
Anjola Popoola,Chorley,778,Right Centre Forward,Centre Forward,England,18,185,0.46,0.46,0.43,0.17,2.54,18,23,7,,0.35,0.12,0.15,0.58,0.12,0.15,0.58,0,0,0,0.58,0.58,3.12,0,1.04,0.69,0.35,67,1.04,0,2.89,5.44,0.46,0.34,0,0,19.08,6.59,0.01,4.63,67.67,2.66,3.82,0.35,0.81,60,0.23,0.57,0.93,0,0.23,10,0.35,0,18.16,11.6,4.16,3.82,0.46,68.22,15.27,84,3.59,94,0.12,0,0,10.87,71,0.46,34,100,0,0.46,34,81,10,63.31,1.04,0.42,0.64,15.73,72,3.72,4.05,0.69,0.69,0,0.23,6.59,7.29,0.23,0,0,0,0.58,17,66,17,17,66,17,14.45,15.79,1.06,94,1.35,15.32,14.83
Anointed Chukwa,Chippenham Town,1399,Right Centre Forward,Centre Forward,England,25,193,0.13,0.13,0.23,0.12,1.93,7,23,4,,0.15,0,0.09,0.71,0,0.09,0.71,0,0,0,0.13,0.33,2.64,-0.2,0.71,0.26,0.45,36,0.84,0,1.8,3.67,0.13,0.15,0.58,0.58,19.17,7.46,0,4.82,63.2,2.7,4.24,0.77,0.9,67,0.84,0.99,1.87,17,0.39,43,3.67,0.06,16.53,17.94,4.31,4.18,1.16,65.61,12.67,77,3.67,88,0.06,0,0,19.94,67,0.71,19,79,0.64,0.84,43,59,-8,62.96,1.29,0.29,0.55,17.43,79,4.13,7.07,0.13,0.13,0,0.26,4.05,4.18,0.06,50,0.13,40,0.71,14,67,20,6,68,25,14.33,12.92,1.02,104,-1.41,14.65,13.38
Ansu Jennah,Slough Town FC,479,Left Defensive Midfielder,Right Defensive Midfielder,Sweden,27,178,0,0,0.02,0.06,0.38,0,0,1,,0,0.19,0.04,0.94,0.19,0.04,0.94,0,0,0,0.19,0.06,1.31,0.13,1.69,0.94,0.75,56,0.94,0,1.88,1.31,0.56,0.42,1.88,1.37,14.08,6.76,0.02,5.63,35.65,7.32,17.28,2.25,2.82,92,1.74,2.16,0.94,67,0.19,56,1.88,0.19,11.46,8.06,3.76,4.51,0.94,42.97,4.88,43,3.38,75,0,0,0,27.98,62,1.5,10,57,1.88,2.63,21,55,-8,48.75,3.57,0.26,0.33,16.53,90,6.17,5.45,0.19,0.19,0,0.19,1.5,1.69,0.19,0,0,0,0.38,38,56,6,38,62,0,18.36,13.82,0.98,111,-4.54,18.02,15.34
Anthony Dudley,Radcliffe,1213,Centre Attacking Midfielder,Right Centre Forward,England,30,178,0.07,0.07,0.14,0.08,1.71,4,43,3,,0.14,0.07,0.13,1.04,0,0.09,0.89,0.07,0.04,0.15,0.15,0.27,2.75,-0.12,1.11,0.59,0.52,53,0.96,0.07,1.86,1.26,0.67,0.49,0.96,0.64,14.47,6.31,0.01,4.6,53.87,4.97,8.54,1.26,1.93,65,1.06,1.54,1.41,13,0.67,29,1.11,0,11.88,10.27,2.97,3.27,1.04,55.6,6.98,59,2.52,77,0.3,0,0,26.5,73,1.41,25,49,1.34,2.52,21,70,-3,60.49,3.04,0.46,0.57,20.56,93,6.68,9.72,0.89,0.59,0.3,0.59,4.23,4.82,0,25,0.3,44,0.89,19,62,19,20,65,15,19.06,17.52,0.92,101,-1.54,17.61,17.7
Anthony Lynn,Leamington FC,594,Centre Forward,Right Midfielder,England,23,,0.15,0.15,0.13,0.18,0.76,20,40,2,,0.15,0.15,0.14,0.91,0.15,0.14,0.91,0,0,0,0.3,0.28,1.67,0.03,0,0,0,,1.21,0,1.82,2.58,0.3,0.16,0.15,0.07,19.56,5.61,0.01,4.55,65.77,3.18,4.55,0.76,1.06,83,0.44,0.6,2.58,0,0.15,37,3.94,0,16.22,9.57,3.64,5.61,1.67,67.62,13.8,85,5.15,92,0.3,0,0,16.22,59,0.3,24,50,0.45,0.3,38,39,-20,64.67,0.45,0.41,0.53,9.25,77,2.92,5,0.15,0.15,0,0.76,3.64,3.79,0,0,0,,1.06,17,68,16,9,64,27,13.62,14.22,0.97,93,0.6,13.17,13.18
Anthony Stewart,Peterborough Sports FC,914,Right Centre Back,Left Centre Back,England,33,183,0,0,0.01,0.06,0.2,0,0,0,,0,0,0.02,0.1,0,0.02,0.1,0,0,0,0,0.03,0.3,-0.03,0.59,0.3,0.3,50,0.49,0,0.3,0.39,1.28,1.41,8.08,10,7.39,2.17,0.1,5.12,21.96,1.87,14.58,1.58,2.86,89,1.99,3.41,0.39,50,0.2,75,3.55,0,5.42,6.52,2.56,1.48,0.69,28.5,0.69,13,0.39,27,0.1,0,0,37.34,76,3.45,9,52,9.26,5.42,17,55,-21,34.45,1.58,0.22,0.23,25.42,98,3.99,1.67,0.2,0.2,0,0,0.3,0.49,0,50,0.1,100,0,32,64,5,41,53,6,24.44,21.79,0.95,91,-2.66,23.14,19.78
Anthony Weston,Curzon Ashton FC,2138,Right Centre Forward,Right Wing,England,22,170,0.42,0.42,0.27,0.1,2.65,16,37,6,,0.23,0.08,0.14,0.8,0.08,0.14,0.8,0,0,0,0.51,0.41,3.45,0.1,1.52,0.84,0.67,56,0.55,0,1.47,2.69,0.38,0.27,0.46,0.37,20.29,8.21,0,5.64,58.6,4,5.89,0.67,1.05,55,0.57,0.83,1.14,25,0.55,26,0.63,0,18.48,14.73,4.93,5.98,2.06,59.95,12.71,69,5.35,89,0.13,0,0,18.48,63,1.01,23,46,0.72,1.94,21,56,-8,65.08,1.98,0.49,0.67,19.32,88,6.33,6.82,0.59,0.59,0,0.42,5.09,5.68,0.04,57,0.72,31,0.93,17,66,17,15,67,18,18.25,15.53,0.93,102,-2.72,17.01,15.83
Antony Papadopoulos,Maidstone United,1500,Right Wing,Left Wing,England,23,178,0.12,0.06,0.11,0.05,2.1,3,31,3,100,0.15,0.3,0.3,2.04,0.3,0.26,1.44,0,0.04,0.6,0.36,0.41,4.14,-0.05,1.56,0.96,0.6,62,0.6,0,1.74,1.98,1.2,1.22,1.14,1.23,16.08,7.8,0.01,5.4,47.95,5.28,9.12,1.32,2.52,69,1.37,2.59,1.2,31,0.6,56,1.44,0,13.56,12.33,4.32,3.36,1.2,50.53,6.6,49,2.34,70,0.06,0,0,30.18,68,2.76,14,46,1.74,5.34,21,65,-2,65.75,3.36,0.48,0.71,28.32,91,6.55,11.88,2.1,1.14,0.96,0.78,3.6,4.74,0.06,17,0.96,31,0.96,22,59,20,18,58,24,20.88,16.32,0.93,102,-4.57,19.39,16.67
Anuerin Livermore,Merthyr Town FC,834,Left Centre Midfielder,Right Centre Midfielder,Wales,23,,0,0,0.05,0.05,0.97,0,22,1,,0,0,0.03,0.43,0,0.03,0.43,0,0,0,0,0.07,1.4,-0.07,2.27,1.51,0.76,67,1.73,0,1.4,2.48,0.54,0.6,2.05,2.66,23.86,9.83,0.02,8.96,40.84,6.15,15.22,2.48,3.02,56,3.05,3.65,2.92,26,1.94,68,1.4,0.11,18.46,23.49,6.69,6.37,2.38,43.44,6.91,37,3.67,58,0.43,0,0,53.77,70,2.7,13,33,3.78,6.48,19,64,-6,48.32,4.53,0.38,0.42,42.87,95,4.07,9.72,0.32,0.11,0.22,0,0.76,0.86,0,0,0,0,0,32,60,8,37,58,6,20.11,18.89,0.85,84,-1.22,17.05,15.95
Aramide Oteh,Dagenham & Redbridge,308,Left Centre Forward,Left Wing,England,27,175,0.29,0.29,0.38,0.26,1.46,20,40,4,,0.21,0,0.03,0.58,0,0.03,0.58,0,0,0,0.29,0.42,2.04,-0.13,2.34,1.17,1.17,50,1.46,0,1.46,4.09,0.29,0.43,0.58,0.74,16.94,5.26,0,5.84,54.88,2.04,4.09,1.46,1.75,100,1.71,2.15,1.46,100,0,40,1.75,0,14.02,14.36,4.96,3.5,1.46,57.48,8.76,63,2.63,75,0.29,0,0,15.77,75,1.17,18,67,0.58,1.75,29,59,-16,61.89,2.04,0.37,0.73,16.35,84,5.95,6.72,1.17,1.17,0,0,4.38,5.55,0,0,0,,0.29,12,66,22,26,61,13,17.01,11.99,1,95,-5.01,16.96,11.44
Archie Tamplin,Chelmsford City,1502,Left Defensive Midfielder,Right Defensive Midfielder,England,23,178,0.06,0.06,0.13,0.1,1.32,5,32,2,,0.06,0.06,0.13,0.78,0.06,0.12,0.72,0,0.01,0.06,0.12,0.25,2.1,-0.14,1.32,0.72,0.6,55,1.2,0,1.32,1.92,1.02,1.05,1.44,1.51,19.84,7.61,0.04,5.27,44.98,6.53,12.76,2.58,3.6,81,2.61,3.66,1.62,43,0.6,57,1.86,0,15.64,16.38,3.9,4.61,1.32,47.72,7.07,45,3.12,68,0.24,0,0,27.63,62,2.16,12,49,1.98,3.9,20,56,-6,56.47,3,0.4,0.5,21.63,91,4.52,7.25,0.9,0.66,0.24,0.36,1.68,2.34,0,27,0.3,33,0.3,27,59,14,19,64,17,20.81,16.81,0.97,100,-4,20.1,16.79
Archy Taylor,Eastbourne Borough,967,Right Wing Back,Left Wing Back,England,22,,0.09,0.09,0.12,0.11,1.12,8,17,1,,0.03,0.09,0.07,0.65,0.09,0.07,0.56,0,0,0.09,0.19,0.19,1.77,0,0.37,0.09,0.28,25,1.12,0,1.02,1.21,0.65,0.72,1.3,1.48,18.42,8,0.01,6.14,41.69,3.82,10.79,1.86,2.51,61,1.98,2.69,1.12,31,1.21,46,2.51,0,15.45,18.04,4.56,5.02,1.3,43.61,6.23,40,3.16,63,0.09,0,0,34.15,66,2.42,26,41,1.67,5.58,17,54,-12,56.58,3.44,0.23,0.36,25.68,96,5.34,9.49,1.86,1.4,0.47,0.37,3.63,5.02,0,30,0.84,26,0.37,28,58,13,25,58,17,21.89,16.55,0.89,87,-5.34,19.53,14.37
Arthur Gnahoua,Southport,2011,Centre Forward,Right Wing,England,33,187,0.22,0.22,0.16,0.08,1.97,11,36,3,,0.2,0.09,0.12,1.34,0.09,0.12,1.34,0,0,0,0.31,0.28,3.31,0.03,2.24,1.61,0.63,72,1.3,0,3.04,3.62,0.54,0.69,0.72,0.8,17.14,6,0.02,4.79,59.64,4.16,7.07,0.89,1.43,69,0.97,1.66,0.63,43,0.4,36,2.37,0,15.62,17.85,3.67,5.19,1.34,63.07,11.37,73,4.21,81,0.04,0,0,22.6,69,0.98,64,58,1.34,1.07,36,65,-4,62.69,2.95,0.32,0.41,23.9,84,8.19,8.59,0.76,0.76,0,0.49,3.58,4.34,0,35,0.45,29,0.76,18,64,18,13,68,19,16.25,15.92,0.98,104,-0.32,15.99,16.59
Arthur Penney,Tonbridge Angels FC,2298,Left Centre Back,Centre Back,England,23,181,0,0,0.03,0.09,0.39,0,10,0,,0,0,0,0.08,0,0,0.08,0,0,0,0,0.04,0.47,-0.04,0.2,0.16,0.04,80,0.67,0,0.23,0.2,1.53,1.32,6.58,5.36,9.13,4.07,0.07,5.05,24.27,0.78,13.08,1.14,2.66,83,0.98,2.3,0.43,50,0.23,58,3.09,0,7.56,6.02,3.17,1.61,0.78,28.84,0.9,12,0.43,27,0.04,0,0,32.35,73,3.37,27,44,7.56,6.62,14,54,-18,31.11,1.68,0.13,0.14,20.33,100,3.82,1.88,0.04,0,0.04,0.04,1.37,1.37,0.04,0,0,0,0.08,33,64,3,48,50,2,25.96,23.05,0.88,88,-2.91,22.95,20.17
Asher Yearwood,Maidenhead United,1762,Right Defensive Midfielder,Right Centre Midfielder,England,28,,0,0,0.12,0.09,1.23,0,21,1,,0.06,0.05,0.15,1.17,0.05,0.12,0.92,0,0.03,0.26,0.05,0.26,2.4,-0.21,0.36,0.31,0.05,86,1.23,0.05,1.38,0.92,0.87,1.01,2.2,2.39,19.1,8.32,0.05,6.84,44.75,8.12,14.6,2.2,3.06,72,2.59,3.6,1.28,33,0.87,57,2.25,0,15.73,18.12,4.95,4.7,1.53,47.8,7.3,46,3.42,73,0.15,0,0,40.49,76,1.74,11,45,2.6,3.42,20,70,-6,56.22,3.88,0.49,0.59,29.62,96,3.91,12.72,1.17,0.71,0.46,0.31,2.86,3.57,0.05,26,0.46,50,0.56,24,61,14,24,65,11,17.91,15.48,0.95,94,-2.43,16.93,14.54
Ashley Clarke,AFC Totton,2065,Left Wing,Left Midfielder,England,20,,0.31,0.31,0.22,0.1,2.18,14,42,5,,0.25,0.26,0.12,0.92,0.26,0.12,0.92,0,0,0,0.57,0.34,3.09,0.23,2.14,0.92,1.22,43,1.13,0.04,2.75,3.75,0.7,0.8,0.22,0.22,22.58,6.97,0.01,5.27,58.29,4.1,5.97,1.74,2.44,78,1.67,2.46,1.48,44,0.48,20,0.52,0,19.35,18.91,4.53,6.41,1.57,59.84,12.94,67,5.71,89,0.26,0,0.04,20,63,1.18,8,54,0.87,1.53,28,59,-4,64.25,2.05,0.36,0.55,22.01,83,8.36,7.02,0.78,0.78,0,0.44,4.31,5.1,0.22,33,0.52,24,0.83,17,64,19,14,68,18,19.3,19.07,0.99,104,-0.23,19.1,19.8
Ashley Hunter,Marine,1092,Right Wing,Centre Attacking Midfielder,England,30,178,0.08,0.08,0.12,0.04,2.72,3,27,4,,0.15,0.25,0.36,2.8,0.16,0.23,1.73,0.08,0.13,1.07,0.33,0.48,5.52,-0.15,1.57,1.15,0.41,74,0.74,0,1.15,1.9,0.74,0.36,0.49,0.27,15.83,6.68,0.02,3.46,50.38,5.44,8.66,0.91,1.65,65,0.7,1.06,0.99,0,0.49,30,0.58,0,13.93,9.97,3.38,2.97,0.66,52.6,8.24,59,2.14,72,0.16,0,0,26.96,55,3.46,17,33,1.24,9.65,17,58,3,65.6,2.97,0.37,0.52,24.65,91,5.82,9.65,4.29,2.06,2.23,0.08,2.56,4.62,0,19,1.15,35,0.25,24,64,12,27,59,14,25.71,20.06,0.83,78,-5.65,21.44,15.71
Ashley Josiah Hemmings,Dagenham & Redbridge,1403,Right Centre Forward,Centre Attacking Midfielder,England,35,173,0.32,0.13,0.21,0.1,2.12,6,27,3,100,0.17,0,0.12,1.67,0,0.09,1.22,0,0.03,0.45,0.13,0.33,3.78,-0.2,0.9,0.51,0.38,57,0.71,0.06,1.28,1.73,0.38,0.29,0.64,0.34,15.78,7.12,0.02,3.72,53.42,3.91,5.77,1.28,1.67,83,0.98,1.27,1.15,43,0.26,39,1.86,0,13.34,10.35,3.4,3.08,0.58,56.63,8.6,64,2.76,90,0,0,0,22.45,64,2.25,86,43,1.54,4.36,31,66,3,64.5,2.63,0.31,0.51,20.21,89,5.1,6.99,1.99,0.96,1.03,0.38,3.91,4.88,0.38,29,0.77,40,0.9,17,69,14,19,64,17,21.42,17.71,0.91,96,-3.71,19.52,17.06
Ashley Josiah Hemmings,Kidderminster Harriers,721,Right Midfielder,Right Wing,England,35,173,0,0,0.28,0.1,2.87,0,30,4,,0.09,0.12,0.08,0.75,0.12,0.08,0.75,0,0,0,0.12,0.36,3.62,-0.24,0.62,0.62,0,100,0.5,0,1.75,1.5,0.25,0.36,0.87,1.27,13.6,3.99,0,3.99,59.94,3.25,4.74,0.5,0.75,57,0.59,0.96,1.62,0,0.37,50,2.25,0,11.48,13.36,3.49,3.49,1.25,62.29,8.11,71,2.25,64,0,0,0,25.59,68,1.87,87,44,2,3.12,35,71,3,59.98,3.25,0.34,0.54,25.21,88,4.72,7.61,0.25,0.25,0,0.62,4.37,4.62,0.25,100,0.5,25,0.62,18,67,14,15,67,18,21.13,18.95,0.87,94,-2.18,18.45,17.77
Ashton Fox,Peterborough Sports FC,1029,Right Centre Back,Right Back,England,22,192,0,0,0,0.03,0.09,0,0,0,,0,0,0,0.09,0,0,0.09,0,0,0,0,0.01,0.18,-0.01,0.26,0.26,0,100,0.7,0,0.18,0,0.96,0.89,7.09,6.29,7.61,2.89,0.06,5.25,24.56,2.45,13.91,1.05,2.01,80,0.89,1.78,1.05,25,0.26,75,3.85,0,5.51,5.74,2.54,1.14,0.44,31.28,0.88,16,0.44,38,0.26,0.09,0,31.24,65,2.89,11,40,8.05,6.3,17,62,-3,40.44,3.5,0.31,0.31,18.29,99,6.94,3.85,0.26,0.26,0,0,0.53,0.79,0,0,0,0,0.09,41,52,7,52,45,2,23.92,20.55,0.88,94,-3.37,20.98,19.3
Ashton Mee,Buxton,426,Left Defensive Midfielder,Right Defensive Midfielder,England,20,183,0.21,0.21,0.06,0.07,0.85,25,50,1,,0.26,0,0.04,0.63,0,0.04,0.63,0,0,0,0.21,0.1,1.48,0.11,0.21,0,0.21,0,0.63,0,1.27,1.27,0.85,0.74,2.32,2.16,12.89,6.97,0,5.49,45.12,5.28,10.78,0.63,1.48,60,0.9,1.64,0.63,0,0.42,29,0.85,0,11.62,13.92,4.02,2.32,1.27,50.41,5.71,49,1.69,73,0.21,0,0,26.42,73,2.11,10,59,2.96,2.96,16,62,-11,52.28,1.69,0.05,0.27,20.71,92,4.79,6.34,0,0,0,0,1.69,1.69,0,,0,0,0.21,22,63,16,13,63,23,20.88,17.07,0.95,80,-3.81,19.83,13.62
Avan Jones,Enfield Town FC,866,Left Wing Back,Right Back,England,24,179,0,0,0.12,0.08,1.56,0,7,2,,0.03,0,0.02,0.42,0,0.01,0.1,0,0.01,0.31,0,0.14,1.97,-0.14,0.21,0.1,0.1,50,0.31,0,0.1,1.25,0.73,0.41,5.19,2.96,16.62,6.13,0.01,5.82,31.06,3.53,9.45,1.66,2.39,73,0.92,1.33,1.04,43,0.62,35,0.94,0,13.92,7.39,4.16,2.91,1.14,36.9,3.95,28,1.87,64,0.31,0,0,19.64,46,1.45,23,23,5.71,5.71,14,41,-5,52.75,1.87,0.13,0.22,11.95,93,5.47,3.22,1.25,0.42,0.83,0.1,2.08,2.49,0,33,0.52,31,0.21,41,51,7,19,58,23,25.56,18.94,0.84,117,-6.62,21.56,22.17
B. Dolaghan,Worthing FC,2210,Centre Forward,Left Centre Forward,England,21,,0.81,0.77,0.6,0.24,2.48,31,46,5,100,0.73,0.2,0.1,0.86,0.2,0.1,0.86,0,0,0,0.98,0.7,3.34,0.28,1.06,0.61,0.45,58,1.43,0.08,1.95,2.61,0.24,0.39,0.2,0.26,22.56,7.66,0.02,6.8,69.15,3.18,4.11,0.33,0.57,57,0.49,0.89,0.65,17,0.24,24,0.73,0,21.62,31.32,6.47,6.92,2.16,69.79,18.69,86,6.35,92,0.04,0,0,18.24,74,0.65,27,84,0.24,0.73,32,69,-6,61.39,1.47,0.52,0.93,18.36,85,5.08,6.43,0.33,0.33,0,0.77,7.49,7.82,0.04,0,0,0,1.26,12,66,21,11,68,21,14.17,11.42,1.04,104,-2.76,14.77,11.87
B.Leonard,Enfield Town FC,2727,Right Wing Back,Right Midfielder,England,24,,0.13,0.13,0.06,0.07,0.92,14,32,2,,0.07,0.13,0.18,1.25,0.1,0.15,1.06,0.03,0.02,0.2,0.26,0.24,2.18,0.03,0.73,0.3,0.43,41,0.26,0,0.63,1.52,0.92,0.68,1.82,1.19,14.42,5.74,0.02,4.06,41.81,4.42,9.11,1.35,2.28,71,0.94,1.62,0.53,36,0.56,49,1.29,0.03,12.58,8.07,3.07,3,0.83,45.43,5.25,42,2.24,75,0,0,0,25.61,49,1.91,18,34,2.81,4.62,18,38,-11,60.85,2.41,0.35,0.47,18.95,94,6.94,5.88,2.08,1.42,0.66,0.23,1.72,3.14,0.03,48,1.35,33,0.3,27,63,10,22,63,14,22.02,20.6,0.93,92,-1.41,20.39,18.94
B.Marsden,Marine,1947,Left Defensive Midfielder,Right Defensive Midfielder,England,23,188,0,0,0.05,0.07,0.69,0,13,1,,0.04,0.09,0.08,1.02,0.09,0.08,1.02,0,0,0,0.09,0.13,1.71,-0.04,0.74,0.46,0.28,63,1.43,0,1.06,1.29,1.34,0.94,1.99,1.34,23.06,10.63,0.02,7.44,45.44,7.58,13.96,2.68,4.02,74,1.92,2.86,1.53,31,0.92,46,2.36,0.05,18.95,13.89,5.73,5.92,1.89,47.41,8.5,45,3.97,67,0.42,0,0,33.74,62,1.8,13,33,2.87,4.53,25,60,-3,55.75,3.42,0.38,0.46,22.6,94,4.3,9.34,0.92,0.88,0.05,0.23,1.94,2.82,0.05,15,0.18,13,0.23,29,62,9,28,62,10,20.56,18.17,0.89,91,-2.39,18.28,16.5
B.Roscoe,Radcliffe,3338,Right Centre Back,Left Centre Back,England,29,188,0.11,0.11,0.1,0.13,0.81,13,30,0,,0.12,0,0.02,0.43,0,0.02,0.38,0,0,0.05,0.11,0.13,1.24,-0.02,0.59,0.51,0.08,86,0.62,0,0.35,0.35,1.13,1.18,5.8,5.06,12.89,6.44,0.07,6.17,27.28,2.45,12.78,2.18,3.32,76,1.78,2.95,1.02,54,0.7,65,3.53,0.03,9.68,8.54,3.75,1.94,0.84,31.71,1.86,19,0.94,49,0.13,0,0,32.33,68,2.97,6,36,7.33,6.61,15,58,-10,44.16,4.37,0.28,0.33,20.92,98,5.74,5.07,0.43,0.3,0.13,0.03,1.73,2.02,0,19,0.08,43,0.05,45,49,6,56,37,7,24.11,25.09,0.85,84,0.98,20.57,21.17
B.Williams,Tonbridge Angels FC,2205,Right Back,Left Defensive Midfielder,England,24,175,0,0,0.03,0.08,0.33,0,25,0,,0.02,0,0.04,0.45,0,0.04,0.45,0,0,0,0,0.07,0.78,-0.07,0.9,0.61,0.29,68,1.1,0,1.39,0.82,1.14,0.81,4.2,3.27,15.55,7.1,0.03,6.69,30.79,4.49,13.18,2.57,3.71,77,2.06,2.87,0.78,42,0.78,67,2.37,0.04,12.2,9.04,4.12,2.61,0.86,35.3,3.14,26,1.55,59,0.12,0,0,34.65,69,3.22,10,47,4.98,6.04,15,57,-12,45.19,5.06,0.3,0.32,26.9,96,5.25,6.98,0.57,0.37,0.2,0.04,0.41,0.78,0.08,0,0.08,13,0.04,36,56,8,45,49,6,22.58,19.66,0.92,92,-2.92,20.73,18.13
Bailey Akehurst,Tonbridge Angels FC,1997,Left Back,Left Wing Back,England,22,178,0.09,0.05,0.05,0.08,0.59,8,31,0,100,0.08,0.14,0.14,1.13,0.14,0.08,0.5,0,0.06,0.63,0.18,0.19,1.71,-0.01,1.31,0.63,0.68,48,1.22,0,0.95,1.31,1.89,1.46,4.55,4.13,17.89,8.38,0.02,7.71,30.34,3.47,10.63,2.21,4.1,71,1.89,3.35,1.17,39,0.9,58,1.8,0.05,14.51,12.59,5,3.42,0.9,33.2,3.74,26,1.94,57,0.09,0,0,32.49,58,3.74,82,31,5.81,10.68,14,48,-10,52.01,3.97,0.26,0.35,25.6,94,4.31,6.26,2.07,0.86,1.22,0,0.68,1.53,0,24,0.59,22,0.05,40,50,10,35,53,12,25.3,23.17,0.82,92,-2.13,20.7,21.26
Bailey Clements,King's Lynn Town FC,2085,Left Wing Back,Left Back,England,25,188,0.09,0.09,0.09,0.13,0.73,12,29,1,,0.06,0.13,0.1,0.99,0.13,0.1,0.95,0,0,0.04,0.22,0.19,1.73,0.02,0.91,0.65,0.26,71,1.04,0,0.47,0.52,1.68,2.09,3.8,5.08,13.51,5.74,0.04,4.71,35.23,4.06,12.3,1.55,3.24,78,1.8,3.89,0.86,53,0.43,63,2.29,0,11.09,13.45,3.19,3.45,1.17,41.43,3.97,36,2.24,65,0.09,0,0,38.42,67,3.63,79,43,5.14,7.12,13,47,-19,53.57,4.92,0.4,0.5,27.8,98,4.4,10.88,1.55,1.34,0.22,0.26,1.99,3.32,0.04,42,0.73,31,0.39,39,50,11,32,52,17,22.98,22.4,0.89,84,-0.58,20.42,18.92
Bailey Gooda,Worksop Town FC,1322,Left Centre Back,Right Centre Back,England,29,178,0,0,0.03,0.13,0.27,0,25,0,,0.06,0,0.02,0.34,0,0.02,0.34,0,0,0,0,0.05,0.61,-0.05,0.14,0.07,0.07,50,0.61,0,0.2,0.2,0.88,0.78,5.79,5.94,7.96,3.88,0.05,4.9,27.91,2.38,18.17,1.23,2.11,69,1.07,1.85,0.48,50,0.54,77,5.38,0,6.26,5.54,2.72,1.77,0.61,34.09,1.02,16,0.61,35,0.07,0,0,32.6,66,4.36,22,48,7.01,7.83,20,53,-14,36.97,2.52,0.24,0.28,16.81,99,5.04,3.06,0.41,0.34,0.07,0.2,1.02,1.36,0,0,0.07,100,0.34,40,54,7,58,38,4,27.15,23.33,0.91,98,-3.81,24.7,22.79
Bailey Sloane,Marine,773,Left Back,,England,23,191,0,0,0.01,0.02,0.47,0,25,0,,0.02,0,0.03,0.81,0,0.03,0.81,0,0,0,0,0.03,1.28,-0.03,0.7,0.58,0.12,83,1.05,0,0.35,0.12,1.98,2.01,4.77,4.1,18.05,8.38,0.02,7.33,32.42,3.84,13.27,2.91,4.89,81,2.36,4.37,0.93,71,0.7,61,1.63,0,14.2,12.57,4.54,3.96,1.63,37.88,4.89,34,2.33,59,0.23,0,0,27.13,59,2.1,78,30,5.94,5.82,13,57,-2,50.36,4.42,0.21,0.23,15.48,97,5.09,5.82,1.28,0.81,0.47,0,0,0.81,0,45,0.58,31,0,43,51,6,28,60,12,23.63,21.03,0.85,107,-2.6,20.17,22.4
Basil Tuma,Slough Town FC,635,Left Wing,Right Attacking Midfielder,Malta,21,,0.28,0.28,0.18,0.11,1.56,18,45,3,,0.3,0,0.04,0.85,0,0.04,0.85,0,0,0,0.28,0.22,2.41,0.06,4.39,2.27,2.12,52,2.69,0.14,1.98,5.1,1.13,0.89,0.85,0.78,18.41,6.66,0.01,5.24,53.4,4.53,8.92,1.84,2.97,76,1.2,2.09,1.13,20,0.57,41,2.55,0,15.44,11.2,3.97,3.54,0.99,57.06,9.06,59,2.69,76,0,0,0.14,26.91,64,1.27,16,56,1.13,1.98,27,51,-13,60.89,2.55,0.34,0.48,27.19,85,7.72,9.35,1.13,1.13,0,0.28,3.4,4.53,0,13,0.42,25,0.28,19,65,15,21,64,15,17.85,13.46,0.99,104,-4.4,17.6,14.02
Bayley Brown,Enfield Town FC,1310,Left Centre Midfielder,Left Defensive Midfielder,England,29,196,0.07,0.07,0.1,0.2,0.48,14,43,1,,0.11,0.07,0.01,0.14,0.07,0.01,0.14,0,0,0,0.14,0.11,0.62,0.03,0.76,0.62,0.14,82,0.96,0,1.58,2.13,1.03,0.67,2.34,1.44,18.14,8.38,0.03,5.5,41.09,5.43,10.51,1.51,2.54,79,0.98,1.64,1.79,0,0.41,61,4.47,0,14.84,8.5,4.12,3.92,1.17,44.15,5.98,40,2.34,60,0.07,0,0,24.94,64,0.62,43,35,2.68,1.44,36,59,-5,53.21,2.34,0.33,0.35,15.66,89,3.59,5.63,0.27,0.27,0,0.14,1.99,2.27,0.07,0,0,0,0.34,34,55,11,30,55,15,17.35,14.72,0.96,103,-2.63,16.65,15.2
Bayley McCann,Peterborough Sports FC,541,Left Wing Back,Left Back,England,20,182,0.17,0.17,0.03,0.03,1,17,50,0,,0.07,0,0.06,0.67,0,0.05,0.5,0,0.01,0.17,0.17,0.1,1.66,0.07,0.83,0.5,0.33,60,0.67,0,0.83,1.33,2.16,1.81,3,2.68,23.81,10.32,0,7.66,28.7,3.5,9.82,3.83,5.99,82,3.84,5.66,1.66,50,0.83,70,2.33,0,18.31,16.72,5.66,4,1.5,31.05,2.5,14,1.66,42,0,0,0,27.3,55,2.16,65,24,4,7.99,14,56,1,52.31,4.33,0.24,0.28,18.65,93,5.94,5.49,1.17,0.83,0.33,0.17,0.5,1.33,0,29,0.33,15,0.17,37,51,12,21,64,15,25.81,22.03,0.79,95,-3.78,20.49,20.89
Bayley McCann,Alfreton Town,1140,Left Wing Back,Left Wing,England,20,182,0.08,0.08,0.1,0.06,1.82,4,35,3,,0.12,0.08,0.09,1.42,0.08,0.06,0.95,0,0.03,0.47,0.16,0.19,3.24,-0.03,1.5,0.79,0.71,53,0.87,0,1.18,2.61,0.63,0.44,2.29,1.59,19.11,8.13,0.01,5.69,42.28,4.18,8.45,2.21,2.84,82,1.27,1.71,0.95,45,0.47,23,0.47,0,15.95,8.94,4.42,2.61,0.95,45.33,6.55,41,1.82,70,0.24,0,0,20.85,55,2.29,65,32,2.68,6.87,17,63,8,59.83,2.37,0.13,0.22,18.4,86,6.44,6.16,1.66,0.63,1.03,0.24,2.21,2.84,0.08,14,0.32,20,0.47,26,62,13,18,55,27,25.19,18.48,0.86,88,-6.71,21.54,16.27
Ben Beals,Spennymoor Town,1449,Left Centre Back,Right Centre Back,England,22,183,0,0,0,,0,,,0,,0,0,0.01,0.19,0,0.01,0.19,0,0,0,0,0.01,0.19,-0.01,0,0,0,,0.56,0,0.19,0.25,1.62,1.25,6.03,5.28,8.82,3.73,0.11,5.09,22.28,1.86,11.99,1.43,3.04,85,1.18,2.43,0.5,57,0.25,60,2.67,0.06,6.89,5.76,2.73,0.93,0.56,25.7,0.87,13,0.25,27,0.06,0,0,29.57,68,3.23,67,41,7.02,6.89,13,63,-5,34.08,2.61,0.12,0.12,17.45,98,3.8,2.42,0.25,0.12,0.12,0,0.12,0.25,0,0,0,0,0.12,41,53,6,54,44,3,26.97,25.43,0.87,98,-1.53,23.33,24.99
Ben Beresford,Peterborough Sports FC,948,Left Centre Forward,Centre Forward,England,21,188,0.28,0.28,0.31,0.25,1.23,23,31,3,0,0.27,0,0.01,0.19,0,0.01,0.19,0,0,0,0.28,0.32,1.42,-0.04,1.04,0.47,0.57,45,0.57,0,1.23,3.32,0.38,0.42,1.04,1.16,15.66,5.03,0.01,5.22,64.26,4.18,5.32,0.57,0.95,86,0.63,1.05,0.57,0,0.09,47,4.46,0,14.62,17.51,4.84,2.85,1.04,68.66,12.72,87,2.66,93,0.28,0,0,19.94,52,0.09,17,14,1.23,0.47,38,46,-6,61.84,1.04,0.52,0.58,12.91,79,3.47,4.84,0.19,0.19,0,0.19,3.13,3.32,0,0,0,0,0.38,26,58,16,16,65,20,16.33,16.22,0.93,103,-0.12,15.22,16.65
Ben Chapman,Ebbsfleet United,2878,Left Wing Back,Centre Attacking Midfielder,England,27,175,0.13,0.13,0.07,0.04,1.69,7,33,2,,0.11,0.13,0.13,1.16,0.13,0.12,1.13,0,0.01,0.03,0.25,0.2,2.85,0.05,1.56,0.88,0.69,56,1.85,0,1.56,1.85,0.44,0.48,1.41,1.68,17.54,7.13,0.01,5.91,45.22,5.79,10.63,1.81,2.25,69,2.19,2.67,0.81,39,0.81,38,0.91,0.03,15.04,16.85,4.69,3.44,1.22,48.59,6.69,44,2.22,65,0.16,0,0,42.66,64,3.44,25,40,3.03,6.91,19,59,-5,60.42,5.32,0.49,0.62,37.43,93,5.52,14.67,1.97,1.59,0.38,0.16,2.72,4.32,0.19,48,1.25,27,0.28,27,60,13,23,62,15,21.19,19.72,0.88,85,-1.47,18.56,16.74
Ben Coker,Ebbsfleet United,1628,Left Wing Back,Centre Attacking Midfielder,England,36,180,0,0,0.03,0.09,0.39,0,14,0,0,0.01,0.11,0.1,1.27,0.11,0.07,0.88,0,0.02,0.39,0.11,0.13,1.66,-0.02,0.33,0.22,0.11,67,0.88,0,0.66,0.44,0.39,0.42,1.99,2.3,10.5,4.48,0.01,3.26,35.53,3.1,8.79,1.16,1.55,78,1.39,1.81,0.77,54,0.33,57,1.33,0.06,8.62,9.78,2.27,1.71,0.44,38.82,2.65,31,0.88,52,0.33,0.06,0,37.86,73,2.93,76,39,2.71,6.85,12,62,-11,57.55,4.04,0.25,0.32,31.95,98,3.56,11.61,2.54,1.44,1.11,0.28,2.1,3.54,0.06,24,0.66,22,0.5,27,58,14,30,51,20,20.06,17.01,0.88,94,-3.05,17.73,15.93
Ben Collins,Southport,760,Left Back,Left Centre Midfielder,England,22,191,0.12,0.12,0.01,0.03,0.36,33,33,0,,0.1,0,0,0.12,0,0,0.12,0,0,0,0.12,0.01,0.47,0.1,2.84,2.01,0.83,71,1.42,0,1.42,1.42,1.54,1.66,2.37,2.86,18.35,9,0.01,6.04,34.83,2.84,9.35,1.89,3.43,64,2.02,3.67,1.54,40,1.07,59,1.18,0.12,14.91,17.38,4.26,4.38,1.3,38.03,4.5,30,2.37,54,0.24,0,0,38.23,73,2.01,77,47,2.96,3.67,16,65,-8,49.31,3.43,0.13,0.13,35.04,95,6.09,7.34,0.47,0.47,0,0,0.59,1.07,0,25,0.24,18,0.24,30,57,12,29,52,19,18.37,16.11,0.9,100,-2.26,16.61,16.05
Ben Darby,Curzon Ashton FC,2551,Right Centre Midfielder,Right Defensive Midfielder,England,22,,0.11,0.11,0.09,0.1,0.85,13,38,1,,0.12,0.07,0.06,0.71,0.07,0.06,0.71,0,0,0,0.18,0.15,1.55,0.03,0.28,0.14,0.14,50,0.71,0,0.67,0.85,1.55,1.13,1.9,1.41,19.76,9.1,0.03,6.53,43.28,5.15,10.55,1.94,3.49,65,1.48,2.61,1.27,29,1.02,50,1.34,0,16.58,11.96,4.97,4.3,1.41,46.57,7.3,44,3.07,71,0.32,0,0,25.44,66,1.23,8,41,2.47,2.47,21,68,2,54.32,2.82,0.24,0.37,16.65,94,4.56,6.74,0.71,0.67,0.04,0.14,1.69,2.36,0,25,0.21,33,0.25,30,56,14,21,63,15,19.65,17.46,0.91,99,-2.19,17.87,17.23
Ben Hedley,Darlington,2035,Right Back,Right Centre Back,England,27,178,0.04,0.04,0.02,0.03,0.62,7,14,1,,0.06,0.09,0.09,0.71,0.09,0.09,0.71,0,0,0,0.13,0.1,1.33,0.03,0.44,0.31,0.13,70,0.09,0,0.57,0.49,1.24,1.13,4.42,4.44,11.28,4.6,0.02,4.6,28.36,3.76,13.09,1.55,2.79,69,1.7,2.82,0.44,36,0.71,63,2.21,0.04,9.29,9.68,3.1,1.95,0.62,32.61,2.08,22,1.15,59,0.09,0,0,39.53,67,4.07,10,38,5.93,9.11,16,57,-10,50.24,5.57,0.42,0.5,28.48,98,4.58,8.45,1.24,1.15,0.09,0.04,0.22,1.37,0.04,43,0.57,24,0.09,36,57,8,32,59,8,24.78,20.92,0.86,88,-3.87,21.37,18.38
Ben Isaacson,Bedford Town,446,Right Back,Left Back,England,21,,0,0,0.05,0.22,0.2,0,0,0,,0,0,0.04,0.4,0,0.04,0.4,0,0,0,0,0.08,0.61,-0.08,0.81,0.4,0.4,50,0.81,0,0.81,0.61,2.22,1.4,2.62,2.02,16.34,6.45,0.04,6.05,25.45,1.41,11.5,2.02,4.24,77,0.95,2.35,0.61,40,0.61,60,2.42,0,13.71,8.17,4.24,2.82,0.4,28.26,2.02,15,1.21,43,0,0,0,22.39,47,2.22,17,22,4.03,8.47,15,29,-18,43.98,3.23,0.14,0.17,10.69,98,5.49,3.43,0.2,0.2,0,0,0.4,0.61,0,100,0.2,20,0,52,45,4,53,41,6,28.37,27.86,0.79,68,-0.51,22.35,19.05
Ben Pollock,Spennymoor Town,1596,Right Centre Back,Left Centre Back,England,28,183,0,0,0.02,0.11,0.17,0,0,0,,0,0,0.01,0.06,0,0.01,0.06,0,0,0,0,0.03,0.23,-0.03,0.17,0.11,0.06,67,0.45,0,0.23,0.17,0.73,0.61,7.55,6.94,7.44,4.06,0.08,5.24,24.19,1.35,12.52,1.18,1.92,72,1.07,1.68,0.56,43,0.45,76,4.74,0,5.69,5,2.54,1.41,0.45,31.65,0.85,15,0.34,24,0.06,0,0,28.3,66,2.54,15,36,8.29,6.31,17,46,-21,34.57,2.54,0.3,0.31,16.63,99,3.8,2.31,0.11,0.11,0,0.06,0.73,0.85,0,0,0,,0.06,46,51,3,61,39,0,25.82,21.51,0.84,89,-4.31,21.65,19.15
Ben Tompkins,Chelmsford City,2445,Right Centre Back,Centre Back,England,21,179,0,0,0.04,0.08,0.55,0,20,0,,0.04,0,0.01,0.11,0,0.01,0.11,0,0,0,0,0.05,0.66,-0.05,0.37,0.37,0,100,0.66,0,0.4,0.22,1.4,1.47,8.06,7.52,11.08,4.45,0.06,5.85,24.73,2.47,15.61,1.73,3.13,94,1.77,3.24,0.96,78,0.11,78,4.53,0.04,8.43,8.75,3.24,1.95,0.77,31.04,1.33,16,0.85,43,0.11,0,0,33.79,64,2.8,9,37,9.13,6.52,19,52,-13,38.89,2.98,0.28,0.3,19.62,98,5.37,3.24,0.07,0.07,0,0.11,1.62,1.69,0,0,0,0,0.22,48,48,4,48,47,6,24.92,21.25,0.88,86,-3.67,21.82,18.26
Benjamin Grist,Worksop Town FC,442,Right Back,Right Centre Back,England,21,188,0,0,0,,0,,,0,,0,0,0.11,0.81,0,0.09,0.61,0,0.02,0.2,0,0.11,0.81,-0.11,0.61,0,0.61,0,0.61,0,0.2,1.02,1.02,0.76,3.25,2.51,13.63,5.49,0.05,5.7,33.78,5.49,15.05,1.63,2.64,57,0.97,1.73,0.81,56,1.22,50,1.83,0,11.19,7.23,3.87,3.25,1.42,41.94,4.27,38,2.24,69,0.2,0,0,30.31,58,2.44,21,26,3.87,8.95,13,62,5,53.51,4.88,0.29,0.33,20.55,96,5.38,7.53,4.07,1.42,2.64,0.41,0.61,2.03,0,40,1.63,57,0.2,44,48,8,38,46,16,25,19.91,0.88,96,-5.09,21.96,19.09
Benjamin Jackson,Hampton & Richmond,388,Right Centre Back,Left Centre Back,England,22,190,0,0,0.01,0.03,0.23,0,0,0,,0,0,0,0,0,0,0,0,0,0,0,0.01,0.23,-0.01,0.46,0.46,0,100,0.7,0,0,0,0.93,0.63,4.64,3.42,13.92,7.42,0.03,5.34,22.17,1.62,16.01,1.62,2.55,100,1.25,1.88,0.7,100,0,57,3.02,0,11.83,8.99,4.18,1.16,0.23,25.02,0.93,8,0.23,20,0.46,0,0,33.41,73,0.46,26,15,5.1,2.55,20,59,-14,30.82,0.23,0.2,0.2,19.26,100,4.68,0.23,0,0,0,0.23,0.93,0.93,0,,0,0,0.23,37,60,3,0,0,100,21.58,19.52,0.89,87,-2.05,19.27,17.05
Benjamin Jackson,Worthing FC,332,Left Centre Back,Right Centre Back,England,22,190,0,0,0.02,0.06,0.27,0,0,0,,0,0,0.01,0.27,0,0.01,0.27,0,0,0,0,0.03,0.54,-0.03,0,0,0,,0.27,0,0,0.27,1.36,2.12,4.89,7.42,7.6,3.53,0,4.07,29.96,1.63,14.66,0.54,1.9,100,0.91,3.03,0.54,,0,79,4.07,0,6.52,10.37,2.99,1.36,0.27,35.21,1.63,25,1.09,80,0,0,0,42.89,86,1.9,25,70,5.16,2.44,12,86,0,36.69,4.07,0.5,0.5,29.59,99,6.09,5.43,0.54,0.54,0,0.27,1.09,1.63,0,0,0,,0.27,29,65,6,50,45,5,19.82,16.76,1,105,-3.05,19.73,17.63
Benjamin Mensah,Peterborough Sports FC,551,Right Wing Back,Right Centre Midfielder,Italy,23,181,0,0,0.03,0.09,0.33,0,50,1,,0.03,0,0.13,1.47,0,0.12,1.14,0,0.01,0.33,0,0.15,1.8,-0.15,1.63,0.98,0.65,60,1.96,0,0.98,1.63,1.31,1.08,1.63,1.46,20.75,9.64,0.03,8.66,39.88,5.23,9.8,2.61,3.92,89,2.26,3.34,0.82,50,0.33,50,1.14,0,17.32,14.39,6.86,5.55,2.45,43.81,7.35,42,4.25,76,0.33,0,0,26.79,67,2.12,13,50,1.8,4.08,19,77,10,60.73,3.76,0.26,0.36,19.93,93,5.84,8.82,2.29,1.8,0.49,0.49,1.63,3.43,0.16,36,0.98,43,0.49,25,58,17,15,61,24,19.22,14.31,0.93,104,-4.91,17.94,14.88
Berat Jonathan Ustabaşı,Fylde,1413,Left Wing,Right Midfielder,Turkey,32,180,0.83,0.83,0.56,0.18,3.12,27,55,5,,0.78,0.32,0.13,0.89,0.32,0.13,0.89,0,0,0,1.15,0.69,4.01,0.46,2.74,1.78,0.96,65,1.4,0,3.06,3.18,0.57,0.75,1.4,1.79,17.13,6.69,0.02,4.27,50.24,3.12,6.5,1.34,1.91,72,1.72,2.47,1.59,40,0.51,47,1.08,0,14.2,19.22,3.31,4.01,1.21,54.57,8.47,60,3.38,84,0,0,0,24.77,67,0.19,16,15,1.66,1.02,20,61,-6,64.16,1.97,0.55,0.96,28.02,87,7.84,8.15,0.51,0.45,0.06,0.64,5.09,5.54,0,25,0.38,19,0.96,18,53,29,13,40,47,15.62,14.65,0.89,90,-0.97,13.94,13.24
Billy Clifford,Farnborough,1812,Right Defensive Midfielder,Right Centre Midfielder,England,33,170,0.05,0,0.05,0.05,0.94,0,26,1,100,0.03,0.1,0.08,0.99,0.1,0.06,0.65,0,0.02,0.35,0.1,0.13,1.94,-0.03,1.39,0.79,0.6,57,1.19,0,1.84,2.09,1.49,1.4,1.34,0.89,17.04,7.45,0.02,5.41,41.91,5.91,12.02,1.84,3.33,74,1.43,2.83,0.99,38,0.65,35,0.55,0,14.21,11.16,4.12,4.02,1.29,46.02,6.26,44,2.93,73,0.35,0,0,43.51,72,3.97,4,41,2.19,8.94,16,74,2,53.76,6.56,0.41,0.47,39.04,94,6.8,12.52,2.33,1.54,0.79,0.1,1.19,2.73,0.05,15,0.4,33,0.25,24,66,10,30,64,6,22.95,18.27,0.9,98,-4.67,20.6,17.9
Billy Fewster,Alfreton Town,1551,Right Wing,Left Midfielder,England,22,178,0.23,0.23,0.17,0.15,1.16,20,35,2,,0.26,0.12,0.12,0.99,0,0.06,0.35,0.12,0.06,0.64,0.35,0.29,2.15,0.05,0.52,0.23,0.29,44,0.81,0,1.91,2.44,0.41,0.13,0.87,0.44,16.01,7.37,0.02,3.37,52.89,3.54,6.44,1.28,1.68,73,0.64,0.77,1.1,46,0.46,34,1.33,0,13.64,7.02,2.9,3.83,0.87,55.91,8.06,59,2.96,77,0,0,0,18.74,56,2.03,17,36,1.1,5.45,18,48,-8,64.15,2.38,0.18,0.36,16.19,85,7.71,6.03,1.74,0.35,1.39,0.29,2.61,2.96,0,20,0.58,24,0.41,18,58,24,22,44,34,22.81,14.39,0.9,100,-8.42,20.61,14.36
Billy Phillips,Chippenham Town,779,Left Midfielder,Right Midfielder,England,19,175,0.23,0.23,0.23,0.1,2.43,10,48,4,,0.38,0,0.05,0.92,0,0.05,0.92,0,0,0,0.23,0.28,3.35,-0.05,1.96,0.92,1.04,47,2.77,0,2.66,3.24,0.23,0.11,1.04,1.42,14.79,5.43,0.02,4.74,51.86,4.39,7.86,1.16,1.39,67,1.2,1.32,0.35,38,0.58,15,0.23,0,13.29,12.47,3.81,4.74,1.16,55.34,7.28,55,3.24,68,0,0,0,25.89,74,0.46,29,27,1.39,1.39,27,71,-3,62.22,1.27,0.41,0.56,28.89,88,5.81,9.48,1.04,0.81,0.23,0.23,5.09,5.89,0.12,11,0.35,50,0.81,17,61,22,16,59,26,16.65,14.15,0.98,101,-2.5,16.39,14.27
Bivish Gurung,Dover Athletic,1180,Left Centre Midfielder,Right Centre Midfielder,England,24,182,0,0,0.04,0.06,0.69,0,11,2,,0,0.08,0.04,0.76,0.08,0.04,0.76,0,0,0,0.08,0.08,1.45,0,0.61,0.31,0.31,50,1.22,0,1.37,1.53,0.46,0.31,1.6,1.11,23.26,9.31,0.04,8.39,44.97,6.18,11.36,2.29,2.75,73,1.31,1.62,0.92,39,0.84,50,1.91,0.08,20.06,12.51,6.56,5.95,2.44,47.32,9.69,48,3.97,67,0,0,0,21.59,58,1.37,20,35,2.29,3.2,29,60,2,54.52,2.29,0.14,0.18,16.17,90,5.55,5.03,0.38,0.38,0,0.08,0.99,1.37,0,60,0.23,30,0.15,34,54,12,27,62,11,21.29,18.56,0.9,92,-2.73,19.16,17.08
Bobby Unwin,Tonbridge Angels FC,429,Right Wing,Left Wing,England,23,180,0.63,0.63,0.2,0.09,2.1,30,40,4,,0.45,0,0.23,0.84,0,0.19,0.42,0,0.04,0.42,0.63,0.43,2.94,0.2,2.1,1.26,0.84,60,0.42,0,1.47,3.36,0.84,1.23,1.26,1.54,16.15,5.24,0,4.2,44.55,3.15,6.5,1.26,2.1,86,1.77,3,1.47,75,0.21,71,1.05,0,13.43,14.61,3.15,3.36,0.84,49.46,5.66,42,1.89,56,0.21,0,0,23.08,59,1.68,76,47,2.1,2.73,26,63,4,61.47,2.31,0.39,0.58,20.35,89,6.25,6.5,0.84,0.42,0.42,0.42,3.15,3.57,0.21,25,0.63,33,0.63,22,65,14,19,68,13,19.29,17.94,0.91,102,-1.35,17.6,18.34
Boyd Beacroft,Farnborough,588,Right Back,Right Wing Back,England,20,,0,0,0,0.02,0.15,0,100,0,,0.05,0,0.11,0.76,0,0.11,0.76,0,0,0,0,0.11,0.92,-0.11,0.15,0.15,0,100,1.22,0,1.38,0.76,0.61,0.52,4.13,3.79,16.06,7.49,0.01,6.27,27.46,4.89,10.55,1.68,2.29,73,1.31,1.83,1.07,50,0.61,62,2.45,0,13.61,9.46,4.74,1.99,0.76,29.51,2.45,18,0.76,38,0.15,0,0,30.59,66,3.06,5,41,5.66,5.96,13,44,-22,56.57,5.2,0.26,0.28,23.4,93,6.15,8.87,1.38,0.92,0.46,0.31,0.76,1.68,0.31,0,0.15,8,0.61,38,53,9,31,52,17,22.87,22.56,0.88,72,-0.31,20.19,16.23
Bradley Ash,Bath City,2113,Right Centre Forward,Centre Forward,England,30,174,0.21,0.21,0.26,0.14,1.87,11,41,4,,0.2,0.09,0.06,0.34,0.09,0.06,0.34,0,0,0,0.3,0.32,2.21,-0.02,2.3,0.85,1.45,37,1.45,0,3.11,4.68,0.26,0.17,0.51,0.38,26.02,9.16,0,6.56,61.43,4,6,1.06,1.32,52,0.63,0.8,1.53,33,0.98,17,0.98,0,23.46,16.18,5.92,6.73,2.13,61.46,16.27,69,5.66,84,0.26,0,0,12.56,55,0.21,25,19,0.77,0.85,34,55,0,64.57,0.77,0.25,0.45,17.12,68,6.19,3.75,0.13,0.13,0,0.04,4.56,4.68,0,0,0.04,8,0.26,27,55,18,16,56,28,16.54,16.29,0.86,85,-0.25,14.21,13.87
Bradley Holmes,Curzon Ashton FC,1341,Left Centre Forward,Centre Forward,England,23,186,0.67,0.6,0.48,0.14,3.49,17,50,9,100,0.54,0.13,0.04,0.6,0.13,0.04,0.6,0,0,0,0.74,0.51,4.09,0.23,0.94,0.6,0.34,64,1.48,0.07,1.68,2.68,0.4,0.26,1.14,0.91,18.39,6.31,0.01,4.43,57.06,3.22,5.1,1.14,1.54,81,0.75,1.01,1.14,20,0.27,51,4.09,0,16.17,12.08,3.69,4.9,1.28,61.12,11.27,70,3.83,78,0.13,0,0,16.84,57,0.4,14,55,1.34,0.54,40,51,-6,63.76,1.28,0.39,0.65,14.23,81,6.44,5.57,0.2,0.2,0,0.13,6.17,6.38,0,0,0.07,11,0.47,21,62,17,17,59,24,15.72,15.38,1.03,98,-0.34,16.17,15.14
Bradley Jackson,Radcliffe,859,Left Wing Back,Right Wing Back,England,29,175,0.1,0.1,0.11,0.08,1.47,7,21,2,,0.11,0.31,0.17,1.57,0.31,0.16,1.36,0,0.01,0.21,0.42,0.28,3.04,0.14,1.26,0.52,0.73,42,0.31,0,1.36,1.47,1.05,0.98,1.99,1.84,12.68,5.03,0.01,5.24,39.82,5.76,8.59,1.26,2.3,57,0.91,1.89,1.47,50,0.94,45,0.94,0,9.95,8.12,3.25,2.2,0.63,43.92,4.3,43,1.68,76,0.1,0,0,28.29,61,2.62,13,36,3.35,5.87,18,54,-7,62.84,4.82,0.42,0.52,24.1,91,8.1,9.85,1.68,1.15,0.52,0.63,2.93,4.09,0,25,0.94,26,0.63,35,52,13,33,45,22,22.05,23.15,0.87,78,1.1,19.25,17.96
Brandon Haunstrup,AFC Totton,950,Left Back,Left Centre Back,England,29,172,0.19,0.19,0.07,0.06,1.14,17,33,1,,0.11,0.09,0.11,1.23,0,0.07,0.66,0.09,0.04,0.57,0.28,0.18,2.37,0.11,0.47,0.28,0.19,60,0.47,0,0.47,0.76,0.66,0.75,2.27,2.41,9.1,3.88,0.02,4.07,25.56,4.36,11.56,1.42,2.08,88,1.37,2.12,0.47,67,0.19,45,0.95,0,7.2,5.4,2.84,1.23,0.19,28.26,1.23,17,0.76,62,0.28,0.09,0,40.93,74,5.69,82,55,3.6,9,17,74,0,47.42,6.06,0.42,0.49,33.92,98,5.18,10.52,1.52,1.04,0.47,0.38,1.42,2.46,0,38,0.76,38,0.47,35,52,13,36,50,14,23.75,20.4,0.92,94,-3.35,21.87,19.19
Brandon Lee,Macclesfield Town,417,Left Back,,England,26,,0,0,0,,0,,,0,,0,0,0.03,0.43,0,0.03,0.43,0,0,0,0,0.03,0.43,-0.03,0.43,0.22,0.22,50,0.43,0,0.86,0.22,0.65,1.08,4.97,7.52,11.23,4.54,0.02,5.83,28.38,2.81,11.02,2.16,2.81,77,3.42,4.51,0.86,40,0.65,50,1.3,0,8.21,11.21,3.24,1.3,0.43,31.03,1.73,21,0.86,67,0.65,0,0,43.85,72,2.38,88,37,5.18,6.26,11,50,-22,52.44,5.18,0.23,0.26,36.94,97,5,11.88,0.22,0.22,0,0.22,0.43,0.65,0,100,0.43,20,0.22,32,55,13,27,47,25,19.77,15.48,0.87,115,-4.29,17.26,17.86
Brandon Leroy Pierrick Keutcha,Tonbridge Angels FC,431,Left Wing,Left Midfielder,England,24,182,0.21,0.21,0.02,0.04,0.42,50,50,1,,0.03,0,0.08,0.84,0,0.08,0.84,0,0,0,0.21,0.1,1.25,0.11,2.3,0.84,1.46,36,0.84,0,2.09,2.71,0.84,0.56,0.42,0.12,12.11,5.43,0,5.01,41.15,2.92,8.14,1.67,2.51,73,1.77,2.33,0.21,40,0.63,60,0.63,0.21,10.23,10.21,3.97,3.13,0.84,42.55,3.76,37,1.67,53,0,0,0,21.72,75,1.04,13,71,0.42,1.46,30,75,0,56.15,2.3,0.24,0.31,18.17,91,5.64,7.1,0.84,0.84,0,0.42,0.84,1.67,0,0,0,0,0.84,16,70,13,24,62,15,16.77,13.63,1.03,105,-3.14,17.32,14.33
Brandon Smalley,Merthyr Town FC,716,Left Wing,Right Centre Forward,England,28,,0.25,0.25,0.11,0.09,1.26,20,30,3,,0.18,0.13,0.1,1.01,0.13,0.1,1.01,0,0,0,0.38,0.21,2.26,0.17,1.01,0.63,0.38,63,0.75,0,1.76,2.01,0.5,0.74,0.88,1.16,15.21,4.9,0.02,3.9,57.14,2.64,4.15,0.38,0.88,60,0.41,1.15,0.75,0,0.25,22,0.5,0,14.08,18.82,3.39,3.65,0.75,60.84,9.43,67,2.39,66,0,0,0,17.35,64,0.63,21,36,1.26,1.38,31,58,-6,59.49,1.51,0.25,0.36,16.59,86,4.96,5.91,0.63,0.63,0,0.25,2.64,3.27,0.13,20,0.25,29,0.5,19,63,18,9,77,15,16.35,14.46,0.93,89,-1.89,15.2,12.84
Brayden Daniel,Oxford City,338,Right Wing,Right Midfielder,England,19,,0,0,0.14,0.17,0.8,0,33,2,,0.1,0.27,0.17,1.07,0.27,0.17,1.07,0,0,0,0.27,0.3,1.87,-0.03,1.33,1.07,0.27,80,0.8,0,2.13,1.87,0.8,0.57,1.33,0.98,22.38,11.46,0,5.33,43.58,2.4,7.99,2.4,3.2,75,1.65,2.23,1.6,50,0.8,14,0.27,0,18.39,16.68,4.8,6.39,0.8,46.54,7.19,39,4.8,75,0.27,0,0,23.18,63,0.27,85,14,1.6,1.6,26,57,-7,52.39,1.33,0.17,0.41,21.85,88,6.4,5.6,0.27,0.27,0,0.53,2.13,2.4,0,0,0,0,0.53,21,59,20,29,48,24,16.09,13.54,0.87,93,-2.55,14.05,12.63
Brendan Kiernan,Hampton & Richmond,654,Left Centre Forward,Centre Attacking Midfielder,England,33,175,0.28,0.28,0.27,0.13,2.06,13,40,3,,0.27,0,0.04,0.55,0,0.04,0.55,0,0,0,0.28,0.31,2.62,-0.03,1.79,1.1,0.69,62,0.69,0,1.38,4.54,0.55,0.47,0.28,0.25,14.73,2.75,0,4.13,58.65,5.09,7.57,0.41,0.96,75,0.34,0.81,0.96,0,0.14,32,0.83,0,13.35,12.52,3.72,4.27,1.51,61.44,9.36,70,3.58,84,0,0,0,21.33,66,0.55,37,50,0.55,0.83,31,58,-8,63.35,2.06,0.4,0.43,21.47,82,5.36,7.85,0.55,0.55,0,0.55,4.54,5.09,0,25,0.14,11,0.83,16,63,20,19,61,19,14.3,12.62,0.9,95,-1.68,12.86,11.99
Brennan Camp,Dorking Wanderers FC,2774,Right Centre Back,Right Back,Scotland,25,185,0.19,0.19,0.17,0.15,1.17,17,56,1,,0.25,0.13,0.1,0.75,0.13,0.1,0.75,0,0,0,0.32,0.27,1.91,0.05,0.42,0.23,0.19,54,1.2,0,0.94,0.88,1.43,1.86,4.02,4.95,14.5,5.74,0.05,6.03,33.97,3.96,14.4,2.11,3.54,77,2.59,4.45,1.82,41,0.62,59,2.95,0.06,10.67,13.17,4.12,2.82,0.97,39.18,3.37,32,1.65,59,0.26,0,0,40.62,68,4.06,7,45,4.77,8.18,13,55,-13,43.98,5.19,0.45,0.58,27.7,96,5.18,6.88,1.07,0.88,0.19,0.16,2.79,3.67,0.03,36,0.52,32,0.36,45,47,7,39,46,15,23.29,18.84,0.92,97,-4.46,21.51,18.36
Brian Nelson,Slough Town FC,739,Left Defensive Midfielder,Right Defensive Midfielder,England,,,0,0,0.01,0.03,0.37,0,0,1,,0,0,0.08,0.49,0,0.08,0.49,0,0,0,0,0.09,0.85,-0.09,0.61,0.37,0.24,60,0.61,0,0.73,1.46,1.83,1.15,1.83,1.41,24.22,11.44,0.03,7.79,41.48,8.16,17.16,2.68,4.5,79,2.15,3.3,1.95,38,0.73,32,0.85,0,19.6,16.04,6.45,6.57,2.19,44.4,8.4,43,4.87,74,0.12,0,0,29.7,64,0.85,19,23,2.43,3.16,20,60,-3,48.8,1.83,0.23,0.26,17.89,95,4.18,4.99,0.73,0.73,0,0.12,0.49,1.22,0.24,17,0.12,25,0,36,57,7,34,63,2,20.96,17.48,0.88,85,-3.48,18.39,14.85
Brody Peart,Tonbridge Angels FC,1383,Right Wing,Right Attacking Midfielder,England,21,,0.33,0.33,0.15,0.09,1.76,19,48,3,,0.24,0.13,0.05,0.65,0.13,0.05,0.59,0,0,0.07,0.46,0.21,2.41,0.25,2.67,1.56,1.11,59,0.91,0,1.43,3.38,0.72,0.57,0.65,0.64,19.84,8.91,0.02,6.31,48.38,3.12,5.99,1.5,2.21,70,1.18,1.74,1.63,44,0.65,40,1.5,0,16.85,15.52,5.07,4.03,1.3,50.45,8.65,51,2.99,74,0.07,0,0.07,19.45,53,1.11,18,35,1.3,2.54,21,48,-5,61.85,2.47,0.27,0.38,19.39,85,7.14,5.2,0.78,0.78,0,0.2,1.89,2.67,0,58,0.65,27,0.33,25,59,16,25,57,18,20.76,20.95,0.91,83,0.19,18.94,17.29
Byron Wilson,Oxford City,346,Left Back,Right Centre Back,England,20,,0,0,0,,0,,,0,,0,0,0.01,0.26,0,0.01,0.26,0,0,0,0,0.01,0.26,-0.01,0.26,0.26,0,100,0.78,0,0.52,0.52,0.52,0.52,2.6,3.23,13.28,5.21,0.04,5.21,23.96,1.04,8.07,2.34,2.86,90,2.35,2.87,1.56,75,0.26,53,2.08,0,9.37,9.55,2.6,1.56,0.26,24.87,0.78,8,0.26,17,0.26,0,0.26,28.38,67,1.56,11,43,2.86,3.39,18,54,-13,44,1.82,0.19,0.2,21.61,98,3.06,3.12,0,0,0,0,0,0,0,,0,0,0,41,48,12,33,50,17,20.28,11.36,0.92,107,-8.92,18.6,12.11
C.Cook,Horsham FC,1613,Centre Attacking Midfielder,Right Centre Midfielder,England,26,182,0.22,0.22,0.33,0.17,1.95,11,46,3,,0.21,0.06,0.11,1.06,0.06,0.11,1.06,0,0,0,0.28,0.44,3.01,-0.17,1.73,0.89,0.84,52,1.79,0,2.68,3.46,0.95,0.87,1,0.96,29.02,13.5,0.01,9.32,50.14,6.08,10.27,3.07,4.02,73,2.96,3.83,2.06,20,1.12,43,2.46,0,23.88,23.12,6.7,6.42,1.84,51.64,11.83,50,4.52,70,0.39,0,0,27.73,67,1.79,17,51,1.62,2.9,27,65,-2,58.8,3.35,0.49,0.64,23.99,85,6.19,8.7,0.95,0.89,0.06,0.28,4.35,5.25,0.06,18,0.33,29,0.84,25,65,11,20,69,12,19.17,16.36,0.97,103,-2.81,18.68,16.91
Caden Kelly,South Shields,907,Left Midfielder,Left Wing,England,22,182,0.4,0.4,0.11,0.05,2.18,18,36,3,,0.18,0.1,0.15,1.49,0.1,0.08,1.09,0,0.06,0.4,0.5,0.25,3.67,0.24,2.58,1.49,1.09,58,0.6,0,2.28,3.37,0.6,0.96,0.69,1.06,13.89,6.45,0.01,3.87,50.24,2.68,5.46,1.49,2.08,68,2.41,3.37,0.69,33,0.69,38,0.3,0,11.71,18.68,2.98,3.18,1.09,53.41,7.04,60,2.78,88,0.1,0,0,27.48,65,3.18,12,44,1.39,6.55,17,71,6,61.17,3.27,0.27,0.36,28.38,86,7.13,8.73,1.59,0.79,0.79,0.3,2.78,3.57,0.1,19,0.5,20,0.69,11,66,23,16,52,32,23.57,18.82,0.87,92,-4.75,20.6,17.41
Cain Sykes,South Shields,2030,Right Back,Right Defensive Midfielder,England,23,178,0.04,0.04,0.02,0.06,0.35,13,63,0,,0.01,0.09,0.15,1.11,0.09,0.15,1.11,0,0,0,0.13,0.17,1.46,-0.04,0.31,0.22,0.09,71,0.44,0,0.67,0.44,0.71,1.09,2.84,4.33,8.69,3.5,0.03,4.17,34.16,3.5,8.69,1.15,1.86,76,1.75,2.84,0.44,54,0.35,53,1.55,0,7.1,10.96,2.88,2,0.58,39.05,2.04,29,0.98,49,0.09,0,0,58.49,84,4.04,10,63,3.55,5.68,13,67,-17,50.15,6.92,0.68,0.74,48.96,99,4.73,14.01,1.42,1.29,0.13,0.18,1.46,2.75,0.04,31,0.49,33,0.35,22,62,16,32,54,14,19.19,16.82,0.97,100,-2.37,18.52,16.74
Caine Bradbury,Chippenham Town,1796,Left Midfielder,Right Midfielder,England,25,175,0.15,0.15,0.13,0.1,1.35,11,48,1,,0.18,0.15,0.15,1.9,0.05,0.09,1.25,0.1,0.06,0.65,0.3,0.28,3.26,0.02,1.1,0.65,0.45,59,0.95,0,1.25,1.9,0.4,0.5,0.85,0.88,20.05,8.77,0.01,6.06,45.23,4.26,8.57,2.51,2.91,69,2.6,3.1,1,36,1.1,26,0.75,0.05,16.54,19.16,4.36,5.66,1.4,47.54,7.97,48,4.11,73,0.1,0,0,36.44,71,2.71,15,37,1.55,6.57,21,72,1,59.89,4.26,0.53,0.6,30.42,94,4.35,11.53,2.71,1.2,1.5,0.6,2.91,4.11,0.05,26,0.9,38,0.9,17,66,17,20,66,14,21.3,16.61,0.87,90,-4.69,18.46,14.87
Callum Adebiyi,Chesham United FC,2133,Left Centre Back,Left Back,England,32,191,0.17,0.17,0.09,0.1,0.89,19,33,0,,0.07,0,0.01,0.13,0,0.01,0.13,0,0,0,0.17,0.1,1.01,0.07,0.13,0.08,0.04,67,0.76,0,0.59,0.46,0.67,0.69,6.16,6.56,10.42,5.15,0.05,5.82,25.6,2.07,13.25,0.97,1.65,79,1.07,1.76,0.8,58,0.25,66,4.05,0,8.65,8.97,3.42,1.9,0.63,31.49,1.86,21,0.97,51,0.25,0,0.04,41.6,69,3.59,75,38,7.72,7.97,14,57,-12,37.35,4.13,0.34,0.37,28.52,98,5.02,4.39,0.34,0.25,0.08,0.08,2.28,2.53,0,0,0.04,13,0.21,44,53,3,48,47,5,24.6,25.56,0.87,84,0.96,21.36,21.52
Callum Dolan,Torquay United,855,Left Wing,Left Defensive Midfielder,England,25,,0.32,0.21,0.16,0.05,3.47,6,27,5,100,0.16,0.32,0.2,1.47,0.32,0.18,1.37,0,0.01,0.11,0.53,0.36,4.95,0.17,3.58,2.21,1.37,62,2.21,0.11,2.95,3.37,0.53,0.55,1.26,1.67,18.21,8.63,0.03,6,47.36,4.53,7.79,1.58,2.1,63,1.98,2.53,1.37,33,0.95,37,1.16,0.11,15.26,17.56,5.05,3.58,1.26,50.19,7.47,49,2.84,79,0.32,0,0,30.31,67,1.79,16,40,1.79,4,23,54,-13,60.85,3.68,0.39,0.56,34.62,86,7.54,10.52,1.37,1.05,0.32,0.32,3.79,4.84,0.11,46,0.84,24,0.11,23,62,15,23,61,16,20.52,17.95,0.9,96,-2.58,18.46,17.19
Callum Ebanks,Buxton,482,Centre Forward,Right Centre Forward,England,23,186,0,0,0.25,0.13,1.87,0,20,5,,0.14,0.19,0.15,0.93,0.19,0.15,0.93,0,0,0,0.19,0.39,2.8,-0.21,0.37,0,0.37,0,0.19,0,2.24,2.8,0.19,0.29,1.31,1.72,16.24,5.41,0,3.17,60.67,1.49,2.24,0.19,0.37,100,0.26,0.55,1.87,,0,52,2.61,0,14.18,18.62,2.99,3.73,1.49,65.01,11.57,82,3.73,100,0.19,0,0,13.25,63,0.37,19,29,2.05,0.56,47,60,-3,65.55,0.93,0.21,0.57,12.32,70,4.6,4.85,0,0,0,0.37,5.41,5.41,0,,0.37,40,0.75,13,68,19,12,69,19,18.11,15.43,0.97,98,-2.68,17.6,15.04
Callum Ebanks,Bedford Town,803,Right Centre Forward,Left Centre Forward,England,23,186,0.34,0.34,0.32,0.16,2.02,17,44,5,,0.24,0,0.02,0.78,0,0.02,0.78,0,0,0,0.34,0.34,2.8,-0.01,0.56,0.34,0.22,60,0.56,0,1.57,3.58,0.22,0.08,0.78,0.28,15.68,5.71,0.01,3.47,59.06,3.47,5.6,0.34,0.56,50,0.22,0.3,1.68,0,0.34,43,4.03,0,13.67,7.22,3.25,2.69,1.01,62.71,9.97,73,2.24,83,0.22,0,0,16.92,52,0.34,12,33,1.34,0.45,46,51,-1,67.18,1.79,0.14,0.42,14.23,76,5.93,5.27,0.56,0.56,0,0,4.59,5.15,0,0,0,0,0.67,23,68,9,15,72,13,16.24,16.98,0.96,98,0.74,15.55,16.6
Callum Edwards,Southport,989,Right Back,Left Midfielder,England,19,,0,0,0.04,0.05,0.91,0,50,1,,0.06,0,0.02,0.73,0,0.02,0.73,0,0,0,0,0.07,1.64,-0.07,0.91,0.36,0.55,40,0.18,0,1.09,1.46,0.18,0.25,4,4.25,12.92,5.19,0.02,5.19,30.23,2.37,10.47,2.09,2.28,64,2.08,2.33,0.46,33,1.18,59,0.91,0.09,10.37,12.35,3.64,2.37,0.55,34.53,2.64,25,1.09,46,0.18,0.09,0,37.04,67,2.64,8,27,5.37,8.37,15,62,-6,53.61,6.1,0.25,0.28,31.94,95,6.17,11.01,0.82,0.55,0.27,0.09,1,1.55,0,22,0.18,12,0.27,40,50,10,36,54,11,24.28,24.13,0.79,83,-0.14,19.19,20.13
Callum McFadzean,Radcliffe,1641,Left Centre Back,Left Wing Back,Scotland,32,181,0,0,0.01,0.07,0.16,0,33,0,,0.05,0.05,0.04,0.66,0.05,0.03,0.44,0,0.01,0.22,0.05,0.05,0.82,0,0.33,0.22,0.11,67,0.82,0.05,0.71,0.82,1.21,1.21,3.4,3.07,12.78,6.14,0.09,6.31,29.94,2.91,11.19,1.86,3.07,67,1.91,3.11,1.21,52,0.93,62,2.14,0,9.82,9.93,3.95,2.69,0.88,35.39,2.63,27,1.37,51,0.22,0,0,30.49,66,3.29,80,38,4.44,7.57,15,52,-13,49,4.22,0.23,0.25,21.22,96,5.04,5.98,0.77,0.44,0.33,0.16,0.82,1.26,0,21,0.16,20,0.22,44,52,5,50,43,6,25.23,21.93,0.85,100,-3.3,21.44,21.96
Callum McFarlane,Oxford City,336,Centre Attacking Midfielder,Centre Forward,England,22,185,0,0,0.24,0.13,1.88,0,29,3,,0.13,0,0.04,0.54,0,0.04,0.54,0,0,0,0,0.28,2.41,-0.28,1.34,1.07,0.27,80,0.54,0,0.27,2.95,0.27,0.23,0,0,27.89,7.24,0.03,6.17,60.85,1.61,4.02,1.07,1.34,67,0.97,1.2,1.07,0,0.54,41,5.63,0,26.28,26.96,5.63,8.85,2.68,62.58,19.04,72,7.51,85,0.27,0,0,28.43,66,0.8,38,100,0.27,0.54,38,65,-1,58.69,2.15,0.16,0.38,21.19,90,2.87,9.12,0.8,0.8,0,0.27,4.83,5.63,0,0,0,,0.27,17,57,26,12,50,38,14.51,13.78,1.05,115,-0.73,15.27,15.9
Callum Ryan-Phillips,Merthyr Town FC,3145,Left Centre Back,Right Centre Back,Wales,22,,0.03,0.03,0.02,0.09,0.17,17,17,0,,0,0,0.02,0.23,0,0.02,0.23,0,0,0,0.03,0.04,0.4,-0.01,0.31,0.29,0.03,91,1,0,0.31,0.17,0.57,0.79,5.21,6.53,8.87,3.78,0.08,5.01,21.67,1.06,10.79,1.06,1.63,70,1.37,2.16,0.57,36,0.46,53,2.35,0,7.24,9.32,2.95,1.66,0.57,27.6,0.89,12,0.37,22,0.09,0,0,54.89,89,2.66,15,57,5.55,4.32,12,71,-18,31,2.52,0.42,0.43,45.22,99,6.32,3.21,0.14,0.14,0,0.14,0.69,0.83,0,0,0,0,0.17,24,71,4,32,59,9,20.73,17.58,0.96,96,-3.16,19.93,16.91
Callum Tripp,Bedford Town,541,Right Back,Right Defensive Midfielder,England,19,190,0.17,0.17,0.03,0.07,0.5,33,33,1,,0.13,0.17,0.07,0.33,0.17,0.07,0.33,0,0,0,0.33,0.1,0.83,0.23,1,1,0,100,0.17,0,0.67,1,2.33,0.97,3,1.1,17.48,8.32,0.01,5.99,35.47,5.33,12.99,2.83,5.16,65,1.41,2.39,0.33,40,1.5,73,1.83,0,14.32,6.17,3.33,2.5,0.17,37.94,4.33,30,1.83,73,0,0,0,25.64,65,1,13,30,3.16,3.16,13,65,1,51.69,3,0.22,0.29,17.81,93,5.78,5.83,0.17,0.17,0,0.33,1,1.17,0.17,0,0.17,14,0.33,33,58,9,29,60,11,19.85,13.37,0.87,122,-6.48,17.21,16.3
Callum Wood,Weston-super-Mare AFC,1217,Left Centre Back,Left Back,Wales,23,,0,0,0.02,0.11,0.22,0,0,0,,0,0,0.01,0.22,0,0.01,0.22,0,0,0,0,0.04,0.44,-0.04,0.59,0.52,0.07,88,0.52,0,0.59,0.22,2.22,1.64,5.4,5.06,9.24,3.92,0.03,4.88,26.09,2,12.42,1.63,3.84,85,1.28,2.92,0.44,50,0.3,63,2.81,0.15,7.17,6.14,2.88,1.33,0.37,28.83,1.26,18,0.59,44,0.22,0.07,0,33.34,65,3.03,87,38,6.21,7.25,14,54,-11,42.02,3.77,0.28,0.31,22.25,99,6.26,4.29,0.07,0.07,0,0,0.37,0.44,0.22,100,0.07,11,0,44,50,6,45,43,12,25.35,21.74,0.84,95,-3.61,21.3,20.55
Callum Wood,Chippenham Town,675,Left Centre Back,Centre Back,Wales,23,,0.13,0.13,0.1,0.19,0.53,25,50,0,,0.13,0,0.08,0.4,0,0.08,0.4,0,0,0,0.13,0.18,0.93,-0.04,0.27,0.27,0,100,0.53,0,0.4,0,0.8,0.51,5.2,4.66,6.8,2.8,0.09,4.13,23.1,1.33,12.94,0.93,1.73,88,0.9,1.41,0.53,0,0.13,67,2.67,0.13,5.6,4.7,2.8,1.2,0.4,28.75,0.67,12,0.4,33,0.27,0,0,46.15,76,4.4,97,43,5.87,9.6,9,63,-14,34.81,3.73,0.39,0.4,35.34,100,5.96,3.47,0.4,0.27,0.13,0.13,1.07,1.33,0.13,0,0,,0.13,37,60,3,77,19,4,25.64,19.72,0.88,78,-5.92,22.52,15.32
Cameron Borthwick-Jackson,Macclesfield Town,403,Left Centre Back,Left Back,England,29,183,0,0,0.01,0.04,0.22,0,0,0,,0,0,0.01,0.67,0,0.01,0.67,0,0,0,0,0.02,0.89,-0.02,0.45,0.22,0.22,50,0,0,0.22,0.22,0.89,0.49,2.91,2.44,6.26,2.91,0.04,3.58,20.77,2.24,11.18,0.89,1.79,100,0.95,1.44,0.45,,0,57,2.91,0,5.14,6.07,2.01,1.12,0.22,25.63,0.45,9,0.22,20,0.22,0,0,33.75,79,5.36,85,60,3.13,8.72,12,86,7,42.67,3.58,0.64,0.64,22.8,98,5.43,4.92,0.67,0.67,0,0,0.45,1.12,0,33,0.45,40,0,30,68,3,9,86,5,26.35,17.13,0.91,93,-9.23,24.03,15.96
Cameron Salkeld,Spennymoor Town,813,Right Wing,Right Wing Back,England,27,183,0.22,0.22,0.19,0.11,1.66,13,33,2,,0.16,0.11,0.16,1.22,0.11,0.16,1.22,0,0,0,0.33,0.35,2.88,-0.01,0.89,0.55,0.33,63,1.11,0,1.55,2.1,0.22,0.19,0.44,0.41,23.24,12.28,0.01,8.08,42.51,2.32,4.98,2.21,2.43,71,1.85,2.04,0.77,11,0.89,23,0.55,0,20.25,16.61,5.86,4.32,1.55,43.86,8.08,40,2.99,69,0.33,0.11,0,24.79,70,1.33,34,43,0.89,2.66,20,65,-5,62.21,2.88,0.41,0.56,23.24,91,5.55,9.07,1.22,1.22,0,0.44,4.65,5.86,0.11,45,0.77,29,0.66,19,59,21,10,63,27,18.98,17.93,0.93,98,-1.05,17.7,17.57
Camron Gbadebo,Eastbourne Borough,1330,Right Centre Back,Centre Back,England,23,192,0,0,0.09,0.15,0.61,0,22,0,,0.04,0,0,0.14,0,0,0.14,0,0,0,0,0.09,0.74,-0.09,0.54,0.47,0.07,88,0.74,0,0.74,0.41,2.23,2.33,8.86,9.52,13.06,5.48,0.07,5.14,25.33,2.77,15.97,2.37,4.6,95,2.71,5.04,0.68,60,0.14,62,4.26,0,10.01,11.54,3.25,2.3,0.74,29.28,1.56,16,0.95,41,0.07,0,0,41.21,73,3.86,11,48,10.15,6.7,14,65,-8,38.3,2.84,0.19,0.3,28.62,98,5.16,3.72,0.2,0.2,0,0,1.35,1.56,0,67,0.14,29,0,36,60,4,53,44,4,25.31,24.23,0.93,91,-1.08,23.41,21.96
Camron Gbadebo,Salisbury,1609,Left Centre Back,Right Centre Back,England,23,192,0,0,0.02,0.04,0.62,0,27,0,,0.02,0,0.03,0.17,0,0.03,0.17,0,0,0,0,0.06,0.78,-0.06,0.39,0.34,0.06,86,1.06,0,0.62,0.22,1.01,1.09,7.94,8.23,9.01,4.2,0.07,5.15,22.91,2.35,14.54,0.95,1.96,89,1.22,2.3,0.9,75,0.11,68,4.03,0.11,7.16,7.79,3.69,1.73,1.06,28.55,0.9,13,0.34,19,0.11,0,0,44.53,78,3.52,13,46,9.57,6.04,14,56,-22,36.7,3.19,0.24,0.24,35.19,99,6.33,3.86,0.11,0.11,0,0.11,1.17,1.29,0.17,0,0.06,100,0.11,31,65,4,49,51,0,24.1,24.98,0.9,81,0.88,21.73,20.16
Canice Carroll,Chippenham Town,1470,Left Centre Back,Right Centre Back,Republic of Ireland,27,182,0.12,0.12,0.09,0.11,0.8,15,54,0,,0.13,0,0.01,0.24,0,0.01,0.24,0,0,0,0.12,0.1,1.04,0.02,0.55,0.55,0,100,1.59,0,0.61,0.49,0.55,0.67,3.98,4.4,10.66,5.02,0.05,5.94,28.55,2.2,13.78,1.78,2.33,81,2.16,2.84,0.92,42,0.43,54,2.14,0,7.96,9.71,3.61,1.96,0.73,35.65,2.08,26,0.98,50,0.24,0.06,0,48.38,80,5.08,15,53,4.9,8.63,11,57,-23,34.47,3.12,0.45,0.49,38.15,99,4.95,4.04,0.49,0.49,0,0,1.59,2.08,0,13,0.12,33,0,35,61,4,48,50,2,24.94,23.55,0.91,97,-1.38,22.62,22.73
Carl Mensah,Bedford Town,528,Right Centre Back,Centre Back,England,30,,0.34,0.34,0.1,0.09,1.19,29,29,0,,0.16,0.17,0,0.17,0.17,0,0.17,0,0,0,0.51,0.11,1.36,0.41,0.34,0.34,0,100,0.85,0.17,0.17,0.34,0.51,0.25,6.48,4.12,9.72,4.26,0.05,5.46,18.65,2.39,11.77,1.36,1.88,89,0.56,0.82,1.19,67,0.17,79,5.12,0,7.16,3.63,3.07,0.68,0.34,21.97,0.68,10,0.34,50,0.34,0.17,0,21.32,53,2.05,12,36,6.48,5.63,21,52,-1,35.85,1.02,0.23,0.24,10.75,97,4.12,1.19,0,0,0,0.34,2.56,2.56,0,,0,,0.34,38,61,2,43,57,0,27.01,17.84,0.9,91,-9.17,24.44,16.23
Cawley Cox,Merthyr Town FC,1703,Right Centre Forward,Left Centre Forward,England,21,,0.42,0.42,0.41,0.17,2.48,17,47,5,,0.48,0.21,0.14,1.06,0.21,0.14,1.06,0,0,0,0.63,0.55,3.54,0.08,2.01,0.9,1.11,45,0.74,0.05,1.64,3.75,0.21,0.29,0.85,1.08,21.77,7.45,0.01,5.71,62.04,3.01,4.49,0.74,0.95,50,0.86,1.16,0.79,13,0.74,27,0.74,0.05,20.24,24.85,5.02,6.02,1.27,64.55,14.58,72,4.91,82,0.16,0,0,16.27,69,0.58,23,42,1,1.22,25,72,3,59.41,1.53,0.61,0.86,18.07,84,5.01,5.18,0.58,0.58,0,0.32,4.65,5.23,0.11,27,0.32,29,0.58,15,68,17,15,72,12,17.13,15.17,0.94,100,-1.95,16.11,15.16
Cedric Julien Main,Darlington,2384,Left Centre Forward,Right Centre Forward,Suriname,28,180,0.53,0.45,0.42,0.14,2.98,15,43,6,100,0.47,0.19,0.2,1.74,0.19,0.2,1.74,0,0,0,0.64,0.62,4.72,0.02,1.06,0.75,0.3,71,1.02,0,2.04,3.4,0.15,0.14,0.04,0.05,14.42,3.62,0.01,3.28,66.19,2.53,3.66,0.57,0.72,79,0.57,0.72,0.87,33,0.15,39,1.74,0,12.98,12.77,2.98,4.34,1.21,66.52,10.12,78,3.74,86,0.04,0,0,18.87,68,0.98,18,53,0.6,1.28,34,67,0,67.6,1.7,0.55,0.98,20.19,86,6.11,8.15,1.09,1.09,0,0.6,7.25,8.34,0.11,28,0.68,46,1.47,14,69,17,13,70,18,17.2,14.9,0.96,97,-2.3,16.45,14.47
Cedwyn Scott,South Shields,2438,Left Centre Forward,Centre Forward,England,27,178,0.59,0.59,0.45,0.17,2.62,23,39,5,,0.51,0.18,0.19,1.22,0.18,0.19,1.18,0,0,0.04,0.78,0.64,3.84,0.14,1.59,1.03,0.55,65,2.22,0,1.74,2.07,0.22,0.29,0.15,0.24,10.63,4.39,0.01,3.29,63.34,2.47,3.99,0.41,0.63,69,0.63,0.92,0.44,20,0.18,27,0.33,0,9.82,14.9,2.95,2.81,1.07,64.9,7.79,79,2.36,84,0.07,0,0,20.12,70,1.4,15,52,0.74,2.1,22,66,-3,59.02,3.47,0.52,0.98,21.89,92,5.4,7.16,0.85,0.81,0.04,0.41,5.69,6.5,0.26,17,0.15,22,0.7,24,60,16,27,59,13,18.99,17.81,0.96,98,-1.17,18.25,17.41
Chae Whitman-Brown,Worksop Town FC,678,Right Wing,Right Midfielder,England,,,0,0,0.11,0.11,1.06,0,50,3,,0.03,0.13,0.11,1.19,0.13,0.11,1.06,0,0,0.13,0.13,0.22,2.26,-0.09,0.66,0.27,0.4,40,0.53,0,2.65,2.79,0.27,0.16,0,0,16.32,6.5,0,5.84,58.39,3.85,6.1,1.33,1.59,59,1.33,1.5,0.66,13,0.93,21,0.53,0,14.33,13.51,4.64,3.58,1.06,59.41,9.02,63,3.18,89,0.27,0,0,18.18,58,1.33,13,53,0.66,1.86,30,58,0,67,2.12,0.29,0.42,15.39,83,7.91,6.77,1.33,1.19,0.13,0.27,3.18,4.38,0,60,1.19,35,0.66,18,61,21,12,63,25,20.78,18.39,0.97,118,-2.39,20.1,21.63
Charlee Adams,Chelmsford City,606,Right Defensive Midfielder,Left Defensive Midfielder,England,31,181,0,0,0.03,0.05,0.59,0,50,1,,0.02,0,0.04,1.04,0,0.02,0.59,0,0.02,0.45,0,0.06,1.63,-0.06,0.3,0.3,0,100,0.3,0,0.59,1.04,1.04,0.81,2.23,1.86,9.36,4.01,0.05,4.76,34.26,9.07,16.05,1.78,2.82,75,2.09,2.9,0.45,60,0.59,58,2.23,0,7.13,7.73,2.97,2.82,0.89,40.44,2.08,29,1.49,53,0.15,0,0,35.67,63,4.46,12,45,3.12,9.07,18,58,-5,49.66,5.35,0.31,0.32,22.15,95,4.38,6.99,0.74,0.15,0.59,0,0,0.15,0,20,0.3,20,0,36,57,7,47,49,4,25.34,19.74,0.9,96,-5.6,22.9,19.03
Charlee Adams,AFC Hornchurch,361,Centre Defensive Midfielder,Right Defensive Midfielder,England,31,181,0,0,0.06,0.04,1.5,0,50,2,,0.12,0,0.14,1.99,0,0.05,1.25,0,0.09,0.75,0,0.2,3.49,-0.2,0.25,0.25,0,100,0.5,0,0.5,0.5,1.5,1.06,2.49,1.87,9.72,4.99,0.02,2.99,36.1,8.23,13.21,0.75,2.24,33,0.37,1.43,1,0,1.5,67,1,0,7.98,6.69,2.24,2.24,1.25,42.94,2.49,31,1.25,56,0,0,0,29.67,56,4.49,8,39,3.74,10.22,14,57,1,53.47,5.48,0.39,0.46,18.45,96,4.17,7.98,1.25,0.5,0.75,0.25,1.5,1.99,0,20,0.75,43,0,39,50,10,41,56,3,28.35,27.4,0.89,83,-0.95,25.13,22.73
Charlie Carter,Dorking Wanderers FC,1288,Left Centre Midfielder,Left Defensive Midfielder,England,29,188,0.49,0.49,0.32,0.12,2.8,18,45,3,,0.5,0.07,0.05,0.56,0.07,0.05,0.56,0,0,0,0.56,0.38,3.35,0.18,2.31,1.12,1.19,48,1.12,0,2.45,3.28,0.49,0.67,1.75,2.49,16.56,6.22,0.02,5.94,51.72,4.82,7.9,1.33,1.82,66,1.79,2.46,1.54,43,0.7,55,2.52,0,13.7,18.84,4.54,4.82,2.31,56.38,8.11,59,3.77,78,0.21,0,0,31.45,72,2.45,9,65,2.31,3.21,22,67,-5,55.15,4.47,0.56,0.77,29.14,88,6.93,9.57,0.7,0.7,0,0.49,4.96,5.66,0,10,0.14,18,0.42,24,63,13,23,68,9,19.27,16.75,1,104,-2.52,19.3,17.44
Charlie Cooper,Hereford FC,333,Left Defensive Midfielder,Right Defensive Midfielder,England,29,175,0,0,0.05,0.02,2.16,0,0,1,,0,0,0.01,0.81,0,0.01,0.81,0,0,0,0,0.06,2.98,-0.06,0.27,0.27,0,100,2.16,0,1.89,0.54,0.27,0.09,0.54,0.17,17.32,9.2,0.05,6.49,42.77,8.12,13.26,1.35,1.62,63,0.88,0.96,1.08,33,0.81,0,0,0,14.88,9.34,4.6,3.79,1.35,42.76,5.14,35,1.08,29,0,0,0,41.12,77,2.16,7,28,1.08,7.3,20,82,5,46.63,4.6,0.19,0.2,31.38,96,4.48,6.22,0.27,0.27,0,0,0.27,0.54,0,0,0,0,0,26,63,11,39,52,9,22.26,16.77,0.84,97,-5.49,18.75,16.18
Charlie Cooper,Kidderminster Harriers,933,Left Defensive Midfielder,Centre Defensive Midfielder,England,29,175,0.19,0.19,0.04,0.03,1.25,15,15,1,,0.12,0,0.02,0.68,0,0.02,0.68,0,0,0,0.19,0.06,1.93,0.13,0.19,0.19,0,100,1.83,0,0.68,0.1,1.16,1.52,2.22,3.47,15.34,6.08,0.06,6.46,39.21,6.75,14.47,1.64,2.8,74,2.35,3.87,1.64,44,0.58,58,1.83,0,12.06,15.87,4.92,4.73,2.03,43.97,4.82,40,2.51,53,0.29,0,0,43.81,74,5.79,9,54,3.76,9.26,17,67,-8,47.87,4.92,0.44,0.45,31.74,99,4.24,8.49,0.58,0.58,0,0.1,0.48,1.06,0.1,0,0,0,0.29,25,67,8,24,70,6,24.55,21.04,0.9,83,-3.51,22.18,17.38
Charlie Cummins,Weston-super-Mare AFC,1465,Right Defensive Midfielder,Centre Defensive Midfielder,Republic of Ireland,20,188,0.12,0.12,0.16,0.13,1.23,10,40,2,,0.18,0,0.13,1.29,0,0.13,1.29,0,0,0,0.12,0.29,2.52,-0.17,1.11,0.74,0.37,67,1.35,0,1.41,1.23,0.49,0.42,1.41,1.43,26.66,11.86,0.02,8.48,44.5,6.51,12.29,2.95,3.44,74,2.67,3.09,1.54,42,1.04,54,1.84,0,22.24,19.51,6.57,6.39,2.21,46.8,9.15,41,4.24,66,0.18,0,0,36.13,74,1.78,15,45,2.52,2.89,26,72,-2,54.7,4.18,0.36,0.49,29,95,6.01,9.03,0.49,0.49,0,0.18,2.09,2.58,0.06,25,0.12,29,0.43,23,63,14,20,67,12,19.02,18.28,0.93,91,-0.74,17.78,16.64
Charlie Hickingbottom,Peterborough Sports FC,1193,Left Centre Back,Right Centre Back,England,21,,0,0,0.03,0.08,0.38,0,20,0,,0.02,0,0.04,0.23,0,0.04,0.23,0,0,0,0,0.07,0.6,-0.07,0.15,0.08,0.08,50,0.98,0,0.15,0.38,1.06,0.84,7.09,7.47,12.83,6.94,0.08,5.66,28.18,3.77,15.47,1.74,2.79,68,1.98,2.83,1.51,56,0.83,63,4.15,0,9.58,9.66,3.17,2.49,0.75,37.42,2.49,26,1.13,45,0.08,0,0,38.57,69,4.75,13,49,8,8.83,16,51,-18,39.07,3.17,0.48,0.52,24.45,99,5.51,4.15,0.45,0.38,0.08,0.08,1.13,1.51,0,17,0.08,33,0.38,31,64,5,27,69,4,26.63,23.7,0.91,97,-2.94,24.12,22.99
Charlie Jolley,Fylde,730,Centre Forward,Centre Attacking Midfielder,England,25,180,0.12,0.12,0.27,0.11,2.47,5,30,6,,0.27,0,0,0.12,0,0,0.12,0,0,0,0.12,0.27,2.59,-0.15,0.62,0.49,0.12,80,2.84,0,1.11,2.84,0.25,0.41,0.49,0.6,20.6,6.17,0,5.43,68.13,1.73,3.08,0.49,0.74,80,0.55,0.96,1.6,50,0.12,39,1.85,0,18.62,26.58,5.3,5.18,1.73,69.34,15.54,83,4.69,90,0.12,0,0.12,14.31,65,0.25,59,40,0.86,0.25,33,67,3,65.07,0.99,0.19,0.41,14.06,84,4.8,5.06,0.12,0.12,0,0.25,5.67,5.8,0,0,0.12,50,0.74,14,58,28,7,61,32,12.96,12.91,1.04,104,-0.05,13.46,13.42
Charlie Jolley,Marine,1171,Right Midfielder,Centre Forward,England,25,180,0.38,0.38,0.26,0.13,2,19,50,6,,0.33,0,0.11,0.62,0,0.11,0.62,0,0,0,0.38,0.37,2.61,0.02,1.08,0.69,0.38,64,1.61,0.08,2.69,3.77,0.23,0.12,0.92,0.7,15.3,6.23,0.01,5.77,52.03,3.61,6.07,0.77,1,63,0.58,0.7,1,33,0.46,30,1.38,0,13.61,10.55,4.69,3.69,1.46,56.97,8.23,60,3.23,88,0.15,0,0,16.3,50,0.77,76,29,1.31,2.31,29,43,-7,63.21,1.38,0.32,0.57,15.22,77,6.49,4.77,0.62,0.62,0,0.31,3.38,4,0.08,38,0.23,14,0.46,25,64,11,16,69,15,19.55,17.55,0.9,94,-2,17.55,16.48
Charlie Lennon,Darlington,1199,Left Wing Back,Left Midfielder,England,20,,0.15,0.15,0.22,0.11,2.03,7,41,3,,0.2,0.53,0.26,2.4,0.45,0.21,2.03,0.08,0.05,0.38,0.68,0.48,4.43,0.19,3.75,1.88,1.88,50,1.35,0,3.45,4.5,0.38,0.31,0.9,0.88,16.43,6.3,0,4.8,47.05,3.6,7.35,1.88,2.25,74,1.74,2.04,0.45,47,0.68,29,0.53,0,14.11,12.88,4.13,3.53,0.75,48.68,6.53,46,2.78,79,0,0,0,23.41,60,0.98,22,25,1.5,3.38,25,58,-2,64.5,3.83,0.49,0.69,29.64,81,9.35,8.33,2.7,2.18,0.53,0.6,3.6,5.78,0.08,36,1.2,31,0.83,21,64,15,19,61,20,20.11,17.66,0.86,89,-2.44,17.38,15.71
Charlie Osborne,AFC Totton,784,Left Centre Midfielder,Left Defensive Midfielder,England,20,178,0,0,0.03,0.04,0.69,0,50,1,,0.03,0.34,0.06,0.57,0.34,0.06,0.57,0,0,0,0.34,0.09,1.26,0.26,0.46,0.46,0,100,0.57,0,1.61,1.49,0.46,0.44,1.26,1.04,23.64,10.44,0.03,8.84,43.54,5.16,11.02,2.18,2.64,76,2.02,2.46,0.92,44,0.69,57,1.49,0,20.54,18.76,6.77,6.2,2.41,46.53,9.18,45,4.25,69,0.11,0,0.11,28.92,83,1.95,14,52,1.61,3.44,18,84,0,51.01,3.67,0.36,0.39,23.3,93,5.33,7.46,0.34,0.34,0,0,0.46,0.8,0.11,0,0,0,0,23,65,12,31,57,12,20.76,17.57,0.91,99,-3.19,18.95,17.43
Charlie Pegrum,AFC Hornchurch,1770,Right Wing,Left Wing,England,21,170,0.05,0.05,0.11,0.09,1.17,4,22,2,,0.11,0.05,0.09,1.32,0.05,0.09,1.32,0,0,0,0.1,0.2,2.49,-0.1,1.58,0.92,0.66,58,1.47,0,2.14,2.44,1.22,0.93,1.12,1.05,19.53,8.14,0.02,5.54,48.26,6.51,11.44,2.03,3.26,75,1.68,2.61,0.56,50,0.66,28,0.66,0.05,16.94,14.2,3.97,5.19,1.17,50.18,9.26,55,4.22,81,0,0,0,33.31,68,1.17,12,36,1.58,2.8,23,70,2,60.93,3.51,0.53,0.63,28.68,91,6.17,10.93,1.22,1.22,0,0.41,3.46,4.68,0.05,21,0.41,27,0.81,20,65,15,18,66,16,18.67,16.36,0.92,99,-2.31,17.13,16.23
Charlie Rowan,Hemel Hempstead Town,1206,Centre Back,Right Centre Back,England,28,192,0.07,0.07,0.06,0.1,0.67,11,22,1,,0.05,0,0.01,0.07,0,0,0,0,0.01,0.07,0.07,0.07,0.75,0,0.22,0.07,0.15,33,0.6,0,0.22,0.67,0.52,0.55,5,5.09,15.68,7.61,0.1,6.42,31.3,4.26,16.05,1.72,2.24,82,1.55,2.1,1.87,58,0.37,59,4.7,0.07,12.09,11.51,4.78,3.96,1.64,34.92,3.28,27,1.87,47,0.22,0,0,28.82,59,2.09,9,35,5.82,5.08,18,38,-21,42,2.69,0.17,0.18,15.45,96,4.96,3.36,0.22,0.22,0,0.07,1.64,1.87,0,0,0,,0.15,42,53,5,49,44,7,25.32,20.99,0.89,79,-4.33,22.58,16.53
Charlie Ruff,AFC Hornchurch,801,Centre Attacking Midfielder,Centre Forward,England,26,171,0.22,0.22,0.34,0.16,2.13,11,47,2,,0.35,0.34,0.31,1.91,0.34,0.31,1.91,0,0,0,0.56,0.65,4.04,-0.09,1.8,1.24,0.56,69,1.46,0,2.58,3.71,0.56,0.62,0.67,0.7,17.07,6.4,0.02,6.51,52.11,4.83,7.08,1.01,1.57,75,1.16,1.78,0.79,57,0.34,28,0.79,0,15.27,16.3,5.62,4.6,2.02,53.91,8.76,57,3.48,76,0.11,0,0,28.3,72,2.36,6,57,1.46,3.37,22,82,10,59.66,3.93,0.87,1.25,27.63,84,5.06,9.77,1.46,1.46,0,0.67,4.16,5.62,0.34,0,0.34,50,1.12,22,61,17,20,72,8,19.17,17.12,0.95,97,-2.05,18.13,16.55
Charlie Sayers,Hampton & Richmond,2471,Left Centre Back,Left Back,England,22,183,0.04,0.04,0.02,0.05,0.44,8,33,0,,0.02,0,0.01,0.22,0,0.01,0.18,0,0,0.04,0.04,0.04,0.66,0,0.04,0.04,0,100,0.55,0,0.4,0.33,1.06,0.73,4.04,3.14,14.75,6.48,0.05,6.01,31.25,2.55,10.6,1.42,2.48,70,1.19,1.91,1.24,35,0.62,50,1.89,0,12.16,9.91,3.97,3.24,1.27,35.37,3.46,28,1.97,61,0.22,0,0,32.45,64,3.31,85,36,4.84,8.3,14,47,-17,42.83,4.52,0.17,0.19,24.33,98,4.97,4.84,0.51,0.51,0,0,0.62,1.13,0.04,36,0.18,16,0.11,45,49,5,44,47,8,25.71,20.61,0.85,84,-5.09,21.77,17.29
Charlie Seaman,Ebbsfleet United,2858,Right Wing Back,Right Back,England,26,173,0.06,0.06,0.06,0.04,1.29,5,24,1,,0.04,0.19,0.2,1.64,0.16,0.16,1.13,0.03,0.04,0.5,0.25,0.26,2.93,0,1.61,0.82,0.79,51,0.47,0,1.98,1.83,0.54,0.66,1.89,2.12,11.93,4.31,0.01,4.22,41.9,4.22,9.35,1.2,1.73,75,1.42,2.08,0.72,35,0.41,59,1.64,0,10.01,11.76,3.02,3.43,1.1,49.23,4.82,48,2.71,79,0.06,0,0,39.39,63,3.81,13,35,2.96,9.67,13,53,-10,62.79,4.12,0.44,0.55,33.09,93,5.14,13.22,3.43,2.11,1.32,0.19,1.86,3.97,0.13,30,1.29,33,0.44,28,58,14,23,58,19,22.32,19.64,0.86,89,-2.69,19.15,17.41
Charlie Weston,Curzon Ashton FC,2411,Left Defensive Midfielder,Centre Defensive Midfielder,England,21,173,0.07,0.07,0.08,0.08,1.12,7,30,1,,0.1,0.11,0.14,1.16,0.11,0.1,0.71,0,0.04,0.45,0.19,0.22,2.28,-0.03,0.49,0.41,0.07,85,1.01,0,1.05,0.86,1.08,0.94,2.31,1.94,20.12,9.82,0.03,6.76,39.67,6.42,12.66,1.9,2.99,74,1.48,2.42,0.9,47,0.67,45,1.27,0,17.32,13.04,5.3,4.82,1.53,42.54,6.16,36,2.73,57,0.15,0,0,35.24,67,4.37,14,46,3.92,7.84,20,69,2,52.47,5.67,0.45,0.54,25.98,96,4.04,9.41,1.72,0.97,0.75,0.15,1.34,2.31,0.26,9,0.26,33,0.22,29,65,7,28,69,3,25.09,22.81,0.9,94,-2.29,22.54,21.42
Charlie Wiggett,Oxford City,2860,Right Centre Back,Centre Back,England,23,177,0,0,0.02,0.09,0.19,0,33,0,,0.02,0,0,0.13,0,0,0.13,0,0,0,0,0.02,0.31,-0.02,0.09,0.09,0,100,0.28,0,0.22,0.06,0.79,0.54,6.89,5.39,8.15,4.06,0.06,5.26,21.59,0.82,9.69,1.13,1.92,69,0.9,1.44,0.6,29,0.5,54,3.12,0.03,6.42,5.39,2.93,1.48,0.6,25.52,0.57,9,0.31,21,0.03,0,0,36.79,77,4.31,5,44,8.12,8.62,16,65,-12,31.14,2.01,0.2,0.2,28.86,99,5.19,2.05,0.16,0.13,0.03,0.06,0.57,0.69,0.06,0,0,,0.06,35,63,3,65,35,0,27.51,25.75,0.84,77,-1.76,23.04,19.83
Charlie Williams,AFC Telford United,1192,Left Wing,Right Wing,England,21,173,0.08,0.08,0.12,0.07,1.89,4,48,3,,0.1,0.3,0.23,1.59,0.3,0.23,1.59,0,0,0,0.38,0.36,3.47,0.02,1.21,0.53,0.68,44,1.66,0.08,2.49,2.26,1.21,1.44,0.75,0.85,15.17,7.02,0.01,4.76,55.24,3.4,6.72,1.06,2.26,74,1.04,2.48,0.91,20,0.38,23,0.68,0,13.21,13.78,3.7,3.7,0.98,57.27,7.93,60,3.17,86,0.23,0,0,25.67,76,1.06,15,47,0.91,2.11,22,71,-6,60.24,3.17,0.37,0.58,26.65,90,7.26,8.76,0.91,0.91,0,0.38,3.4,4.3,0.23,42,0.75,31,0.98,14,62,24,18,60,22,18.26,13.44,0.95,106,-4.82,17.29,14.25
Chibuike Udogu Ezennolim,Curzon Ashton FC,1986,Left Wing Back,Left Back,England,24,183,0.05,0.05,0.05,0.15,0.36,13,25,1,,0.03,0,0.04,0.68,0,0.03,0.63,0,0.01,0.05,0.05,0.09,1.04,-0.05,0.95,0.45,0.5,48,0.86,0,1.18,1.5,0.73,0.52,3.13,2.47,16.14,6.39,0.02,6.8,31.23,3.31,9.65,2.4,3.13,74,2.1,2.61,0.77,44,0.86,52,1.63,0,13.01,10.29,4.31,2.63,0.91,35.39,3.4,26,1.81,69,0.09,0,0,27.29,61,1.95,71,30,4.35,5.26,18,58,-3,54.85,3.26,0.24,0.31,22.26,90,5.8,7.21,0.63,0.36,0.27,0.32,1.36,1.72,0,14,0.23,14,0.5,37,47,15,25,46,29,22.78,23.03,0.82,81,0.25,18.66,18.57
Chris Francis,Oxford City,791,Left Centre Back,,England,23,,0,0,0,0.04,0.11,0,0,0,,0,0,0.03,0.11,0,0.03,0.11,0,0,0,0,0.03,0.23,-0.03,0.11,0.11,0,100,0.8,0,0.34,0.11,0.34,0.35,5.58,5.51,8.54,3.64,0.05,5.92,20.75,0.8,11.38,0.91,1.25,80,1.02,1.37,0.46,33,0.23,58,1.25,0.11,7.17,7.73,3.41,0.68,0.34,28,1.02,14,0.11,17,0,0,0,47.23,80,5.12,74,55,7.74,7.17,13,67,-14,31.39,1.71,0.21,0.24,40.4,99,4.91,2.39,0.23,0.23,0,0.11,0.68,0.91,0,0,0,,0.34,35,61,4,52,38,10,24.85,28.82,0.9,80,3.98,22.45,22.98
Chris Merrie,Fylde,2013,Left Defensive Midfielder,Centre Defensive Midfielder,England,27,181,0,0,0.03,0.05,0.67,0,33,0,,0.05,0.09,0.14,1.25,0.09,0.12,0.98,0,0.02,0.27,0.09,0.17,1.92,-0.08,0.63,0.4,0.22,64,1.61,0.04,0.94,0.63,0.85,1.23,1.7,2.42,15.6,7.42,0.04,6.39,37.91,5.19,11.58,1.16,2.01,70,1.71,2.94,0.67,31,0.49,65,1.52,0.04,13.77,19.93,4.47,3.93,1.3,40.61,4.34,31,2.06,52,0.04,0,0,62.54,87,3.22,70,63,2.46,4.38,18,82,-6,49.92,6.08,0.65,0.73,50.74,99,3.63,15.02,1.21,0.8,0.4,0.18,0.85,1.65,0.04,19,0.27,46,0.31,23,68,9,26,68,5,17.92,16.62,0.96,97,-1.3,17.18,16.15
Chris Stokes,Curzon Ashton FC,822,Centre Back,Left Centre Back,England,35,185,0,0,0.04,0.06,0.66,0,17,0,,0.05,0,0.01,0.11,0,0.01,0.11,0,0,0,0,0.05,0.77,-0.05,0,0,0,,0.88,0,0.33,0.11,0.66,0.55,5.47,4.46,8.54,3.5,0.07,4.71,24.5,2.85,15.21,0.98,1.64,100,0.94,1.49,0.77,100,0,62,3.61,0.11,6.78,5.83,2.52,1.53,0.55,33.64,1.2,18,0.77,50,0.44,0,0,45.96,78,3.39,82,48,6.35,6.24,11,47,-32,34.46,2.41,0.48,0.53,31.19,99,6.2,3.17,0.22,0.22,0,0,1.42,1.64,0.11,0,0,0,0,32,64,4,41,55,3,23.31,21.96,0.92,82,-1.35,21.49,17.96
Chris Sze,Southport,906,Centre Forward,Centre Attacking Midfielder,England,22,185,0.6,0.3,0.34,0.12,2.78,11,57,6,100,0.51,0,0.09,0.79,0,0.09,0.79,0,0,0,0.3,0.43,3.58,-0.13,1.79,1.19,0.6,67,2.19,0.2,2.48,3.18,0.1,0.12,0.1,0.12,19.37,5.76,0,4.57,65.12,3.08,5.07,0.7,0.79,64,0.77,0.89,1.79,20,0.4,20,0.99,0,16.89,20.25,4.27,4.17,1.59,65.33,13.31,79,3.48,83,0.1,0,0,14.7,57,0.5,12,45,0.3,0.89,26,40,-18,59.19,2.09,0.27,0.5,15,80,5.1,3.68,0.79,0.6,0.2,0.2,4.87,5.46,0,0,0,0,0.3,16,61,23,11,68,22,16.11,11.9,0.99,116,-4.21,15.9,13.77
Christian Maghoma,Dagenham & Redbridge,2003,Centre Back,Left Centre Back,DR Congo,28,195,0,0,0.05,0.1,0.45,0,20,0,,0.02,0,0.01,0.09,0,0.01,0.09,0,0,0,0,0.05,0.54,-0.05,0.31,0.31,0,100,0.54,0,0.18,0.13,0.63,0.59,5.44,4.71,10.52,4.45,0.08,5.21,24.28,1.57,12.22,1.48,2.11,89,1.4,1.99,0.54,73,0.18,67,2.97,0,8.49,8.1,3.19,1.8,0.63,29.53,1.03,12,0.49,28,0.09,0,0.04,32.22,78,3.24,10,55,6.38,4.99,15,58,-20,32.98,1.39,0.27,0.27,21.97,99,5.42,1.84,0.13,0.13,0,0.09,1.57,1.71,0,0,0,,0.18,30,66,4,27,66,7,24.18,24.14,0.92,89,-0.04,22.17,21.57
Christian N'Guessan,Dagenham & Redbridge,1694,Left Defensive Midfielder,Right Defensive Midfielder,England,27,186,0,0,0.01,0.09,0.16,0,0,0,,0,0,0.05,0.43,0,0.05,0.43,0,0,0,0,0.07,0.58,-0.07,0.8,0.48,0.32,60,1.01,0,1.28,1.22,0.8,0.57,1.91,1.51,13.81,5.58,0.01,4.46,38.86,6.43,13.18,1.17,1.97,92,0.91,1.48,0.85,86,0.11,65,2.28,0.05,11.85,9.16,3.45,2.92,0.69,42.45,4.36,37,1.81,62,0.16,0,0,34.54,76,2.34,19,59,2.44,3.4,22,73,-3,48.8,3.67,0.33,0.37,25.03,93,5.08,7.33,0.48,0.32,0.16,0.16,0.53,0.85,0.11,0,0.05,20,0.16,24,67,9,25,68,7,19.51,17,0.97,103,-2.51,18.87,17.58
Christie Ward,AFC Totton,2111,Left Centre Midfielder,Right Defensive Midfielder,England,22,,0.13,0.13,0.15,0.09,1.71,8,38,2,,0.18,0,0.05,0.72,0,0.05,0.72,0,0,0,0.13,0.19,2.43,-0.06,0.85,0.55,0.3,65,1.28,0,1.28,1.19,0.47,0.43,1.75,1.92,15.43,5.75,0.01,5.71,45.21,6.01,10.61,1.32,1.79,76,1.41,1.85,0.85,9,0.43,55,1.49,0,13.26,13.05,4.39,4.73,1.83,48.12,6.48,49,3.54,75,0.04,0,0,31.12,72,2.17,13,50,2.64,3.45,25,67,-5,55.92,2.94,0.45,0.54,23.66,94,5.55,9.12,0.47,0.47,0,0.21,2.26,2.73,0.04,9,0.04,10,0.43,22,59,20,22,60,18,20.2,18.82,0.97,98,-1.38,19.62,18.47
Christos Batzelis,AFC Totton,2229,Left Back,Left Wing Back,Greece,21,180,0.04,0.04,0.01,0.04,0.24,17,33,0,,0.02,0,0.07,0.77,0,0.06,0.65,0,0.01,0.12,0.04,0.08,1.01,-0.04,1.45,1.13,0.32,78,1.13,0,1.78,0.93,1.45,1.72,2.5,3.01,17.6,8.24,0,5.65,33.08,3.19,8.6,2.26,3.71,69,2.33,4.05,0.81,36,1.01,33,0.73,0,14.54,14.8,4.2,2.87,0.73,35.87,3.59,25,1.33,46,0.08,0,0,29.35,69,2.3,75,40,3.31,4.89,15,58,-11,51.57,3.84,0.25,0.3,25.88,94,7.33,6.3,1.05,0.81,0.24,0.2,0.77,1.57,0.04,31,0.48,25,0.28,30,55,15,26,57,17,21.82,20.69,0.9,91,-1.13,19.57,18.86
Cian Dillon,Enfield Town FC,496,Centre Forward,Right Centre Forward,Republic of Ireland,20,,0.18,0.18,0.15,0.12,1.27,14,57,3,,0.28,0.73,0.3,1.63,0.73,0.3,1.63,0,0,0,0.91,0.45,2.91,0.46,1.09,0.36,0.73,33,0.73,0,1.45,4.36,0.18,0.12,0.73,0.53,18.34,3.63,0,3.45,62.71,4.18,5.81,0,0.18,0,0,0.12,1.09,0,0.18,14,1.27,0,17.25,12.39,3.27,5.63,1.09,64.98,13.62,79,5.27,94,0,0,0,17.61,66,0.18,14,20,0.73,0.91,32,50,-16,63.01,2,0.34,0.74,16.89,78,6.84,6.72,1.09,1.09,0,0.36,3.81,4.9,0,33,0.36,67,0.73,20,58,22,11,59,30,15.73,10.73,0.99,115,-5,15.5,12.3
Cian Eric Coleman,Buxton,977,Centre Attacking Midfielder,Right Centre Midfielder,Republic of Ireland,21,177,0.37,0.37,0.13,0.09,1.47,25,44,3,,0.27,0.28,0.08,0.92,0.28,0.08,0.92,0,0,0,0.64,0.22,2.4,0.43,1.01,0.64,0.37,64,1.47,0,1.57,1.57,0.37,0.41,0.64,0.83,16.4,6.26,0.01,4.97,50.14,4.88,7.46,1.29,1.66,61,1.42,1.83,0.83,18,0.83,17,0.46,0,14.28,16.5,4.05,5.25,1.29,51.56,7.55,53,3.68,70,0.09,0,0,26.07,79,1.47,19,64,0.92,2.03,30,82,4,58.71,3.13,0.29,0.47,23.12,95,4.9,10.13,1.2,1.11,0.09,0.28,3.87,4.97,0,8,0.09,17,0.83,20,62,18,16,68,15,17.38,14.36,0.96,97,-3.02,16.72,13.93
Claude Kayibanda,Bedford Town,457,Right Defensive Midfielder,Right Centre Midfielder,Rwanda,20,,0,0,0,0.02,0.2,0,0,0,,0,0,0.03,0.39,0,0.03,0.39,0,0,0,0,0.04,0.59,-0.04,0.79,0.79,0,100,0.79,0,0.99,0.99,1.58,1.19,3.15,2.38,22.66,12.02,0,6.5,36.75,3.74,10.24,2.96,4.53,63,1.73,2.92,2.56,0,1.77,63,0.99,0,17.14,9.66,3.94,4.73,1.38,41.39,4.73,28,2.36,50,0.2,0,0,25.61,59,1.58,35,33,3.55,4.33,17,57,-3,46.74,2.36,0.04,0.07,17.73,91,6.59,4.53,0.2,0.2,0,0,0.2,0.39,0,0,0,0,0,41,52,7,39,52,9,22.29,20.49,0.88,99,-1.81,19.61,20.21
Cody Cooke,Torquay United,1333,Centre Forward,Left Centre Forward,England,33,185,0.34,0.2,0.36,0.28,1.28,16,32,3,100,0.11,0.2,0.1,0.74,0.2,0.1,0.74,0,0,0,0.41,0.46,2.03,-0.06,0.2,0.14,0.07,67,1.42,0,1.49,2.23,0.2,0.14,0.27,0.34,13.91,3.92,0,2.84,65.36,1.69,2.84,0.47,0.68,78,0.59,0.73,1.49,50,0.14,49,7.76,0,11.95,13.91,2.63,3.58,1.01,66.34,9.32,78,3.24,91,0.14,0,0,20.12,50,0.34,12,38,0.47,0.68,56,48,-3,64.71,1.42,0.32,0.65,11.81,81,4.79,6.08,0.54,0.54,0,0.07,4.05,4.59,0.14,0,0.07,33,0.41,32,53,15,22,56,22,14.63,12.86,0.96,97,-1.77,14.03,12.48
Cole Jarvis,Merthyr Town FC,2493,Right Centre Midfielder,Right Centre Back,Wales,24,,0.22,0.22,0.2,0.13,1.48,15,44,1,,0.24,0.14,0.1,0.87,0.14,0.1,0.87,0,0,0,0.36,0.3,2.35,0.06,1.34,0.83,0.51,62,0.36,0.04,1.84,1.95,0.47,0.48,3.14,3.97,15.59,6.82,0.02,5.23,41.02,2.96,9.6,1.44,1.91,70,1.97,2.45,0.54,23,0.61,58,3.21,0.04,13.68,17.34,4.04,3.72,1.01,47.37,5.92,43,2.09,56,0.04,0,0,39.45,76,1.88,17,58,3.57,2.78,22,64,-12,44.67,3.86,0.54,0.7,31.04,94,5.93,7.51,0.54,0.54,0,0.22,3.57,4.11,0,13,0.14,17,0.51,27,62,11,30,60,10,18.83,16.36,0.97,98,-2.48,18.21,16.03
Cole Kpekawa,Bedford Town,1067,Left Centre Back,Centre Back,England,30,191,0,0,0.09,0.18,0.51,0,33,0,,0.04,0,0.01,0.08,0,0.01,0.08,0,0,0,0,0.1,0.59,-0.1,0,0,0,,0.42,0,0.08,0.08,1.01,0.5,9.19,5.28,3.79,2.02,0.12,2.02,17.48,1.26,10.62,0.67,1.69,100,0.36,0.86,0.51,100,0,66,4.3,0.17,2.61,1.86,0.51,0.76,0.17,26.23,0,0,0,0,0,0,0,18.46,58,2.7,79,40,10.37,5.56,26,46,-12,36.13,2.28,0.19,0.22,8.6,99,3.01,1.77,0.17,0.17,0,0,1.01,1.18,0,50,0.08,100,0,48,48,4,52,43,5,30.42,24.92,0.89,83,-5.5,26.96,20.64
Connell Rawlinson,Chester,392,Left Centre Back,Centre Back,Wales,34,185,0.23,0.23,0.04,0.09,0.46,50,50,0,,0.11,0,0.21,0.23,0,0.21,0.23,0,0,0,0.23,0.25,0.69,-0.02,0.23,0.23,0,100,0,0,0.46,0,1.84,1.9,2.53,2.64,4.13,2.76,0.05,1.15,21.16,1.15,9.65,0,1.84,0,0,1.9,0.69,50,0.46,44,1.84,0,3.67,3.52,1.15,0.69,0.23,25.63,0,0,0,0,0.23,0,0,43.87,89,5.05,13,81,2.76,5.97,5,40,-49,36.71,1.38,0.48,0.72,33.53,99,4.35,1.84,0,0,0,0.46,2.07,2.07,0,,0,,0.46,22,74,4,25,63,13,23.33,19.64,0.99,128,-3.69,23.06,25.09
Connor Barratt,Bedford Town,392,Right Centre Back,Left Back,Republic of Ireland,22,189,0,0,0.11,0.16,0.69,0,67,1,,0.15,0,0.03,0.46,0,0.03,0.46,0,0,0,0,0.15,1.15,-0.15,0,0,0,,0.69,0,0.46,0.23,1.38,1.21,6.66,4.63,11.25,3.9,0.02,4.59,27.99,1.84,10.56,1.61,2.98,88,1.05,2.26,0.69,0,0.23,45,1.15,0,8.95,7.57,3.67,2.53,1.15,33.71,2.53,28,1.15,45,0,0,0,24.79,67,2.98,26,39,8.26,5.97,25,59,-8,45.4,2.98,0.16,0.22,16.07,97,4.62,5.51,0.46,0.46,0,0.23,1.61,2.07,0,50,0.23,100,0,42,53,5,29,67,4,26.61,23.66,0.8,73,-2.95,21.41,17.18
Connor Douglas,Buxton,683,Right Wing,Right Wing Back,England,20,178,0.13,0.13,0.08,0.07,1.19,11,11,2,,0.03,0.4,0.1,1.45,0.4,0.1,1.45,0,0,0,0.53,0.19,2.64,0.34,2.64,1.45,1.19,55,1.05,0,3.16,3.43,0.13,0.14,1.58,1.82,15.43,5.8,0,5.67,47.89,4.09,6.33,1.85,1.98,74,2.14,2.28,1.32,38,0.66,46,1.58,0,12.26,14.82,4.09,3.69,0.53,50.89,6.07,49,2.77,75,0.13,0,0,24.53,61,1.32,16,43,1.98,2.64,17,68,6,64.2,3.3,0.24,0.35,22.81,85,7.02,7.91,1.45,1.45,0,0.4,4.22,5.67,0,73,1.58,43,0.79,18,66,15,20,67,13,19.14,16.7,0.97,93,-2.43,18.63,15.6
Connor Kirby,Buxton,2805,Right Defensive Midfielder,Left Defensive Midfielder,England,27,169,0.1,0.1,0.06,0.04,1.32,7,22,1,,0.05,0.03,0.05,0.55,0,0.03,0.39,0.03,0.02,0.16,0.13,0.1,1.86,0.03,0.22,0.13,0.1,57,0.67,0,0.51,0.61,1.09,1.35,2.41,3.06,16.94,8.76,0.04,5.97,38.09,5.74,12.87,1.96,3.05,76,2.41,3.76,1.35,39,0.61,56,1.12,0,13.64,15.86,3.95,3.79,0.99,42.36,4.68,34,2.05,54,0.26,0,0,42.96,74,4.52,14,47,3.08,8.95,14,71,-3,48.76,5.52,0.36,0.39,31.86,98,4.71,9.11,0.9,0.51,0.39,0.03,0.9,1.41,0.1,21,0.19,25,0.13,26,65,9,29,65,6,24.07,20.35,0.9,95,-3.71,21.54,19.27
Connor Lawless,Dagenham & Redbridge,1552,Left Wing Back,Left Defensive Midfielder,England,24,173,0,0,0.02,0.05,0.41,0,57,0,,0.04,0.06,0.08,0.93,0.06,0.08,0.87,0,0.01,0.06,0.06,0.1,1.33,-0.05,0.64,0.35,0.29,55,0.87,0,0.87,1.45,1.62,1.55,1.97,1.73,20.81,8.46,0.02,7.88,40.3,4.52,9.8,2.09,3.71,80,2.12,3.67,1.45,53,0.52,48,1.33,0.06,17.39,17.07,6.09,4.75,1.68,44.05,6.55,38,3.19,67,0.23,0,0,33.62,71,2.55,82,44,2.61,5.16,16,67,-4,50.16,3.59,0.41,0.48,25.22,94,4.08,6.84,1.22,1.04,0.17,0,0.93,1.97,0.12,24,0.29,25,0,27,65,9,31,60,9,21.37,17.27,0.92,97,-4.1,19.56,16.79
Connor Roberts,Chesham United FC,1517,Right Wing Back,Left Wing Back,England,29,181,0.06,0.06,0.11,0.07,1.54,4,15,2,,0.09,0.18,0.14,1.36,0.18,0.11,1.01,0,0.02,0.36,0.24,0.25,2.91,-0.01,0.65,0.42,0.24,64,1.31,0,0.59,0.95,0.95,0.84,2.43,2.28,14.18,7.06,0.04,6.11,34.18,4.27,9.44,1.72,2.67,62,1.44,2.28,0.71,38,1.07,52,1.01,0,11.93,11.27,3.86,2.37,0.59,39.14,3.86,32,1.54,65,0.18,0,0,30.21,64,3.2,7,39,3.09,7.48,13,63,-1,54.79,4.51,0.4,0.5,22.67,96,4.45,8.31,2.31,1.54,0.77,0.24,2.26,3.8,0.12,26,0.71,34,0.3,32,56,12,32,52,16,24.18,20.63,0.85,87,-3.55,20.49,18.01
Connor Stevens,Chesham United FC,2871,Right Centre Back,Left Centre Back,England,28,187,0.03,0.03,0.02,0.06,0.28,11,22,0,,0.03,0.13,0.1,0.38,0.13,0.1,0.38,0,0,0,0.16,0.12,0.66,0.04,0.28,0.13,0.16,44,0.88,0,0.34,0.5,0.78,0.84,3.82,3.88,9.31,4.42,0.08,5.42,28.86,2.82,13.42,1.22,2.01,75,1.17,2.01,0.34,62,0.41,63,2.98,0.06,7.74,7.94,3.39,1.82,0.88,34.56,1.97,26,0.94,52,0.09,0,0,37.31,70,2.38,15,36,4.58,5.89,17,58,-12,40.31,2.73,0.31,0.34,25.42,98,4.24,4.58,0.41,0.41,0,0.53,3.04,3.45,0.03,15,0.09,30,0.88,38,56,7,33,58,9,21.8,18.42,0.86,87,-3.38,18.81,16.11
Connor Wood,Peterborough Sports FC,1746,Left Back,Left Wing Back,England,29,177,0,0,0.07,0.06,1.19,0,26,1,,0.07,0.15,0.1,1.19,0.1,0.08,0.98,0.05,0.02,0.21,0.15,0.17,2.37,-0.01,1.08,0.82,0.26,76,0.77,0,0.88,0.88,1.29,1.43,3.4,4,11.44,4.79,0.03,4.69,31.88,4.28,12.11,1.39,2.68,77,1.66,3.09,0.57,27,0.41,64,2.22,0,9.59,11.57,3.2,2.58,0.88,35.53,2.58,27,1.49,58,0.1,0,0.05,40.87,66,2.94,80,34,4.23,7.83,14,62,-4,53.32,4.9,0.46,0.6,31.44,97,4.44,9.48,1.86,1.34,0.52,0.21,1.6,2.94,0.05,31,0.88,37,0.36,35,54,11,32,51,17,22.05,19.11,0.85,92,-2.94,18.81,17.54
Connor Woods,Chester,1662,Left Wing,Left Midfielder,England,28,172,0.38,0.11,0.2,0.1,2.06,5,53,3,100,0.26,0,0.08,1.19,0,0.06,0.87,0,0.01,0.33,0.11,0.28,3.25,-0.17,2.82,1.95,0.87,69,0.81,0,2.44,2.49,1.25,1,0.87,0.73,14.95,5.25,0.01,3.68,49.99,4.01,7.2,1.08,2.33,77,1.01,2.01,0.76,33,0.33,47,1.73,0.05,13.11,11.09,2.82,2.98,0.87,52.75,7.31,56,2.55,85,0.27,0,0,26.98,67,1.68,13,44,1.41,3.3,25,64,-3,63.97,3.41,0.45,0.54,26.16,90,6.41,10.24,1.35,0.65,0.7,0.49,4.5,5.15,0.11,28,0.6,35,0.54,22,60,18,20,58,22,18.85,16.59,0.91,105,-2.26,17.08,17.42
Conor Harris,Farnborough,572,Left Defensive Midfielder,Centre Defensive Midfielder,England,,,0.16,0.16,0.05,0.07,0.79,20,40,0,,0.06,0,0.2,0.94,0,0.2,0.94,0,0,0,0.16,0.26,1.73,-0.1,0.47,0.16,0.31,33,0.63,0,0.63,0.79,1.57,1.09,2.2,1.55,15.26,8.34,0.03,6.61,35.62,6.61,13.53,1.57,3.15,77,1.36,2.45,0.94,25,0.47,50,1.42,0,12.74,11.11,4.09,3.93,1.42,37.95,3.62,28,2.04,52,0.16,0,0,29.73,67,2.2,18,47,2.67,4.25,15,55,-12,50.53,4.09,0.51,0.57,18.09,96,4.71,6.76,0.79,0.79,0,0.31,2.04,2.83,0,0,0,0,0.94,33,58,9,30,65,5,21.08,16.17,0.92,96,-4.92,19.36,15.55
Corey McKeown,Spennymoor Town,2197,Left Wing,Right Wing Back,England,24,173,0,0,0.1,0.09,1.19,0,34,2,,0.06,0.04,0.12,1.19,0.04,0.12,1.15,0,0,0.04,0.04,0.22,2.38,-0.18,2.09,1.64,0.45,78,1.27,0.04,1.64,2.05,0.98,0.68,0.74,0.65,18.06,7.95,0.02,5.61,45.71,3.85,7.99,1.19,2.17,56,0.83,1.5,0.7,26,0.94,34,0.61,0,16.18,12.57,4.75,3.89,1.35,48.6,7.66,47,3.24,83,0.08,0,0,27.48,75,1.23,17,49,1.27,1.97,24,69,-7,56.37,3.07,0.33,0.39,26.75,92,8.04,8.93,1.02,0.9,0.12,0.41,2.99,3.89,0.25,16,0.29,20,0.86,18,61,21,17,59,24,17.98,16.45,0.94,104,-1.53,16.97,17.06
Corey Panter,Dagenham & Redbridge,2696,Left Centre Back,Left Back,England,25,186,0,0,0.02,0.06,0.33,0,0,0,,0,0.1,0.06,0.57,0.03,0.03,0.3,0.07,0.03,0.27,0.1,0.08,0.9,0.02,0.1,0.03,0.07,33,0.43,0,0.17,0.2,1.07,1.02,5.04,4.6,11.69,5.58,0.07,5.71,27.35,2.1,13.69,1.44,2.5,78,1.18,2.21,0.8,57,0.4,62,2.6,0,9.58,8.75,3.61,2.67,0.97,33.51,1.9,20,1.07,40,0.2,0,0.03,37.23,62,5.11,74,37,7.38,11.59,16,52,-10,40.11,4.31,0.29,0.32,25.11,99,4.42,4.81,1.14,0.5,0.63,0.07,0.57,1.07,0.1,41,0.5,25,0.13,44,52,4,44,47,10,28.44,27.35,0.83,83,-1.09,23.62,22.62
Corey Whelan,Fylde,2746,Left Centre Back,,Republic of Ireland,28,185,0.03,0.03,0.05,0.1,0.49,7,33,0,,0.06,0.03,0.03,0.23,0.03,0.03,0.23,0,0,0,0.07,0.08,0.72,-0.01,0.2,0.16,0.03,83,0.49,0,0.23,0.23,1.38,1.97,6.1,8.71,8.39,3.87,0.08,4.1,24.76,1.47,12.35,0.95,2.33,85,1.51,3.47,0.92,29,0.16,69,3.9,0,6.52,9.41,2.23,1.9,0.56,31.73,1.08,17,0.75,40,0.2,0,0,56.13,89,4.85,9,73,6.72,6,11,72,-17,35.49,3.08,0.55,0.6,44.76,99,6.58,4.1,0.03,0.03,0,0.13,1.25,1.28,0.03,100,0.03,17,0.2,21,74,5,26,66,9,21.48,18.23,0.98,101,-3.25,21,18.37
Corie Andrews,Maidenhead United,400,Centre Forward,Left Centre Forward,England,28,180,0,0,0.21,0.19,1.12,0,80,3,,0.21,0,0.07,1.12,0,0.07,1.12,0,0,0,0,0.28,2.25,-0.28,0.45,0,0.45,0,1.8,0,3.37,4.72,0,0,0.22,0.31,20.47,7.2,0.05,5.62,68.55,2.92,3.82,0.22,0.22,25,0.29,0.29,1.8,0,0.67,11,1.35,0,18.44,19.77,5.62,3.15,1.12,67.9,15.52,84,2.92,93,0.22,0,0.22,14.39,68,0.67,25,75,0.22,0.9,31,75,7,76.98,0.67,0.44,0.52,16.42,70,3.43,7.65,0.22,0.22,0,0.45,5.17,5.4,0,0,0.22,33,1.35,9,60,31,3,59,38,13.04,10.52,1.06,115,-2.52,13.87,12.09
Corie Andrews,Enfield Town FC,385,Left Centre Forward,Centre Forward,England,28,180,0.23,0.23,0.05,0.08,0.7,33,33,1,,0.02,0.7,0.22,2.34,0.7,0.22,2.34,0,0,0,0.94,0.28,3.04,0.66,0.23,0,0.23,0,2.57,0,1.4,2.34,0,0,0.23,0.11,16.37,6.55,0,3.04,63.99,2.1,3.74,0.47,0.47,100,0.24,0.24,0.7,,0,10,0.7,0,15.9,8.86,2.81,3.51,0.94,65.3,12.16,76,3.27,93,0,0,0,16.13,69,0.23,24,100,0.47,0,37,58,-11,69.61,1.64,0.5,0.78,14.5,89,4.54,7.25,0.7,0.7,0,0.7,5.85,6.55,0,0,0.47,50,1.64,9,79,13,6,77,16,14.12,13.18,1.05,110,-0.94,14.84,14.51
Cormac Daly,Hereford FC,566,Left Midfielder,Right Wing,Scotland,19,,0.32,0.32,0.27,0.1,2.54,13,38,5,,0.25,0.16,0.15,1.91,0.16,0.15,1.91,0,0,0,0.48,0.42,4.45,0.06,1.75,1.27,0.48,73,0.16,0,1.91,2.54,0.48,0.48,0.95,1,13.83,6.36,0,4.61,48.1,4.61,6.84,1.59,2.07,83,1.6,2.08,0.64,0,0.32,8,0.16,0,11.77,12.22,3.5,3.66,1.27,51.52,6.2,53,2.07,57,0.16,0,0,24.33,74,0.95,41,55,1.27,1.43,23,61,-12,62.42,2.7,0.3,0.62,24.33,90,9.78,9.7,0.95,0.95,0,0.64,3.5,4.45,0,33,0.95,46,0.95,13,66,21,13,69,18,16.94,14.24,1,88,-2.7,16.98,12.57
Craig Eastmond,Eastbourne Borough,1918,Centre Defensive Midfielder,Right Defensive Midfielder,England,35,183,0,0,0.05,0.05,0.89,0,26,1,,0.05,0.14,0.08,0.7,0.14,0.08,0.66,0,0,0.05,0.14,0.12,1.6,0.02,0.99,0.7,0.28,71,1.83,0,0.94,1.17,1.45,1.25,3.05,3.03,19.66,8.82,0.03,8.02,37.69,7.41,17.6,2.3,3.75,71,2.57,3.83,1.69,43,0.94,61,2.16,0,15.67,17.15,5.58,4.93,1.36,41.86,5.3,34,2.96,60,0.19,0,0,34.73,72,3.43,13,51,3.75,5.96,17,68,-4,48.02,4.32,0.3,0.36,21.49,93,4.51,6.52,0.8,0.7,0.09,0.09,0.94,1.64,0.05,6,0.09,22,0.09,31,63,6,32,65,4,23.47,19.84,0.93,96,-3.62,21.88,19.02
Craig Fasanmade,Hampton & Richmond,1950,Right Wing,Right Centre Forward,England,25,182,0.23,0.23,0.19,0.11,1.71,14,41,5,,0.27,0.05,0.05,0.65,0.05,0.05,0.65,0,0,0,0.28,0.24,2.35,0.04,0.65,0.23,0.42,36,0.78,0,1.34,2.77,0.37,0.34,0.74,0.54,19.66,6.83,0,4.57,54.71,2.31,4.8,0.83,1.2,72,0.56,0.9,0.74,40,0.32,25,1.48,0,18.14,15.02,4.11,4.43,1.29,56.84,11.17,62,3.65,82,0.05,0,0,14.31,65,0.46,21,36,0.88,1.15,29,56,-9,63.11,1.11,0.2,0.32,12.69,80,5.48,4.94,0.32,0.32,0,0.37,3.41,3.74,0,29,0.23,33,0.74,13,64,23,9,66,24,16.39,13.26,0.91,94,-3.14,14.85,12.51
Craig Hewitt,Chorley,798,Left Midfielder,Left Centre Midfielder,England,22,,0.56,0.23,0.08,0.05,1.47,15,54,2,100,0.11,0,0.14,1.24,0,0.14,1.24,0,0,0,0.23,0.21,2.71,0.01,2.48,1.81,0.68,73,1.24,0,4.06,2.71,0.23,0.23,0.68,0.52,13.54,4.96,0,4.4,48.94,4.29,7.67,1.13,1.35,91,0.67,0.9,0.34,50,0.11,23,0.34,0,12.07,8.2,3.61,3.16,1.02,50.8,6.54,54,2.6,82,0,0,0,25.61,65,0.68,20,33,1.02,1.69,21,62,-3,65.81,2.93,0.37,0.45,26.74,85,7.81,9.48,1.35,1.35,0,0.9,4.85,6.21,0,42,1.02,29,1.24,16,66,18,11,65,24,15.96,14.57,0.92,91,-1.39,14.64,13.28
Craig Tanner,AFC Totton,2448,Left Defensive Midfielder,Right Defensive Midfielder,England,31,171,0.04,0.04,0.02,0.04,0.51,7,21,1,,0.02,0.11,0.11,1.36,0.04,0.06,0.66,0.07,0.05,0.7,0.15,0.13,1.87,0.02,0.59,0.44,0.15,75,1.07,0,0.55,0.62,0.81,0.99,2.54,3.02,18.38,9.6,0.04,6.18,39.4,5.51,11.14,2.68,3.49,69,2.79,3.78,1.43,33,1.21,45,0.88,0.04,14.3,14.27,4.23,3.6,1.07,42.04,5.18,36,2.24,62,0.33,0,0,36.91,72,6.47,86,52,3.9,10.99,17,74,1,53.72,5.29,0.31,0.35,28.64,98,5.34,8.93,2.06,0.66,1.4,0.11,0.59,1.25,0.11,14,0.37,27,0.22,21,66,13,25,68,7,25.97,22.5,0.91,93,-3.48,23.58,20.96
Crispin McLean,Curzon Ashton FC,961,Left Centre Midfielder,Left Midfielder,Scotland,19,170,0,0,0.05,0.08,0.66,0,14,1,,0.06,0.37,0.3,2.34,0.28,0.24,1.87,0.09,0.06,0.47,0.37,0.36,3,0.02,1.78,0.94,0.84,53,0.56,0,1.59,1.78,0.19,0.21,0.28,0.26,17.89,7.59,0.01,4.21,45.62,3.75,7.31,1.03,1.22,55,0.57,0.78,0.56,11,0.84,20,0.37,0,16.3,14.39,3.37,5.25,1.03,46.61,6.93,43,3.37,64,0.19,0,0,34.47,78,2.81,13,47,0.66,5.62,16,78,0,59.82,4.59,0.37,0.52,31.19,93,5.69,12.36,2.53,1.78,0.75,0.28,1.59,3.37,0.19,30,0.75,31,0.66,19,68,14,25,61,14,20.16,15.47,0.9,97,-4.7,18.17,15.08
D.Akyeampong,Torquay United,555,Right Back,Right Wing Back,England,22,183,0,0,0,0.01,0.16,0,0,0,,0,0,0.01,0.32,0,0.01,0.32,0,0,0,0,0.02,0.49,-0.02,0.32,0.16,0.16,50,1.62,0,1.46,0.81,1.46,1.15,4.38,3.74,13.14,6.97,0.02,4.05,34.28,3.24,9.08,1.95,3.41,80,1.61,2.76,1.14,50,0.49,60,1.46,0,10.05,8.3,2.76,2.27,0.81,38.27,2.76,27,1.14,50,0.16,0,0,24.65,68,2.43,15,43,4.87,5.19,16,71,3,49.66,2.43,0.24,0.26,18.81,91,4.42,3.89,0.65,0,0.65,0,0.49,0.49,0,25,0.32,33,0.16,39,48,13,29,54,17,23.61,17.75,0.87,95,-5.86,20.57,16.84
D.Dowrich,Hemel Hempstead Town,2878,Left Back,Left Wing Back,England,22,,0,0,0.03,0.08,0.31,0,20,1,,0.01,0.09,0.03,0.5,0.09,0.03,0.47,0,0,0.03,0.09,0.06,0.81,0.04,0.88,0.63,0.25,71,1.22,0.03,1.34,1.5,1.34,1.16,2.63,2.65,20.17,9.32,0.02,7.85,33.63,4.06,13.51,3.13,4.47,78,2.67,3.83,1.09,47,0.91,55,2.13,0.03,16.1,14.51,5.88,3.97,1.41,36.29,4.16,26,1.94,49,0.06,0,0,27.45,56,3.41,70,36,3.41,8.75,15,58,2,49.37,3.97,0.2,0.21,21.42,90,6.88,5.97,1,0.44,0.56,0.13,0.94,1.38,0.03,44,0.5,16,0.16,38,52,9,30,53,17,25.62,20.66,0.87,100,-4.96,22.33,20.6
D.Roth,Slough Town FC,1899,Right Back,Right Wing Back,England,26,,0,0,0.02,0.05,0.38,0,0,0,,0,0,0.02,0.33,0,0.02,0.33,0,0,0,0,0.04,0.71,-0.04,1.14,0.81,0.33,71,0.76,0.05,1.18,1,1.56,1.17,3.13,2.58,12.94,5.88,0.02,5.4,31.16,4.03,11.94,3.03,4.6,71,2.12,3.29,0.52,57,1.23,49,1.18,0.05,9.43,7.21,3.32,2.32,0.9,34.54,2.7,29,1.37,59,0.14,0,0,29.1,63,3.08,12,35,3.84,8.11,11,49,-14,49.95,4.03,0.28,0.3,22.75,94,5.16,5.69,0.47,0.19,0.28,0.09,0.62,0.81,0.05,20,0.14,13,0.19,40,48,11,38,47,16,25.15,21.71,0.84,92,-3.45,21.09,19.91
Dajon Golding,Maidstone United,1337,Right Wing,Centre Forward,England,28,178,0.27,0.27,0.22,0.13,1.75,15,31,3,,0.18,0.07,0.13,1.14,0.07,0.13,1.14,0,0,0,0.34,0.35,2.89,-0.02,1.08,0.61,0.47,56,1.01,0,2.22,2.36,0.88,1.01,0.34,0.34,18.58,7.27,0.01,5.99,58.68,4.51,7.27,0.94,1.82,48,0.75,1.76,1.21,22,1.01,35,1.68,0,16.49,13.64,5.05,4.78,1.68,59.7,11.24,68,4.11,86,0.2,0,0,25.18,67,0.67,21,33,0.67,1.68,27,61,-6,67.02,2.22,0.37,0.61,22.28,88,7.65,10.3,1.01,1.01,0,0.34,4.64,5.65,0.07,73,0.81,39,0.74,14,66,20,15,58,27,16.75,14.28,0.94,107,-2.47,15.82,15.21
Dan Ellison,Weston-super-Mare AFC,805,Left Centre Back,Right Back,England,21,185,0,0,0.06,0.18,0.34,0,33,0,,0.05,0,0,0,0,0,0,0,0,0,0,0.06,0.34,-0.06,0,0,0,,0.67,0,0.22,0.11,1.68,1.22,4.02,4.53,10.62,4.92,0.1,6.37,23.69,2.57,17.88,1.68,3.35,88,1.21,2.43,0.67,67,0.22,62,4.25,0,8.27,7.27,3.69,1.9,1.12,28.74,1.12,14,0.67,35,0.45,0,0,30.28,62,2.12,21,38,4.81,4.81,23,42,-20,37.18,1.45,0.13,0.19,15.09,99,5.08,1.79,0,0,0,0,0.78,0.78,0,,0,,0,39,57,4,44,50,6,23.54,19.5,0.92,95,-4.04,21.66,18.47
Dan Hayfield,Torquay United,2092,Right Defensive Midfielder,Left Defensive Midfielder,England,29,,0,0,0.06,0.07,0.9,0,24,1,,0.02,0.17,0.07,0.82,0.17,0.07,0.77,0,0,0.04,0.17,0.13,1.72,0.04,0.52,0.39,0.13,75,0.73,0,0.77,0.82,0.9,1.14,1.46,1.86,13.29,5.98,0.03,4.9,42.45,6.28,13.25,1.12,2.02,70,1.45,2.59,0.86,41,0.47,49,1.51,0,11.44,13.76,3.87,3.4,1.29,45.97,4.95,43,2.41,71,0.17,0,0,33.81,72,2.37,12,49,2.15,4.17,20,61,-11,55.13,3.48,0.44,0.49,24.22,96,5.74,9.51,0.73,0.73,0,0.34,1.63,2.37,0,18,0.17,33,0.77,30,60,10,24,67,10,20.43,17.91,0.92,99,-2.52,18.86,17.76
Dan Jarvis,Peterborough Sports FC,1405,Centre Attacking Midfielder,Centre Defensive Midfielder,England,27,182,0.19,0.19,0.17,0.09,1.99,10,42,3,,0.25,0.06,0.12,1.02,0.06,0.1,0.9,0,0.02,0.13,0.26,0.29,3.01,-0.03,0.9,0.58,0.32,64,1.6,0,0.77,1.09,1.35,1.46,1.47,1.82,16.84,8.97,0.03,7.49,45.9,4.93,9.93,1.41,2.75,55,1.41,2.88,0.96,36,1.15,38,2.43,0,14.54,15.87,5.83,4.29,1.67,49.25,7.17,49,2.69,63,0.19,0,0,30.17,66,1.47,14,52,2.11,2.18,25,55,-12,55.15,2.56,0.47,0.62,21.71,95,5.2,7.62,0.83,0.7,0.13,0.58,3.91,4.61,0.06,31,0.26,36,0.7,33,60,7,28,65,8,18.07,15.8,0.97,94,-2.27,17.5,14.88
Dan Meredith,Leamington FC,2969,Right Back,Left Centre Midfielder,Scotland,26,173,0,0,0.06,0.06,0.97,0,25,1,,0.06,0,0.08,0.76,0,0.07,0.61,0,0.01,0.15,0,0.14,1.73,-0.14,1.27,0.82,0.45,64,0.39,0,1.27,1.03,1,0.63,3.24,2.07,9.64,4.06,0.01,3.73,28.1,3.36,10.64,1.36,2.36,73,0.79,1.42,0.33,46,0.52,38,0.36,0,7.94,5.1,2.36,1.7,0.49,33.1,1.94,24,1.09,64,0.06,0,0,28.56,60,2.97,23,33,4.55,7.73,14,52,-8,51.37,5.64,0.18,0.27,22.95,94,7.03,6.43,1.46,1.06,0.39,0.06,1,2.06,0,42,0.67,31,0.06,41,51,8,32,58,10,24.25,22.91,0.83,82,-1.34,20.23,18.83
Dan Mooney,Kidderminster Harriers,659,Right Wing,Centre Attacking Midfielder,Wales,26,181,0,0,0.27,0.08,3.55,0,31,6,,0.23,0,0.16,2.05,0,0.16,1.91,0,0,0.14,0,0.43,5.6,-0.43,1.37,0.68,0.68,50,1.5,0,2.46,3,0.41,0.36,0.82,0.74,16.25,7.1,0,4.91,60.4,6.83,9.15,0.41,0.82,43,0.4,0.77,1.09,0,0.55,43,0.82,0,14.74,14.4,4.1,4.1,1.64,62.09,11.06,75,3.28,80,0.14,0,0,23.07,62,0.82,81,22,0.96,3.55,26,70,8,65.23,3.55,0.26,0.65,24.44,85,6.97,9.42,1.09,1.09,0,0.41,3.41,4.51,0.14,13,0.41,23,0.55,15,68,16,13,71,16,19.39,15.76,0.88,96,-3.63,17.01,15.07
Dan Pike,Southport,545,Right Back,Right Defensive Midfielder,England,24,175,0.17,0.17,0.06,0.04,1.32,13,38,2,,0.06,0.17,0.04,0.83,0.17,0.04,0.83,0,0,0,0.33,0.09,2.15,0.24,0.17,0.17,0,100,0.83,0,1.49,0.5,0.99,1.12,2.64,2.5,12.87,4.95,0.04,4.46,34.99,4.79,12.38,1.65,2.64,71,1.47,2.6,1.32,50,0.66,61,2.31,0,9.9,9.95,2.48,2.64,0.33,40.87,3.63,37,1.16,44,0.33,0,0,31.36,61,3.8,20,43,3.14,8.25,12,62,1,51.65,4.79,0.09,0.15,22.61,96,5.45,7.26,1.16,0.5,0.66,0,0.5,0.99,0,29,0.5,19,0,38,48,14,23,68,9,25.2,18.05,0.88,106,-7.14,22.25,19.2
Dan Pybus,Dorking Wanderers FC,569,Centre Defensive Midfielder,Left Defensive Midfielder,England,28,179,0.16,0.16,0.01,0.02,0.47,33,33,0,,0.02,0.16,0.06,0.63,0.16,0.06,0.63,0,0,0,0.32,0.07,1.11,0.24,0.63,0.32,0.32,50,0.95,0,0.63,0.95,0.79,1.09,1.74,2.06,24.83,9.02,0.03,12.18,39.28,3.95,15.66,2.85,3.64,56,3.71,4.79,0.95,28,2.21,63,1.58,0.16,21.04,27.03,8.86,6.96,3.01,40.88,6.96,33,3.48,50,0.32,0,0,48.71,69,6.48,10,45,2.53,13.6,13,71,2,47.53,7.28,0.47,0.48,33.53,96,3.58,10.75,0.79,0.63,0.16,0,0.32,0.95,0.16,40,0.32,29,0,31,59,10,35,53,12,25.08,16.76,0.87,98,-8.32,21.83,16.47
Dan Savage,South Shields,448,Right Midfielder,Left Wing Back,England,20,,0,0,0.13,0.13,1.01,0,60,1,,0.08,0.2,0.2,0.6,0.2,0.2,0.6,0,0,0,0.2,0.33,1.61,-0.13,0.8,0.2,0.6,25,0.8,0,1.21,2.21,0.4,0.68,1.21,2.04,20.91,6.84,0.02,5.63,43.56,4.83,8.04,0.8,1.21,100,1.35,2.03,2.61,100,0,20,0.2,0,17.5,29.44,4.63,6.64,2.21,47.05,9.45,54,4.42,67,0.4,0,0,35.79,85,1.61,7,57,1.61,2.41,17,85,0,56.02,2.61,0.29,0.48,30.37,95,4.84,11.06,0.8,0.8,0,0.6,2.41,3.22,0,50,0.6,60,0.6,12,63,25,9,67,24,16.46,16.58,0.98,110,0.12,16.06,18.16
Dan Ward,South Shields,1587,Right Midfielder,Left Midfielder,England,28,178,0.28,0.28,0.28,0.19,1.47,19,46,2,,0.26,0.28,0.21,1.53,0.28,0.2,1.47,0,0,0.06,0.57,0.49,3.01,0.08,1.65,0.85,0.79,52,0.91,0,2.27,2.38,0.34,0.53,0.79,1.15,15.77,7.32,0.01,6.69,50.61,5.11,7.89,1.7,2.04,73,2.62,3.14,0.96,38,0.62,24,0.28,0,13.1,20.1,5.5,4.08,1.99,52.76,7.43,57,3.23,79,0.11,0,0,35.11,73,0.96,16,41,1.3,1.82,21,71,-2,63.32,2.78,0.75,1,32.51,92,4.82,13.16,1.19,1.13,0.06,0.45,4.65,5.79,0.11,24,0.57,20,0.85,15,61,23,12,57,31,17,15.65,0.94,94,-1.36,15.92,14.76
Daniel Bayliss,Chesham United FC,585,Left Centre Back,Centre Back,England,27,193,0,0,0.06,0.07,0.77,0,20,0,,0.06,0.15,0.03,0.46,0.15,0.03,0.46,0,0,0,0.15,0.09,1.23,0.07,0.15,0.15,0,100,0.46,0,0.15,0.15,0.62,0.5,8.77,6.6,9.85,4.46,0.07,5.54,29.67,2.62,13.7,0.77,1.39,56,0.68,1.18,1.08,25,0.62,63,3.69,0,8,5.73,2.77,1.85,0.62,38.04,1.69,21,0.92,50,0.15,0,0,33.71,61,3.08,77,29,10.62,8.62,17,55,-7,35.72,2,0.21,0.24,18.93,99,3.36,2.77,0.31,0.31,0,0.31,3.85,4.16,0,50,0.31,67,0.92,54,40,5,39,50,11,25.9,25.62,0.81,83,-0.27,20.9,21.26
Daniel Dodds,South Shields,2626,Left Back,Right Back,England,25,178,0.07,0.07,0.07,0.09,0.75,9,41,1,,0.09,0.21,0.19,1.06,0.21,0.19,1.03,0,0,0.03,0.27,0.26,1.82,0.01,1.44,0.82,0.62,57,0.51,0,1.61,1.65,0.86,1.35,2.19,3.46,13.54,6.13,0.02,5.42,39.27,3.5,9.66,1.68,2.54,78,2.68,4.04,0.69,52,0.48,56,1.34,0,11.21,16.86,3.46,4.08,1.37,45.67,5.18,46,2.64,65,0.1,0,0,47.74,80,2.47,25,49,2.74,4.52,16,71,-9,52.53,5.45,0.65,0.82,41.37,96,5.8,12.78,0.96,0.93,0.03,0.41,2.26,3.19,0,50,0.93,40,0.65,22,61,16,21,59,21,19.05,17.92,0.93,97,-1.14,17.77,17.3
Daniel Elliott,Macclesfield Town,1870,Centre Forward,Left Centre Forward,England,30,183,0.48,0.38,0.37,0.14,2.69,14,39,8,67,0.36,0.1,0.07,0.53,0.1,0.07,0.53,0,0,0,0.48,0.44,3.22,0.04,0.87,0.58,0.29,67,1.01,0.1,2.26,2.98,0,0,0.38,0.55,16.8,5.44,0.02,4.19,70.38,2.94,4.04,0.77,0.77,80,0.89,0.89,1.4,50,0.19,34,2.31,0,14.63,17.49,3.8,3.9,1.06,71.63,12.9,88,3.71,95,0.1,0,0,12.42,57,0.1,70,15,0.63,0.38,42,46,-11,63.91,1.11,0.45,0.67,13.04,75,6.54,3.27,0.53,0.53,0,0.19,5.63,6.16,0.05,45,0.24,33,0.53,18,67,15,15,63,22,15.45,14.5,0.91,84,-0.95,14,12.21
Daniel Gallagher,Dorking Wanderers FC,1464,Centre Defensive Midfielder,Right Centre Back,England,28,184,0,0,0.01,0.12,0.12,0,50,0,,0,0,0.01,0.12,0,0.01,0.12,0,0,0,0,0.02,0.25,-0.02,0.18,0.12,0.06,67,0.86,0,0.43,0.43,1.23,1.64,3.13,3.63,15.06,7.25,0.04,6.7,33.36,4.55,14.57,1.41,2.64,55,1.75,3.39,1.41,22,1.17,64,2.95,0.06,12.29,15.07,4.67,3.13,1.41,36.28,3.01,25,1.29,41,0.31,0,0,33.8,75,2.15,23,58,3.81,3.01,18,67,-8,40.5,2.83,0.1,0.12,20.28,96,3.64,4.24,0.18,0.18,0,0.06,0.37,0.55,0,0,0,0,0.06,36,55,9,45,43,12,20.44,17.61,0.98,98,-2.82,20.05,17.23
Daniel Greenslade,Bath City,2130,Left Back,Left Wing Back,England,30,180,0,0,0,0.01,0.34,0,0,0,,0,0,0.09,1.01,0,0.05,0.42,0,0.04,0.59,0,0.09,1.35,-0.09,0.3,0.25,0.04,86,0.13,0,0.97,0.25,0.51,0.33,3.84,2.75,14.49,6.25,0.04,5.24,29.18,3.84,13.48,1.39,1.9,73,1.07,1.41,0.72,50,0.51,52,2.03,0,12.38,8.86,3.97,2.66,1.01,34.13,3.08,25,1.82,68,0.21,0,0,30.67,55,4.01,92,33,4.82,11.2,14,50,-5,54.98,5.83,0.13,0.17,20.7,96,3.99,7.39,2.45,0.8,1.65,0.13,0.25,1.06,0.08,21,0.55,27,0.08,45,49,5,47,47,6,26.6,20.72,0.85,96,-5.89,22.56,19.97
Daniel Jones,Spennymoor Town,2070,Left Centre Back,Left Back,England,31,183,0.04,0.04,0.04,0.14,0.3,14,29,0,,0.04,0,0.04,0.43,0,0.03,0.26,0,0.02,0.17,0.04,0.09,0.74,-0.04,0.09,0.04,0.04,50,0.83,0,0.3,0.22,1.22,0.92,6.09,5,10.17,5.48,0.07,4.7,24.07,1.96,13.96,1.26,2.48,73,1.08,1.99,1.48,41,0.48,72,3.17,0,7.43,6.02,2.74,1.65,0.43,29.49,1.22,16,0.65,39,0.48,0.04,0,34.57,58,5.87,84,40,7.39,13.52,16,57,-1,37.59,4.35,0.19,0.22,20.74,99,3.77,4.22,1.13,0.3,0.83,0.04,0.61,0.91,0.04,46,0.52,29,0.09,44,52,4,46,51,3,29.92,21.66,0.84,91,-8.26,25.16,19.77
Daniel Martin,Weston-super-Mare AFC,1128,Left Back,Left Wing Back,England,26,173,0.08,0.08,0.04,0.19,0.24,33,67,0,,0.1,0,0.05,0.56,0,0.02,0.32,0,0.03,0.24,0.08,0.09,0.8,-0.01,1.28,0.8,0.48,63,0.96,0,0.96,1.44,1.36,1.01,3.27,2.76,14.28,6.06,0.02,6.3,32.53,3.83,10.85,1.76,3.11,69,1.48,2.49,0.32,40,0.8,67,2.23,0,12.21,9.69,4.47,2.55,0.96,36.02,3.03,25,1.68,66,0.08,0,0,29.84,68,2.71,79,41,3.91,5.98,13,55,-12,54.43,4.95,0.32,0.33,23.7,93,7.91,7.1,0.96,0.4,0.56,0,0.56,0.96,0.08,42,0.56,33,0.08,35,54,11,30,52,18,21.92,19.25,0.89,105,-2.67,19.42,20.26
Daniel O'Connor,AFC Totton,544,Left Centre Back,Centre Back,Republic of Ireland,21,,0,0,0.06,0.34,0.17,0,0,0,,0,0.17,0.07,0.17,0.17,0.07,0.17,0,0,0,0.17,0.13,0.33,0.04,0.33,0.33,0,100,0.33,0,0,0,0.83,0.63,5.63,4.06,7.45,2.98,0.03,3.48,22.07,2.15,13.57,0.83,1.66,56,0.66,1.29,0.17,0,0.66,87,2.15,0.17,6.79,4.48,2.32,0.83,0.33,24.91,0.33,5,0.17,20,0,0,0,36.75,73,2.65,79,36,7.61,5.3,17,50,-23,35.45,1.32,0.21,0.28,26.15,100,3.66,1.99,0,0,0,0.17,1.16,1.16,0.17,,0,0,0.5,32,63,5,42,58,0,24.54,24.81,0.88,93,0.27,21.67,23.2
Daniel Quick,Eastbourne Borough,1563,Right Centre Back,Right Back,England,23,184,0,0,0.02,0.09,0.23,0,0,0,,0,0,0.06,0.69,0,0.06,0.69,0,0,0,0,0.08,0.92,-0.08,0.58,0.4,0.17,70,0.86,0,0.92,0.46,1.78,1.8,5.18,4.89,14.51,6.91,0.07,5.82,28.8,3.97,14.16,1.67,3.45,83,1.67,3.47,1.15,38,0.35,67,2.99,0,11.69,11.92,4.2,2.13,0.58,32.44,2.88,25,1.27,59,0.46,0,0,39.33,66,5.24,8,44,6.79,10.36,13,54,-13,43.81,5.07,0.32,0.33,28.62,96,6.21,6.74,1.32,1.15,0.17,0.06,0.69,1.84,0,43,0.58,30,0.12,39,56,6,37,51,12,26.66,23.29,0.91,91,-3.37,24.21,21.3
Danny Gardner,Radcliffe,1147,Left Defensive Midfielder,Right Defensive Midfielder,England,36,185,0.08,0,0.02,0.03,0.71,0,11,0,50,0,0.47,0.24,2.12,0.24,0.1,0.78,0.24,0.14,1.33,0.47,0.26,2.82,0.21,0.63,0.31,0.31,50,0.63,0,1.8,0.55,1.1,0.66,1.18,0.72,14.98,7.69,0.04,6.04,38.47,6.43,14.36,1.73,2.82,65,1.7,2.35,1.1,36,0.94,47,0.55,0,12.24,10.3,3.92,3.29,1.33,40.54,3.69,30,1.57,48,0.24,0,0,38.12,68,5.33,8,48,2.2,10.12,15,81,13,52.88,6.12,0.35,0.42,27.53,97,6,10.12,3.06,1.18,1.88,0.08,0.86,2.04,0.16,21,0.71,38,0,26,65,8,34,62,4,24.51,19.68,0.88,95,-4.83,21.46,18.73
Danny Greenfield,Radcliffe,2725,Right Defensive Midfielder,Left Centre Midfielder,England,25,176,0.13,0.13,0.14,0.06,2.25,6,28,3,,0.12,0.13,0.12,1.22,0.07,0.07,0.83,0.07,0.05,0.4,0.26,0.26,3.47,0.01,1.19,0.66,0.53,56,0.66,0,1.16,1.26,0.63,0.56,1.26,1.16,13.74,6.71,0.01,4.36,44.76,6.47,10.47,0.83,1.45,58,0.76,1.32,0.99,16,0.59,45,0.99,0,11.92,10.36,3.47,3.44,1.22,47.79,5.81,49,2.68,78,0.2,0.03,0,28.6,72,2.18,11,45,1.78,4.29,22,68,-4,58.83,4.53,0.35,0.5,24.51,93,7.26,9.64,1.22,0.66,0.56,0.13,1.65,2.31,0,11,0.3,31,0.26,23,63,14,24,62,14,20.61,17.49,0.91,100,-3.11,18.75,17.47
Danny Lloyd,Southport,1381,Right Wing,Right Midfielder,England,34,173,0.13,0.07,0.12,0.05,2.22,3,38,3,100,0.16,0.2,0.14,1.43,0.2,0.12,1.24,0,0.02,0.2,0.26,0.26,3.65,0,1.24,0.46,0.78,37,1.37,0,2.08,2.48,0.65,0.79,0.39,0.39,19.55,8.93,0.01,5.15,52.28,4.23,7.17,1.11,1.76,53,1.32,2.12,1.63,12,0.98,33,0.46,0,16.81,16.28,4.04,3.97,1.11,54.35,9.38,56,3.32,84,0.26,0,0,26.39,67,2.22,78,38,1.11,5.15,22,72,5,61.27,2.87,0.34,0.45,26.97,90,5.63,9.51,1.43,1.11,0.33,0.46,3.65,4.76,0.07,32,0.65,24,0.72,16,68,16,10,71,18,21.56,18.05,0.86,95,-3.51,18.59,17.2
Danny Mayor,Fylde,984,Left Centre Midfielder,Left Midfielder,England,35,183,0.55,0.55,0.29,0.14,2.01,27,59,2,,0.59,0.27,0.28,2.01,0.27,0.26,1.92,0,0.02,0.09,0.82,0.57,4.02,0.26,2.84,2.29,0.55,81,1.01,0,2.93,1.46,0.27,0.34,1.19,1.65,10.06,4.76,0.04,3.38,44.36,3.11,6.59,0.82,1.1,75,1.28,1.61,0.27,25,0.27,35,0.55,0,8.96,12.15,2.65,2.84,1.19,49.23,4.39,49,2.2,77,0.09,0,0,39.97,84,1.19,13,54,1.55,1.83,22,79,-5,61.81,7.59,0.72,1.08,39.15,94,7.83,18.11,2.38,2.01,0.37,0.37,3.11,5.12,0.18,4,0.09,8,0.64,19,66,14,18,67,15,16.13,15.05,0.96,99,-1.08,15.48,14.92
Danny Ormerod,Fylde,2318,Centre Forward,Centre Attacking Midfielder,England,20,,0.85,0.78,0.43,0.15,2.91,27,41,6,100,0.56,0.19,0.19,1.05,0.19,0.19,1.05,0,0,0,0.97,0.62,3.96,0.35,1.05,0.58,0.47,56,1.36,0,2.02,2.33,0.31,0.43,0.93,1.19,21.7,9.12,0.01,6.41,60.62,2.29,4,1.16,1.48,65,1.62,2.05,1.24,20,0.62,31,1.63,0,19.3,27.22,5.51,5.71,2.06,63.04,14.09,73,4.54,80,0.12,0,0,16.89,76,0.62,12,70,1.2,0.62,25,66,-10,60.4,1.82,0.57,0.9,16.46,86,7.12,5.86,0.58,0.58,0,0.47,5.2,5.79,0.04,7,0.12,30,0.7,16,59,25,18,63,19,15.01,14.68,1.01,99,-0.33,15.19,14.59
Danny Rowe,Spennymoor Town,2377,Right Centre Back,Right Back,England,30,188,0.11,0.11,0.03,0.07,0.42,27,45,0,,0.09,0.04,0.02,0.15,0.04,0.02,0.15,0,0,0,0.15,0.05,0.57,0.1,0.15,0.15,0,100,0.98,0,0.23,0.19,1.4,1.13,6.59,5.64,10.34,5.75,0.08,5.49,23.59,1.97,14.08,1.82,3.22,77,1.45,2.58,0.95,59,0.53,72,4.96,0,7.57,6.19,2.84,1.67,0.68,27.1,0.87,12,0.53,32,0.3,0,0,36,65,4.32,12,45,8.4,7.69,20,56,-8,36.42,2.8,0.26,0.28,22.37,99,4.74,3.29,0.42,0.23,0.19,0.08,1.25,1.48,0,18,0.15,44,0.11,46,49,5,53,43,5,25.45,24.18,0.9,95,-1.27,22.88,22.91
Danny Ryan Barker,Horsham FC,2342,Right Defensive Midfielder,Centre Defensive Midfielder,England,27,,0.04,0.04,0.02,0.08,0.31,13,25,0,,0,0.04,0.01,0.19,0.04,0.01,0.19,0,0,0,0.08,0.03,0.5,0.05,0.46,0.23,0.23,50,0.73,0,0.46,0.42,0.61,0.58,2.65,2.39,16.76,7.65,0.03,6.5,36.15,4.5,12.49,2.54,3.15,86,2.26,2.84,1.61,44,0.42,52,2.31,0,12.65,11.71,4.3,3.31,1.11,38.88,3.69,29,1.61,49,0.08,0,0,27.98,73,2.08,12,56,3.11,3.27,22,63,-10,44.79,2.5,0.21,0.21,16.95,98,4.19,4.07,0.23,0.23,0,0,0.31,0.54,0,0,0,0,0.04,26,64,10,24,73,4,21.5,18.4,0.98,101,-3.1,21.04,18.54
Danny Whitehead,Macclesfield Town,916,Left Defensive Midfielder,Right Defensive Midfielder,England,32,179,0.1,0.1,0.06,0.08,0.69,14,43,1,,0.15,0.1,0.05,0.59,0.1,0.05,0.59,0,0,0,0.2,0.11,1.28,0.09,0.39,0.29,0.1,75,0.88,0,1.08,0.79,0.98,1.14,2.85,3.28,13.65,5.6,0,4.32,40.17,6.29,12.57,1.87,2.85,76,2.33,3.48,0.69,50,0.59,45,1.47,0,11.1,13.91,3.14,3.24,1.18,44.09,4.81,43,2.55,79,0,0,0,46.16,80,2.06,13,48,3.54,3.63,20,72,-8,54.76,5.2,0.35,0.4,34.57,97,4.43,15.03,1.08,0.98,0.1,0.1,1.47,2.46,0,9,0.1,25,0.29,22,62,15,22,67,11,17.55,15.58,0.92,96,-1.98,16.19,14.93
Darnell Johnson,Oxford City,1941,Left Centre Back,Right Centre Back,England,27,185,0.14,0.14,0.04,0.13,0.32,43,43,0,,0.07,0,0,0.05,0,0,0.05,0,0,0,0.14,0.05,0.37,0.09,0.19,0.14,0.05,75,0.28,0,0.42,0.19,0.74,0.47,7.51,5.21,7.97,4.08,0.08,4.4,19.5,1.02,10.15,1.3,2.04,78,1.05,1.53,0.46,30,0.37,70,2.87,0,6.26,4.65,2.36,1.25,0.56,24.4,0.6,10,0.23,19,0.19,0,0,30.83,74,2.55,27,42,8.44,5.1,16,58,-16,31.73,1.16,0.12,0.15,23.14,98,4.67,1.21,0,0,0,0.05,0.97,0.97,0,,0,,0.05,36,60,4,54,46,0,24.41,20.79,0.88,98,-3.62,21.36,20.37
Darren McQueen,AFC Hornchurch,1445,Left Wing,Left Centre Forward,England,31,174,0.19,0.12,0.21,0.14,1.43,9,35,4,100,0.08,0.06,0.11,0.75,0.06,0.11,0.69,0,0,0.06,0.19,0.31,2.18,-0.13,0.69,0.25,0.44,36,1.74,0,0.87,1.81,0.31,0.28,0.81,0.84,13.39,3.86,0.01,3.8,57.64,3.55,5.48,0.5,0.81,67,0.5,0.79,0.56,33,0.25,29,0.87,0,12.33,12.66,3.05,3.92,1.37,61.56,9.28,75,3.36,86,0.12,0,0,18.31,66,0.37,69,29,1.25,0.87,24,60,-6,65.62,1.93,0.36,0.61,18.31,90,6.98,6.85,0.44,0.44,0,0.44,3.3,3.74,0,57,0.31,21,0.81,22,57,21,24,52,25,15.35,14.24,0.92,84,-1.1,14.17,11.97
David Agbontohoma,Maidstone United,703,Right Centre Back,Left Centre Back,England,24,189,0,0,0.01,0.07,0.13,0,0,0,,0,0,0.01,0.13,0,0.01,0.13,0,0,0,0,0.02,0.26,-0.02,0,0,0,,0.26,0,0,0,1.28,1.83,4.99,6.4,7.17,3.59,0.06,3.97,26.6,1.79,13.19,1.15,2.43,75,1.65,3.49,0.77,25,0.38,64,1.79,0,5.38,5.47,2.31,0.77,0.13,31.84,1.15,21,0.38,50,0.13,0,0,39.83,69,4.61,13,43,5.64,9.99,6,57,-12,37.53,1.66,0.45,0.49,26.13,100,5.6,2.05,0.13,0,0.13,0.13,1.02,1.02,0,100,0.13,14,0.13,39,58,3,44,44,13,25.71,26.07,0.86,75,0.37,22.19,19.6
David Ball,Radcliffe,1632,Centre Attacking Midfielder,Left Centre Forward,England,36,183,0.22,0.22,0.2,0.11,1.82,12,45,3,0,0.23,0,0.08,0.88,0,0.08,0.88,0,0,0,0.22,0.28,2.7,-0.06,0.94,0.55,0.39,59,1.32,0.11,1.6,3.03,0.33,0.23,0.88,0.72,14.61,6.45,0.01,4.47,60.46,4.8,6.62,0.5,0.83,69,0.5,0.72,1.27,0,0.22,28,1.27,0,12.85,11.16,3.91,3.86,1.65,63.71,9.59,75,3.36,87,0.33,0,0,22.06,75,0.83,15,50,1.05,1.49,28,64,-10,66.34,2.15,0.36,0.56,21.12,87,5.23,10.2,0.72,0.72,0,0.72,5.13,5.84,0,23,0.17,21,0.88,18,63,19,15,65,19,15.86,13.07,0.96,103,-2.79,15.24,13.4
David Carson,South Shields,946,Left Defensive Midfielder,Right Defensive Midfielder,England,30,178,0,0,0.01,0.04,0.19,0,0,0,,0,0,0.04,0.86,0,0.04,0.86,0,0,0,0,0.04,1.05,-0.04,0.19,0.19,0,100,2.38,0,1.33,0.57,0.38,0.58,1.33,1.96,16.83,7.32,0.04,6.94,41.6,4.76,9.61,2.57,2.95,84,3.89,4.47,1.33,64,0.48,40,0.38,0,12.93,20.25,4.76,4.56,1.52,43.3,5.23,40,2.28,50,0.29,0,0,55.54,85,3.23,5,64,2.38,3.99,16,82,-3,50.31,6.47,0.8,0.81,46.79,97,4.29,12.17,0.67,0.67,0,0.1,0.67,1.33,0.19,14,0.1,33,0,15,72,13,16,73,11,19.22,19.1,0.97,101,-0.11,18.59,19.3
David Davis,Kidderminster Harriers,1501,Right Defensive Midfielder,Left Defensive Midfielder,England,35,173,0.3,0.3,0.29,0.24,1.2,25,45,2,,0.24,0.12,0.02,0.66,0.12,0.02,0.66,0,0,0,0.42,0.32,1.86,0.1,0.78,0.48,0.3,62,1.14,0,0.66,1.08,1.26,1.4,2.1,2.38,20.08,7.73,0.03,7.73,48.75,7.97,12.53,2.04,3.3,74,2.68,4.08,2.4,27,0.72,68,2.7,0,15.65,18.13,5.58,4.98,2.1,52.83,9.05,58,3.9,78,0.3,0.06,0,32.67,69,2.16,32,49,2.76,3.72,25,68,-2,55.69,3,0.42,0.56,22,95,5.28,8.21,0.54,0.54,0,0.12,2.58,3.12,0.06,33,0.18,18,0.42,26,59,15,26,58,15,20.34,17.72,0.94,95,-2.63,19.22,16.8
David Longe-King,Chelmsford City,1643,Left Centre Back,Centre Attacking Midfielder,England,31,193,0.05,0.05,0.06,0.11,0.55,10,50,0,,0.06,0,0,0.05,0,0,0.05,0,0,0,0.05,0.06,0.6,-0.01,0.05,0,0.05,0,0.55,0,0.16,0.16,0.77,0.79,4.76,4.64,8.54,3.23,0.07,4.38,26.8,1.37,12.76,0.49,1.26,82,0.46,1.25,1.04,33,0.11,79,3.61,0,7.01,7.84,3.07,1.48,0.71,32.41,1.37,20,0.44,30,0.11,0.05,0.05,29.41,78,2.68,26,58,5.42,3.94,17,64,-14,35.44,1.26,0.23,0.26,18.51,99,4.83,1.81,0.05,0.05,0,0.05,1.64,1.7,0,0,0,,0.11,28,67,5,30,61,9,22.58,18.37,0.96,100,-4.21,21.63,18.35
David Longe-King,Hampton & Richmond,524,Left Centre Back,Right Centre Back,England,31,193,0,0,0.01,0.07,0.17,0,0,0,,0,0,0,0,0,0,0,0,0,0,0,0.01,0.17,-0.01,0,0,0,,1.37,0,0,0.17,1.03,1.22,2.92,2.96,10.48,5.33,0.03,7.22,27.95,1.55,11.86,1.2,2.23,78,1.28,2.51,0.17,33,0.34,79,1.89,0,9.11,9.48,5.67,1.89,1.55,31.35,1.55,17,1.03,55,0.17,0,0,28.87,64,1.72,37,31,3.44,4.98,16,75,11,36.04,2.41,0.13,0.13,16.5,100,6.93,2.75,0.17,0.17,0,0.17,1.03,1.2,0,0,0,0,0.17,41,54,5,38,63,0,22.17,18.96,0.88,91,-3.21,19.52,17.27
David Mantle,Maidenhead United,599,Left Centre Back,Centre Back,England,,,0,0,0.01,0.05,0.15,0,0,0,,0,0,0,0,0,0,0,0,0,0,0,0.01,0.15,-0.01,0.3,0.3,0,100,0.75,0,0.6,0.3,1.5,1.72,5.26,6.13,10.52,3.91,0.03,4.81,22.57,1.65,13.68,1.35,2.86,75,1.79,3.51,1.05,0,0.45,71,3.76,0,8.12,9.22,3.31,2.4,1.2,25.52,0.6,7,0.6,25,0.3,0,0,35.17,75,2.56,12,44,5.86,5.26,17,77,2,33.88,0.75,0.32,0.32,24.2,98,5.24,1.2,0,0,0,0,0.15,0.15,0,,0,0,0,37,58,5,50,25,25,22.39,16.98,0.92,104,-5.41,20.62,17.59
David Sesay,Maidstone United,2915,Right Back,Right Centre Back,Sierra Leone,27,184,0.03,0.03,0.02,0.04,0.52,6,35,1,,0.03,0.03,0.02,0.22,0.03,0.02,0.22,0,0,0,0.06,0.04,0.74,0.02,0.74,0.46,0.28,63,1.67,0,0.59,0.56,1.33,1.33,3.21,3.16,10.84,4.79,0.04,4.2,34.55,3.15,11.3,1.39,2.72,82,1.52,2.85,0.71,67,0.31,61,1.64,0,8.77,8.18,3.03,2.44,0.96,40.47,3.09,35,1.64,67,0.12,0,0.03,31.13,63,3.09,7,40,4.2,6.73,13,52,-12,50.69,4.51,0.23,0.25,21.8,96,4.87,6.61,0.49,0.37,0.12,0.09,1.11,1.48,0,50,0.37,27,0.25,44,48,8,37,54,9,24.37,21.46,0.88,95,-2.91,21.56,20.4
Davide Rodari,Hampton & Richmond,783,Left Centre Forward,Centre Forward,Switzerland,26,178,0.46,0.46,0.16,0.08,2.07,22,28,3,,0.24,0.11,0.05,0.92,0.11,0.05,0.92,0,0,0,0.57,0.21,2.99,0.37,0.92,0.46,0.46,50,1.26,0,1.26,3.1,0.34,0.34,1.38,0.8,11.26,3.22,0.02,3.1,54.72,3.68,5.05,0.57,0.92,50,0.44,0.78,1.84,0,0.57,49,5.4,0,8.85,6.15,2.53,2.53,1.03,62.99,6.89,78,2.53,100,0.11,0,0,22.52,49,0.46,14,50,1.49,0.8,38,41,-8,63.4,1.61,0.16,0.26,13.56,80,4.17,5.51,0.46,0.46,0,0.23,5.05,5.51,0,25,0.11,25,0.46,27,57,16,19,67,15,14.78,12.95,0.99,89,-1.83,14.67,11.56
Decarrey Musi Sheriff,Dover Athletic,1658,Centre Forward,Left Wing,England,28,,0.27,0.27,0.31,0.17,1.79,15,39,5,,0.27,0.22,0.09,0.71,0.22,0.09,0.71,0,0,0,0.49,0.4,2.5,0.09,0.98,0.71,0.27,72,0.92,0,1.68,2.99,0.33,0.16,0.6,0.41,16.12,5.21,0.01,3.85,60.76,3.09,4.51,1.03,1.36,90,0.74,0.9,1.36,50,0.11,24,1.52,0,13.73,8.39,3.26,3.47,1.03,63.55,10.37,75,2.93,84,0.11,0,0,13.84,53,0.49,66,39,0.98,0.87,33,52,-1,67.19,0.92,0.19,0.48,14.17,79,6.59,4.51,0.54,0.54,0,0.33,3.37,3.91,0,80,0.65,33,0.54,20,67,14,7,75,18,16.17,13.9,0.98,99,-2.27,15.78,13.7
Declan Drysdale,Marine,1256,Right Centre Back,Centre Defensive Midfielder,England,26,196,0.07,0.07,0.08,0.11,0.72,10,30,0,,0.1,0,0.03,0.21,0,0.03,0.21,0,0,0,0.07,0.11,0.93,-0.04,0.21,0.14,0.07,67,0.64,0,0.29,0.36,0.79,0.49,6.52,4.51,8.38,4.08,0.05,4.3,26.38,2.79,16.12,0.86,1.65,80,0.5,0.99,0.72,50,0.21,62,3.87,0,6.81,4.9,2.29,1.93,0.5,35.68,2.01,29,1.07,56,0.21,0,0,24.36,59,2.22,7,40,7.09,5.02,20,55,-4,39.64,2.65,0.21,0.27,12.68,97,6.53,2.94,0.29,0.29,0,0.07,1.65,1.93,0.07,0,0,0,0.21,46,48,6,51,41,7,25.34,20.46,0.92,96,-4.88,23.37,19.59
DJ Campton-Sturridge,Oxford City,1214,Right Wing,Left Centre Forward,England,24,176,0.44,0.37,0.2,0.15,1.33,28,50,4,100,0.32,0.22,0.13,0.67,0.22,0.13,0.67,0,0,0,0.59,0.33,2,0.26,1.11,0.59,0.52,53,1.26,0.07,3.63,2.67,0.44,0.49,0.3,0.24,17.64,8.67,0.01,4.67,53.93,2.74,5.93,0.82,1.26,69,0.68,1.17,1.33,0,0.37,34,1.26,0,15.57,11.41,3.85,3.04,0.67,56.11,9.86,63,2.3,76,0.07,0,0,16.38,69,0.52,6,44,0.52,0.96,31,60,-9,61.53,1.48,0.27,0.5,16.98,84,7.27,5.56,0.44,0.37,0.07,0.44,2.97,3.34,0.07,0,0.15,22,0.67,19,59,22,9,65,25,15.76,13.56,0.96,113,-2.2,15.12,15.33
D'Mani Bughail-Mellor,Macclesfield Town,2699,Centre Attacking Midfielder,Centre Forward,England,25,186,0.37,0.37,0.27,0.22,1.23,30,38,2,,0.32,0.07,0.11,0.77,0.07,0.11,0.77,0,0,0,0.43,0.38,2,0.05,0.83,0.57,0.27,68,0.9,0,1.77,2.6,0.43,0.52,0.8,1.01,18.28,7.3,0.01,5.4,56.84,4.37,7.2,0.9,1.33,64,1.05,1.57,0.57,22,0.5,43,2.4,0,16.84,19.53,4.54,4.8,1.63,59.77,11.31,67,3.9,81,0.03,0,0,23.78,77,1.07,16,71,1.03,1.27,25,66,-10,61.31,1.8,0.36,0.61,19.98,87,5.35,8.94,0.47,0.47,0,0.3,4.07,4.54,0.1,21,0.37,50,0.83,14,61,25,12,59,29,16.32,13.44,1,106,-2.88,16.36,14.25
Ewan Clark,Oxford City,1815,Left Wing,Left Midfielder,England,22,173,0.15,0.15,0.09,0.09,0.94,16,32,1,,0.17,0,0.07,0.74,0,0.06,0.59,0,0.01,0.15,0.15,0.15,1.69,-0.01,1.78,0.89,0.89,50,1.24,0,1.83,3.02,0.84,0.53,1.19,0.81,15.17,7.88,0.01,4.36,43.64,3.12,7.98,1.19,2.03,60,0.88,1.41,0.69,29,0.79,15,0.3,0.05,13.29,11.91,2.97,2.78,0.64,46.36,5.9,44,2.13,77,0.3,0,0,30.54,72,2.18,23,45,1.74,4.31,17,70,-1,56.45,4.02,0.2,0.29,30.24,90,6.39,9.42,1.14,0.94,0.2,0.3,2.33,3.27,0.05,17,0.25,17,0.5,25,55,20,29,53,18,19.99,18.16,0.91,96,-1.83,18.17,17.47
Ewan Williams,Leamington FC,2575,Centre Attacking Midfielder,Right Defensive Midfielder,England,22,,0.14,0.14,0.09,0.09,0.94,15,33,1,,0.12,0.03,0.03,0.66,0.03,0.03,0.66,0,0,0,0.17,0.12,1.61,0.06,0.56,0.38,0.17,69,1.33,0,0.66,1.26,1.01,0.75,2.45,1.68,18.84,9.44,0.03,6.08,38.75,6.47,11.81,1.82,2.83,66,1.15,1.9,0.91,36,0.94,53,2.83,0.03,16.15,10.33,4.3,4.26,1.22,41.54,5.21,32,2.31,54,0.03,0,0,25.27,68,1.5,16,51,3.11,2.31,24,54,-14,52.92,3.11,0.26,0.31,15.83,93,5.92,5.91,0.42,0.38,0.03,0.24,2.24,2.62,0,8,0.07,40,0.49,29,60,12,28,59,13,19.1,16.99,0.95,98,-2.12,18.18,16.61
Ezio Touray,Chippenham Town,1621,Left Centre Forward,Centre Forward,Italy,22,194,0.11,0.11,0.34,0.18,1.83,6,55,4,,0.37,0.11,0.1,0.83,0.11,0.1,0.83,0,0,0,0.22,0.44,2.67,-0.22,0.67,0.28,0.39,42,1.22,0.06,2,2.94,0.11,0.16,1.06,1.35,18.44,7,0.01,5.5,59.32,3.11,4.78,0.78,0.89,67,0.73,0.89,0.94,14,0.39,44,4,0,16.71,18.34,4.78,6,2.11,62.5,12.49,75,5.28,88,0.33,0,0,19.77,64,0.11,16,29,1.33,0.11,35,60,-4,62.56,1.72,0.41,0.63,15.16,83,5.59,6.22,0.28,0.28,0,0.72,5.05,5.33,0,0,0.06,20,1.11,18,60,21,12,64,24,13.26,13.24,0.97,94,-0.02,12.87,12.42
Faal Muhammadu,Maidstone United,818,Centre Forward,Right Centre Forward,England,28,196,0.22,0.11,0.37,0.11,3.52,3,44,8,50,0.43,0.22,0.14,1.21,0.22,0.14,1.21,0,0,0,0.33,0.52,4.73,-0.19,1.21,0.55,0.66,45,0.88,0,2.31,4.29,0.33,0.18,0.33,0.33,17.83,7.6,0.01,5.94,61.95,3.85,7.27,0.44,0.77,57,0.37,0.56,1.21,0,0.33,25,1.54,0,16.18,14.53,5.06,5.17,1.76,62.9,11.56,71,4.4,85,0,0,0,17.28,58,0.44,25,40,0.44,0.99,23,58,0,61.58,1.65,0.45,0.84,17.94,81,6.69,5.17,0.99,0.99,0,0.11,5.61,6.6,0,11,0.11,25,0.22,25,66,9,26,64,11,16.12,13.95,0.98,93,-2.18,15.77,12.9
Felipe Rodriguez-Gentile,Fylde,329,Right Wing,Right Midfielder,Argentina,19,177,0.55,0.55,0.31,0.13,2.46,22,44,5,,0.6,0.82,0.41,1.91,0.82,0.41,1.91,0,0,0,1.37,0.72,4.38,0.64,1.37,0.55,0.82,40,1.09,0,1.91,2.19,0.27,0.18,0.27,0.47,16.14,7.11,0,4.38,50.77,3.01,6.84,1.91,2.19,78,2.74,2.92,0.82,33,0.55,36,1.09,0,13.4,20.01,3.56,4.38,0.82,54.36,7.66,57,3.01,69,0,0,0,21.88,73,0.82,16,75,0.55,0.82,25,60,-13,58.38,1.91,0.61,1.04,19.42,92,6.76,7.39,0.27,0.27,0,0,3.56,3.83,0.55,0,0,0,0,20,64,16,11,74,15,14.4,14.94,1.02,101,0.54,14.71,15.04
Festus Arthur,Chester,882,Left Centre Back,Centre Back,Germany,25,187,0,0,0.04,0.06,0.61,0,17,0,,0,0,0.01,0.2,0,0.01,0.2,0,0,0,0,0.05,0.82,-0.05,0,0,0,,0.41,0,0.2,0.31,0.61,0.55,8.27,8.57,6.74,3.67,0.06,4.29,21.83,1.43,19.6,1.22,1.84,92,1.67,2.22,0.61,67,0.1,71,4.29,0,4.9,5.69,1.84,1.02,0.61,26,0.31,6,0.1,10,0.1,0,0,41.74,68,4.49,41,43,8.98,9.8,11,68,0,33.26,2.45,0.29,0.3,23.68,99,4.7,2.55,0,0,0,0.31,2.04,2.04,0,,0.1,33,0.31,39,56,4,44,52,4,27.63,19.67,0.9,96,-7.95,24.84,18.83
Festus Arthur,King's Lynn Town FC,392,Centre Back,Left Centre Back,Germany,25,187,0,0,0.07,0.07,0.92,0,25,0,,0,0,0.02,0.23,0,0.02,0.23,0,0,0,0,0.09,1.15,-0.09,0,0,0,,0,0,0.23,0,0.69,0.45,8.95,4.81,5.05,1.84,0.15,3.9,20.26,0.92,10.33,0.92,1.61,100,0.57,1.02,0.46,,0,84,3.67,0,3.67,2.26,1.15,0.46,0,26.44,0.46,13,0.23,50,0,0,0,25.01,66,2.98,38,37,9.64,7.34,17,68,2,33.85,1.84,0.07,0.13,14.69,98,4.73,1.84,0.46,0.23,0.23,0,1.38,1.61,0,0,0,,0,37,56,7,0,100,0,29.65,23.49,0.84,98,-6.16,24.93,23.07
Fin Roberts,Chester,870,Left Centre Forward,Centre Forward,England,20,185,0.21,0.21,0.32,0.11,3,7,31,5,,0.29,0,0.01,0.21,0,0.01,0.21,0,0,0,0.21,0.33,3.21,-0.12,2.07,0.62,1.45,30,1.03,0,1.55,4.34,0.41,0.59,0.62,0.59,20.27,7.34,0.01,4.34,59.86,2.38,3.72,1.03,1.45,67,0.78,1.38,1.14,17,0.52,40,2.79,0,18.41,14.41,3.41,4.03,1.34,61.74,12.41,67,3.21,79,0.31,0,0,16.65,70,0.31,7,43,0.83,0.52,33,65,-5,65.74,1.03,0.3,0.48,18.3,78,5.95,6.52,0.1,0.1,0,0.52,6.1,6.2,0,0,0,0,1.03,12,63,25,19,51,30,14.66,12.89,1.05,97,-1.77,15.32,12.53
Finlay Barnes,Ebbsfleet United,1066,Right Attacking Midfielder,Centre Attacking Midfielder,England,25,176,0.42,0.42,0.2,0.11,1.86,23,45,2,,0.38,0,0.22,1.86,0,0.22,1.77,0,0,0.08,0.42,0.42,3.71,0.01,2.45,1.6,0.84,66,1.86,0.08,2.62,2.62,0.59,0.65,0.17,0.23,23.47,9.37,0,8.44,56.56,4.31,7.43,0.93,1.52,58,1.17,1.82,1.1,22,0.68,33,0.76,0,21.44,28.23,7.68,5.66,2.03,57.66,13.59,63,4.73,84,0.17,0,0,36.8,79,1.35,83,47,0.76,2.28,22,74,-5,64.2,4.98,0.68,0.87,36.47,93,5.89,16.46,1.27,1.18,0.08,0.68,5.66,6.84,0.17,27,0.59,47,1.01,16,64,21,14,66,21,17.17,14.87,0.93,96,-2.3,16.05,14.32
Finlay Sinclair-Smith,Marine,2926,Left Wing,Left Midfielder,England,26,167,0.18,0.12,0.3,0.09,3.17,4,41,6,100,0.31,0.15,0.11,1.14,0.06,0.08,0.8,0.09,0.03,0.34,0.28,0.41,4.31,-0.13,1.6,0.89,0.71,56,1.2,0,2.09,2.52,0.83,0.67,0.8,0.61,21.31,7.9,0,5.57,51.38,4.24,6.55,1.45,2.28,70,0.97,1.64,1.14,26,0.62,22,0.71,0,18.76,13.24,4.64,4.74,1.54,54.02,10.49,56,3.66,77,0.12,0,0,18.98,59,1.01,11,29,1.05,3.2,23,63,4,65.78,2.65,0.43,0.67,19.44,87,8.1,7.26,1.45,0.89,0.55,0.37,4.74,5.63,0.03,34,0.74,30,0.55,19,67,14,17,63,21,19.49,15.21,0.87,92,-4.28,16.92,13.95
Finley Shrimpton,Chester,2060,Left Centre Midfielder,Right Back,England,23,159,0.13,0.13,0.09,0.08,1.09,12,36,1,,0.13,0.13,0.08,0.79,0.13,0.08,0.79,0,0,0,0.26,0.16,1.88,0.1,0.74,0.52,0.22,71,0.74,0,1,1,0.74,0.61,2.58,2.57,15.86,7.47,0.04,5.37,38.6,7.16,14.72,1.97,2.71,78,1.8,2.41,0.96,41,0.57,53,1.7,0,13.02,11.48,3.8,3.36,0.83,42.07,4.32,33,2.18,65,0.13,0,0,36.08,72,2.27,14,48,3.1,4.24,16,64,-8,53.48,4.46,0.39,0.46,26.56,96,5.53,9.83,0.39,0.39,0,0.22,1.53,1.92,0,56,0.26,32,0.26,33,55,12,27,62,11,20.64,17.46,0.92,88,-3.17,18.94,15.4
Finley Wilkinson,Hemel Hempstead Town,1037,Left Wing,Centre Forward,England,23,187,0.09,0.09,0.18,0.12,1.48,6,41,4,0,0.16,0.09,0.06,0.52,0.09,0.06,0.52,0,0,0,0.17,0.24,2,-0.07,0.43,0.26,0.17,60,0.87,0,1.39,1.56,0.78,0.71,0.52,0.52,17.27,7.46,0,4.34,50.17,3.73,6.07,1.13,1.91,72,0.96,1.67,1.21,38,0.43,22,0.95,0,14.93,14.33,3.82,3.47,0.95,51.67,7.81,52,2.78,80,0.17,0,0,18.22,64,1.3,15,56,0.78,2.08,25,62,-2,59.79,2.08,0.34,0.44,16.4,89,6.02,5.99,0.43,0.43,0,0.35,2.43,2.86,0,20,0.17,29,0.43,23,67,11,17,71,12,19.72,14.77,0.96,94,-4.95,18.92,13.95
Francis Mampolo,Dover Athletic,1311,Left Wing,Left Midfielder,England,23,184,0.07,0.07,0.1,0.07,1.44,5,38,3,,0.14,0.41,0.16,1.1,0.41,0.16,1.1,0,0,0,0.48,0.26,2.54,0.22,3.57,1.72,1.85,48,1.03,0,3.57,5.77,0.27,0.17,0.69,0.53,22.1,8.31,0.02,5.9,47.03,4.26,8.17,2.13,2.4,78,1.25,1.42,1.58,36,0.62,29,0.82,0,18.4,12.46,4.81,3.78,1.1,47.76,8.1,44,2.47,65,0,0,0,19.77,64,0.89,16,46,0.89,1.72,28,53,-11,60.82,2.61,0.32,0.49,25.54,74,8.05,6.73,1.1,1.03,0.07,0.48,3.16,4.19,0.21,44,0.62,33,0.82,22,62,16,15,60,24,18.45,15.01,0.94,94,-3.44,17.34,14.12
Frank Tattum,Leamington FC,632,Centre Forward,Right Wing,England,20,,0,0,0.11,0.09,1.28,0,33,3,,0.06,0,0.01,0.43,0,0.01,0.43,0,0,0,0,0.12,1.71,-0.12,0.57,0.43,0.14,75,1.57,0,1.57,2.71,0.43,0.2,0,0,20.65,9.54,0,4.56,59.94,3.28,4.84,0.85,1.28,60,0.64,0.84,1.57,0,0.57,29,2.99,0,18.23,12.05,3.99,3.7,1.14,59.63,13.39,73,3.13,85,0.14,0,0,19.23,59,0.43,22,38,0.14,1,45,63,4,63.33,1.28,0.09,0.16,15.67,87,5.17,5.98,0.28,0.28,0,0.43,2.99,3.28,0,0,0.14,20,0.57,16,65,19,10,79,12,16.19,13.62,0.96,99,-2.57,15.55,13.49
Frank Vincent,Dorking Wanderers FC,2334,Left Centre Midfielder,Left Centre Back,England,27,176,0.08,0.08,0.07,0.07,0.96,8,32,1,,0.08,0.23,0.16,1.74,0.12,0.12,1.35,0.12,0.05,0.39,0.31,0.23,2.7,0.07,0.73,0.42,0.31,58,0.39,0,1.08,1.31,0.85,1.15,2.2,2.85,17.93,7.75,0.03,6.98,36.64,5.28,13.15,1.97,2.81,69,2.57,3.72,0.93,27,0.89,37,0.96,0,15.04,19.83,5.24,4.2,1.74,40.36,5.21,35,2.74,65,0.15,0,0,39.14,66,4.01,77,40,3.47,8.64,15,57,-9,49.99,4.7,0.35,0.41,30,95,5.2,9.29,1.77,1.2,0.58,0.08,1.23,2.43,0.08,41,0.89,42,0.27,35,57,9,32,60,8,24.13,23.18,0.87,89,-0.95,21.1,20.7
Frankie Baker,Tonbridge Angels FC,686,Centre Forward,Right Centre Forward,England,20,,0.26,0.26,0.31,0.3,1.05,25,63,3,,0.3,0.26,0.2,1.05,0.26,0.2,1.05,0,0,0,0.52,0.51,2.1,0.01,0.66,0.26,0.39,40,1.18,0.13,3.15,3.28,0,0,0.13,0.08,20.98,5.9,0,5.9,64.72,4.2,5.51,0.79,0.79,86,0.42,0.42,2.23,50,0.13,15,1.31,0,18.22,10.73,5.38,5.11,1.97,65.35,14.55,80,4.72,92,0,0,0,10.75,61,0,21,,0.13,0,32,54,-7,68.2,0.92,0.54,0.65,11.93,67,6.9,4.2,0.92,0.92,0,0.79,3.41,4.33,0.13,0,0.13,33,0.79,18,72,10,13,78,9,12.47,11.48,1.02,117,-0.98,12.68,13.45
Frankie Edwards,AFC Hornchurch,1401,Right Centre Back,Centre Back,England,20,195,0,0,0.07,0.15,0.45,0,14,0,,0,0.06,0.09,0.32,0.06,0.09,0.32,0,0,0,0.06,0.16,0.77,-0.09,0.06,0,0.06,0,0.32,0,0.19,0.32,0.96,0.8,7.13,6.86,11.18,5.2,0.06,6.17,25.28,2.95,15.29,1.41,2.38,79,1.42,2.21,0.77,64,0.39,52,3.28,0.19,9.12,8.09,3.79,2.51,0.84,30.19,1.48,16,0.58,23,0.06,0,0,30.64,62,3.34,8,40,8.93,6.55,21,60,-1,42.23,2.76,0.44,0.49,17.34,97,4.71,3.79,0.32,0.32,0,0.26,1.61,1.93,0,0,0,,0.32,47,49,4,49,46,5,26.4,26.28,0.88,84,-0.13,23.24,22.04
Freddie Carter,Eastbourne Borough,1627,Left Centre Back,Right Centre Back,England,21,184,0.17,0.17,0.13,0.21,0.61,27,55,0,,0.21,0,0.07,0.33,0,0.06,0.28,0,0.01,0.06,0.17,0.2,0.94,-0.03,0.11,0.11,0,100,0.61,0,0.22,0.17,1.33,1.38,7.69,7.88,11.95,5.31,0.06,5.98,26.48,1.88,14.88,1.55,2.88,64,1.46,2.84,0.83,32,0.89,72,4.43,0.06,9.68,9.94,3.65,1.66,0.61,31.46,2.16,22,0.83,50,0.11,0,0,33.64,62,5.75,18,47,9.24,10.79,14,62,-1,36.8,3.26,0.29,0.33,20.14,99,4.39,3.26,0.66,0.28,0.39,0.22,1.83,2.1,0,42,0.39,26,0.22,46,52,2,58,41,2,28.71,26.03,0.9,88,-2.68,25.95,22.82
Freddie Grant,Chippenham Town,740,Left Centre Back,Right Centre Back,England,29,180,0,0,0.02,0.04,0.49,0,0,0,,0,0.12,0.06,0.61,0.12,0.06,0.61,0,0,0,0.12,0.08,1.1,0.05,0.12,0.12,0,100,1.7,0.12,0.61,0.24,0.97,1.12,8.15,8.37,10.83,4.99,0.15,5.23,22.43,2.8,14.12,1.83,2.8,79,1.78,2.91,1.1,70,0.49,63,3.53,0,7.91,7.91,2.43,2.19,0.49,31.07,1.34,17,0.73,33,0.24,0,0,40.65,74,7.18,62,59,9.61,10.71,11,67,-8,38.27,6.08,0.45,0.48,28.6,98,4.67,6.69,0.37,0.37,0,0.24,1.34,1.7,0,33,0.24,67,0.37,37,59,4,62,35,4,28.2,26.73,0.93,101,-1.47,26.13,26.87
Fuad Sesay,Dover Athletic,1022,Left Back,,England,22,178,0,0,0,0.03,0.09,0,0,0,,0,0,0.04,0.35,0,0.04,0.35,0,0,0,0,0.04,0.44,-0.04,0.62,0.35,0.26,57,0.62,0,1.06,0.7,2.02,1.44,3.43,2.51,17.25,7.66,0.03,7.31,27.72,5.37,14.97,2.55,4.58,69,1.97,3.41,0.62,35,1.14,44,1.23,0.09,14.17,11.09,4.58,2.29,0.53,32.26,3.43,24,1.67,73,0,0,0,27.2,52,2.38,72,30,4.84,6.51,12,54,2,45.76,4.49,0.34,0.35,18.13,94,5.66,4.67,0.53,0.53,0,0,0.09,0.62,0,17,0.09,9,0,59,37,5,53,45,2,25,26.04,0.86,81,1.04,21.61,21.22
Gene Kennedy,Ebbsfleet United,1880,Right Defensive Midfielder,Left Defensive Midfielder,England,23,,0.05,0.05,0.11,0.1,1.2,4,28,1,,0.09,0,0.04,0.48,0,0.04,0.48,0,0,0,0.05,0.15,1.68,-0.1,0.29,0.24,0.05,83,0.81,0,0.81,0.57,1.01,1.04,2.3,2.62,13.93,5.5,0.03,5.79,39.76,7.23,14.74,1.58,2.58,77,1.63,2.66,1.15,38,0.48,65,2.54,0,11.2,12.3,4.12,3.64,1.15,43.79,4.5,40,2.25,62,0.1,0,0,40.3,77,2.44,9,53,2.78,4.12,22,72,-5,51.91,4.93,0.59,0.65,28.91,97,3.87,10.19,0.48,0.48,0,0.14,2.44,2.92,0.1,10,0.05,13,0.34,26,66,8,28,68,4,19.34,15.69,0.96,100,-3.66,18.56,15.7
Geneiro Maragh,Oxford City,319,Left Wing Back,Left Back,England,23,182,0,0,0,,0,,,0,,0,0,0.06,0.56,0,0.06,0.56,0,0,0,0,0.06,0.56,-0.06,0.56,0.56,0,100,0.56,0,1.69,1.41,0.56,0.76,3.66,3.75,20.29,9.3,0.02,6.76,29.72,3.94,9.86,2.82,3.38,91,3.22,3.98,1.69,0,0.28,56,2.54,0,15.78,15.8,5.35,3.1,1.97,34.2,3.66,23,1.69,55,0,0,0,27.9,68,3.1,69,58,3.94,5.07,17,52,-15,49.9,3.66,0.38,0.43,24.51,92,5.5,6.2,0.56,0.56,0,0.28,0.28,0.85,0,50,0.56,25,0.28,35,48,17,36,36,27,21.12,16,0.9,79,-5.12,19.1,12.66
George Alexander,Eastbourne Borough,1430,Right Centre Forward,Left Centre Forward,England,25,176,0.31,0.31,0.31,0.24,1.26,25,35,3,,0.35,0.06,0.04,0.63,0.06,0.04,0.57,0,0,0.06,0.38,0.35,1.89,0.03,1.01,0.5,0.5,50,0.5,0,1.38,3.02,0.19,0.22,0.82,0.98,16.93,5.79,0,3.96,62.95,3.02,4.91,0.38,0.57,43,0.51,0.72,1.2,30,0.5,22,1.07,0,15.36,15.89,3.71,4.15,1.13,65.72,11.77,77,3.52,85,0.06,0,0,18.44,61,0.94,12,56,1.07,1.45,22,62,1,62.61,1.76,0.42,0.58,15.29,85,5.14,6.1,0.76,0.57,0.19,0.44,4.97,5.54,0,8,0.25,22,0.82,21,61,18,13,68,19,17.78,15.55,1,103,-2.23,17.84,16
George Birch,Weston-super-Mare AFC,308,Right Wing,Centre Attacking Midfielder,England,19,162,0,0,0.04,0.06,0.58,0,100,1,,0.08,0,0,0,0,0,0,0,0,0,0,0.04,0.58,-0.04,2.34,1.17,1.17,50,1.46,0,4.09,4.39,0.88,0.92,0.58,0.27,30.4,12.86,0,9.65,47.69,5.26,7.6,2.34,3.22,67,1.41,2.33,0.58,20,1.17,40,0.58,0,27.48,16.14,7.6,6.43,2.34,50.65,14.03,51,4.97,77,0,0,0,21.34,73,0.29,17,33,0.88,0.58,23,72,0,60.8,2.63,0.09,0.13,25.14,80,7.77,5.85,0.29,0.29,0,0.29,2.92,3.22,0,0,0.29,17,1.46,14,57,29,15,50,35,15.81,14.54,0.97,107,-1.27,15.32,15.61
George Burroughs,Oxford City,2819,Right Back,Right Centre Back,Scotland,23,191,0.06,0.06,0.03,0.14,0.19,33,50,0,,0.04,0.03,0.04,0.26,0.03,0.04,0.22,0,0,0.03,0.1,0.07,0.45,0.02,0.54,0.35,0.19,65,0.96,0,0.61,0.7,1.24,0.93,5.04,4.08,14.33,7.5,0.04,5.59,27.79,1.88,10.28,2.55,3.8,85,1.92,2.84,0.77,59,0.45,58,1.66,0.03,11.01,8.93,3.51,1.82,0.61,30.99,1.98,18,0.89,49,0.22,0,0,32.72,66,2.68,8,38,6.29,5.84,14,58,-8,45.04,3.73,0.17,0.2,24.9,96,4.41,5.04,0.67,0.48,0.19,0.03,0.45,0.93,0,29,0.22,23,0.03,41,48,11,32,51,17,22.52,21.83,0.88,94,-0.69,19.89,20.56
George Cantrill,Alfreton Town,2420,Right Defensive Midfielder,Left Defensive Midfielder,England,26,178,0,0,0.05,0.1,0.52,0,14,0,,0.03,0.04,0.07,0.67,0.04,0.07,0.67,0,0,0,0.04,0.12,1.19,-0.08,0.37,0.22,0.15,60,0.59,0,0.82,0.93,1.34,0.64,2.01,1.13,22.64,10.67,0.03,7.51,44.48,7.21,12.49,2.34,3.68,76,1.45,2.09,1.56,41,0.74,65,2.31,0,18.74,10.74,5.8,5.43,1.78,48.17,9.11,49,3.76,69,0.45,0,0,20.56,64,0.59,15,34,2.38,1.38,27,63,-1,53.64,1.82,0.24,0.3,11.27,91,5.05,5.17,0.37,0.33,0.04,0.41,2.01,2.34,0,0,0.07,25,0.82,35,53,12,31,56,13,17.83,15.53,0.91,94,-2.3,16.16,14.56
George Cox,Worthing FC,656,Left Back,Left Wing Back,England,28,171,0.14,0.14,0.07,0.06,1.1,13,25,1,,0.07,0.14,0.18,1.1,0.14,0.17,0.82,0,0.01,0.27,0.27,0.25,2.2,0.03,0.55,0.27,0.27,50,0.41,0,1.1,1.65,0.55,0.88,1.24,2.08,14.14,5.49,0.04,4.53,48.3,3.71,7.41,2.2,2.74,76,3.3,4.18,0.41,57,0.69,43,1.24,0,11.53,17.95,3.57,3.71,1.37,49.68,5.49,48,2.33,63,0.14,0,0,41.31,69,3.57,82,47,1.65,7.14,14,63,-5,55.81,4.25,0.88,0.98,35.27,96,4.13,11.12,1.92,1.24,0.69,0.41,3.71,4.94,0,21,0.69,25,0.55,24,56,20,23,46,31,20.49,16.18,0.91,103,-4.31,18.66,16.71
George Fowler,Maidstone United,2942,Right Centre Back,Left Centre Back,England,28,183,0,0,0.05,0.07,0.67,0,45,0,,0.04,0,0.03,0.24,0,0.03,0.21,0,0,0.03,0,0.08,0.92,-0.08,0.09,0.09,0,100,0.61,0,0.37,0.37,1.29,1.24,5.14,4.67,6.36,2.85,0.06,3.64,25.46,2.23,14.38,0.52,1.81,74,0.44,1.67,0.55,45,0.18,64,3.43,0.03,5.29,4.85,2.36,1.44,0.67,33.31,1.19,23,0.61,43,0.06,0,0,34.18,68,3.18,13,43,5.75,6.79,12,55,-14,40.63,3.03,0.38,0.41,20.35,98,5.25,4.04,0.46,0.46,0,0.15,1.93,2.39,0,33,0.15,28,0.28,41,53,6,46,41,13,25.08,20.63,0.89,87,-4.45,22.31,17.97
George Francomb,Dorking Wanderers FC,685,Left Centre Back,Left Back,England,34,180,0,0,0.03,0.04,0.79,0,50,1,,0.12,0,0.05,0.53,0,0.05,0.53,0,0,0,0,0.09,1.31,-0.09,0.66,0.26,0.39,40,0.39,0,0.53,0.79,0.53,0.66,2.37,2.97,18.01,7.23,0.02,6.84,32.35,4.21,12.88,2.63,3.15,74,3.72,4.38,0.66,25,0.92,58,2.89,0,14.72,19.59,4.6,3.55,0.79,33.91,2.89,20,1.97,56,0,0,0,43.51,73,5.39,13,47,3.15,10.65,11,72,-1,48.52,7.62,0.59,0.66,32.73,97,5.44,11.83,1.45,0.92,0.53,0,0.66,1.58,0,36,0.53,44,0,38,55,7,39,51,10,24.71,17.75,0.88,109,-6.96,21.81,19.34
George Glendon,Radcliffe,1641,Centre Defensive Midfielder,Left Defensive Midfielder,England,31,177,0,0,0.05,0.13,0.38,0,71,1,,0.06,0.05,0.03,0.6,0.05,0.03,0.49,0,0,0.11,0.05,0.08,0.99,-0.03,0.27,0.05,0.22,20,0.49,0,0.77,0.55,1.15,0.99,1.86,1.75,15.19,7.95,0.03,5.7,43.4,4.72,10.86,1.15,2.3,72,1.03,2.03,0.44,38,0.44,40,0.99,0.05,13.65,12,4.33,3.4,1.04,47.63,6.42,47,2.36,69,0.16,0,0,29.23,71,1.54,3,40,2.47,3.24,17,60,-11,50.82,3.89,0.27,0.3,18.48,96,4.68,6.85,0.66,0.55,0.11,0.05,1.21,1.75,0.11,8,0.05,11,0.22,30,60,10,37,58,5,19.93,17.5,0.91,92,-2.43,18.11,16.13
George Horbury,Chorley,375,Right Defensive Midfielder,Centre Attacking Midfielder,England,21,180,0,0,0.05,0.07,0.72,0,0,1,,0,0.24,0.09,0.96,0.24,0.09,0.96,0,0,0,0.24,0.13,1.68,0.11,1.68,1.2,0.48,71,0.48,0,3.36,0.96,1.68,1.4,2.88,1.9,30.21,15.35,0.04,6.95,46.39,9.11,14.63,2.64,4.32,65,0.92,2.32,1.2,44,1.44,57,2.88,0,26.38,16.37,5.51,7.67,1.44,46.96,11.51,44,5.51,72,0,0,0,29.01,68,1.68,29,47,3.6,2.88,29,57,-11,59.81,3.6,0.41,0.44,22.54,86,4.61,9.83,1.92,1.68,0.24,0.24,2.16,3.84,0,0,0.24,25,1.2,28,59,13,27,73,0,18.83,17.67,0.98,98,-1.16,18.54,17.36
George Marsh,Dagenham & Redbridge,810,Left Defensive Midfielder,Right Defensive Midfielder,England,27,177,0,0,0.01,0.02,0.44,0,0,1,,0,0,0.08,0.78,0,0.04,0.44,0,0.05,0.33,0,0.09,1.22,-0.09,0.33,0.11,0.22,33,1.78,0,0.44,0.78,0.33,0.4,2.11,2.3,18.33,7.66,0.04,5.33,38.25,6.44,14.33,2.44,2.78,81,2.3,2.7,1.78,50,0.56,60,1.33,0.11,14.11,13.96,3.89,4.11,0.89,41.88,4.78,34,2.44,59,0.56,0,0,35.88,76,2.33,13,40,2.78,5.11,14,67,-9,49.9,3,0.35,0.35,22.33,98,4.28,5.44,1.33,0.56,0.78,0,0,0.56,0.33,8,0.11,20,0,22,63,16,39,57,4,21.82,20.54,0.91,88,-1.29,19.94,17.97
George Moncur,Bedford Town,346,Centre Attacking Midfielder,Left Wing,England,32,175,0,0,0.03,0.04,0.78,0,0,1,,0,0.26,0.05,0.78,0.26,0.05,0.78,0,0,0,0.26,0.08,1.56,0.18,0.52,0.26,0.26,50,0.78,0,1.56,2.6,0.78,0.31,1.04,0.6,15.62,6.77,0,6.25,43.5,2.86,6.51,2.08,2.86,100,0.98,1.29,1.04,,0,14,0.26,0,12.5,7.72,4.69,1.56,0.26,47.15,4.43,35,1.3,83,0,0,0,22.65,84,1.3,19,56,1.04,2.34,25,82,-2,55.63,2.86,0.15,0.22,20.83,91,4.88,9.37,1.04,0.78,0.26,0.52,2.86,3.65,0,0,0,0,0.26,19,61,19,17,69,14,19.52,17.75,0.92,99,-1.77,17.93,17.62
George Moncur,Ebbsfleet United,647,Centre Attacking Midfielder,Left Centre Midfielder,England,32,175,0,0,0.08,0.04,1.81,0,23,2,,0.02,0.42,0.14,1.81,0.42,0.14,1.81,0,0,0,0.42,0.22,3.62,0.19,1.25,0.7,0.56,56,0.42,0,1.39,0.97,0,0,0.56,0.64,11.82,6.4,0,2.64,52.27,4.31,7.51,0.7,0.7,56,0.8,0.8,0.42,50,0.56,23,0.42,0,10.71,11.57,2.36,2.5,0.28,53.56,5.84,55,1.81,72,0,0,0,39.5,86,1.25,12,60,0.97,1.67,27,80,-6,60.36,3.06,0.44,0.49,35.33,94,5.9,16.83,0.7,0.7,0,0.56,3.06,3.76,0,40,0.28,29,0.7,10,71,19,7,78,15,16.47,14.67,0.97,101,-1.8,16.02,14.89
George Munday,Hereford FC,354,Centre Forward,Right Centre Forward,England,19,,0.51,0.25,0.45,0.15,3.05,8,33,5,100,0.4,0.25,0.47,1.53,0.25,0.47,1.53,0,0,0,0.51,0.91,4.58,-0.41,0,0,0,,0.76,0,3.56,3.31,0,0,0.76,0.77,17.29,6.87,0.02,4.07,62.26,4.32,5.85,1.53,1.53,75,1.57,1.57,1.02,33,0.51,40,2.54,0,14.75,14.21,3.31,3.81,1.53,66.85,12.72,86,3.81,100,0,0,0,21.62,52,0.51,49,25,1.53,1.27,33,43,-9,68.57,1.78,0.58,1.37,19.33,82,6.03,7.38,1.53,1.53,0,0.51,6.61,8.14,0.25,33,0.76,33,0.76,27,62,11,14,72,14,17.49,16.42,0.88,89,-1.07,15.41,14.65
George Newell,Marine,1573,Centre Forward,Left Centre Forward,England,29,184,0.34,0.34,0.24,0.14,1.66,21,34,3,0,0.22,0,0.11,0.69,0,0.11,0.69,0,0,0,0.34,0.35,2.35,0,0.4,0.29,0.11,71,0.92,0,1.43,3.43,0.34,0.24,0.51,0.3,19.85,6.35,0.02,5.21,64.88,3.72,5.43,0.63,0.97,65,0.39,0.63,2.06,43,0.34,39,4.29,0.06,17.16,11.07,4.52,4,1.03,67.06,14.3,83,3.6,90,0.23,0,0,21.85,61,0.63,21,28,1.09,1.66,37,58,-3,62.49,2.12,0.52,0.71,15.27,82,4.97,7.21,0.46,0.46,0,0.4,5.03,5.49,0,13,0.06,11,0.86,24,61,15,20,65,15,16.92,15.55,0.89,84,-1.36,15.01,13.06
George Nikaj,Dover Athletic,2919,Right Wing,Right Midfielder,England,23,,0.31,0.28,0.23,0.09,2.53,11,33,6,100,0.25,0.06,0.13,0.89,0.06,0.13,0.89,0,0,0,0.34,0.36,3.42,-0.02,2.19,1.26,0.93,58,0.77,0.06,2.56,3.15,0.43,0.28,0.74,0.54,21.03,9.07,0.01,4.96,55.52,3.98,6.32,1.2,1.63,59,0.86,1.13,0.96,13,0.83,31,1.85,0,18.9,13.92,4.35,5,1.45,57.02,11.96,63,4.41,88,0.06,0,0,17.95,49,0.8,73,34,1.63,1.45,34,47,-2,65.18,2.37,0.35,0.53,18.44,82,7.47,5.74,0.59,0.56,0.03,0.4,5.67,6.23,0.03,21,0.28,17,1.11,29,61,11,24,59,17,18.96,18.31,0.9,89,-0.65,17.15,16.38
George Peter Penn,Salisbury,312,Left Defensive Midfielder,Left Centre Midfielder,England,18,,0,0,0.03,0.05,0.58,0,0,1,,0,0,0.02,0.58,0,0.02,0.58,0,0,0,0,0.05,1.15,-0.05,0,0,0,,0,0,1.44,0.86,0.58,0.74,2.02,2.19,19.6,5.48,0.03,6.34,41.77,6.92,14.7,2.59,3.17,75,2.7,3.45,1.73,0,0.86,75,3.46,0,15.27,17.45,4.61,6.05,1.44,46.77,6.63,43,3.75,62,0.29,0,0,36.31,75,0.86,10,30,2.31,2.59,17,83,8,50.1,3.75,0.16,0.2,25.07,95,5.34,6.92,0.29,0.29,0,0,0.86,1.15,0,0,0,,0,31,61,8,46,50,4,17.95,15.77,0.91,107,-2.18,16.31,16.8
George Pratt,Chorley,359,Left Centre Back,,England,22,193,0.25,0.25,0.11,0.09,1.25,20,20,1,,0.21,0,0,0,0,0,0,0,0,0,0.25,0.11,1.25,0.14,0,0,0,,0.5,0,0,0.25,0.75,0.35,8.52,7.06,11.77,4.51,0.13,6.51,22.49,1.5,12.03,2.25,3.01,90,1.21,1.57,1.25,50,0.25,60,2.25,0,8.27,5.08,2.51,1.5,0.25,27.59,1.5,18,1,67,0.25,0,0,30.56,69,3.76,80,45,10.27,6.51,18,55,-15,34.75,1.75,0.18,0.29,19.29,100,5.27,2.25,0,0,0,0.25,3.26,3.26,0,,0,0,0.5,34,61,5,44,44,11,27.74,31.42,0.9,81,3.69,24.84,25.35
George Walker,Kidderminster Harriers,819,Right Midfielder,Right Wing,England,22,172,0,0,0.08,0.08,0.99,0,22,2,,0.01,0.11,0.04,0.44,0.11,0.04,0.44,0,0,0,0.11,0.13,1.43,-0.02,1.43,0.55,0.88,38,0.55,0,3.19,3.19,0.33,0.4,0.22,0.24,14.73,4.29,0,4.84,59.36,4.51,6.16,1.32,1.65,67,1.65,2.04,0.88,29,0.66,16,0.33,0,12.53,15.18,3.74,4.62,2.09,60.4,8.35,67,3.85,83,0.11,0,0,20.66,54,0.55,25,45,0.22,1.21,26,53,-1,65.43,1.98,0.32,0.4,22.86,78,9.39,6.27,0.88,0.88,0,0.22,1.98,2.86,0,63,0.77,21,0.11,15,66,18,12,58,30,15.35,12.5,0.99,97,-2.85,15.25,12.14
George Ward,Buxton,2288,Right Centre Back,Left Centre Back,England,24,,0.16,0.16,0.06,0.09,0.59,27,40,0,,0.11,0,0.03,0.24,0,0.03,0.24,0,0,0,0.16,0.08,0.83,0.07,0.28,0.24,0.04,86,1.02,0,0.59,0.39,1.06,1.23,5.94,7.04,9.32,4.41,0.06,5.98,25.63,2.44,15.7,1.65,2.71,89,1.98,3.21,0.9,50,0.2,64,4.09,0,6.77,7.73,2.91,1.97,0.83,32.22,1.14,17,0.59,30,0.16,0.04,0,47.84,76,5.27,16,55,7.28,8.26,16,67,-9,35.52,3.93,0.27,0.32,35.21,99,7.56,4.37,0.28,0.28,0,0.2,1.65,1.93,0.04,0,0,0,0.28,34,63,3,54,44,2,25.16,23.69,0.92,87,-1.47,23.14,20.68
George Wilkinson,Dover Athletic,811,Left Centre Midfielder,Right Centre Midfielder,England,22,171,0,0,0.05,0.09,0.55,0,40,1,,0.05,0.11,0.1,0.89,0.11,0.07,0.55,0,0.03,0.33,0.11,0.15,1.44,-0.04,0.22,0.11,0.11,50,0.44,0,1.33,1.44,0.55,0.43,1.11,0.99,17.09,5.99,0.02,4.99,44.26,4.77,8.43,1.22,1.78,61,1.07,1.5,1.22,0,0.78,30,1.22,0,14.76,12.73,3.88,3.77,1,44.79,6.44,44,2.77,74,0.22,0,0,23.74,58,2.22,15,38,1.89,5.1,25,56,-2,57.59,2.44,0.27,0.4,15.76,92,3.15,5.77,1.55,0.55,1,0.44,2.88,3.44,0.22,14,0.44,25,0.78,36,52,12,37,56,8,22.26,18.57,0.86,97,-3.69,19.2,18.09
George Williams,Hemel Hempstead Town,2065,Right Wing,Left Wing,Wales,30,172,0.04,0.04,0.16,0.11,1.48,3,41,2,,0.13,0.13,0.17,1.61,0.04,0.08,0.83,0.09,0.09,0.78,0.17,0.33,3.09,-0.15,1.22,0.65,0.57,54,1.26,0,1.26,1.92,0.61,0.51,0.87,0.8,13.21,5.14,0.01,4.45,53.44,5.71,8.5,1.05,1.66,71,1.01,1.52,1,17,0.44,36,0.87,0,11.2,10.24,3.49,3.79,1.31,56.79,7.19,64,3.36,89,0.09,0,0,27.77,58,2.4,15,41,1.13,5.58,18,66,8,65.08,2.48,0.38,0.5,23.41,91,5.27,9.89,2.53,1.18,1.35,0.09,3.14,4.32,0.13,33,1,23,0.57,20,61,19,18,55,27,21.42,15.45,0.91,99,-5.97,19.42,15.27
George Wilson,Fylde,1131,Centre Attacking Midfielder,Centre Defensive Midfielder,England,25,181,0.08,0.08,0.14,0.07,2.15,4,15,2,,0.14,0.16,0.06,0.8,0.16,0.06,0.64,0,0,0.16,0.24,0.21,2.94,0.03,1.11,0.64,0.48,57,0.72,0,1.99,1.91,0.32,0.4,1.11,1.56,16.55,7.08,0.02,6.36,47.22,4.22,9.63,1.59,1.91,71,2.33,2.73,1.19,22,0.64,29,0.72,0,13.76,19.38,4.85,5.17,2.07,50.6,7.08,51,3.66,71,0.08,0,0,42,85,2.07,16,57,1.59,3.18,17,83,-2,51.99,4.3,0.64,0.74,35.56,94,5.5,10.74,0.8,0.72,0.08,0.24,2.47,3.18,0,30,0.24,43,0.4,14,68,18,16,66,18,17.85,16.06,0.95,98,-1.78,16.91,15.8
Georgio Rasulo,Chesham United FC,2358,Centre Defensive Midfielder,Right Defensive Midfielder,England,29,177,0.04,0.04,0.03,0.05,0.61,6,25,0,,0.04,0,0.04,0.69,0,0.04,0.65,0,0,0.04,0.04,0.08,1.3,-0.04,0.57,0.42,0.15,73,0.92,0,0.88,0.73,1.03,1.06,1.76,1.76,17.29,8.4,0.02,5.76,41.83,7.18,14.96,1.3,2.33,63,1.44,2.5,1.18,17,0.76,46,1.34,0,14.92,14.62,4.39,4.73,1.68,43.76,5.57,37,2.37,50,0.15,0,0,41.76,74,2.48,13,43,2.37,5.15,18,70,-5,49.11,3.66,0.32,0.36,30.34,98,4.4,8.05,0.92,0.84,0.08,0.08,0.95,1.79,0.04,13,0.11,14,0.19,27,60,14,36,55,9,20.25,17.03,0.92,100,-3.22,18.57,17.07
Gerry McDonagh,Alfreton Town,651,Centre Forward,Left Centre Forward,Republic of Ireland,28,193,0,0,0.07,0.1,0.69,0,20,1,,0.02,0.14,0.06,0.55,0.14,0.06,0.55,0,0,0,0.14,0.13,1.25,0.01,0,0,0,,1.52,0,2.63,2.63,0.14,0.02,0.42,0.27,13.97,4.43,0.01,2.35,62.47,3.18,4.7,0.55,0.69,67,0.26,0.28,1.25,0,0.28,33,4.15,0,12.17,4.84,2.08,1.8,0.42,64.57,9.27,76,1.66,92,0.42,0,0,15.08,57,0.55,5,57,0.69,0.69,45,49,-8,64.83,1.38,0.35,0.36,10.65,71,4.66,5.12,0.28,0.28,0,0.42,4.43,4.7,0,50,0.42,60,1.11,15,69,15,8,76,16,15.17,13.39,1.07,86,-1.78,16.23,11.54
Giles Phillips,AFC Hornchurch,1188,Left Back,Right Centre Back,USA,28,190,0.08,0.08,0.06,0.19,0.3,25,25,0,,0.06,0.08,0.05,0.15,0.08,0.05,0.15,0,0,0,0.15,0.11,0.45,0.04,0.38,0.15,0.23,40,0.53,0,0.23,0.45,0.38,0.37,7.12,7.2,12.87,4.85,0.06,6.74,25.2,2.42,14.84,1.82,2.2,77,1.66,2.03,0.76,46,0.53,83,5.6,0,10.3,10.06,4.32,2.27,1.36,29.03,1.74,17,1.21,53,0.15,0,0,28.25,60,1.74,23,32,8.03,4.54,18,50,-10,45.51,2.95,0.37,0.42,14.77,96,5.65,4.24,0.3,0.23,0.08,0.15,0.83,1.06,0,0,0,0,0.15,48,46,6,45,50,5,22.49,20.33,0.89,89,-2.16,20.11,18.19
Glen Taylor,Spennymoor Town,2630,Centre Forward,Left Centre Forward,England,36,191,0.55,0.38,0.43,0.13,3.42,11,44,5,100,0.48,0.17,0.14,0.89,0.17,0.14,0.89,0,0,0,0.55,0.57,4.31,-0.02,0.58,0.27,0.31,47,1.57,0.03,0.92,2.91,0.24,0.21,0.72,0.67,13.04,5.13,0.01,3.18,61.95,2.77,3.8,0.51,0.75,79,0.38,0.59,0.92,20,0.14,55,5.2,0,11.6,9.25,2.87,3.56,1.03,65.6,9.31,80,2.87,81,0.1,0,0,24.16,62,0.92,16,49,1.09,1.51,38,58,-4,61.74,2.36,0.45,0.74,17.45,90,5.01,7.84,0.86,0.86,0,0.44,6.64,7.49,0.17,12,0.24,39,0.79,20,64,16,17,72,11,16.64,14.74,0.99,100,-1.9,16.41,14.71
Gold Omotayo,Eastbourne Borough,384,Left Centre Forward,Right Wing Back,Switzerland,32,193,0,0,0.2,0.14,1.4,0,50,3,,0.14,0,0.07,1.17,0,0.07,1.17,0,0,0,0,0.27,2.58,-0.27,0.7,0.7,0,100,0.94,0,2.81,2.58,0,0,1.17,1.53,16.86,5.15,0.03,6.09,51.07,4.92,6.32,0.94,0.94,67,1.25,1.25,1.17,0,0.47,67,9.13,0.23,14.75,19.42,4.45,4.45,2.34,55.75,9.13,62,3.51,79,0.23,0,0,23.88,64,0.47,22,50,1.64,0.47,61,60,-4,66.64,1.64,0.53,0.72,15.45,79,5.18,9.83,0.23,0.23,0,1.17,6.56,6.79,0.23,0,0,,1.64,17,72,12,14,71,14,15.19,14.73,0.97,95,-0.46,14.71,13.97
Gold Omotayo,King's Lynn Town FC,1088,Right Centre Forward,Centre Forward,Switzerland,32,193,0.17,0.17,0.27,0.17,1.57,11,26,2,,0.16,0.17,0.22,1.57,0.17,0.22,1.57,0,0,0,0.33,0.5,3.14,-0.17,0.83,0.41,0.41,50,0.66,0,2.4,3.23,0.17,0.22,1.41,1.76,15.79,4.38,0.01,4.47,60.72,3.39,4.88,0.58,0.74,100,0.66,0.87,1.74,100,0,63,8.02,0,13.48,17.44,3.89,4.55,1.41,65.59,11,82,3.64,80,0.17,0,0,24.06,59,0.33,25,50,1.49,0.58,47,47,-11,68.88,0.99,0.59,0.74,14.97,79,4.58,9.1,0.58,0.58,0,0.91,7.86,8.43,0.08,0,0.08,100,1.65,14,67,19,6,72,22,13.9,13.68,0.98,99,-0.21,13.66,13.52
Greg Sandiford,Bedford Town,2522,Right Back,Left Back,England,21,178,0,0,0.01,0.03,0.29,0,25,0,,0.01,0.11,0.07,0.86,0.04,0.04,0.36,0.07,0.04,0.5,0.11,0.08,1.14,0.02,0.29,0.14,0.14,50,0.86,0,0.57,0.43,1.64,0.93,3.25,1.86,15.06,6.78,0.03,6.1,29.26,2.6,9.56,1.75,3.39,83,0.83,1.76,0.43,40,0.36,47,1.5,0,12.88,7.01,4.35,1.96,0.71,32.22,2.75,21,1.11,56,0.11,0,0,21.05,55,3.21,16,36,4.07,8.03,12,47,-7,53.86,3.78,0.12,0.18,14.27,96,4.77,4.53,1.78,0.54,1.25,0.07,0.64,1.18,0,30,0.75,29,0.07,47,47,6,29,60,11,26.17,20.14,0.86,91,-6.04,22.54,18.3
Greg Taylor,Bedford Town,3283,Left Centre Back,Left Defensive Midfielder,England,36,186,0.03,0.03,0.05,0.07,0.71,4,8,1,,0.01,0.05,0.05,0.38,0.05,0.05,0.38,0,0,0,0.08,0.11,1.1,-0.02,0.58,0.38,0.19,67,0.9,0,0.58,0.63,0.77,0.48,4.55,2.8,10.28,4.66,0.04,4.93,26.24,2.69,13.57,1.62,2.38,78,0.91,1.4,0.58,53,0.47,66,3.12,0,8.09,4.64,2.88,1.54,0.41,32.11,1.64,20,0.66,43,0.19,0,0,26.97,57,3.59,53,40,5.81,7.73,19,44,-13,42.02,3.04,0.21,0.27,16.97,97,5.24,3.92,0.49,0.47,0.03,0.11,1.37,1.84,0.11,17,0.14,36,0.22,50,47,3,51,45,4,27.75,23,0.85,88,-4.75,23.61,20.31
Gregory Roland Luer,Horsham FC,2017,Right Wing,Centre Forward,England,31,180,0.09,0.09,0.09,0.1,0.94,10,38,2,,0.16,0.09,0.13,0.98,0.09,0.12,0.89,0,0.01,0.09,0.18,0.22,1.92,-0.04,0.89,0.54,0.36,60,0.94,0,1.03,1.92,0.76,0.65,1.07,0.81,14.05,7.09,0.01,4.46,48.35,4.24,7.36,0.85,1.61,66,0.72,1.37,0.36,9,0.45,47,1.78,0,12.94,10.61,3.66,2.81,0.8,52.25,6.92,53,2.32,83,0.04,0,0,29.53,60,1.2,23,32,1.7,3.17,22,60,0,59.11,2.45,0.45,0.58,23.29,94,6.24,8.08,1.12,0.85,0.27,0.49,2.77,3.61,0,32,0.45,16,0.71,24,57,19,18,54,28,19.66,18.2,0.9,100,-1.45,17.71,18.15
Gus Mafuta,Hereford FC,1208,Left Defensive Midfielder,Centre Defensive Midfielder,England,30,177,0.07,0.07,0.09,0.08,1.12,7,33,1,,0.07,0,0.03,0.52,0,0.03,0.52,0,0,0,0.07,0.12,1.64,-0.04,0.75,0.67,0.07,90,0.82,0,0.97,0.15,0.45,0.28,1.71,1.52,14.38,7.3,0.03,6.04,36.06,6.56,11.92,1.86,2.31,86,1.55,1.83,1.34,0,0.3,63,1.42,0,11.18,8.58,3.95,2.61,1.12,40,3.95,35,1.64,63,0.15,0,0,33.54,77,1.27,13,43,2.31,2.38,20,69,-8,48.53,2.09,0.41,0.45,25.56,97,4.97,5.74,0.22,0.22,0,0,1.19,1.42,0.07,0,0.07,25,0.45,24,64,12,30,62,8,18.41,17.93,0.93,93,-0.47,17.2,16.66
H.Sparks,Horsham FC,2520,Left Back,Left Wing,England,30,176,0,0,0.03,0.05,0.68,0,37,1,,0.05,0.18,0.09,0.75,0.07,0.04,0.46,0.11,0.04,0.29,0.18,0.12,1.43,0.06,0.25,0.11,0.14,43,0.32,0,0.61,0.71,0.93,0.93,2.96,2.94,15.04,7.71,0.03,5.29,31.71,2.54,9.61,1.93,2.86,71,1.82,2.75,0.68,44,0.79,42,0.82,0,12.46,11.25,3.64,2.93,0.82,35.92,3.39,27,1.5,51,0.18,0,0,35.22,69,3,87,35,4.04,7.5,13,66,-3,46.98,4.29,0.29,0.35,27.07,96,4.68,7,1.11,0.61,0.5,0.04,0.75,1.36,0.04,35,0.54,31,0.07,34,54,12,39,48,13,23.08,21.63,0.85,89,-1.46,19.7,19.26
Hakeem Sandah,Farnborough,1696,Left Wing,Left Wing Back,England,21,176,0.11,0.11,0.09,0.06,1.54,7,17,2,,0.07,0.11,0.09,1.22,0.11,0.09,1.17,0,0,0.05,0.21,0.18,2.76,0.03,3.72,2.12,1.59,57,2.65,0.05,2.65,4.14,0.9,0.73,0.64,0.42,18.95,8.76,0,6.21,47.55,3.77,6.9,2.28,3.18,72,1.76,2.49,0.96,35,0.9,39,1.01,0,15.76,12.54,4.62,3.82,1.27,50.01,8.12,52,3.13,82,0,0,0,24.31,72,0.48,18,33,0.85,1.22,22,73,0,57.77,2.65,0.28,0.38,29.14,85,7.19,7.32,1.22,1.11,0.11,0.42,2.49,3.61,0.05,35,0.58,27,0.64,16,67,18,14,64,22,17.39,16.27,0.95,104,-1.13,16.56,16.92
Hallam Hope,Radcliffe,526,Right Centre Forward,Left Centre Forward,Barbados,32,179,0,0,0.28,0.12,2.22,0,46,5,,0.21,0,0.01,0.34,0,0.01,0.34,0,0,0,0,0.29,2.57,-0.29,0.68,0,0.68,0,1.37,0,1.88,2.57,0.34,0.34,0.34,0.33,16.42,6.5,0,5.13,61.58,3.42,4.62,0.86,1.2,100,0.63,0.96,0.86,,0,24,1.71,0,14.71,11.99,4.62,3.76,1.2,62.56,10.95,74,3.76,100,0.17,0,0,18.48,69,0.34,11,67,0.34,0.51,31,69,-1,67.8,1.37,0.51,0.67,14.03,84,5.93,8.04,0.34,0.34,0,0.51,6.84,7.19,0,0,0.34,50,1.2,18,53,29,11,57,32,12.59,11.21,1.02,110,-1.38,12.8,12.37
Hamza Bencherif,Worksop Town FC,525,Right Centre Back,Centre Back,Algeria,38,191,0.17,0.17,0.08,0.24,0.34,50,100,0,,0.18,0,0.05,0.51,0,0.05,0.51,0,0,0,0.17,0.13,0.86,0.04,0,0,0,,0.51,0,0,0.34,0.86,0.56,8.22,6.53,11.48,4.8,0.02,6.68,29.08,2.57,15.42,0.69,1.54,67,0.67,1.24,2.23,0,0.34,88,3.94,0,8.57,8.63,4.11,1.71,0.51,35.3,1.71,20,0.69,40,0.51,0,0,29.47,62,2.74,16,39,9.76,5.48,18,42,-20,40.64,1.54,0.15,0.24,13.02,100,5.05,3.25,0.17,0.17,0,0.51,2.4,2.57,0,0,0,0,0.69,43,51,6,47,37,16,25.16,24.2,0.84,84,-0.96,21.03,20.39
Hamzad Kargbo,Maidstone United,565,Centre Forward,Left Centre Forward,England,24,198,0.64,0.64,0.46,0.19,2.39,27,47,5,,0.59,0.16,0.11,0.8,0.16,0.11,0.8,0,0,0,0.8,0.58,3.19,0.22,0.64,0.48,0.16,75,0.8,0,1.75,2.07,0.16,0.25,0.64,0.52,18.64,7.49,0,4.14,64.26,4.46,6.21,0.64,0.8,67,0.64,0.9,2.71,0,0.32,54,9.4,0,15.45,13.87,3.66,4.78,1.43,66.71,13.06,85,3.98,83,0.32,0,0.16,21.34,50,0.32,55,29,0.96,0.8,48,51,1,62.96,3.03,0.62,0.74,10.04,79,4.74,7.01,0.32,0.32,0,0.8,5.42,5.73,0,0,0.32,67,0.96,33,62,5,25,66,9,17.11,15.3,1,110,-1.81,17.1,16.87
Harley Hamilton,Hereford FC,869,Right Centre Midfielder,Right Defensive Midfielder,England,22,,0.1,0.1,0.1,0.08,1.35,8,62,2,,0.11,0.21,0.19,1.04,0.21,0.19,1.04,0,0,0,0.31,0.29,2.38,0.02,0.83,0.31,0.52,38,0.83,0,2.17,1.97,0.83,0.51,1.35,1.25,18.12,8.28,0.02,4.76,48.39,2.9,7.35,1.66,2.48,84,1.16,1.67,1.86,50,0.31,47,2.38,0,14.6,12.48,3.52,4.45,1.45,52.19,7.97,55,3.73,84,0,0,0,25.36,71,1.04,15,50,1.97,1.45,31,70,-1,56.8,2.48,0.38,0.46,21.02,89,6.59,6.83,0.52,0.52,0,0.52,4.24,4.76,0.21,20,0.21,17,1.35,17,67,16,17,64,20,17.58,16.77,0.93,95,-0.81,16.39,15.87
Harrison Sodje,Dover Athletic,2116,Left Back,,England,22,177,0.13,0.13,0.01,0.02,0.47,27,36,1,,0.03,0.04,0.04,0.68,0,0.01,0.34,0.04,0.03,0.34,0.17,0.05,1.15,0.12,1.36,1.06,0.3,78,0.89,0,0.77,0.98,1.06,0.68,2.89,2.23,19.95,9.32,0.03,7.36,30.71,3.4,12.38,2.85,3.91,83,1.86,2.54,0.81,48,0.6,47,1.28,0,16.33,11.13,5.36,3.74,0.98,32.28,3.96,24,2.13,57,0.17,0,0,25.61,58,2.89,84,34,3.83,7.49,12,50,-8,50.27,5.15,0.1,0.12,19.99,95,5.61,5.61,1.19,0.34,0.85,0.04,0.13,0.47,0.04,29,0.43,28,0.04,48,45,7,42,45,14,24.01,22.88,0.86,82,-1.13,20.54,18.69
Harry Alfie Beadle,Dover Athletic,1645,Left Centre Back,Right Centre Midfielder,England,23,185,0,0,0.03,0.06,0.55,0,10,0,,0,0,0.02,0.44,0,0.02,0.33,0,0,0.11,0,0.06,0.98,-0.06,0.11,0.05,0.05,50,0.88,0,0.33,0.33,0.88,0.63,7.49,5.75,9.63,4.16,0.05,5.2,26.79,3.17,14.55,1.04,1.91,86,0.89,1.52,0.71,67,0.16,76,4.43,0.05,7.88,6.11,3.23,2.35,1.04,36.04,2.35,30,1.15,49,0.33,0,0.05,23.03,57,2.95,16,43,8.31,6.02,18,48,-9,43.2,1.75,0.19,0.2,10.28,95,6.07,2.79,1.2,0.16,1.04,0.27,1.48,1.64,0,59,0.88,43,0.22,37,56,7,41,53,6,26.44,20.68,0.92,100,-5.76,24.33,20.74
Harry Gardner,Hampton & Richmond,2396,Right Defensive Midfielder,Right Centre Midfielder,England,25,183,0.11,0.11,0.04,0.04,0.9,13,25,1,,0.1,0.15,0.11,1.13,0.08,0.08,0.64,0.08,0.04,0.49,0.26,0.15,2.03,0.11,1.09,0.68,0.41,62,1.24,0,1.58,1.09,1.05,0.95,1.5,1.19,21.64,10.74,0.01,7.14,40.74,4.92,10.93,2.22,3.27,66,1.72,2.67,1.16,40,1.16,46,1.16,0,18.26,14.38,5.41,5.22,1.69,42.7,6.57,36,3.31,63,0.23,0,0,30.09,62,3.08,10,34,2.33,8.15,17,69,7,54.23,3.38,0.14,0.2,24.27,93,5.47,6.05,1.47,0.64,0.83,0.08,0.79,1.43,0.08,23,0.38,21,0.26,26,64,10,22,71,7,24.53,19.32,0.83,91,-5.21,20.41,17.62
Harry Gibbs,AFC Hornchurch,3154,Left Centre Back,Left Back,England,28,,0.14,0.14,0.06,0.1,0.63,23,50,0,,0.14,0.09,0.05,0.54,0.06,0.03,0.46,0.03,0.02,0.09,0.23,0.11,1.17,0.12,0.29,0.26,0.03,90,0.51,0,0.4,0.31,1.71,1.67,9.19,8.8,8.56,3.85,0.06,5.11,23.74,2.4,18.38,0.94,2.65,61,0.93,2.6,0.63,42,0.6,72,3.94,0.06,7.02,6.59,2.48,1.43,0.46,29.5,1.11,16,0.66,46,0.03,0,0,37.07,58,5.79,22,42,10.73,12.41,16,57,0,40.41,4.22,0.43,0.45,20.97,98,5.11,4.19,0.63,0.37,0.26,0.14,1.77,2.14,0.09,9,0.06,4,0.2,46,51,3,42,49,9,30.08,24.16,0.88,95,-5.92,26.41,22.95
Harry Green,Scarborough Athletic,2371,Left Wing,Right Wing,England,24,178,0.08,0.08,0.21,0.09,2.31,3,21,3,,0.1,0.08,0.05,0.65,0.04,0.05,0.61,0.04,0,0.04,0.15,0.26,2.96,-0.11,3.38,1.82,1.56,54,1.82,0.08,2.69,3.45,0.34,0.35,0.42,0.48,14.42,6.76,0,4.52,54.67,5.69,8.46,0.87,1.21,45,0.68,1.03,0.95,26,1.06,36,1.06,0,12.6,10.84,3.72,3.53,1.1,56.62,7.48,59,2.92,83,0.15,0,0,29.41,61,2.16,11,46,1.37,3.76,24,58,-3,61.67,4.21,0.38,0.55,30.85,87,6.84,10.47,1.21,1.14,0.08,0.23,2.69,3.83,0.15,28,0.46,25,0.53,24,60,16,28,56,17,19.14,17.95,0.93,100,-1.2,17.86,18.03
Harry Hawkins,Alfreton Town,517,Left Defensive Midfielder,Left Centre Midfielder,England,20,,0,0,0.02,0.04,0.52,0,0,1,,0,0,0,0.17,0,0,0.17,0,0,0,0,0.02,0.7,-0.02,0.17,0.17,0,100,0.17,0,0.7,0.7,0.87,0.37,2.09,1.22,28.38,14.63,0.08,11.32,36.82,6.27,13.23,3.48,4.35,80,2.09,2.47,1.22,62,0.87,48,1.74,0,23.86,13.67,9.05,6.97,2.79,39.8,7.84,33,4.01,57,0.35,0,0,24.9,64,1.04,72,55,2.61,1.39,21,60,-4,47.67,1.04,0.05,0.05,9.93,100,4.84,3.83,0,0,0,0,0,0,0,,0,,0,31,59,10,9,82,9,18.14,17.57,1.03,110,-0.57,18.63,19.31
Harry Ibbitson,Chorley,1313,Right Centre Forward,Left Centre Forward,England,20,,0.27,0.27,0.31,0.16,1.99,14,38,3,,0.39,0.07,0.08,1.03,0,0.06,0.96,0.07,0.02,0.07,0.34,0.4,3.02,-0.06,0.75,0.48,0.27,64,1.65,0.07,2.6,2.6,0.14,0.08,0.41,0.19,27.69,11.79,0.02,6.58,66.34,3.7,4.94,0.62,0.75,53,0.6,0.68,0.75,11,0.55,28,2.81,0,26.32,18.69,6.31,7.61,2.13,67.01,21.39,81,6.72,88,0.07,0,0,17.14,56,0.41,16,50,0.62,0.62,39,53,-3,65.95,2.06,0.37,0.6,14.19,82,5.53,5.76,0.34,0.27,0.07,0.34,5.48,5.76,0,20,0.07,13,0.89,17,68,14,15,62,23,14.25,12.85,1,105,-1.4,14.2,13.52
Harry Lee,Salisbury,921,Left Back,Right Wing Back,England,19,,0,0,0.02,0.06,0.29,0,33,1,,0,0,0.11,0.68,0,0.1,0.59,0,0.01,0.1,0,0.13,0.98,-0.13,0.49,0.2,0.29,40,0.59,0,0.68,0.49,1.17,1.08,3.03,2.77,16.02,7.03,0.01,6.64,36.44,2.83,9.87,1.17,2.34,55,1.12,2.2,1.27,40,0.98,29,0.88,0,13.67,12.27,4.88,3.03,1.47,40.91,4.59,34,1.95,65,0.29,0,0,27.25,57,1.47,22,24,4,5.18,14,49,-8,50.41,3.71,0.19,0.28,19.24,95,6.13,5.18,0.68,0.49,0.2,0.29,1.66,2.15,0,14,0.2,14,0.29,45,46,9,40,51,9,22.84,21.74,0.81,79,-1.1,18.42,17.17
Harry Parsons,Chippenham Town,1197,Centre Attacking Midfielder,Right Centre Forward,England,23,185,0.53,0.3,0.19,0.08,2.48,12,27,4,100,0.22,0,0.05,0.83,0,0.05,0.83,0,0,0,0.3,0.24,3.31,0.06,0.83,0.53,0.3,64,0.83,0,2.78,2.93,0.23,0.27,0.08,0.01,19.7,8.35,0,4.44,57.37,5.41,7.67,1.05,1.28,52,0.96,1.23,1.65,13,0.98,23,0.75,0,16.99,16.09,3.68,6.16,1.43,57.81,10.83,64,5.41,88,0.15,0,0,23.23,69,0.9,29,57,0.53,1.13,28,80,11,61.94,2.11,0.44,0.52,21.58,85,3.83,8.95,0.9,0.9,0,0.45,4.06,4.96,0,8,0.08,33,0.83,17,69,14,14,67,18,18.23,17.23,0.94,101,-1,17.15,17.39
Harry Perritt,Alfreton Town,2332,Right Back,Right Wing Back,England,25,185,0,0,0.03,0.08,0.42,0,18,0,,0.01,0,0.02,0.27,0,0.02,0.23,0,0,0.04,0,0.05,0.69,-0.05,0.15,0.08,0.08,50,0.96,0,0.62,0.31,1.23,0.74,3.59,1.99,13.89,6.71,0.05,4.82,30.82,4.75,11.38,1.81,3.05,76,1.13,1.87,0.85,38,0.58,62,1.58,0.08,11.31,5.88,3.13,2.08,0.77,35.84,2.97,26,1.23,59,0.12,0,0,21.92,56,3.36,10,41,4.36,7.33,17,57,0,44.41,2.89,0.14,0.17,13.47,97,3.97,4.05,1.08,0.77,0.31,0.08,0.69,1.47,0,11,0.19,31,0.08,45,46,9,40,54,6,27.58,21.94,0.87,94,-5.63,24.12,20.64
Harry Phipps,Eastbourne Borough,1070,Centre Back,Right Centre Back,England,27,174,0.17,0.17,0.07,0.09,0.84,20,30,0,,0.04,0,0.01,0.25,0,0.01,0.25,0,0,0,0.17,0.08,1.09,0.09,0.17,0.08,0.08,50,0.25,0,0.42,0.25,1.35,1.31,5.55,6,15.74,8.25,0.06,7.4,25.31,2.19,18.18,2.44,3.79,91,2.63,3.95,1.01,67,0.25,62,4.96,0,12.29,13.04,5.3,2.61,1.35,30.13,1.94,16,0.59,23,0,0,0,41.06,70,5.3,16,51,6.31,9.68,15,63,-7,34.53,2.61,0.29,0.33,22.55,99,5.45,3.79,0.25,0.25,0,0.08,2.69,2.95,0.08,0,0,,0.5,39,58,3,47,49,4,26.65,18.47,0.9,109,-8.19,24.1,20.19
Harry Ransom,Worthing FC,3062,Left Centre Back,Centre Back,England,26,190,0.06,0.06,0.04,0.13,0.29,20,50,0,,0.06,0,0.02,0.21,0,0.02,0.21,0,0,0,0.06,0.05,0.5,0,0.03,0.03,0,100,0.32,0,0.24,0.09,1.18,1.86,5.97,8.76,7.29,2.97,0.07,4.2,24.3,1.59,14.67,0.85,2.03,73,1.3,3.16,0.59,27,0.32,75,4.14,0,5.85,8.62,2.38,1.85,0.82,30.48,1.15,20,0.68,37,0.06,0.03,0,58.4,83,6.17,39,56,7.46,9.58,12,70,-13,30.81,3.44,0.42,0.45,42.67,99,5.93,4.26,0.29,0.29,0,0.09,0.88,1.18,0.06,10,0.03,20,0.15,29,68,3,41,54,4,23.63,23.28,0.91,90,-0.35,21.4,20.85
Harry Sidwell,Dorking Wanderers FC,459,Centre Defensive Midfielder,Left Centre Midfielder,England,19,182,0,0,0.04,0.04,0.98,0,40,2,,0.02,0,0.03,0.2,0,0.03,0.2,0,0,0,0,0.07,1.18,-0.07,0.2,0,0.2,0,1.18,0,1.76,0.98,0.78,1.12,2.35,2.13,19.79,10.19,0.02,5.49,35.72,5.68,11.56,1.96,2.74,91,1.73,2.86,1.57,0,0.2,76,2.55,0,16.26,15.97,3.92,5.68,0.98,37.75,4.7,29,2.55,45,0.2,0,0,30.17,68,4.51,7,66,2.55,6.66,13,48,-21,47.5,3.33,0.25,0.3,21.75,92,4.04,6.47,0.78,0.59,0.2,0,0,0.59,0.2,25,0.2,100,0,35,56,9,27,70,3,24.3,17.03,0.99,105,-7.27,24.01,17.88
Harry Sidwell,Dagenham & Redbridge,1405,Centre Defensive Midfielder,Right Defensive Midfielder,England,19,182,0,0,0.03,0.04,0.77,0,42,1,,0.02,0,0.03,0.9,0,0.03,0.77,0,0,0.13,0,0.06,1.67,-0.06,0.45,0.32,0.13,71,1.28,0,0.96,0.38,0.58,0.47,1.6,1.42,21.14,9.99,0.06,6.41,39.29,4.93,11.28,2.11,2.69,85,1.89,2.36,0.9,62,0.38,48,1.28,0,18.13,15.32,5.32,4.29,1.41,41.95,5.96,33,2.76,64,0.06,0,0,30.43,79,2.56,11,65,2.05,3.52,22,83,4,49.65,3.46,0.3,0.34,24.03,95,4.19,6.21,0.64,0.32,0.32,0.06,0.38,0.7,0,30,0.26,40,0.06,21,68,11,16,77,6,21.56,19.14,0.98,102,-2.42,21.1,19.51
Harry Thomas,Hampton & Richmond,2097,Right Centre Back,Left Centre Back,England,20,185,0,0,0.04,0.1,0.39,0,22,0,,0.01,0,0.03,0.26,0,0.03,0.26,0,0,0,0,0.07,0.64,-0.07,0.51,0.47,0.04,92,0.39,0,0.39,0.26,1.12,0.9,6.78,5.82,11.41,5.06,0.04,6.39,25.31,2.53,15.53,1.24,2.36,73,1.03,1.92,0.82,33,0.47,63,3.56,0.13,9.35,7.93,3.52,2.27,0.82,29.04,1.29,14,0.64,28,0.13,0.04,0,36.18,66,3.43,17,36,7.47,8.88,13,59,-7,36.01,3.35,0.2,0.23,23.26,98,6,3.73,0.17,0.13,0.04,0.13,0.99,1.12,0.09,0,0,0,0.21,43,55,2,45,51,5,26.37,21.37,0.84,88,-5,22.15,18.78
Harry Thomas Barbrook,Chelmsford City,2857,Left Back,Left Wing Back,England,21,181,0.06,0.06,0.1,0.12,0.79,8,40,1,,0.15,0,0.05,0.72,0,0.04,0.5,0,0.02,0.22,0.06,0.15,1.51,-0.09,0.6,0.41,0.19,68,1.17,0,1.1,0.72,0.98,0.95,3.02,2.77,13.83,5.51,0.02,5.54,34.62,4.28,12.22,1.57,2.55,75,1.62,2.58,0.69,43,0.54,63,3.37,0,11.59,11.39,3.94,3.28,1.26,38.86,3.5,30,1.83,56,0.16,0,0,29.36,69,2.33,76,45,3.75,4.44,17,58,-11,50.91,3.28,0.33,0.37,21.29,96,5.04,6.49,0.79,0.5,0.28,0.22,1.95,2.46,0,36,0.31,36,0.41,39,54,7,35,53,12,21.24,18.7,0.92,96,-2.54,19.58,17.94
Harry Tustin,Salisbury,807,Right Defensive Midfielder,Right Centre Midfielder,England,19,170,0,0,0.01,0.04,0.22,0,0,1,,0,0.22,0.1,1,0.22,0.1,1,0,0,0,0.22,0.11,1.23,0.12,0.22,0.22,0,100,0.78,0,1.23,0.56,0.89,0.84,2.56,2.49,23.19,10.26,0.01,8.14,41.67,5.35,11.48,2.79,3.68,71,2.64,3.48,1.23,17,1.11,35,1.23,0,19.17,17.3,6.24,5.35,2.45,44.85,7.47,39,3.68,69,0.11,0,0,25.19,66,0.89,17,40,2.79,2.01,21,57,-9,52.35,3.12,0.16,0.24,15.27,93,4.61,5.91,0.22,0.22,0,0.11,0.33,0.56,0,0,0,0,0.11,29,62,9,34,60,6,17.42,15.62,0.98,112,-1.79,17.06,17.45
Harvey Broad,Dagenham & Redbridge,1466,Left Wing Back,Left Back,England,20,,0.12,0.12,0.08,0.11,0.74,17,25,1,,0.09,0.18,0.12,1.29,0.18,0.1,1.04,0,0.02,0.25,0.31,0.21,2.03,0.1,0.61,0.25,0.37,40,0.37,0.06,0.68,1.29,1.6,1.53,3.44,2.93,16.21,7.18,0.05,4.73,33.07,3.44,9.15,2.39,3.99,80,2.29,3.82,1.11,64,0.61,40,1.23,0.06,12.89,11.34,3.01,1.78,0.31,37.79,3.87,30,1.29,72,0.18,0,0,29.16,61,2.09,83,37,4.36,4.73,18,57,-4,55.58,3.38,0.33,0.46,21.55,95,4.88,8.47,1.17,0.92,0.25,0.61,2.58,3.5,0,53,0.92,52,0.49,36,50,14,17,57,26,21.6,20.11,0.87,86,-1.49,18.8,17.35
Harvey Frederick Sutcliffe,Spennymoor Town,393,Right Back,Left Back,England,22,193,0,0,0,,0,,,0,,0,0,0,0,0,0,0,0,0,0,0,0,0,0,0.69,0.46,0.23,67,0.46,0,1.38,0.69,1.83,0.99,3.67,2.72,16.73,6.42,0.03,5.73,27.02,3.67,13.52,3.9,5.73,94,2.19,3.18,0.92,67,0.23,63,1.15,0,11.92,7.7,3.21,1.38,0,30.29,2.29,19,0.92,67,0,0,0,31.4,54,2.75,12,26,5.27,8.94,11,35,-19,49.42,3.21,0.1,0.1,22.46,97,6.32,5.96,0.69,0.46,0.23,0,0.23,0.69,0,0,0,0,0,45,43,12,38,46,15,24.81,22.21,0.78,128,-2.61,19.4,28.34
Harvey Gregson,Marine,1197,Right Defensive Midfielder,Right Centre Midfielder,England,23,183,0,0,0.06,0.06,1.05,0,21,2,,0.01,0.08,0.06,0.6,0.08,0.06,0.6,0,0,0,0.08,0.13,1.65,-0.05,0.6,0.23,0.38,38,1.88,0,1.35,1.28,1.2,0.75,2.86,1.86,19.18,7.9,0.03,6.02,43.24,7.6,13.99,1.2,2.41,76,0.75,1.5,1.28,29,0.38,49,2.86,0,16.7,11.87,4.44,3.01,0.9,47.82,8.12,49,2.26,75,0.08,0,0,23.92,61,1.2,16,43,3.46,2.18,31,56,-5,52.23,2.41,0.34,0.38,15.87,91,6.2,4.66,0.38,0.3,0.08,0.23,2.18,2.48,0.08,40,0.15,18,0.45,27,62,12,19,68,13,18.49,17.53,0.96,99,-0.96,17.69,17.35
Harvey Lintott,Eastbourne Borough,1547,Right Back,Right Wing Back,England,23,189,0,0,0.02,0.04,0.35,0,17,1,,0.01,0.06,0.03,0.52,0.06,0.03,0.52,0,0,0,0.06,0.05,0.87,0.01,0.58,0.35,0.23,60,0.64,0,0.76,0.58,0.81,0.65,2.38,2.16,11.58,4.48,0.04,2.85,35.03,3.02,7.85,1.11,1.92,70,1.12,1.77,0.87,27,0.47,61,1.45,0,9.6,10.05,2.09,1.92,0.35,40.31,3.43,36,1.28,67,0.17,0,0,27.51,54,3.2,5,35,3.55,7.91,13,50,-4,53.1,4.01,0.15,0.17,19.49,96,5.91,6.34,0.81,0.76,0.06,0.06,0.93,1.69,0.06,64,0.64,23,0.12,47,44,9,54,33,13,25.6,22.55,0.9,100,-3.05,23.07,22.64
Harvey Smith,Chorley,1791,Left Centre Back,Right Centre Back,England,27,185,0.05,0.05,0.05,0.09,0.6,8,42,0,,0.02,0.05,0.08,0.4,0.05,0.08,0.4,0,0,0,0.1,0.13,1,-0.03,0.4,0.3,0.1,75,0.25,0,0.5,0.4,1,0.97,6.38,6.17,7.59,3.77,0.08,4.37,24.65,2.16,14.22,1.06,2.06,81,0.8,1.77,1,38,0.25,62,4.17,0.05,5.53,4.67,2.41,1.41,0.6,32.21,1.11,20,0.75,54,0.15,0,0,27.89,62,2.41,27,36,7.64,5.38,22,57,-5,38.32,1.86,0.26,0.31,14.77,97,5.43,2.76,0.4,0.3,0.1,0.25,2.71,3.01,0,13,0.05,14,0.45,46,50,4,45,51,4,25.28,22.61,0.88,93,-2.66,22.18,21.05
Harvey Walker,Slough Town FC,1598,Left Wing Back,Left Wing,England,24,176,0.06,0.06,0.04,0.08,0.51,11,44,1,,0.08,0,0.11,1.07,0,0.11,0.96,0,0,0.11,0.06,0.16,1.58,-0.1,2.08,1.07,1.01,51,1.07,0,2.65,2.99,0.51,0.37,1.13,0.89,19.55,8.84,0.02,6.25,39.85,3.27,8.28,2.08,2.59,73,1.73,2.1,1.86,37,0.79,31,0.68,0,15.72,12.54,4.79,3.1,1.07,42.61,6.2,39,1.97,64,0.28,0.06,0,22.98,53,1.69,58,35,1.75,4.17,17,45,-8,56.09,4.39,0.2,0.28,22.53,83,10.36,5.13,0.79,0.56,0.23,0.06,0.62,1.18,0,71,0.68,19,0.11,30,59,11,21,63,16,21.61,18.15,0.91,96,-3.46,19.69,17.44
Hayden Bullas,Enfield Town FC,2657,Right Centre Midfielder,Right Defensive Midfielder,England,20,,0.1,0.1,0.1,0.11,0.91,11,19,1,,0.08,0,0.08,0.88,0,0.08,0.85,0,0,0.03,0.1,0.18,1.8,-0.08,0.88,0.75,0.14,85,1.29,0,0.91,1.22,1.25,0.62,1.19,0.62,20.97,9.62,0.02,6.84,42.71,6.13,10.91,1.52,2.78,67,0.8,1.42,0.88,29,0.75,35,1.15,0,18.63,10.86,5.56,4.44,1.39,44.21,6.88,37,2.98,67,0.1,0,0,28.25,72,1.69,17,42,1.83,3.42,21,68,-5,54.61,3.62,0.31,0.42,22.09,94,5.53,8.64,1.22,1.22,0,0.2,1.83,3.05,0.07,28,0.47,41,0.41,28,56,16,25,64,11,19.84,16.94,0.89,87,-2.9,17.68,14.74
Hayden Carson,Chester,920,Left Centre Back,Left Back,England,20,,0,0,0.02,0.18,0.1,0,0,0,,0,0,0.01,0.1,0,0.01,0.1,0,0,0,0,0.03,0.2,-0.03,0.1,0.1,0,100,0.29,0,0.1,0,1.08,0.91,3.33,2.94,7.73,3.72,0.04,3.82,22.2,1.47,13.89,0.59,1.66,60,0.36,1.28,0.68,20,0.39,50,1.08,0,6.46,4.58,2.84,0.78,0.49,25.98,0.88,14,0.39,50,0.29,0,0,35.42,71,3.72,79,43,4.11,7.93,10,66,-6,35.21,2.25,0.32,0.32,22.89,100,5.64,2.15,0.1,0.1,0,0,0.2,0.29,0,0,0,0,0.1,41,55,5,68,23,9,26.53,24.06,0.9,99,-2.48,23.82,23.77
Hayden Muller,Salisbury,629,Left Centre Back,Right Centre Back,England,24,193,0,0,0,0.03,0.14,0,0,0,,0,0,0,0,0,0,0,0,0,0,0,0,0.14,0,0,0,0,,0.86,0,0.43,0.57,1.57,2.16,4.58,5.57,9.15,4.43,0.07,5.58,27.75,1.57,13.01,1.29,2.86,75,1.41,3.57,0.43,50,0.43,64,2.29,0,7.43,8.9,3.15,1.72,0.71,31.93,1.14,15,0.86,50,0,0,0,43.04,77,4.58,9,46,5.58,8.86,15,58,-18,36.18,5.15,0.31,0.31,32.74,99,6.31,5.29,0,0,0,0,0.29,0.29,0,,0,0,0,30,66,3,38,59,3,25.46,23.49,0.9,97,-1.97,22.82,22.82
Henry Hawkins,Enfield Town FC,2340,Left Centre Back,Centre Back,England,22,,0.15,0.15,0.09,0.12,0.73,21,26,0,,0.08,0.08,0.04,0.27,0.08,0.04,0.27,0,0,0,0.23,0.13,1,0.1,0.12,0.12,0,100,0.42,0,0.12,0.08,1.04,0.6,7.19,4.35,11.35,5.35,0.06,6.42,22.35,1.96,12.81,1.31,2.35,64,0.73,1.34,1,41,0.73,58,3.65,0,9.08,4.97,3.73,1.62,0.5,26.95,0.85,9,0.42,26,0.31,0,0,25,60,2.5,69,38,7.92,5.81,19,53,-6,36.65,1.88,0.24,0.3,12.73,99,4.48,2.35,0.35,0.31,0.04,0.23,2.23,2.54,0,11,0.04,25,0.35,51,46,3,57,36,7,24.99,21.06,0.86,99,-3.93,21.6,20.76
Henry Hearn,AFC Hornchurch,1528,Centre Forward,Left Centre Forward,England,21,,0.47,0.41,0.5,0.2,2.53,16,58,6,50,0.47,0.24,0.1,0.77,0.24,0.1,0.77,0,0,0,0.65,0.59,3.3,0.05,1.06,0.53,0.53,50,1.47,0.06,2,2.77,0.18,0.16,0.18,0.18,18.26,6.36,0,4.48,69.88,2.47,3.42,0.82,1,74,0.7,0.86,1.77,29,0.29,34,2.12,0,15.73,14.16,4.12,4.3,1.41,70.89,13.72,87,3.95,92,0.12,0,0,14.37,69,0.29,19,50,0.24,0.53,33,64,-4,66.6,0.82,0.58,0.82,13.67,83,6.08,5.6,0.18,0.18,0,0.71,7.72,7.89,0,0,0.12,20,1.12,12,62,26,11,61,28,13.77,10.76,1,107,-3.01,13.78,11.51
Henry Ochieng,Slough Town FC,877,Right Defensive Midfielder,Left Defensive Midfielder,Kenya,27,179,0,0,0.02,0.04,0.51,0,0,1,,0,0,0.01,0.31,0,0.01,0.31,0,0,0,0,0.03,0.82,-0.03,0.62,0.41,0.21,67,1.85,0,0.72,0.82,1.03,0.64,1.23,0.89,15.2,6.98,0.04,7.19,35.75,5.85,11.91,2.36,3.39,88,1.66,2.3,0.62,57,0.31,38,0.82,0.1,12.32,9.05,4.93,2.98,1.13,37.93,3.59,29,1.54,52,0.21,0,0,27.31,74,1.95,24,46,1.64,3.8,20,72,-2,46.51,2.98,0.27,0.29,18.69,95,6.04,4.93,0.51,0.41,0.1,0,0.21,0.62,0,0,0,,0,31,59,10,31,67,2,22.46,17.24,0.97,102,-5.22,21.68,17.67
Henry Sady,Chippenham Town,945,Left Midfielder,Right Midfielder,England,18,,0.19,0.19,0.11,0.1,1.14,17,42,2,,0.09,0,0.1,0.76,0,0.08,0.67,0,0.01,0.1,0.19,0.21,1.9,-0.02,1.05,0.67,0.38,64,2.29,0.1,1.52,2.09,0.29,0.37,0.48,0.62,19.81,7.62,0,5.43,50.36,2.76,5.52,1.05,1.33,58,1.3,1.68,0.67,30,0.76,17,0.38,0,18.09,22.06,4.09,4.95,1.33,50.43,8.38,46,3.33,67,0.1,0,0,26.95,71,1.9,15,50,0.95,3.33,26,69,-1,58.48,3.05,0.37,0.48,23.42,91,5.83,8.76,1.24,0.95,0.29,0.19,2.48,3.43,0.29,0,0,0,0.57,17,66,17,14,72,14,20.01,15.76,0.94,109,-4.25,18.75,17.22
Henry Sandat,AFC Hornchurch,1333,Left Wing,Left Midfielder,England,21,,0.34,0.27,0.34,0.11,3.24,8,29,4,100,0.38,0.14,0.1,1.01,0.14,0.1,1.01,0,0,0,0.41,0.44,4.25,-0.04,1.69,0.54,1.15,32,3.78,0.07,2.57,3.11,1.22,0.85,0.95,0.83,19.45,9.59,0,5.74,49.45,4.19,7.97,1.55,2.77,72,1.28,2.13,1.28,36,0.61,18,0.68,0,16.61,12.26,4.79,3.51,1.28,52.36,8.98,54,2.7,77,0.34,0,0,23.29,66,1.49,6,47,1.76,2.36,30,64,-2,61.39,3.04,0.46,0.75,26.06,88,6.89,8.17,0.74,0.61,0.14,0.14,5.2,5.81,0.07,9,0.27,36,0.47,24,61,15,18,67,15,19.4,16.43,0.97,101,-2.97,18.78,16.56
Hisham Kasimu,AFC Totton,352,Left Wing,Left Centre Forward,France,28,175,0.51,0.51,0.39,0.22,1.79,29,57,5,,0.26,0,0.07,1.28,0,0.07,1.28,0,0,0,0.51,0.47,3.06,0.04,1.28,0.77,0.51,60,0.77,0,1.53,2.81,0.51,0.35,0.26,0.39,21.96,7.41,0,6.13,56.7,3.58,5.36,1.79,2.3,70,2.06,2.41,1.28,25,0.77,21,0.77,0,18.9,20.31,5.36,5.62,2.3,57.91,12.26,65,5.62,100,0.26,0,0,13.54,62,0.26,59,100,0.26,0.26,26,50,-12,71.9,0.26,0.31,0.57,13.28,79,7.38,5.36,0.26,0.26,0,0.51,6.64,6.9,0,0,0.77,100,1.28,11,68,21,5,71,24,11.41,9.6,1.1,126,-1.82,12.56,12.08
I.Murray,Chester,1701,Left Centre Midfielder,Centre Attacking Midfielder,Wales,25,,0.05,0.05,0.11,0.07,1.53,3,17,2,,0.06,0.05,0.06,0.79,0.05,0.06,0.74,0,0,0.05,0.11,0.17,2.33,-0.07,1.06,0.69,0.37,65,2.28,0.05,2.17,1.48,0.16,0.09,0.74,0.85,23.23,10.32,0.01,7.73,48.1,7.83,12.38,1.64,1.8,74,1.82,1.91,1.06,35,0.58,22,0.79,0,20.69,18.37,6.19,6.4,2.17,49.42,9.68,47,3.97,62,0.11,0,0,27.89,66,0.9,9,32,0.9,2.65,18,64,-2,58.56,3.7,0.42,0.47,23.39,94,5.76,8.57,0.53,0.42,0.11,0.21,1.53,1.96,0,20,0.16,14,0.21,22,62,16,27,59,14,17.69,13.29,0.9,98,-4.39,16,13.06
I.Williams,Hemel Hempstead Town,1484,Centre Attacking Midfielder,Left Centre Midfielder,England,23,,0.24,0.24,0.19,0.14,1.39,17,35,3,,0.15,0.06,0.1,0.79,0.06,0.1,0.79,0,0,0,0.3,0.29,2.18,0.01,1.7,1.15,0.55,68,1.76,0,2.61,3.27,0.79,0.74,0.3,0.26,26.98,11.09,0.01,7.58,56.3,5.09,8.79,1.76,2.55,71,1.65,2.39,2.79,8,0.73,28,1.27,0,22.43,19.04,6.12,6.73,1.88,57.51,14.43,64,5.46,81,0.3,0,0.06,20.73,61,0.85,21,45,0.97,1.21,26,51,-11,60.25,2.49,0.46,0.56,19.58,84,6.13,6.91,0.61,0.61,0,0.42,4.24,4.85,0,0,0.12,17,0.73,25,65,11,20,73,7,17.19,15.25,0.97,96,-1.95,16.62,14.66
Ilani Edwards,Hereford FC,862,Centre Attacking Midfielder,Right Centre Midfielder,England,20,,0.1,0.1,0.29,0.1,3.03,3,38,6,,0.3,0.1,0.05,0.84,0.1,0.05,0.84,0,0,0,0.21,0.35,3.86,-0.14,2.82,1.67,1.15,59,0.63,0,2.61,2.82,0.63,0.68,0.94,0.83,19.84,7.83,0.03,5.12,48.83,4.59,7.31,1.36,1.98,50,1.17,1.86,0.84,24,1.36,37,1.15,0,17.75,12.74,4.07,5.12,1.36,51.28,8.46,48,3.86,76,0.1,0,0,18.79,74,1.25,21,67,1.36,1.46,22,60,-14,59.33,3.13,0.33,0.51,22.03,88,7.76,7.31,0.73,0.73,0,0.1,3.86,4.59,0,0,0.42,50,0.31,20,60,20,24,60,16,17.57,13.96,1.02,119,-3.61,17.88,16.66
Isaac Buckley-Ricketts,Macclesfield Town,1266,Right Wing,Right Midfielder,England,28,178,0.28,0.28,0.3,0.18,1.71,17,38,3,,0.29,0.07,0.16,1.21,0.07,0.16,1.21,0,0,0,0.36,0.47,2.92,-0.11,2.35,1.07,1.28,45,2.06,0,2.63,3.41,0.28,0.38,0.5,0.53,17.14,8.11,0.01,6.33,50.69,4.91,8.11,1.71,1.99,60,1.89,2.27,1.07,16,1.14,43,1.28,0,14.36,16.04,4.83,3.41,1.28,51.78,7.89,55,2.63,77,0.07,0,0,25.03,74,0.92,11,57,0.71,1.42,21,64,-10,64.17,2.99,0.38,0.7,27.59,86,6.62,10.59,1.21,1.21,0,0.14,4.27,5.47,0.14,18,0.28,14,0.36,16,62,22,16,54,30,16.18,13.8,0.97,104,-2.39,15.68,14.35
Isaac James Millar Pitblado,Eastbourne Borough,1669,Left Back,Left Wing Back,Scotland,24,169,0.05,0.05,0.02,0.05,0.32,17,17,0,,0,0.11,0.15,1.19,0.05,0.1,0.7,0.05,0.05,0.49,0.16,0.16,1.51,0,0.32,0.22,0.11,67,0.16,0,0.76,0.49,0.86,0.67,2.86,2.94,15.8,6.85,0.03,5.12,32.73,2.97,8.95,1.67,2.53,76,1.6,2.28,0.7,57,0.54,50,1.29,0,13.43,13.05,3.99,3.18,1.08,35.58,3.61,27,1.89,59,0.05,0.05,0,29.56,57,3.83,84,37,3.83,9.28,12,57,0,54.35,3.67,0.25,0.31,20.6,96,3.35,6.74,1.89,0.92,0.97,0.05,0.59,1.51,0,23,0.54,26,0.05,41,50,10,39,42,18,26.19,21.84,0.86,93,-4.35,22.57,20.37
Isaac Philpot,Horsham FC,2304,Left Centre Back,Right Centre Back,England,31,190,0,0,0,0.12,0.04,0,0,0,,0,0,0.01,0.2,0,0.01,0.2,0,0,0,0,0.02,0.23,-0.02,0.23,0.2,0.04,83,0.39,0,0.27,0.2,0.74,0.65,5.7,5.91,8.87,3.71,0.04,4.49,23.28,0.98,10.74,1.21,1.95,91,1.14,1.79,0.66,25,0.12,52,1.87,0,6.99,6.63,2.89,1.45,0.43,27.27,0.82,12,0.59,41,0.12,0,0,41.32,83,3.83,15,59,6.44,5.74,11,64,-19,32.94,2.11,0.33,0.34,31.83,99,4.35,3.24,0.31,0.16,0.16,0.04,0.59,0.74,0.04,13,0.12,60,0.23,26,67,6,41,53,6,22.71,21.38,0.93,94,-1.33,21.09,20.04
Isaac Westendorf,Oxford City,1146,Centre Forward,Right Centre Forward,England,25,173,0.24,0.24,0.25,0.13,1.96,12,56,5,,0.39,0.31,0.21,1.1,0.31,0.21,1.1,0,0,0,0.55,0.46,3.06,0.09,1.02,0.79,0.24,77,1.41,0.08,2.12,2.99,0.08,0.03,0.71,0.51,25.85,10.68,0,5.11,60.28,2.36,4.48,1.41,1.49,78,1.15,1.17,2.91,0,0.39,23,1.65,0,21.61,16.25,4.4,4.95,1.26,62.19,15.08,70,3.85,78,0.39,0,0,15.71,68,0,10,0,0.71,0.24,39,71,3,66.98,1.73,0.23,0.57,17.21,79,7.62,6.44,0.55,0.55,0,0.31,4.4,4.95,0.08,14,0.16,40,0.71,12,68,21,9,65,27,13.27,11.47,0.99,112,-1.8,13.11,12.89
J.Abbey,Alfreton Town,543,Centre Attacking Midfielder,Right Centre Midfielder,Netherlands,24,191,0.33,0.33,0.15,0.08,1.82,18,27,3,,0.11,0,0.03,0.5,0,0.03,0.5,0,0,0,0.33,0.17,2.32,0.16,0.99,0.66,0.33,67,0.83,0,1.16,2.32,0.83,0.41,1.16,0.81,13.93,4.48,0.01,4.31,51.8,4.14,8.62,0.17,0.99,50,0.09,0.49,1.33,50,0.17,31,0.66,0,12.43,7.38,3.98,3.15,0.66,55.92,7.13,57,2.16,68,0,0,0,19.23,69,1.16,20,54,1.33,1.99,30,61,-8,58.4,1.33,0.31,0.36,16.74,87,4.6,6.13,0.66,0.33,0.33,0,2.82,3.15,0,0,0,0,0.33,21,63,16,22,51,27,17.12,12.26,0.9,94,-4.86,15.41,11.56
J.Alves,Bath City,1148,Right Midfielder,Right Wing,England,26,,0.08,0.08,0.09,0.06,1.49,5,26,3,,0.07,0,0.08,0.71,0,0.05,0.55,0,0.03,0.16,0.08,0.17,2.2,-0.09,2.04,1.02,1.02,50,1.33,0.08,2.2,2.59,0.24,0.14,1.33,0.93,15.52,6.27,0.03,4.86,40.83,3.61,7.6,1.18,1.41,65,0.51,0.66,1.33,42,0.63,53,1.49,0,13.09,7.98,3.68,2.43,0.86,43.24,5.33,41,1.96,81,0.31,0,0,19.36,61,0.55,77,19,1.88,2.27,28,63,2,60.35,2.67,0.24,0.33,19.68,87,6.98,6.19,0.63,0.47,0.16,0.16,1.96,2.43,0,0,0.16,11,0.47,26,61,13,24,59,16,19.61,16.79,0.79,76,-2.82,15.54,12.71
J.Bartolo,Chesham United FC,305,Centre Forward,Right Centre Forward,Gibraltar,20,184,0.3,0.3,0.6,0.23,2.66,11,33,7,,0.43,0,0.04,0.3,0,0.04,0.3,0,0,0,0.3,0.64,2.95,-0.34,2.66,2.07,0.59,78,1.18,0,4.13,4.73,1.18,1.41,0.3,0.11,31.31,10.04,0,6.2,65.7,2.95,3.25,1.48,2.66,100,1.38,2.8,1.18,100,0,0,0,0,28.65,27.89,5.61,8.86,2.66,66.36,22.15,77,7.97,90,0,0,0,10.34,79,0.59,10,40,0.3,1.48,26,80,1,63.26,1.77,0.47,0.6,19.2,72,8.44,3.84,0.59,0.59,0,0,3.84,4.43,0,0,0,0,0,16,66,18,15,69,15,17.74,11.45,0.88,106,-6.29,15.69,12.18
J.Brivio,Horsham FC,2353,Left Centre Back,Right Centre Back,England,33,,0.04,0.04,0.05,0.15,0.34,11,56,0,,0.11,0,0.03,0.42,0,0.03,0.42,0,0,0,0.04,0.08,0.76,-0.04,0.42,0.34,0.08,82,0.42,0,0.5,0.61,0.42,0.42,4.93,4.85,10.86,6.16,0.06,5.7,27.89,2.18,12.7,1.34,1.76,71,1.31,1.73,0.65,48,0.54,51,2.56,0,8.87,8.46,3.48,2.49,0.84,35.75,2.03,23,0.96,38,0,0,0.04,43.87,80,4.4,15,54,6,7.04,13,70,-10,35.02,2.91,0.32,0.37,34.04,98,4.94,4.36,0.27,0.27,0,0.08,0.92,1.19,0.04,14,0.04,50,0.08,29,66,5,35,56,9,23.33,21.32,0.93,88,-2.01,21.59,18.67
J.Butler,Marine,421,Right Centre Back,,England,26,,0,0,0.04,0.06,0.64,0,33,0,,0.04,0.21,0.01,0.43,0.21,0.01,0.43,0,0,0,0.21,0.05,1.07,0.16,0,0,0,,0.43,0,0.21,0.21,2.78,1.84,6.2,4.34,11.54,5.34,0.13,7.05,25.96,1.92,12.18,1.5,4.27,78,0.99,2.83,0.85,67,0.43,56,2.14,0.21,9.19,4.81,3.63,1.5,0.64,31.19,2.14,23,0.64,43,0.21,0,0,20.73,56,2.56,33,32,7.05,7.05,12,50,-6,35.15,1.5,0.21,0.35,9.19,98,3.47,1.71,0.21,0.21,0,0,1.28,1.5,0,0,0,0,0,67,30,3,75,25,0,31.77,27.46,0.81,77,-4.32,25.68,21.27
J.Gilbert,Maidstone United,2450,Centre Attacking Midfielder,Right Wing Back,England,25,181,0.26,0.26,0.3,0.15,2.06,13,38,3,0,0.3,0.11,0.15,1.32,0.11,0.13,0.99,0,0.02,0.33,0.37,0.46,3.38,-0.09,0.73,0.44,0.29,60,0.51,0,1.47,2.09,0.7,0.62,0.73,0.55,28.29,13.56,0.02,8.23,56.49,4.26,7.09,2.09,2.79,75,1.82,2.44,1.95,36,0.7,27,1.07,0,24.25,21.63,6.91,7.27,2.17,57.95,15.28,63,5.69,78,0.26,0,0,24.8,59,1.58,19,30,1.4,4.56,22,56,-3,66.89,2.17,0.43,0.69,19.73,90,6.09,9.7,1.36,0.73,0.62,0.33,4.26,5,0.11,35,0.62,23,0.73,19,62,19,14,61,25,21.34,18.55,0.87,89,-2.78,18.54,16.59
J.Hedges,Salisbury,2189,Left Wing,Right Wing,England,22,,0.21,0.16,0.21,0.08,2.67,6,34,4,100,0.24,0.12,0.22,2.43,0.08,0.15,1.6,0.04,0.07,0.82,0.29,0.43,5.1,-0.15,2.51,1.56,0.95,62,1.03,0.04,2.88,3.25,0.16,0.12,0.74,0.73,14.92,5.3,0.01,4.52,55.12,4.4,7.48,0.66,0.82,55,0.56,0.68,0.7,24,0.53,32,0.78,0.04,13.61,13.56,3.78,3.99,1.27,57.01,8.68,64,3.29,82,0.08,0,0,26.23,55,2.1,11,32,1.11,6.09,18,53,-2,65.21,3.78,0.35,0.6,27.67,88,6.86,8.63,2.38,1.27,1.11,0.58,4.15,5.43,0.08,16,0.7,29,0.78,24,67,9,25,63,12,22.36,17.28,0.86,96,-5.09,19.24,16.52
J.Hicks,Weston-super-Mare AFC,813,Right Defensive Midfielder,Centre Attacking Midfielder,England,20,,0,0,0.09,0.09,1,0,11,2,,0,0.11,0.11,0.66,0.11,0.11,0.66,0,0,0,0.11,0.2,1.66,-0.09,1,0.77,0.22,78,0.55,0.11,1.88,1.44,1.44,1,2.1,1.62,21.8,9.74,0.02,7.63,44.11,5.2,11.18,1.88,3.32,55,1.33,2.33,1.22,30,1.55,38,1.33,0,18.81,16.33,5.86,6.53,2.21,47.37,7.63,41,4.65,71,0.11,0,0,29.1,71,1,14,36,2.66,2.21,23,67,-4,55.51,3.1,0.3,0.4,20.14,91,5.8,7.3,0.77,0.77,0,0.11,1.44,2.21,0.11,0,0.22,33,0.22,19,68,13,21,64,15,18.48,16,0.95,88,-2.48,17.48,14.12
J.Johnston,Buxton,1331,Right Wing,Centre Forward,England,22,,0.07,0.07,0.22,0.12,1.89,4,18,5,,0.14,0.14,0.13,0.54,0.14,0.12,0.47,0,0,0.07,0.2,0.35,2.43,-0.15,2.23,0.95,1.28,42,1.62,0.07,2.77,3.79,0.27,0.27,0.27,0.35,13.72,5,0,3.18,60.69,2.77,4.19,0.74,1.01,92,1.02,1.29,1.55,75,0.07,30,0.88,0,11.42,12.7,2.91,2.16,0.81,61.71,7.98,70,1.96,91,0.27,0,0,12.3,59,0.34,16,33,0.41,0.88,28,54,-5,64.59,1.22,0.26,0.48,16.56,80,9.24,3.85,0.47,0.41,0.07,0.41,3.58,3.99,0,14,0.34,24,0.61,15,65,20,12,65,23,16.12,14.29,0.96,89,-1.83,15.49,12.72
J.Keeya,Salisbury,2590,Left Defensive Midfielder,Right Centre Midfielder,Republic of Ireland,22,,0.1,0.1,0.07,0.05,1.39,8,30,2,,0.06,0,0.07,0.83,0,0.06,0.8,0,0.01,0.03,0.1,0.13,2.22,-0.03,1.67,1.15,0.52,69,1.39,0.03,2.12,2.22,0.83,0.77,2.19,2.25,19.74,8.27,0,6.6,40.88,6.01,12.86,2.47,3.3,77,2.65,3.43,1.39,47,0.73,44,1.63,0.03,15.88,16.99,4.76,5.11,1.84,44.04,6.36,40,2.88,56,0.14,0,0,38.99,76,1.7,11,48,2.71,3.06,25,70,-6,51.75,4.27,0.32,0.37,34.05,93,4.05,8.9,0.52,0.49,0.03,0.1,1.29,1.77,0.07,20,0.14,33,0.17,22,64,14,21,70,9,18.05,15.07,0.94,99,-2.99,16.89,14.98
J.Maskell,Darlington,1951,Right Centre Forward,Centre Forward,England,21,178,0.46,0.46,0.42,0.15,2.77,17,48,4,,0.52,0.05,0.1,0.78,0.05,0.1,0.78,0,0,0,0.51,0.52,3.55,-0.02,0.88,0.55,0.32,63,1.34,0,1.57,2.77,0.32,0.28,1.11,1.17,16.01,4.2,0.03,3.6,60.86,3.83,5.81,0.51,0.83,92,0.44,0.72,2.03,50,0.05,53,5.4,0,13.56,14.03,2.86,4.75,1.06,65.79,10.7,79,4.15,87,0.09,0,0,24.54,58,0.46,8,29,1.52,1.15,36,52,-6,62.31,1.85,0.72,0.92,17.11,87,4.27,7.52,0.6,0.6,0,0.55,7.1,7.7,0.09,8,0.14,20,0.92,22,60,18,18,63,18,15.54,14.52,0.92,91,-1.02,14.26,13.16
J.Meddows,AFC Telford United,1903,Right Wing,Left Back,England,23,180,0.24,0.24,0.15,0.1,1.47,16,48,2,,0.15,0.28,0.16,1.13,0.28,0.16,1.09,0,0,0.05,0.52,0.3,2.6,0.22,1.51,1.04,0.47,69,0.61,0,1.75,1.75,0.8,0.67,1.42,1.38,23.03,12.1,0.02,8.09,43.26,4.02,7.85,2.84,3.64,67,2.73,3.4,0.99,33,1.42,33,0.43,0,19.2,18.62,6.15,4.3,1.18,45.61,8.61,45,2.98,69,0.14,0,0,32.01,76,1.47,74,36,1.7,3.74,17,81,5,56.14,3.55,0.51,0.68,29.93,93,5.39,9.88,0.99,0.76,0.24,0.38,2.93,3.69,0.05,29,0.38,29,0.85,24,57,19,20,53,27,19.8,15.94,0.87,94,-3.86,17.16,15
J.Poffley,Chippenham Town,716,Left Centre Back,Right Centre Back,England,20,,0.13,0.13,0.1,0.41,0.25,50,50,0,,0.12,0,0,0,0,0,0,0,0,0,0.13,0.1,0.25,0.02,0.25,0.25,0,100,0.5,0,0.13,0.13,0.38,0.51,4.65,3.61,10.06,4.65,0.05,3.65,24.2,0.88,9.18,1.26,1.63,71,1.3,1.81,0.75,20,0.5,60,2.64,0,8.05,8.17,2.14,2.51,0.25,30.44,2.01,25,1.01,40,0.25,0,0,32.06,83,2.14,5,53,4.78,3.9,13,66,-17,30.4,0.5,0.34,0.34,23.01,100,4.14,0.75,0,0,0,0.13,0.75,0.75,0,,0,,0.13,25,72,4,33,50,17,21.68,17.24,0.94,107,-4.44,20.46,18.49
J.Sommerton,Salisbury,2326,Left Back,Left Centre Back,England,25,,0.04,0.04,0.06,0.13,0.43,9,36,0,,0.09,0.04,0.07,0.7,0.04,0.07,0.66,0,0,0.04,0.08,0.12,1.12,-0.05,1.08,0.66,0.43,61,1.2,0,0.89,0.77,1.08,1.33,4.06,4.21,11.57,4.72,0.05,5.26,28.42,2.98,13.62,1.82,2.9,82,2.1,3.43,0.58,50,0.39,62,2.98,0.04,9.17,10.37,3.17,2.01,0.62,33.32,2.13,23,1.12,56,0,0,0,41.29,74,2.13,84,38,5.3,4.33,16,57,-17,45.21,3.79,0.42,0.5,32.97,97,6.01,6.81,0.81,0.7,0.12,0.04,0.93,1.63,0,43,0.35,50,0.04,34,56,10,31,56,13,20.24,20.72,0.89,87,0.48,18.07,18.13
J.White,Hemel Hempstead Town,2299,Left Defensive Midfielder,Centre Attacking Midfielder,England,27,,0.16,0.08,0.1,0.12,0.86,9,32,1,67,0.11,0.16,0.06,0.63,0.16,0.06,0.59,0,0,0.04,0.23,0.17,1.49,0.07,0.51,0.43,0.08,85,1.06,0.04,1.33,0.82,0.9,0.86,1.61,1.47,13.59,5.76,0.03,4.54,47.24,8.22,14.25,1.21,2.11,72,1.15,2,0.94,42,0.47,46,1.53,0,11.43,11.31,3.29,4.15,1.33,51.97,5.95,52,2.78,67,0.2,0,0,31.87,70,1.8,22,38,2.23,4.15,22,66,-4,54.37,2.9,0.34,0.44,23.49,95,4.43,8.61,0.86,0.74,0.12,0.23,1.88,2.62,0.04,9,0.16,33,0.35,28,60,12,27,61,11,21.05,17.65,0.91,96,-3.4,19.18,16.92
Jack Bainbridge,Chester,2182,Centre Defensive Midfielder,Left Defensive Midfielder,England,28,183,0,0,0.13,0.11,1.24,0,37,2,,0.1,0,0.05,0.82,0,0.05,0.82,0,0,0,0,0.18,2.06,-0.18,0.7,0.41,0.29,59,1.11,0,0.74,1.24,0.78,0.63,2.35,2.25,15.59,7.38,0.03,6.64,38.37,5.32,13.82,1.9,2.68,73,1.85,2.49,0.99,38,0.7,64,2.06,0,12.7,11.43,4.91,3.59,1.57,43.54,4.87,38,2.35,66,0.16,0,0.04,26.93,71,0.58,22,29,2.6,1.73,20,65,-7,51.46,2.23,0.43,0.52,16.79,93,5.5,5.4,0.41,0.41,0,0.08,2.23,2.64,0,10,0.08,100,0.21,31,58,11,24,66,9,17.74,15.38,0.93,102,-2.36,16.42,15.76
Jack Barham,Chelmsford City,1018,Centre Forward,Left Wing,England,30,177,0.09,0.09,0.21,0.12,1.77,5,35,4,,0.19,0,0.06,0.8,0,0.06,0.8,0,0,0,0.09,0.27,2.56,-0.19,0.88,0.53,0.35,60,0.8,0,1.41,2.65,1.15,1.01,1.15,0.9,12.55,5.13,0,2.74,55.23,3.53,5.48,1.15,2.3,76,1.3,2.31,1.59,50,0.35,48,4.42,0,9.81,10.28,1.77,2.03,0.44,61,6.72,68,1.68,83,0.09,0,0,19.53,45,0.8,8,26,1.68,2.56,32,42,-3,68.26,1.68,0.36,0.42,14.4,85,6.28,5.92,0.71,0.71,0,0.35,3.18,3.89,0,38,0.53,19,0.62,25,64,11,16,64,19,20.8,16.05,0.87,75,-4.75,18.02,12.04
Jack Bateson,Hemel Hempstead Town,1630,Right Centre Back,Left Centre Back,England,21,,0,0,0.04,0.12,0.33,0,33,0,,0.04,0.06,0.03,0.28,0.06,0.03,0.28,0,0,0,0.06,0.07,0.61,-0.02,0,0,0,,0.11,0,0.11,0.22,0.99,1.02,4.86,4.46,9.55,4.8,0.09,4.53,28.19,2.1,15.57,0.94,1.93,74,0.85,1.87,0.39,33,0.33,67,4.2,0,8.22,7.65,3.09,1.88,0.72,33.18,1.21,15,0.44,24,0.11,0,0,27.49,64,2.65,19,42,6.02,5.19,20,50,-13,39.26,2.37,0.2,0.2,14.08,99,4.97,2.93,0.06,0.06,0,0.22,1.66,1.71,0,0,0,0,0.28,46,49,5,42,58,0,25.88,23.9,0.92,92,-1.98,23.88,21.94
Jack Batten,Bath City,2411,Right Centre Back,Centre Back,England,30,191,0,0,0.03,0.07,0.52,0,43,0,,0.01,0.04,0.02,0.3,0.04,0.02,0.26,0,0,0.04,0.04,0.06,0.82,-0.02,0.15,0.04,0.11,25,0.45,0,0.07,0.37,1.27,0.87,7.69,5.17,10.15,5.19,0.06,4.89,24.04,1.72,16.12,1.49,2.76,80,0.96,1.83,0.78,55,0.37,66,5.19,0,7.88,5.39,2.84,1.6,0.71,28.47,0.9,11,0.37,23,0.3,0,0,27.25,66,1.98,12,37,8.55,4.55,21,58,-8,36.06,1.46,0.18,0.19,12.73,98,4.39,1.57,0.11,0.07,0.04,0.04,1.75,1.83,0.04,0,0,,0.19,42,54,4,55,38,7,23.98,21.4,0.88,87,-2.59,20.99,18.53
Jack Bearne,Oxford City,852,Right Wing,Right Midfielder,England,24,171,0.21,0.21,0.25,0.15,1.69,13,38,3,,0.14,0,0.11,0.42,0,0.06,0.32,0,0.05,0.11,0.21,0.36,2.11,-0.14,1.06,0.74,0.32,70,1.59,0,1.69,1.48,0.74,0.62,0.74,0.35,19.97,7.93,0,4.65,46.29,1.8,6.45,1.37,2.11,57,0.79,1.41,1.27,9,1.06,12,0.21,0,17.33,15.03,3.8,3.91,1.37,48.1,7.61,44,2.96,76,0.21,0,0,26,66,0.95,61,31,1.27,2.54,17,54,-12,56.26,2.96,0.33,0.59,23.78,92,7.14,7.82,1.59,1.16,0.42,0.11,2.01,3.17,0,27,0.53,26,0.11,20,68,11,28,57,15,18.25,17.9,0.89,82,-0.35,16.26,14.65
Jack Clarke,Kidderminster Harriers,600,Right Defensive Midfielder,Left Defensive Midfielder,Republic of Ireland,27,178,0.15,0.15,0.09,0.16,0.6,25,50,1,,0.17,0.15,0.24,1.35,0.15,0.24,1.35,0,0,0,0.3,0.33,1.95,-0.03,0.75,0.6,0.15,80,0.3,0,1.05,0.75,1.35,1.89,2.4,3.52,23.24,9.45,0.04,7.35,43.37,8.25,13.8,2.7,4.05,72,3.7,5.59,1.35,42,1.05,51,3.15,0,19.19,26.74,5.1,6.45,1.95,46.99,8.25,43,4.35,67,0.15,0,0,35.54,75,0.6,79,29,2.7,1.8,20,63,-12,58.61,3,0.61,0.64,24.89,94,4.34,11.1,1.95,1.8,0.15,0.6,1.8,3.6,0.15,15,0.45,60,0.75,27,63,10,22,72,7,17.36,15.62,0.92,89,-1.74,15.96,13.91
Jack Evans,Merthyr Town FC,3132,Centre Defensive Midfielder,Left Defensive Midfielder,Wales,28,178,0,0,0.01,0.05,0.17,0,33,0,,0.02,0.11,0.05,1.01,0.11,0.05,0.98,0,0,0.03,0.11,0.06,1.18,0.05,0.66,0.49,0.17,74,1.35,0,1.44,1.01,1.29,1.52,2.64,3.37,23.59,11.78,0.07,9.89,33.67,3.39,14.6,3.51,4.8,80,4.41,5.93,1.06,60,0.86,52,1.87,0.06,19.02,24.13,6.81,5.29,1.87,37.25,5.06,27,2.07,39,0.17,0,0,67.36,87,2.7,11,65,3.28,3.53,18,81,-6,40.22,5.26,0.62,0.66,51.64,98,3.68,8.25,0.34,0.34,0,0.06,0.46,0.8,0.03,0,0,0,0.14,27,66,8,38,60,2,17.65,16.19,0.98,102,-1.46,17.3,16.54
Jack Jones,Hemel Hempstead Town,542,Right Centre Midfielder,Right Defensive Midfielder,England,19,,0,0,0.05,0.03,1.5,0,22,2,,0,0,0.13,2.16,0,0.07,1,0,0.06,1.16,0,0.18,3.66,-0.18,1.33,1.16,0.17,88,1.33,0,1.33,1.16,0.5,0.31,0.83,0.54,17.28,7.48,0,7.14,42.19,7.31,13.13,1.83,2.33,73,1.87,2.18,0.66,50,0.66,26,1,0,14.79,12.68,5.48,3.82,1.16,43.71,5.82,39,2.66,70,0.33,0,0,27.25,61,4.32,8,42,1.33,9.8,18,59,-1,61.84,3.99,0.26,0.28,22.93,93,6.06,8.47,2.66,1.16,1.5,0,1.33,2.49,0.17,6,0.33,18,0.17,21,67,13,24,63,14,25.7,17.48,0.86,108,-8.22,22.08,18.85
Jack Lambert,King's Lynn Town FC,580,Centre Attacking Midfielder,Left Attacking Midfielder,England,27,175,0.31,0.31,0.09,0.06,1.55,20,40,3,,0.05,0,0.08,1.24,0,0.05,0.93,0,0.03,0.31,0.31,0.17,2.79,0.14,1.4,0.93,0.47,67,0.62,0,1.71,2.33,0.93,1.1,0.31,0.26,20.64,9.15,0.03,8.22,50.5,5.9,9.31,1.4,2.33,69,1.33,2.43,1.09,50,0.62,17,0.62,0,18.31,17.38,6.67,5.43,2.64,52.39,10.09,55,3.57,66,0.31,0,0,29.17,65,2.02,9,45,0.62,4.19,21,55,-10,60.64,3.26,0.35,0.41,23.43,91,5.38,9.93,1.4,0.93,0.47,0,2.17,3.1,0,33,0.47,25,0,25,59,16,28,56,16,21.18,15.81,0.91,106,-5.36,19.27,16.71
Jack Leckie,Alfreton Town,1678,Right Centre Back,Right Back,England,22,198,0,0,0.06,0.12,0.48,0,11,1,,0.01,0.05,0.02,0.38,0.05,0.02,0.38,0,0,0,0.05,0.08,0.86,-0.03,0.05,0.05,0,100,0.21,0,0.21,0.16,0.91,0.43,7.19,3.88,10.03,4.51,0.05,3.54,25.04,2.63,11.91,1.02,1.93,76,0.53,0.96,1.77,40,0.32,68,2.95,0,7.24,3.95,1.98,1.39,0.48,33.71,1.61,22,0.7,50,0.32,0.05,0,22.21,56,2.84,15,37,7.56,7.3,12,61,4,35.42,1.82,0.1,0.14,9.66,99,4.17,2.74,0.21,0.21,0,0.16,1.23,1.45,0,25,0.05,20,0.32,47,44,9,47,45,8,28.05,19.59,0.85,101,-8.46,23.72,19.79
Jack McDowell,Bedford Town,305,Right Back,Centre Attacking Midfielder,England,20,,0,0,0.03,0.06,0.59,0,0,1,,0,0,0.11,0.59,0,0.09,0.3,0,0.02,0.3,0,0.14,1.18,-0.14,0,0,0,,0.3,0,0.59,0,3.25,2.22,4.13,3.1,17.12,7.97,0.04,6.79,25.25,1.48,6.2,2.07,5.31,47,1.42,3.64,1.77,40,2.36,64,2.07,0.3,13.28,9.09,4.72,1.18,0,27.13,1.48,11,0.59,50,0.3,0,0.3,18.59,51,2.07,4,28,5.31,6.2,16,56,6,48.94,3.54,0.07,0.16,9.44,97,4.56,2.66,0.59,0,0.59,0.3,1.77,1.77,0,0,0,,0.3,60,40,0,67,33,0,27.2,24.79,0.79,80,-2.41,21.57,19.92
Jack Moore,Chorley,1519,Right Back,Right Wing Back,England,22,176,0,0,0.02,0.03,0.65,0,27,1,,0.02,0.18,0.12,1.42,0.06,0.06,0.65,0.12,0.07,0.77,0.18,0.14,2.07,0.04,0.41,0.3,0.12,71,1.3,0,0.47,0.65,0.95,0.84,2.37,1.89,15.88,8.12,0.05,5.87,32.79,5.1,12.74,2.55,3.5,70,2.04,2.88,0.83,42,1.07,67,1.19,0.06,12.51,10.59,3.97,2.55,0.71,36.91,3.44,27,1.42,56,0.12,0,0,34.02,54,4.86,9,33,3.97,13.28,12,54,0,53.59,7.05,0.31,0.34,24.42,97,6.51,8.95,2.61,1.24,1.36,0,0.24,1.48,0.06,20,0.59,16,0.06,43,54,4,40,56,4,28.64,24.81,0.85,88,-3.83,24.27,21.89
Jack Sampson,Chorley,1045,Right Centre Forward,Centre Forward,England,33,188,0.43,0.34,0.25,0.13,1.89,18,45,3,100,0.38,0.09,0.12,1.38,0.09,0.12,1.38,0,0,0,0.43,0.37,3.27,0.06,0.95,0.86,0.09,91,1.12,0,1.64,3.44,0.09,0.06,0.69,0.48,13.35,4.82,0.03,3.27,61.42,3.36,5.34,0.43,0.52,100,0.5,0.56,1.72,,0,46,5.42,0,11.28,8.95,2.67,2.84,0.86,65.77,8.78,78,2.32,82,0.09,0,0,25.92,64,0.52,76,75,0.86,0.52,36,61,-3,64.13,1.98,0.39,0.63,17.39,86,3.82,9.21,0.69,0.69,0,0.95,8.27,8.96,0.09,0,0.09,14,1.72,18,68,15,18,61,21,14.3,14.18,1.04,102,-0.12,14.91,14.49
Jack Spong,Worthing FC,2663,Right Defensive Midfielder,Right Centre Midfielder,England,24,169,0.24,0.14,0.1,0.09,1.15,12,32,1,75,0.13,0.07,0.19,1.62,0.07,0.14,1.18,0,0.04,0.44,0.2,0.29,2.77,-0.09,0.88,0.41,0.47,46,1.72,0,2.26,1.72,0.54,0.83,1.25,1.85,17.88,7.06,0.03,6.66,42.46,5.24,13.42,2.47,3.01,78,3.9,4.74,1.01,47,0.71,37,0.98,0.03,14.46,22.03,4.76,5.78,2.1,44.33,5.51,38,2.77,48,0.07,0,0,49.37,75,3.51,78,48,2.5,6.05,18,70,-5,52.08,4.36,0.62,0.69,38.69,95,4.06,12.27,1.96,1.01,0.95,0.37,2.3,3.31,0.24,21,0.51,47,0.51,22,65,13,21,64,15,19.87,18.01,0.92,92,-1.86,18.34,16.63
Jack Stafford,Curzon Ashton FC,652,Left Wing Back,Left Back,Republic of Ireland,24,186,0,0,0,0.01,0.28,0,0,1,,0,0.14,0.08,1.1,0,0.05,0.69,0.14,0.03,0.41,0.14,0.08,1.38,0.06,0.41,0.14,0.28,33,0.55,0,0.83,0.97,0.83,0.7,1.79,1.19,14.22,5.52,0.02,6.07,37.14,2.9,7.45,1.1,1.93,53,0.82,1.52,1.38,22,0.97,32,0.97,0,11.73,9.39,4.42,3.59,1.79,40.11,3.73,32,2.21,62,0.28,0,0,26.78,63,3.17,73,43,2.35,6.76,13,56,-8,56.55,4.69,0.25,0.3,21.81,95,5.24,6.63,1.52,0.55,0.97,0,0.55,1.1,0.14,9,0.14,8,0,36,51,13,44,46,10,21.94,16.39,0.88,121,-5.55,19.36,19.92
Jack Stobbs,Curzon Ashton FC,1400,Right Wing Back,Left Wing,England,29,180,0.19,0.19,0.07,0.07,1.03,19,38,1,,0.09,0.19,0.29,2.83,0.19,0.16,1.61,0,0.13,1.22,0.39,0.36,3.86,0.02,0.77,0.26,0.51,33,0.19,0,0.45,1.03,0.45,0.34,0.96,0.6,8.87,3.34,0.01,3.02,42.96,3.15,6.75,0.84,1.29,65,0.57,0.9,0.26,40,0.45,45,0.58,0,7.78,5.53,2.31,1.74,0.58,48.43,3.67,47,1.48,85,0.13,0,0,29.07,57,3.54,10,42,1.99,7.46,17,57,0,63.91,3.28,0.3,0.5,22.89,97,5.82,8.68,3.73,1.99,1.74,0.19,1.48,3.47,0.26,29,1.54,29,0.58,21,64,15,25,52,23,25.25,20.92,0.88,89,-4.33,22.32,18.59
Jack Strange,Horsham FC,1637,Right Centre Back,Left Centre Back,England,28,190,0,0,0.04,0.17,0.22,0,75,0,,0.05,0,0.01,0.05,0,0.01,0.05,0,0,0,0,0.05,0.27,-0.05,0,0,0,,0.49,0.05,0.16,0.11,1.87,1.37,9.4,7.68,7.64,3.13,0.06,3.9,22.17,1.37,14.18,1.21,3.08,85,1,2.37,0.88,43,0.22,75,3.57,0,5.55,5.02,2.2,1.21,0.33,28.48,0.49,9,0.33,27,0.16,0,0,34.52,73,4.07,12,53,10.89,6.16,18,57,-15,31,1.87,0.26,0.26,20.29,99,5.61,2.09,0.11,0.11,0,0,0.66,0.77,0,0,0,,0.05,38,58,5,55,39,5,25.96,24.71,0.94,96,-1.24,24.44,23.69
Jack Waldron,Scarborough Athletic,1633,Right Wing Back,Right Back,England,20,,0,0,0.02,0.05,0.39,0,29,1,,0.05,0,0.14,0.94,0,0.14,0.88,0,0,0.06,0,0.16,1.32,-0.16,0.72,0.44,0.28,62,0.61,0,1.16,0.66,1.38,1.22,3.2,2.98,17.97,8.1,0.03,5.46,36,5.24,12.79,1.76,3.14,70,1.79,3.01,1.32,45,0.77,58,2.32,0.06,14.88,13.58,3.75,3.69,1.16,38.72,4.02,27,2.09,57,0.06,0,0,38.42,63,3.2,16,37,4.35,7.55,19,58,-5,54.17,5.79,0.34,0.4,28.89,97,4.79,10.53,1.87,1.16,0.72,0.22,1.16,2.32,0,26,0.66,32,0.28,34,57,10,30,54,16,22.67,19.51,0.87,90,-3.16,19.68,17.46
Jack Young,Dorking Wanderers FC,446,Centre Attacking Midfielder,Right Centre Midfielder,England,25,171,0,0,0.05,0.04,1.21,0,0,2,,0,0.4,0.14,1.21,0.4,0.14,1.21,0,0,0,0.4,0.19,2.42,0.22,0.2,0.2,0,100,0.61,0,0.81,1.61,0.2,0.18,1.21,1.64,20.38,9.08,0.08,8.88,42.18,7.47,14.73,1.82,2.02,56,2.4,2.58,0.81,13,1.41,45,1.01,0,17.76,22.47,7.26,6.05,2.02,46.94,7.67,43,3.63,60,0.2,0,0,41.57,78,3.83,6,66,2.82,4.24,19,66,-13,51.48,8.47,0.24,0.34,30.87,97,3.34,13.12,1.01,0.81,0.2,0,1.41,2.22,0.2,20,0.2,33,0,30,60,10,34,55,11,20.04,21.52,0.97,103,1.47,19.35,22.15
Jack Young,Farnborough,988,Right Defensive Midfielder,Left Defensive Midfielder,England,25,171,0,0,0.02,0.02,0.64,0,14,1,,0.02,0,0.02,0.46,0,0.02,0.46,0,0,0,0,0.03,1.09,-0.03,0.18,0.18,0,100,0.91,0.09,0.73,0.64,1.28,1.31,1.82,1.58,21.41,11.57,0.03,9.66,38.34,6.01,13.12,1.46,2.73,42,1.23,2.54,1,26,2,55,1.46,0,18.95,15.74,6.92,5.74,1.73,39.97,5.28,28,2.28,40,0.18,0,0,44.91,80,2.19,9,69,2.1,2.92,17,71,-9,48.82,4.65,0.16,0.17,32.62,97,4.15,8.84,0.36,0.27,0.09,0,0.36,0.64,0,25,0.09,50,0.18,27,64,10,30,68,2,18.55,15.99,0.98,99,-2.56,18.24,15.77
Jack Young,Worthing FC,349,Left Defensive Midfielder,Right Defensive Midfielder,England,25,171,0,0,0.05,0.04,1.29,0,20,1,,0.01,0,0.37,2.32,0,0.34,2.06,0,0.03,0.26,0,0.42,3.61,-0.42,0,0,0,,1.03,0,1.03,0.26,2.58,4.25,1.03,1.56,12.39,6.19,0,4.39,43.93,6.71,13.16,2.32,4.9,75,3.83,8.07,0.77,33,0.77,33,1.03,0,9.29,14.63,2.84,4.13,1.55,45.54,2.84,31,2.32,56,0.52,0,0,64.25,84,3.87,14,60,1.29,6.19,12,68,-17,48.55,8,0.74,0.88,49.29,99,4.17,16.51,1.55,1.03,0.52,0.52,2.84,3.87,0,17,0.52,67,0.77,20,68,12,23,70,6,18.46,14.6,0.99,105,-3.86,18.23,15.28
Jacob Borgnis,Slough Town FC,1478,Right Defensive Midfielder,Centre Defensive Midfielder,New Zealand,21,,0,0,0.04,0.07,0.55,0,0,0,,0,0,0.02,0.49,0,0.02,0.49,0,0,0,0,0.05,1.03,-0.05,0.3,0.18,0.12,60,0.97,0,0.73,0.43,1.77,1.13,1.7,1.39,21.49,11.14,0.02,8.58,38.12,8.28,15.89,1.58,3.35,74,1.27,2.4,1.52,67,0.55,51,1.4,0,18.38,12.82,6.33,4.08,1.58,40.13,6.15,33,2.19,54,0.18,0,0,33.06,69,3.29,11,62,2.25,4.75,16,61,-9,50.13,5.3,0.31,0.33,19.36,96,4.69,7.85,0.67,0.61,0.06,0.06,0.73,1.34,0,9,0.06,50,0.12,33,59,9,33,64,3,22.6,18.94,1,115,-3.66,22.53,21.71
Jacob Cane,Weston-super-Mare AFC,1252,Right Defensive Midfielder,Left Defensive Midfielder,England,32,176,0.07,0.07,0.08,0.06,1.37,5,21,1,,0.07,0.22,0.12,1.01,0.22,0.12,1.01,0,0,0,0.29,0.2,2.37,0.09,0.58,0.43,0.14,75,0.79,0,0.72,1.01,1.87,1.26,1.65,1.44,21.49,10.93,0.05,7.26,41.1,6.54,14.02,2.88,4.74,82,2.5,3.76,1.44,44,0.65,49,1.65,0,17.18,14.17,5.32,4.82,1.37,44.01,6.47,38,3.45,72,0.36,0,0,37.31,78,2.16,12,50,2.52,3.45,18,75,-3,50.52,2.95,0.41,0.5,25.16,96,5.26,7.55,0.72,0.72,0,0,1.22,1.94,0,10,0.07,50,0.22,24,66,10,19,74,7,19.3,17.84,0.95,99,-1.46,18.39,17.58
Jacob Gerrard Roddy,Oxford City,2372,Left Back,Left Wing Back,England,23,186,0.04,0.04,0.09,0.18,0.49,8,54,1,,0.08,0.04,0.05,0.38,0.04,0.04,0.3,0,0.01,0.08,0.08,0.13,0.87,-0.06,0.76,0.42,0.34,55,1.06,0,1.06,1.25,0.99,0.69,3.87,2.61,19.31,9.56,0.02,7.63,32.31,2.16,8.04,2.35,3.34,76,1.94,2.63,0.87,41,0.76,56,1.75,0,16.09,13.78,5.69,3.19,1.25,35.91,4.55,28,1.86,58,0.08,0,0,27.85,66,1.93,58,39,4.63,4.25,14,64,-2,49.62,2.2,0.27,0.35,21.44,95,3.75,5.84,0.57,0.34,0.23,0.15,1.4,1.75,0.08,33,0.27,22,0.27,40,49,12,32,44,23,20.86,20,0.85,90,-0.87,17.82,18.04
Jacob Maddox,Merthyr Town FC,415,Left Centre Midfielder,Left Midfielder,England,27,179,0,0,0.06,0.06,0.87,0,0,1,,0,0.22,0.03,0.65,0.22,0.03,0.65,0,0,0,0.22,0.08,1.52,0.13,2.17,1.3,0.87,60,2.6,0,1.95,2.17,0.22,0.16,1.74,2.66,16.92,7.59,0.01,4.99,41.49,4.77,10.85,2.17,2.39,77,2.65,2.81,1.08,50,0.65,75,1.3,0,13.67,17.13,3.69,3.91,1.08,44.06,4.77,35,1.95,50,0.22,0,0,46.64,87,1.52,18,44,2.6,2.6,26,84,-2,47.56,4.99,0.2,0.23,47.08,94,5.41,9.98,0.43,0.43,0,0.22,1.08,1.52,0,0,0,0,0.65,12,70,18,11,80,9,17.33,18.05,0.94,89,0.72,16.31,16.02
Jacob Mensah,Dover Athletic,2265,Left Centre Back,Right Back,Ghana,25,183,0.08,0.08,0.04,0.14,0.28,29,57,0,,0.06,0,0,0.08,0,0,0.08,0,0,0,0.08,0.04,0.36,0.04,0.16,0.12,0.04,75,0.48,0,0.08,0.2,0.95,0.65,7.11,4.76,11.21,5.01,0.05,5.68,24.44,2.82,18.32,1.19,2.15,81,0.77,1.42,0.4,63,0.28,71,5.4,0.04,9.66,7.06,3.42,1.59,0.44,29.32,1.27,13,0.4,25,0.04,0,0,29.68,60,2.54,20,37,7.95,5.96,19,48,-12,35.62,1.63,0.19,0.19,14.11,99,6.4,1.63,0.16,0.16,0,0.08,0.79,0.95,0,0,0,,0.12,44,52,4,46,51,2,24.82,18.24,0.9,89,-6.58,22.22,16.19
Jacob Towns,AFC Totton,313,Centre Defensive Midfielder,Left Centre Midfielder,England,,,0,0,0,,0,,,0,,0,0,0.01,0.29,0,0.01,0.29,0,0,0,0,0.01,0.29,-0.01,0.29,0.29,0,100,0.58,0,0.29,0.29,1.15,0.43,1.15,0.55,22.74,10.07,0,5.47,40.41,3.17,8.63,2.3,3.45,80,1.08,1.52,2.3,100,0.58,55,1.73,0,18.13,9.18,3.74,3.74,0.86,42.53,6.04,33,2.01,54,1.15,0,0,21.59,57,0,18,0,1.44,2.59,20,63,6,48.23,1.44,0.15,0.15,11.51,98,3.47,3.45,0,0,0,0,0,0,0,,0,0,0,29,62,9,17,75,8,20.36,16.75,0.82,91,-3.6,16.66,15.31
Jago Godden,Bedford Town,1035,Right Defensive Midfielder,Centre Attacking Midfielder,New Zealand,22,193,0.35,0.35,0.16,0.09,1.83,19,43,3,,0.19,0,0.02,0.26,0,0.02,0.26,0,0,0,0.35,0.17,2.09,0.17,0.87,0.52,0.35,60,0.96,0,1.3,1.3,0.7,0.48,2.78,1.76,19.56,8.96,0.02,6.43,41,4.61,8.52,2.61,3.3,83,1.03,1.51,1.39,40,0.52,37,2.7,0,15.82,7.72,4.52,4.17,1.48,44.49,6.09,38,2.87,69,0.17,0,0,22.78,57,0.78,17,33,3.39,1.74,29,51,-6,55.11,2.52,0.31,0.41,18.08,91,5.16,5.48,0.61,0.61,0,0.26,3.83,4.43,0.09,14,0.26,23,0.43,30,61,10,19,73,8,18.3,17.73,0.89,97,-0.56,16.36,17.13
Jahdahn Fridye-Harper,AFC Telford United,493,Right Back,,England,28,,0,0,0,,0,,,0,,0,0,0.01,0.18,0,0.01,0.18,0,0,0,0,0.01,0.18,-0.01,0.55,0.18,0.36,33,0.55,0,0.91,1.46,3.65,3.62,2.92,2.19,22.8,10.22,0,8.39,31.02,2.37,12.22,2.92,6.57,53,1.94,5.56,1.09,32,2.55,75,1.64,0.36,18.79,14.69,6.57,2.92,0.73,33.32,4.38,23,1.46,50,0.18,0,0,31.74,59,2.37,9,26,4.2,7.84,10,38,-22,48.21,2.74,0.36,0.36,20.8,89,4.33,5.29,0.73,0.36,0.36,0.18,0.36,0.73,0,0,0,0,0.18,42,54,4,41,55,3,23.97,25.89,0.81,92,1.92,19.43,23.83
Jaiden Drakes–Thomas,Slough Town FC,1691,Centre Attacking Midfielder,Right Centre Midfielder,England,21,178,0.21,0.21,0.18,0.07,2.5,9,28,4,,0.18,0.27,0.19,1.65,0.16,0.12,0.96,0.11,0.07,0.69,0.48,0.37,4.15,0.11,1.76,0.9,0.85,52,0.53,0,2.29,3.57,0.9,0.81,1.17,1.2,17.78,6.97,0.02,5.91,49.57,6.71,10.43,1.92,2.82,82,1.4,2.21,0.43,63,0.43,40,2.02,0,15.43,12.62,4.47,4.1,1.44,52.7,8.41,54,3.14,77,0.05,0,0,30.44,65,1.81,78,32,1.7,5.06,23,61,-4,61.99,4.68,0.41,0.58,25.92,88,5.58,11.66,1.7,0.75,0.96,0.37,3.19,3.94,0.32,19,0.48,33,0.43,24,61,15,25,59,16,21.41,17.03,0.91,101,-4.39,19.55,17.22
Jaiden Putman,Bath City,479,Right Back,Right Wing Back,England,19,,0,0,0.05,0.13,0.38,0,50,1,,0.02,0,0.02,0.38,0,0.02,0.38,0,0,0,0,0.07,0.75,-0.07,0.94,0.38,0.56,40,2.25,0,0.75,1.13,0.56,0.31,1.31,1.06,16.9,7.51,0.07,5.07,30.59,3.19,10.89,1.88,2.44,91,1.37,1.68,1.13,75,0.19,33,0.75,0,13.9,9.2,4.13,2.25,1.13,35.21,3.94,28,1.69,75,0.19,0,0,18.78,60,2.44,16,43,2.25,4.69,26,55,-5,52,2.82,0.15,0.2,15.02,93,6.56,4.32,0.94,0.75,0.19,0.19,1.69,2.44,0,20,0.38,33,0.38,43,45,12,26,52,22,24.35,19.22,0.91,88,-5.13,22.09,16.88
Jake Elliott,Horsham FC,1733,Right Centre Back,Right Back,England,27,191,0,0,0.02,0.06,0.42,0,25,0,,0.01,0.1,0.04,0.26,0.1,0.04,0.26,0,0,0,0.1,0.07,0.68,0.04,0.31,0.26,0.05,83,0.47,0,0.26,0.21,1.35,0.92,7.06,5.86,10.02,4.21,0.12,4.62,23.17,1.66,11.79,1.56,2.91,88,1.31,2.23,0.73,60,0.21,64,2.44,0,7.74,6.21,2.44,1.71,0.52,29.99,1.3,17,0.83,48,0.1,0,0,39.47,75,2.75,14,39,8.36,5.71,13,54,-21,33.01,1.82,0.22,0.25,30.38,99,5.52,2.28,0.21,0.16,0.05,0.26,1.4,1.56,0,25,0.1,33,0.26,33,62,4,55,43,2,23.91,23.99,0.87,88,0.09,20.88,21.15
Jake Evans,Chippenham Town,1517,Left Defensive Midfielder,Right Defensive Midfielder,England,28,173,0.06,0.06,0.03,0.03,0.83,7,14,1,,0.08,0,0.03,0.47,0,0.03,0.42,0,0,0.06,0.06,0.06,1.31,0,0.36,0.12,0.24,33,0.95,0,0.83,0.89,1.07,0.93,2.26,2.71,18.52,7.48,0.04,6.17,41.44,5.04,10.8,1.48,2.55,53,1.88,2.82,0.89,36,1.31,53,1.96,0,16.14,15.91,4.45,5.04,1.6,44.23,6.05,38,2.85,56,0.12,0,0,35.37,73,2.61,24,45,2.37,5.7,17,75,1,51.13,2.55,0.25,0.27,23.09,96,3.61,7.36,0.77,0.42,0.36,0.06,0.83,1.25,0,23,0.24,17,0.06,20,66,13,22,61,17,20.7,13.58,0.92,106,-7.13,19.1,14.4
Jake Gray,Hemel Hempstead Town,944,Left Wing,Left Midfielder,England,30,180,0,0,0.04,0.04,1.05,0,36,2,,0.05,0.1,0.11,1.05,0.1,0.08,0.57,0,0.03,0.48,0.1,0.15,2.1,-0.06,0.95,0.38,0.57,40,0.48,0.1,0.76,2,0.57,0.58,1.24,1.11,14.77,6.67,0.01,5.15,50.59,6.86,10.67,1.81,2.38,73,1.53,2.11,0.76,36,0.67,32,0.95,0,12.39,10.52,3.81,3.05,1.33,54.95,7.43,60,2.38,78,0,0,0,26.4,59,1.52,13,34,1.62,4.1,15,59,0,66.16,2.76,0.46,0.5,18.01,88,3.72,10.48,2.1,1.33,0.76,0,2.19,3.53,0,23,0.57,32,0.19,29,57,14,25,53,22,21.3,17.12,0.88,106,-4.18,18.66,18.18
Jake Hessenthaler,Ebbsfleet United,3061,Left Defensive Midfielder,Right Defensive Midfielder,England,32,176,0.09,0.09,0.04,0.09,0.38,23,31,0,,0.04,0.03,0.03,0.26,0.03,0.03,0.26,0,0,0,0.12,0.06,0.65,0.05,0.26,0.12,0.15,44,0.29,0,0.38,0.5,0.91,1.02,2.18,2.41,17.7,8.61,0.03,6.23,39.28,6.03,13.76,2.23,3.15,70,2.8,3.83,1,33,0.94,54,1.53,0,14.52,16.34,4.47,4.09,1.5,42.07,4.76,33,2.56,63,0.21,0,0,39.72,78,1.97,10,44,2.94,3.76,18,68,-11,50.46,4.06,0.46,0.49,26.49,98,4.02,9.03,0.59,0.53,0.06,0.26,1.65,2.18,0.06,25,0.18,40,0.53,26,64,10,29,64,7,19.58,17.13,0.91,92,-2.45,17.83,15.76
Jake Hull,Scarborough Athletic,2135,Right Centre Back,Centre Back,England,24,188,0.08,0.08,0.03,0.09,0.38,22,44,0,,0.04,0.04,0.03,0.13,0.04,0.03,0.13,0,0,0,0.13,0.07,0.51,0.06,0.13,0.13,0,100,0.42,0,0.08,0.3,0.97,1,6.53,6.57,11.51,4.72,0.11,5.77,24.71,1.48,13.7,1.6,2.57,79,1.24,2.24,1.14,40,0.42,66,4.26,0,8.85,7.75,3.46,2.91,1.05,29.98,1.14,13,0.8,28,0.25,0,0,26.34,66,2.36,14,41,7.25,4.97,20,48,-18,34.97,1.35,0.18,0.24,13.53,99,4.57,1.9,0.17,0.17,0,0.25,2.36,2.53,0.08,25,0.04,50,0.3,39,54,7,51,40,9,25.33,20.39,0.89,93,-4.93,22.62,18.97
Jake Tabor,Bath City,551,Left Centre Forward,Right Centre Forward,England,22,175,0.16,0.16,0.29,0.18,1.63,10,20,3,,0.18,0,0.12,0.65,0,0.12,0.65,0,0,0,0.16,0.41,2.29,-0.25,2.12,1.31,0.82,62,1.63,0,2.78,3.76,0.33,0.18,0.33,0.2,30.87,10.29,0,7.35,65.28,3.43,6.37,1.47,1.8,69,0.79,0.96,1.96,60,0.65,27,2.78,0,27.44,16.07,6.53,7.68,2.12,65.47,21.56,79,6.7,87,0,0,0,21.72,60,0.49,19,43,0.49,0.98,32,49,-11,65.39,1.8,0.53,0.75,22.87,77,5.56,7.19,0.82,0.82,0,0.49,5.72,6.53,0,60,0.49,43,1.31,21,63,16,16,57,27,16.07,14.52,0.97,100,-1.55,15.57,14.48
Jake Taylor,Southport,371,Right Back,Right Defensive Midfielder,England,27,178,0,0,0.01,0.02,0.49,0,0,1,,0,0,0,0,0,0,0,0,0,0,0,0.01,0.49,-0.01,0.49,0.24,0.24,50,1.21,0,0.97,0.49,0.24,0.09,2.67,3.13,14.31,7.28,0.06,6.06,31.15,4.61,12.13,1.7,1.94,78,1.79,1.88,0.73,0,0.49,40,1.46,0,11.89,12.56,4.85,2.43,1.21,35.18,4.12,35,1.7,70,0.24,0,0,42.45,69,2.43,13,32,3.4,6.79,18,63,-6,46.81,4.37,0.35,0.36,29.35,98,3.86,6.31,0.73,0.49,0.24,0,0,0.49,0,33,0.24,50,0,40,51,9,46,54,0,20.99,18.02,0.84,87,-2.96,17.73,15.76
Jalen Anthony Jones,Dover Athletic,3007,Right Centre Back,Centre Back,Guyana,27,195,0.09,0.09,0.04,0.11,0.39,23,38,0,,0.08,0.06,0.04,0.18,0.06,0.04,0.18,0,0,0,0.15,0.08,0.57,0.07,0.15,0.12,0.03,80,0.3,0.03,0.18,0.27,0.99,0.68,7.51,5.48,8.44,3.95,0.06,4.28,22.66,2.01,14.85,1.08,2.07,77,0.71,1.38,0.6,50,0.33,75,5.21,0.03,6.76,5.06,2.45,1.41,0.48,31.07,1.2,18,0.66,47,0,0,0.03,24.99,63,2.96,19,44,8.35,5.87,19,55,-8,37.31,1.98,0.2,0.23,11.4,98,6.29,2.6,0.12,0.12,0,0.3,1.92,2.04,0.06,0,0.03,13,0.39,41,54,5,43,55,2,27.08,20.19,0.92,105,-6.89,25.01,21.24
James Armson,AFC Telford United,564,Centre Attacking Midfielder,Left Defensive Midfielder,England,36,183,0.16,0.16,0.14,0.07,1.92,8,17,2,,0.05,0,0.02,0.32,0,0.02,0.32,0,0,0,0.16,0.16,2.23,0,0.8,0.32,0.48,40,0.64,0,2.55,1.44,0.8,0.66,0.64,0.24,15.48,7.82,0.03,7.98,46.08,3.99,6.86,1.12,1.92,70,1.11,1.77,0.64,50,0.48,44,2.39,0,13.73,12.55,5.43,4.15,2.08,51.4,7.34,53,2.55,62,0,0,0,21.39,59,1.12,30,29,1.28,3.19,25,55,-4,50.12,2.39,0.31,0.39,18.52,84,5.63,5.43,0.48,0.48,0,0.48,3.99,4.47,0,0,0.32,33,0.8,36,56,8,15,76,9,22.13,19.14,0.81,72,-2.99,17.92,13.81
James Brown,Marine,1438,Right Back,Left Back,Malta,28,186,0,0,0,0.02,0.19,0,0,0,,0,0,0.02,0.19,0,0.02,0.13,0,0,0.06,0,0.02,0.38,-0.02,0.19,0.13,0.06,67,0.88,0,0.06,0.19,1.25,0.75,2.63,1.72,12.52,4.69,0.02,4.07,30.35,3.69,10.95,1.13,2.38,67,0.66,1.41,0.5,33,0.56,53,1.44,0,10.95,6.87,3.44,1.94,0.56,34.9,2.94,27,1.13,58,0.06,0,0,20.96,57,2.88,11,40,3.75,6.07,14,53,-4,51.91,4.07,0.17,0.18,12.02,98,4.37,5.32,1.56,0.88,0.69,0.06,0.19,1.06,0.06,24,0.5,32,0.06,49,47,4,33,56,11,25.43,22.37,0.86,93,-3.06,21.87,20.77
James Dodd,Weston-super-Mare AFC,1422,Left Defensive Midfielder,Left Centre Midfielder,England,25,163,0,0,0.06,0.09,0.7,0,36,1,,0.01,0,0.03,0.7,0,0.02,0.63,0,0.01,0.06,0,0.09,1.39,-0.09,0.44,0.38,0.06,86,1.52,0,0.57,0.95,1.08,0.77,1.96,1.56,16.21,7.6,0.02,6.77,40.07,4.18,10.26,1.77,2.85,82,1.29,2.07,0.82,33,0.38,53,2.15,0,13.61,11.18,4.87,3.8,1.39,43.48,5.44,40,2.41,63,0.13,0,0,34.06,77,2.09,75,46,2.34,4.11,19,68,-10,54.11,3.36,0.45,0.48,24.06,98,4.43,8.55,0.32,0.19,0.13,0.06,1.01,1.2,0.06,0,0,0,0.06,23,66,11,21,71,8,20.39,16.16,0.91,98,-4.23,18.64,15.86
James Edmondson,Macclesfield Town,1743,Centre Defensive Midfielder,Right Defensive Midfielder,England,20,176,0.1,0.1,0.12,0.13,0.88,12,59,1,,0.1,0.1,0.08,1.65,0.1,0.06,1.34,0,0.02,0.31,0.21,0.2,2.53,0.01,0.93,0.57,0.36,61,1.7,0,1.14,1.14,1.5,1.86,1.14,1.49,16.94,7.59,0.02,5.68,43.94,6.76,13.68,2.07,3.56,70,2.2,4.06,1.65,27,0.88,53,1.34,0,13.22,16.31,4.03,5.11,1.55,46.31,5.58,42,3.2,63,0.21,0,0,40.48,78,2.89,82,53,1.7,4.85,18,73,-5,53.11,4.91,0.51,0.56,31.14,96,5.38,11,0.88,0.41,0.46,0.21,1.03,1.45,0,0,0.15,33,0.31,20,67,13,24,68,8,20.23,16.75,0.94,107,-3.48,19.11,17.84
James Hammond,Horsham FC,3377,Left Defensive Midfielder,Left Centre Midfielder,England,29,174,0.32,0.13,0.08,0.05,1.52,9,33,1,100,0.1,0.08,0.09,1.09,0.03,0.04,0.61,0.05,0.05,0.48,0.21,0.17,2.61,0.04,0.61,0.51,0.11,83,0.88,0,0.61,0.8,0.53,0.47,2.43,2.22,14.77,6.69,0.02,5.44,38.01,5.76,12.79,1.39,1.92,63,1.31,1.78,0.69,16,0.83,45,1.28,0,12.71,11.65,3.97,3.68,1.31,41.38,4.13,32,1.92,52,0,0,0,35.77,72,5.2,15,51,3.33,9.25,15,68,-4,50.77,4.13,0.37,0.4,25.96,97,4.22,8.26,1.33,0.43,0.91,0.03,1.6,2.03,0.05,16,0.27,21,0.21,25,63,12,27,66,7,25.11,20.11,0.89,90,-4.99,22.47,18
James Jones,Chester,991,Right Centre Back,Centre Back,Wales,29,193,0.09,0.09,0.04,0.06,0.64,14,29,0,,0.05,0,0.01,0.18,0,0.01,0.18,0,0,0,0.09,0.04,0.82,0.05,0.09,0.09,0,100,0.45,0,0.45,0.09,1,0.74,6.45,6.52,9.17,3.81,0.05,4.9,24.32,1,12.07,1,2,73,0.73,1.47,0.73,67,0.36,83,4.72,0.09,7.44,6.17,2.54,1.54,0.54,29.65,0.91,12,0.54,35,0,0,0,36.58,72,3.54,12,39,7.72,7.72,17,63,-9,37.54,2,0.3,0.31,24.33,100,5.9,3,0.27,0.27,0,0.18,2,2.27,0,33,0.09,50,0.18,38,59,4,48,48,3,25.85,21.4,0.84,84,-4.45,21.64,17.95
James McShane,Dorking Wanderers FC,1589,Right Centre Midfielder,Left Centre Midfielder,England,35,175,0.11,0.11,0.17,0.12,1.47,8,27,3,,0.11,0.11,0.07,0.74,0.11,0.06,0.68,0,0.01,0.06,0.23,0.24,2.21,-0.02,0.68,0.51,0.17,75,0.79,0,1.08,1.08,0.62,0.72,0.4,0.47,20.23,9.52,0,6.63,50.4,5.38,9.86,1.7,2.32,73,1.96,2.68,1.25,21,0.62,36,0.91,0,17.28,21.83,5.33,6.52,1.98,50.94,8.78,51,4.19,64,0.23,0,0,24.25,68,2.21,8,56,0.91,3.46,19,62,-5,54.42,3.06,0.35,0.52,16.09,95,5.13,7.25,0.96,0.85,0.11,0.45,3.34,4.19,0.17,12,0.11,40,0.62,26,60,14,23,67,10,19.9,17.21,0.96,98,-2.69,19.01,16.87
James Roberts,Horsham FC,538,Left Wing,Centre Forward,England,29,180,0.17,0.17,0.12,0.12,1,17,83,2,,0.19,0.17,0.01,0.5,0.17,0.01,0.5,0,0,0,0.33,0.13,1.5,0.21,0.5,0.17,0.33,33,0.5,0,1.5,2.34,0.84,0.7,0.33,0.31,14.21,4.35,0,2.51,56.9,2.34,5.52,0.67,1.5,100,0.69,1.39,1.17,,0,48,1.84,0,12.54,12.71,2.34,2.51,0.5,61.23,9.03,72,2.17,87,0.33,0,0,25.08,63,1,13,35,0.5,2.67,24,70,7,61.59,2.34,0.31,0.34,22.4,89,5.71,9.19,0.84,0.84,0,0,1.5,2.34,0,0,0,0,0.17,24,58,18,11,62,27,20.86,16.73,0.96,111,-4.13,19.95,18.59
James Spencer,Curzon Ashton FC,1614,Centre Forward,Left Centre Forward,England,34,186,0.22,0.22,0.28,0.11,2.51,9,42,4,,0.3,0.39,0.25,1.9,0.39,0.25,1.9,0,0,0,0.61,0.53,4.41,0.08,1.06,0.56,0.5,53,1.23,0,1.45,2.84,0.45,0.27,0.5,0.38,13.78,5.08,0.01,2.62,60.13,3.74,5.52,0.84,1.28,83,0.56,0.84,1.62,0,0.17,40,3.23,0,11.32,7.78,2.23,3.12,0.78,62.81,8.53,75,2.62,84,0.28,0,0,28.05,65,1.28,13,51,1.17,1.84,32,66,1,62.27,3.18,0.67,0.92,21.58,89,3.67,9.76,0.73,0.73,0,0.67,6.97,7.7,0.5,15,0.22,19,1.12,22,64,13,20,62,18,16.86,15.67,0.93,97,-1.19,15.72,15.13
James Waite,Weston-super-Mare AFC,680,Centre Attacking Midfielder,Right Midfielder,Wales,27,175,0.13,0.13,0.08,0.06,1.32,10,40,2,,0.16,0.26,0.11,1.19,0.26,0.11,1.19,0,0,0,0.4,0.19,2.51,0.2,1.72,1.06,0.66,62,0.53,0,2.12,1.85,1.45,1.36,0.13,0.18,16.27,7.14,0,4.36,50.2,3.7,6.48,1.98,3.44,75,1.52,2.87,1.19,56,0.66,31,0.53,0,13.09,10.62,2.91,3.84,0.79,51.87,6.75,52,2.51,66,0,0,0,34.65,73,1.19,13,45,0.93,1.85,23,76,3,61.5,1.72,0.45,0.52,30.29,92,6.5,11.64,1.85,1.72,0.13,0.26,3.04,4.76,0.13,7,0.26,40,0.79,14,66,21,8,66,26,17.02,15.29,0.98,98,-1.74,16.76,14.99
Jamie Fielding,Ebbsfleet United,470,Right Centre Back,,England,26,188,0,0,0.09,0.11,0.77,0,0,0,,0,0,0.08,0.57,0,0.08,0.57,0,0,0,0,0.16,1.34,-0.16,0.77,0.38,0.38,50,0.77,0,0.19,0.96,0.38,0.4,7.27,8.36,7.85,2.11,0.07,3.25,22.55,2.49,14.36,0.77,1.15,67,1.04,1.44,0.38,50,0.38,78,7.27,0,6.89,8.47,1.72,2.11,0.38,29.21,1.34,19,0.96,45,0.19,0,0,37.9,59,3.06,12,32,8.81,8.04,21,45,-14,42.43,4.02,0.25,0.35,25.08,98,7.06,6.89,0.77,0.77,0,0,2.11,2.87,0.19,25,0.19,50,0,54,42,4,53,42,6,26.63,20.39,0.85,79,-6.24,22.68,16.13
Jamie Odegah,Chelmsford City,435,Centre Forward,Right Centre Forward,England,19,,0.21,0.21,0.3,0.24,1.24,17,50,3,,0.32,0.21,0.05,0.83,0.21,0.05,0.83,0,0,0,0.41,0.35,2.07,0.06,0.41,0.21,0.21,50,2.49,0,3.11,4.35,0,0,0.21,0.13,23.2,6.42,0,5.59,63.43,3.73,5.39,0.62,0.62,100,0.86,0.86,1.66,100,0,39,2.28,0,20.92,20.41,5.18,6.01,1.66,63.4,16.36,78,5.18,86,0.21,0,0,14.71,70,0.62,13,60,0.21,1.04,30,77,7,67.64,1.86,0.24,0.54,16.36,72,7.64,6.21,0.62,0.62,0,0.21,3.11,3.73,0.21,67,0.62,38,0.62,15,68,16,17,63,20,16.74,13.65,0.98,108,-3.08,16.35,14.79
Jamie Yila,Maidstone United,352,Right Wing,Centre Attacking Midfielder,England,25,169,0,0,0.12,0.08,1.53,0,17,2,,0.04,0.77,0.45,2.56,0.77,0.45,2.56,0,0,0,0.77,0.57,4.09,0.19,4.09,3.32,0.77,81,1.53,0.26,4.85,3.83,0,0,2.3,2.28,15.33,5.62,0,4.09,50.69,4.6,6.9,1.53,1.53,100,1.66,1.66,2.04,100,0,54,3.83,0,11.75,11.95,3.32,2.56,0.77,55.76,7.41,63,2.3,90,0,0,0,29.89,55,2.81,16,69,2.56,3.83,17,60,5,64.32,3.07,0.84,1.22,33.73,84,7.05,9.96,1.02,1.02,0,1.02,8.43,9.45,0,25,0.77,19,1.53,23,61,17,23,54,23,17.87,14.15,1.09,112,-3.72,19.46,15.8
Jared Myers,Slough Town FC,1860,Right Wing,Right Midfielder,England,,,0.24,0.24,0.17,0.09,1.79,14,30,4,,0.16,0.1,0.12,1.06,0.1,0.12,1.06,0,0,0,0.34,0.29,2.86,0.05,2.47,1.5,0.97,61,0.92,0.05,2.18,3.1,0.63,0.4,0.58,0.42,17.86,6.58,0.01,4.94,54.3,4.65,6.58,0.87,1.5,47,0.64,1.04,0.92,20,0.97,19,0.58,0,16.16,12.34,4.21,4.5,1.06,56.5,10.31,64,3.68,82,0.05,0,0,19.21,56,0.68,17,33,1.02,1.65,26,54,-2,66.73,2.23,0.29,0.44,21.34,83,8.4,6.34,1.16,0.97,0.19,0.34,3.1,4.07,0.05,50,0.87,28,0.63,16,71,13,15,66,19,19.28,17.18,0.93,101,-2.1,17.91,17.42
Jason Adigun,Kidderminster Harriers,422,Left Wing,Left Attacking Midfielder,England,22,170,0,0,0.14,0.07,1.92,0,11,3,,0.02,0,0.08,0.85,0,0.08,0.85,0,0,0,0,0.22,2.77,-0.22,2.35,1.28,1.07,55,1.49,0,4.05,4.48,0,0,0.43,0.61,16,4.48,0,4.91,54.33,6.19,9.6,1.28,1.28,75,1.87,1.87,2.13,33,0.43,13,0.43,0,12.58,17.85,3.63,4.91,2.35,54.63,7.89,63,3.84,78,0.43,0,0,26.02,57,1.71,21,28,1.49,5.12,22,60,3,60.93,4.69,0.41,0.48,31.14,82,6.19,8.53,1.49,1.28,0.21,0.21,2.77,4.05,0.21,0,0.21,11,0.43,24,68,7,15,80,5,23.9,22.11,0.82,103,-1.78,19.48,22.67
Jason Adigun,Chelmsford City,1792,Centre Attacking Midfielder,Right Centre Midfielder,England,22,170,0.25,0.25,0.25,0.08,3.06,8,28,5,,0.32,0.25,0.22,1.05,0.2,0.19,0.8,0.05,0.03,0.25,0.5,0.47,4.12,0.03,3.41,1.86,1.56,54,1.21,0,3.16,4.02,0.5,0.49,0.5,0.55,24.91,11.15,0.01,6.18,56.75,6.78,10.14,1.81,2.31,72,1.68,2.17,2.16,43,0.7,36,1.36,0,20.94,19.11,5.12,6.78,2.01,57.01,13.16,63,5.32,79,0.2,0,0,25.36,63,1.91,15,53,1.31,2.81,29,57,-6,62.8,4.02,0.44,0.72,28.47,84,6.83,9.34,1.86,1.31,0.55,0.5,4.87,6.18,0.2,14,0.35,19,0.55,30,56,14,33,56,11,19.79,16.59,0.98,96,-3.2,19.48,15.99
Jason Christopher Prior,Dorking Wanderers FC,2153,Left Centre Forward,Right Centre Forward,England,37,186,0.25,0.17,0.22,0.12,1.8,9,30,2,100,0.18,0.17,0.14,1,0.17,0.14,1,0,0,0,0.33,0.36,2.8,-0.03,0.38,0.08,0.29,22,1.05,0,1.88,2.26,0.25,0.28,2.05,2.9,12.13,3.93,0.04,4.01,57.52,4.22,6.15,0.5,0.75,63,0.66,0.95,1.13,22,0.29,58,5.44,0,10.49,13.89,3.05,3.6,0.92,66.12,8.03,76,2.97,83,0.08,0,0,28.1,60,0.96,21,44,2.38,1.84,32,56,-5,62.82,2.26,0.49,0.65,15.72,85,4.26,9.32,0.84,0.84,0,0.92,6.86,7.69,0.04,10,0.25,43,1.51,29,58,13,27,58,15,16.31,14.23,0.95,99,-2.08,15.55,14.15
Jason Pope,Weston-super-Mare AFC,1483,Left Back,Left Centre Back,England,30,173,0,0,0.01,0.04,0.3,0,60,0,,0.02,0,0.09,0.49,0,0.09,0.49,0,0,0,0,0.1,0.79,-0.1,0.36,0.24,0.12,67,0.61,0,0.85,0.42,0.91,0.81,2.67,2.3,12.86,6.31,0.04,5.22,28.66,3.16,12.92,1.7,2.61,78,1.49,2.3,0.97,46,0.49,76,2.12,0,10.32,9.21,3.88,1.82,0.67,31.22,2.18,21,1.21,67,0.18,0.06,0.06,35.74,71,3.52,12,44,3.76,6.98,15,62,-8,46.2,4.98,0.28,0.31,24.76,98,5.71,6.61,0.42,0.42,0,0.06,0.42,0.85,0,29,0.18,17,0.06,37,56,7,42,47,11,22.57,20.27,0.88,90,-2.3,19.91,18.17
Jay Curran-Nichols,Marine,374,Left Centre Midfielder,Centre Attacking Midfielder,England,21,,0,0,0.06,0.08,0.72,0,33,1,,0.19,0,0.02,0.48,0,0.02,0.48,0,0,0,0,0.07,1.2,-0.07,0,0,0,,0,0,0.72,1.44,0.96,0.44,1.92,1.7,24.06,8.42,0.03,8.42,45.81,6.5,11.79,0.48,1.44,29,0.33,0.77,1.44,17,1.2,33,1.68,0.24,22.13,16.69,7.22,8.18,3.13,46.77,9.86,45,5.29,65,0,0,0,24.78,55,0.48,25,22,2.41,1.68,24,52,-4,55.95,1.68,0.47,0.48,11.07,89,4.29,6.01,0.48,0.48,0,0,2.65,3.13,0,0,0,0,0.24,33,54,13,32,56,12,18.2,16.13,0.91,102,-2.07,16.54,16.37
Jay Foulston,Torquay United,3050,Left Back,Left Wing Back,Wales,25,182,0,0,0.02,0.05,0.32,0,27,0,,0.02,0.03,0.03,0.44,0.03,0.03,0.44,0,0,0,0.03,0.05,0.77,-0.02,0.35,0.21,0.15,58,1,0,0.47,0.59,0.77,0.85,3.07,3.79,14.22,6.14,0.04,5.49,32.81,3.1,10.83,2.01,2.77,79,2.4,3.25,0.77,50,0.53,53,1.68,0,11.51,13.54,3.75,3.04,0.86,37.52,3.57,31,1.89,62,0.12,0,0,41.63,73,3.16,84,38,4.46,6.82,15,63,-10,50.34,5.84,0.39,0.4,31.98,98,4,10.59,1.06,0.97,0.09,0.06,1.03,2.01,0.09,33,0.41,29,0.15,39,49,12,42,41,17,21.07,20.22,0.86,91,-0.85,18.18,18.41
Jay Williams,Merthyr Town FC,1397,Right Centre Back,Right Back,Wales,23,187,0.06,0.06,0.05,0.27,0.19,33,33,0,,0.06,0.06,0.02,0.26,0.06,0.02,0.26,0,0,0,0.13,0.08,0.45,0.05,0.52,0.45,0.06,88,0.77,0,0.52,0.13,0.64,0.86,5.73,7.31,7.92,3.8,0.06,4.06,20.61,1.29,10.31,1.29,1.93,91,1.45,2.31,0.71,50,0.13,53,1.8,0,5.93,7.22,2.51,1.8,0.71,26.33,0.9,15,0.45,25,0.13,0,0,54.75,78,3.93,9,36,8.44,8.18,13,61,-17,31.24,2.51,0.51,0.55,46.96,99,4.82,3.74,0.32,0.26,0.06,0.13,0.71,0.97,0,0,0.13,25,0.19,34,63,3,45,52,3,24.5,29.39,0.85,77,4.89,20.84,22.62
Jayden Bennetts,Chesham United FC,1073,Left Defensive Midfielder,Left Centre Midfielder,England,24,172,0.17,0.17,0.16,0.09,1.85,9,32,3,,0.14,0,0.08,1.01,0,0.08,1.01,0,0,0,0.17,0.24,2.85,-0.07,1.17,0.59,0.59,50,1.17,0,1.51,1.93,0.76,0.69,1.51,1.75,18.71,7.47,0.02,6.88,43.72,6.63,11.58,2.27,3.02,73,2.46,3.15,0.76,17,0.84,45,1.26,0.08,15.69,16.48,5.29,4.62,1.76,45.11,6.71,43,3.1,67,0.17,0,0,32.64,68,1.26,24,33,2.01,3.36,20,68,0,55.38,4.36,0.39,0.55,28.03,90,6.25,9.4,1.09,1.01,0.08,0.42,2.85,3.86,0,23,0.42,25,0.5,31,57,12,34,54,12,19.36,15.81,0.93,104,-3.55,18.01,16.42
Jayden Davis,Eastbourne Borough,638,Left Wing Back,Right Centre Midfielder,England,24,178,0.28,0.28,0.12,0.07,1.69,17,33,3,,0.14,0,0.06,0.71,0,0.06,0.71,0,0,0,0.28,0.18,2.4,0.11,1.69,0.85,0.85,50,0.99,0,1.84,3.11,1.41,1.41,1.27,1.35,14.68,6.49,0.03,5.65,42.86,4.94,9.18,1.41,2.82,67,1.48,2.9,0.85,29,0.71,25,0.28,0,12.42,13.34,4.38,3.67,0.99,45.85,5.79,47,2.68,73,0.28,0,0,27.95,63,2.4,16,52,1.84,4.09,17,67,3,54.06,3.53,0.13,0.26,26.26,88,7.05,6.92,1.13,1.13,0,0.14,3.95,5.08,0,50,0.85,24,0.14,16,70,14,20,61,18,22.59,19.44,0.97,100,-3.15,21.86,19.51
Jayden Davis,King's Lynn Town FC,593,Centre Attacking Midfielder,Left Attacking Midfielder,England,24,178,0.15,0.15,0.16,0.06,2.58,6,35,4,,0.38,0.3,0.06,1.21,0.3,0.06,1.21,0,0,0,0.46,0.22,3.8,0.23,1.67,1.21,0.46,73,0.91,0.15,1.82,1.82,0.61,0.49,1.06,0.84,17.31,7.44,0,5.31,52.78,3.49,6.22,1.52,2.13,71,1.23,1.71,0.61,0,0.61,42,0.76,0,15.18,13.97,4.1,3.49,0.91,53.72,7.74,51,2.43,70,0.15,0,0,26.11,69,1.82,24,48,1.67,3.19,28,69,0,63.15,3.49,0.34,0.48,27.48,92,6.1,10.17,1.97,1.97,0,0.15,4.1,6.07,0.3,46,1.06,41,0.91,16,64,20,15,64,21,18.94,13.08,0.89,103,-5.86,16.94,13.44
Jayden Mitchell-Lawson,Maidenhead United,1725,Right Wing Back,Right Wing,England,26,168,0.1,0.1,0.11,0.1,1.04,10,30,1,,0.14,0.16,0.15,1.15,0.16,0.15,1.15,0,0,0,0.26,0.26,2.19,0,1.15,0.78,0.37,68,2.76,0.05,1.88,1.77,1.1,1.35,1.04,1.21,13.09,4.96,0.02,4.49,46.22,4.02,8.71,1.46,2.56,74,1.82,3.17,0.68,23,0.52,42,0.83,0,10.95,12.02,3.34,2.82,0.68,49.88,5.42,50,2.24,80,0.21,0,0,33.44,72,1.56,10,38,1.56,3.55,17,62,-10,60.71,3.55,0.39,0.49,33.75,93,6.64,11.63,1.15,0.99,0.16,0.42,2.3,3.29,0.05,36,0.78,27,0.52,20,59,21,15,48,36,17.89,16.44,0.9,97,-1.45,16.07,15.96
Jephte Tanga,Maidstone United,2539,Left Wing Back,Left Wing,England,21,172,0.18,0.18,0.17,0.15,1.13,16,56,3,,0.28,0.25,0.2,1.24,0.25,0.2,1.24,0,0,0,0.43,0.38,2.37,0.05,0.6,0.46,0.14,76,2.37,0.11,1.81,1.45,0.78,0.71,0.78,0.69,21.55,8.97,0.01,7.27,46.65,3.9,7.83,1.7,2.48,73,1.61,2.32,1.06,44,0.64,16,0.5,0,18.79,16.34,5.95,4.82,1.84,48.38,8.93,48,3.54,74,0.07,0,0,23.43,66,0.92,18,36,1.24,2.13,22,59,-7,62.26,2.02,0.37,0.63,20.77,90,5.5,8.47,0.92,0.85,0.07,0.6,3.4,4.25,0.14,42,0.67,31,0.74,25,55,20,19,51,30,18.31,15.77,0.92,97,-2.55,16.89,15.36
Jermaine Anderson,Hemel Hempstead Town,301,Left Defensive Midfielder,Right Defensive Midfielder,England,30,188,0,0,0,,0,,,0,,0,0,0.02,0.6,0,0.02,0.6,0,0,0,0,0.02,0.6,-0.02,0.6,0.3,0.3,50,0.9,0,1.2,1.79,1.49,1.36,2.69,2.97,15.54,7.47,0,6.57,40.89,4.18,9.56,0.9,2.39,60,0.79,2.15,1.49,50,0.6,46,1.79,0,13.15,12.2,3.59,4.78,1.79,47.83,6.28,48,2.69,56,0.3,0,0,26.9,72,1.49,14,42,2.69,3.59,18,53,-19,51.46,3.59,0.06,0.06,20.32,88,4.34,6.28,0.3,0.3,0,0,0,0.3,0,0,0,,0,28,61,11,19,71,10,20.78,16.48,0.91,110,-4.3,18.93,18.12
Jesurun Uchegbulam,Eastbourne Borough,1110,Left Midfielder,Left Wing,Nigeria,25,178,0,0,0.07,0.05,1.38,0,29,2,,0.07,0.08,0.19,1.78,0,0.14,1.14,0.08,0.05,0.65,0.08,0.25,3.16,-0.17,3.16,1.86,1.3,59,0.32,0,3.97,2.84,0.24,0.17,0.57,0.45,14.59,5.03,0.01,4.22,52.67,4.22,7.95,0.65,0.89,57,0.64,0.8,0.65,38,0.49,36,0.97,0,13.3,12.86,3.81,4.54,1.14,52.99,7.62,57,3.57,79,0,0,0,22.54,67,1.62,10,45,0.73,3.41,25,77,9,64.21,2.11,0.29,0.43,24.24,83,8.36,8.92,1.54,0.73,0.81,0.57,3.32,4.05,0.08,26,0.65,33,0.89,14,60,26,11,59,30,19.34,14.32,0.93,104,-5.02,18.07,14.87
Jesurun Uchegbulam,Chelmsford City,885,Left Wing,Right Wing,Nigeria,25,178,0,0,0.09,0.06,1.42,0,43,2,,0.19,0.1,0.12,1.63,0.1,0.12,1.63,0,0,0,0.1,0.21,3.05,-0.1,3.05,1.93,1.12,63,0.81,0,3.46,4.78,0.51,0.68,0.81,0.67,15.16,5.9,0.01,4.68,52.61,5.29,8.14,0.71,1.22,78,0.83,1.51,0.61,50,0.2,34,1.63,0,13.83,14.73,3.87,3.76,1.02,54.75,8.54,62,3.05,81,0,0,0,28.28,71,0.81,17,53,1.02,1.32,29,65,-5,64.98,2.85,0.58,0.69,29.5,83,7.62,11.19,1.02,1.02,0,0.51,3.56,4.58,0.2,30,0.71,33,0.81,15,61,24,17,58,25,15.78,13.37,0.99,99,-2.41,15.56,13.29
Jett Murphy,Chelmsford City,515,Right Wing,Left Centre Forward,England,18,,0.52,0.52,0.38,0.22,1.75,30,70,4,,0.45,0,0.14,0.87,0,0.14,0.87,0,0,0,0.52,0.53,2.62,0,1.05,0.52,0.52,50,0.7,0,3.15,2.45,0.35,0.33,0.35,0.36,25.87,9.96,0.04,5.59,55.74,4.02,6.64,1.92,2.27,73,1.78,2.11,2.45,20,0.7,32,1.4,0,21.5,21.65,4.72,6.64,1.57,57.02,13.29,62,5.24,79,0.35,0,0,15.73,60,0,15,0,0.35,0.35,24,59,-1,66.37,2.27,0.55,0.87,15.03,80,6.56,6.12,0.17,0.17,0,0.87,5.77,5.94,0,0,0.52,50,1.05,26,65,9,14,77,9,12.78,10.64,0.92,108,-2.14,11.81,11.54
Jevani Brown,Hemel Hempstead Town,429,Right Wing,Right Midfielder,Jamaica,31,175,0,0,0.09,0.08,1.05,0,20,2,,0,0,0.21,1.26,0,0.17,1.05,0,0.04,0.21,0,0.29,2.31,-0.29,1.26,1.05,0.21,83,0,0,1.68,1.89,0.63,0.42,0.21,0.3,17.61,9.02,0,5.87,57.2,4.82,7.34,1.05,1.68,100,1.08,1.5,1.05,100,0,41,2.31,0,15.52,13.94,5.66,4.82,2.1,57.13,10.07,65,4.19,87,0,0,0,26.42,70,1.26,92,33,0.21,3.77,26,73,3,66.84,2.52,0.42,0.47,22.02,91,4.43,12.58,1.68,1.26,0.42,0.21,2.52,3.77,0,38,0.84,44,1.26,19,62,19,23,60,17,18.19,12.11,0.92,102,-6.08,16.74,12.33
Jevani Brown,Bedford Town,398,Centre Attacking Midfielder,Right Centre Forward,Jamaica,31,175,0.23,0.23,0.07,0.1,0.68,33,33,2,,0.22,0,0.12,1.13,0,0.12,1.13,0,0,0,0.23,0.19,1.81,0.03,1.36,0.68,0.68,50,0.9,0,1.81,1.81,0.23,0.06,0.9,0.46,25.33,9.27,0,7.69,52.75,4.07,7.69,1.58,1.81,88,0.79,0.85,0.45,50,0.23,40,1.81,0,23.29,11.82,6.11,4.07,0.45,53.47,12.44,53,2.49,61,0,0,0,19.9,73,1.36,73,67,1.81,1.13,29,52,-21,57.08,2.71,0.22,0.28,16.96,93,4.98,6.78,1.36,1.36,0,0.45,2.94,4.3,0.23,17,0.45,22,0.68,33,54,13,33,60,7,18.27,17.19,0.98,84,-1.08,17.89,14.42
Jezreel Davies,Peterborough Sports FC,694,Centre Defensive Midfielder,Right Defensive Midfielder,England,21,183,0,0,0.06,0.09,0.65,0,20,1,,0.08,0,0.16,1.3,0,0.16,1.3,0,0,0,0,0.21,1.94,-0.21,2.72,1.94,0.78,71,0.78,0,2.07,2.33,0.78,0.64,3.89,3.15,21.39,10.11,0.04,7.39,36.18,8.81,16.59,3.11,3.89,86,2.93,3.56,1.43,20,0.52,63,2.59,0,16.85,14.03,5.44,5.05,1.81,40.81,5.83,35,2.98,59,0.13,0,0,37.33,76,2.46,16,51,5.18,3.5,25,68,-7,53.16,4.8,0.52,0.65,31.11,94,5.47,9.46,0.52,0.52,0,0.13,1.3,1.81,0,50,0.39,50,0.26,24,67,10,25,67,8,19.79,17.2,0.93,94,-2.58,18.32,16.19
Jimmy Muitt,Dorking Wanderers FC,2216,Right Wing Back,Right Wing,England,30,180,0.16,0.16,0.21,0.12,1.79,9,30,2,,0.21,0.12,0.14,1.06,0.12,0.14,1.06,0,0,0,0.28,0.35,2.84,-0.07,1.79,1.02,0.77,57,1.54,0,2.36,2.76,0.93,1.17,1.5,1.93,16.21,6.42,0.01,5.4,44.88,5.08,10.52,2.07,3.01,66,2.46,3.64,0.85,37,1.06,42,1.62,0,13.36,16.98,3.9,3.7,1.5,48.59,5.97,45,2.36,64,0.12,0,0,32.29,61,1.99,13,45,2.15,3.74,25,56,-5,57.27,3.17,0.45,0.62,26.81,89,6.64,8.61,0.97,0.93,0.04,0.45,3.53,4.47,0,46,0.69,27,0.61,27,57,16,17,63,20,18.84,15.38,0.95,103,-3.46,17.93,15.89
Joe Ashton,Marine,389,Left Back,Left Centre Back,England,19,,0.23,0.23,0.02,0.04,0.46,50,50,0,,0,0.46,0.24,1.62,0.23,0.12,1.16,0.23,0.12,0.46,0.69,0.26,2.08,0.44,0,0,0,,0,0,0.93,0.23,0.23,0.19,2.78,2.41,9.02,3.7,0.04,3.47,26.73,4.16,15.96,1.16,1.39,100,0.86,1.05,0.46,100,0,68,3.01,0,7.4,6.03,2.54,1.85,0.46,32.06,1.85,25,1.39,75,0.23,0,0,26.14,52,3.7,74,40,3.47,8.56,11,56,3,53.13,6.01,0.28,0.38,12.03,94,4.18,6.94,1.16,0.23,0.93,0.23,0.46,0.69,0,40,0.46,25,0.23,48,48,4,37,53,10,26.07,21.44,0.92,73,-4.63,23.91,15.68
Joe Clarke,Leamington FC,1193,Right Defensive Midfielder,Centre Defensive Midfielder,England,37,188,0.08,0.08,0.1,0.14,0.68,11,44,0,,0.08,0,0.03,0.38,0,0.03,0.38,0,0,0,0.08,0.13,1.06,-0.05,0.15,0.15,0,100,0.83,0,0.6,0.38,1.28,0.71,4.38,2.91,16.67,7.92,0.08,6.94,32.77,6.49,16.67,2.57,3.85,71,1.97,2.69,1.43,26,1.06,65,3.77,0.08,12.67,8.52,4.22,3.09,1.06,35.96,3.24,26,1.58,51,0.23,0.08,0,33.65,60,2.26,13,42,5.21,4.6,21,57,-3,48.12,2.57,0.34,0.43,18.48,98,3.66,5.13,0.23,0.23,0,0.08,1.43,1.66,0,0,0,0,0.23,37,57,6,41,54,4,21.8,17.54,0.93,107,-4.27,20.37,18.69
Joe Cook,Worthing FC,3078,Right Centre Back,Left Centre Back,England,26,188,0.09,0.09,0.1,0.1,0.99,9,32,0,,0.1,0.06,0.08,0.7,0.06,0.07,0.61,0,0,0.09,0.15,0.18,1.7,-0.03,0.7,0.41,0.29,58,1.08,0,0.73,0.99,1.11,1.71,4.74,7.17,12.95,6.52,0.06,6.78,28.98,2.43,14.59,2.43,3.54,75,3.63,5.34,1.35,47,0.79,76,4.15,0.03,9.3,13.99,3.98,2.95,1.2,33.99,2.16,23,1.08,37,0.12,0,0.03,59.88,80,3.51,22,40,5.99,7.54,16,71,-8,39.52,6.46,0.61,0.67,48.36,97,5.57,10.15,0.88,0.73,0.15,0.35,2.89,3.63,0.12,3,0.23,67,0.53,34,60,6,33,56,11,21.44,19.49,0.89,92,-1.95,18.99,17.97
Joe Cummings,Alfreton Town,698,Right Centre Back,,England,27,188,0.39,0.39,0.31,0.2,1.55,25,50,2,,0.36,0,0.02,0.39,0,0.02,0.39,0,0,0,0.39,0.33,1.93,0.05,0,0,0,,0.26,0,0.26,0.26,0,0,4.25,1.88,9.67,3.61,0.09,5.28,23.46,2.45,9.92,1.16,1.16,75,0.6,0.6,0.52,67,0.39,60,3.35,0,7.99,4.13,3.61,1.29,0.64,30.96,1.42,18,0.52,40,0.13,0,0,14.56,63,0.9,16,32,4.77,2.32,24,59,-4,42.86,0.9,0.3,0.51,6.57,100,4.01,1.93,0,0,0,0.26,3.48,3.48,0,,0,0,0.39,52,40,7,27,67,7,21.99,20.19,0.87,98,-1.81,19.15,19.74
Joe Dodoo,Alfreton Town,745,Centre Forward,Left Centre Forward,England,30,183,0,0,0.07,0.08,0.85,0,0,3,,0,0,0.08,0.48,0,0.08,0.48,0,0,0,0,0.14,1.33,-0.14,0.12,0.12,0,100,0.6,0,1.09,1.57,0.12,0.03,1.33,0.51,14.99,5.44,0.01,2.54,57.21,1.45,3.99,0.36,0.48,60,0.18,0.21,1.33,0,0.24,35,2.05,0,13.3,5.81,2.54,2.66,0.36,62.84,9.55,72,2.05,77,0.12,0,0,13.66,63,0.6,9,71,1.45,0.73,36,64,2,55.57,0.97,0.16,0.18,9.79,83,6.26,3.87,0.24,0.24,0,0.6,3.02,3.26,0,0,0,0,0.73,26,53,21,13,63,25,14.55,10.15,1.04,110,-4.41,15.07,11.14
Joe Foulkes,Kidderminster Harriers,2902,Right Back,Right Wing Back,England,22,175,0.03,0.03,0.05,0.1,0.47,7,33,1,,0.04,0.09,0.12,1.02,0.09,0.11,0.93,0,0.01,0.09,0.12,0.16,1.49,-0.04,0.99,0.71,0.28,72,1.09,0,1.27,1.02,1.43,1.45,3.32,3.81,19.17,9.09,0.04,8.28,39.48,6.17,15.2,3.07,4.5,77,3.49,4.94,1.15,45,0.9,64,2.02,0.06,14.98,17.43,5.77,4.9,1.95,42.62,6.11,41,3.13,64,0.19,0,0,40.6,65,4.71,17,40,4.65,10.39,14,58,-7,52.57,6.23,0.45,0.5,29.59,94,4.67,10.27,1.61,1.02,0.59,0.25,1.33,2.36,0.03,21,0.62,35,0.31,36,53,11,33,56,11,24.03,21.6,0.88,95,-2.44,21.25,20.59
Joe Grimwood,Chelmsford City,1859,Right Centre Back,Left Centre Back,England,24,183,0.05,0.05,0.08,0.11,0.68,7,36,0,,0.07,0.1,0.04,0.19,0.1,0.04,0.19,0,0,0,0.15,0.12,0.87,0.02,0,0,0,,0.77,0,0.1,0.19,0.92,0.95,7.6,8.47,7.17,3.15,0.06,3.78,24.46,2.32,14.67,0.73,1.65,88,0.87,1.82,0.73,50,0.1,76,7.26,0.05,5.71,6.18,1.89,1.74,0.58,31.29,1.26,22,0.92,53,0.15,0,0,31.96,70,2.37,10,47,8.28,4.41,21,59,-11,36.49,1.94,0.29,0.34,15.74,99,5.29,2.42,0.15,0.15,0,0.15,2.13,2.28,0.05,0,0,0,0.15,37,57,6,58,34,8,23.11,18.81,0.94,106,-4.31,21.77,19.92
Joe Haigh,Dagenham & Redbridge,2814,Centre Attacking Midfielder,Left Attacking Midfielder,England,23,175,0.19,0.19,0.27,0.09,3.04,6,36,3,,0.31,0.22,0.25,1.76,0.22,0.22,1.47,0,0.02,0.29,0.42,0.51,4.8,-0.1,2.78,1.66,1.12,60,2.3,0,2.59,3.29,0.74,0.7,0.51,0.5,24.5,11.32,0,6.46,51.72,5.05,9.15,1.98,2.72,76,1.59,2.29,1.18,39,0.64,40,1.12,0,21.33,17.54,5.44,4.61,1.34,52.96,11.77,55,3.61,78,0.22,0.03,0,28.43,71,1.6,17,38,0.83,3.9,21,64,-7,61.4,5.37,0.53,0.73,31.56,88,8.47,9.95,2.01,1.47,0.54,0.58,3.52,4.99,0.1,6,0.35,27,0.93,18,65,17,22,65,13,19.22,15.83,0.91,96,-3.39,17.55,15.18
Joe Leesley,Worksop Town FC,1831,Left Defensive Midfielder,Centre Defensive Midfielder,England,32,182,0,0,0.04,0.07,0.59,0,25,1,,0.02,0.29,0.25,2.21,0.05,0.1,0.98,0.25,0.14,1.23,0.29,0.29,2.8,0.01,0.69,0.49,0.2,71,0.39,0,0.64,1.23,1.33,1.26,3.59,2.46,14.94,6.29,0.03,4.38,40.47,8.26,15.14,1.47,2.8,77,1.2,2.46,1.67,44,0.44,67,2.75,0,11.95,9.03,3.05,3.29,0.93,45.15,4.87,41,2.11,64,0.15,0,0,35.64,53,5.9,38,34,5.56,15.58,18,56,4,56.53,4.97,0.27,0.33,22.81,95,5.35,7.87,4.42,1.77,2.65,0.2,0.88,2.65,0.05,24,1.33,33,0.44,30,62,8,41,51,9,29.32,21.7,0.86,92,-7.61,25.26,19.89
Joe Nolan,Chorley,672,Right Defensive Midfielder,Left Defensive Midfielder,England,24,175,0,0,0.07,0.06,1.07,0,38,2,,0.03,0,0.01,0.13,0,0.01,0.13,0,0,0,0,0.07,1.2,-0.07,0.4,0.27,0.13,67,0.8,0,0.8,0.4,0.94,0.46,3.08,2.86,19.14,10.97,0.05,7.36,36.87,7.23,14.86,1.47,2.41,69,1.1,1.56,0.94,38,0.67,61,2.54,0,17.26,10.56,5.09,4.15,1.34,40.96,5.62,33,2.68,65,0.13,0,0.13,26.36,67,1.61,14,57,4.01,1.87,21,55,-13,51.96,1.87,0.19,0.21,14.99,96,5.02,5.49,0.54,0.54,0,0.13,1.61,2.14,0.13,0,0.13,25,0.27,32,55,14,22,68,10,18.21,16.26,0.98,106,-1.95,17.93,17.26
Joe Nyahwema,King's Lynn Town FC,674,Left Wing Back,Left Wing,England,21,179,0,0,0.08,0.04,2.14,0,19,3,,0.14,0,0.18,0.67,0,0.18,0.67,0,0,0,0,0.26,2.8,-0.26,5.88,4.14,1.74,70,1.2,0,3.07,4.27,0.4,0.4,0.53,0.78,15.49,5.34,0,5.88,53.9,5.48,9.35,1.47,1.87,55,1.91,2.3,0.53,0,1.2,50,0.8,0,13.49,15.01,4.67,3.61,1.2,55.67,7.75,57,2.94,81,0,0,0,28.04,67,1.34,11,48,0.93,2.4,23,46,-21,62.04,3.2,0.58,0.77,32.58,88,7.91,9.48,0.53,0.53,0,0.53,3.74,4.27,0,50,0.53,19,0.53,17,60,23,15,59,25,17.74,16.97,0.96,99,-0.76,17.04,16.72
Joe Oastler,AFC Totton,1896,Right Centre Back,Centre Back,England,35,178,0.09,0.09,0.07,0.11,0.62,15,46,0,,0.12,0,0,0,0,0,0,0,0,0,0.09,0.07,0.62,0.03,0,0,0,,0.52,0,0.14,0.19,1.19,1.14,7.03,7.97,9.26,4.46,0.05,4.46,26.69,1.19,11.35,1.52,2.71,82,1.52,2.66,0.85,60,0.33,72,3.56,0,6.88,7.33,2.71,1.23,0.38,30.8,1.14,17,0.33,27,0.14,0,0.05,38.98,75,4.99,12,51,8.4,8.4,15,62,-13,33.26,2.66,0.34,0.37,27.87,99,5.23,3.18,0.43,0.33,0.09,0,1.33,1.66,0,0,0,,0.05,35,60,5,46,48,6,27.03,24.36,0.91,94,-2.68,24.51,22.82
Joe Raynes,Bath City,2692,Right Back,Right Wing Back,England,30,186,0.03,0.03,0.05,0.06,0.8,4,21,1,,0.04,0.03,0.04,0.43,0.03,0.04,0.3,0,0.01,0.13,0.07,0.09,1.24,-0.02,0.9,0.6,0.3,67,0.67,0,0.67,1,0.94,0.65,4.51,3.42,17.52,7.42,0.06,6.59,34.62,5.02,14.48,2.37,3.31,73,1.81,2.46,1,47,0.87,62,3.34,0,14.21,10.93,4.51,3.28,1.2,38.98,4.41,31,2.17,66,0.17,0,0,32.94,54,3.64,24,30,6.09,10.6,18,51,-4,51.86,4.38,0.24,0.29,23.11,96,4.23,6.89,1.61,0.84,0.77,0.13,1.34,2.17,0.03,27,0.57,22,0.2,43,50,7,32,52,16,25.96,21.83,0.83,87,-4.13,21.63,19.03
Joe Rodwell-Grant,Curzon Ashton FC,347,Right Centre Midfielder,Centre Forward,England,23,188,0.52,0.52,0.21,0.08,2.59,20,50,5,,0.26,0,0.07,1.04,0,0.07,1.04,0,0,0,0.52,0.28,3.63,0.24,1.56,0.78,0.78,50,1.3,0,3.11,4.15,0.52,0.2,0.78,0.87,16.34,7,0,5.19,57.7,2.59,4.15,0.52,1.04,50,0.2,0.39,2.07,33,0.52,39,2.33,0,14.01,11.61,4.41,2.59,1.3,58.82,9.34,67,2.07,80,0.26,0,0,16.08,62,1.04,11,36,1.56,2.07,22,50,-12,62.05,1.04,0.27,0.4,18.41,79,6.14,4.93,0,0,0,0.26,5.45,5.45,0,,0,0,0.26,24,54,22,11,58,32,17.51,15.36,0.87,84,-2.14,15.24,12.9
Joel Amado,Curzon Ashton FC,2781,Left Centre Back,Left Back,England,27,,0,0,0.05,0.08,0.65,0,30,0,,0.04,0,0.01,0.1,0,0.01,0.1,0,0,0,0,0.06,0.74,-0.06,0.19,0.13,0.06,67,0.91,0,0.13,0.26,1.26,0.98,7.05,5.37,11.26,5.31,0.07,5.76,24.04,2.43,14.79,1.59,2.85,77,1.21,2.2,1.1,48,0.49,66,4.72,0.06,8.57,6.52,3.04,1.68,0.45,30.74,1.55,18,0.55,33,0.29,0,0,31.45,68,2.62,78,37,8.19,5.95,16,58,-11,36.97,2.39,0.34,0.35,18.54,98,4.85,2.88,0.23,0.19,0.03,0.06,1.49,1.68,0,14,0.03,50,0.13,42,52,7,44,49,7,24.67,23.03,0.86,88,-1.64,21.12,20.33
Joel Colbran,Worthing FC,2346,Right Back,Right Wing Back,England,27,186,0.27,0.27,0.17,0.17,1.04,26,48,1,,0.29,0.04,0.08,1,0.04,0.08,0.92,0,0,0.08,0.31,0.26,2.03,0.05,0.54,0.23,0.31,43,1,0,1.5,0.96,1,1.31,2.61,3.61,13.89,6.22,0.03,5.76,34.67,3.22,10.48,2.34,3.34,87,3.46,4.77,0.69,58,0.35,54,1.34,0.08,10.86,16.02,4.07,3.22,1.34,39.86,3.34,31,1.73,54,0.12,0,0.04,50.76,79,3.45,8,44,3.49,6.95,13,74,-6,49.88,5.3,0.73,0.85,42.94,96,4.11,14.31,2.42,2.03,0.38,0.5,3.91,5.95,0.08,19,0.65,36,0.54,28,60,12,29,59,12,20.25,18.13,0.9,93,-2.12,18.22,16.81
Joey Phuthi,Eastbourne Borough,324,Right Midfielder,Right Wing,Zimbabwe,21,173,0,0,0.05,0.04,1.11,0,0,3,,0,0,0,0,0,0,0,0,0,0,0,0.05,1.11,-0.05,4.44,2.22,2.22,50,0.28,0,4.16,3.05,1.11,1.36,0,0,14.71,4.72,0,3.61,42.5,4.16,7.77,1.94,3.05,100,2.7,4.06,1.11,100,0,33,1.11,0,11.66,16.24,2.78,4.16,0.56,45.69,5.55,48,3.33,80,0,0,0,19.7,46,0.28,0,20,0,1.39,19,21,-25,65.1,2.22,0.6,0.62,23.31,83,10.82,5.55,0.28,0.28,0,0.83,1.67,1.94,0,100,0.56,15,0.83,18,70,12,15,65,20,16.89,14.09,0.96,115,-2.8,16.3,16.19
John Goddard,Slough Town FC,1835,Left Wing,Centre Attacking Midfielder,England,32,178,0.15,0.1,0.14,0.12,1.18,8,33,2,100,0.13,0.15,0.19,1.72,0.1,0.13,1.23,0.05,0.06,0.49,0.25,0.32,2.89,-0.08,1.18,0.69,0.49,58,0.59,0,1.52,2.16,0.44,0.34,0.78,0.7,10.94,4.12,0,3.83,49.62,4.81,7.45,0.34,0.78,44,0.27,0.6,0.49,18,0.44,19,0.49,0,10.15,8.43,3.33,3.19,1.23,51.83,5.59,55,2.5,78,0.1,0,0,25.7,65,3.14,15,45,1.42,6.38,17,64,-1,61.6,3.38,0.29,0.43,24.08,90,5.12,9.81,2.3,1.52,0.78,0.15,2.5,4.02,0.25,21,0.64,37,0.2,22,60,18,28,60,13,23.16,17.28,0.9,95,-5.88,20.89,16.44
John Oyenuga,Farnborough,584,Right Back,Right Wing Back,England,31,170,0.15,0.15,0.1,0.22,0.46,33,33,1,,0.1,0,0.05,0.31,0,0.05,0.31,0,0,0,0.15,0.16,0.77,0,1.23,0.77,0.46,63,1.7,0,0.77,1.54,0.62,0.39,2.31,2.28,17.42,6.78,0.05,7.09,32.42,2.77,9.4,2.31,2.93,83,1.78,2.17,0.92,50,0.46,58,1.08,0,14.18,11.31,4.16,4.16,0.46,34.64,3.85,27,2.31,56,0.15,0,0,29.13,65,2.31,15,38,3.08,5.39,16,56,-10,48.68,3.54,0.19,0.32,24.2,94,4.57,5.7,0.31,0.31,0,0,0.77,1.08,0,100,0.31,40,0,40,50,10,22,57,22,22.63,21.04,0.88,101,-1.59,19.98,21.35
Jon Taylor,Radcliffe,1564,Left Wing Back,Right Wing Back,England,33,180,0.06,0.06,0.1,0.08,1.32,4,35,2,,0.09,0.06,0.1,1.67,0,0.07,1.09,0.06,0.04,0.58,0.12,0.21,2.99,-0.09,0.81,0.29,0.52,36,0.35,0,0.92,1.27,0.58,0.49,1.21,1.18,12.49,4.2,0,3.8,43.37,4.6,8.57,0.81,1.38,54,0.74,1.24,0.86,21,0.69,39,0.63,0,10.82,10.17,2.93,2.82,1.04,45.73,4.37,40,2.07,73,0.23,0,0,26.64,62,1.84,13,39,1.73,4.26,15,56,-6,62.33,3.28,0.34,0.41,21.92,94,6.52,7.77,1.73,0.86,0.86,0.23,1.9,2.76,0,23,0.52,17,0.35,23,61,16,24,52,24,20.26,15.13,0.91,116,-5.13,18.44,17.6
Jordan Burrow,Worksop Town FC,1967,Centre Forward,Right Centre Forward,England,33,185,0.27,0.27,0.32,0.15,2.15,13,40,5,,0.41,0,0.05,0.41,0,0.05,0.41,0,0,0,0.27,0.37,2.56,-0.1,0.27,0.14,0.14,50,0.69,0,0.96,1.78,0.18,0.14,1.14,0.81,15.83,5.26,0.01,4.53,62.64,3.57,4.71,0.96,1.14,64,0.69,0.83,1.01,23,0.55,49,5.99,0.05,13.86,11.3,3.48,3.89,1.24,67.01,10.8,78,3.16,81,0.09,0,0,17.66,58,0.41,22,39,1.46,0.73,41,48,-10,65.34,1.01,0.52,0.61,8.6,86,4.71,6.22,0.27,0.27,0,0.55,6.59,6.86,0,0,0.05,7,1.1,17,66,17,10,69,21,15.07,14.76,0.98,103,-0.31,14.73,15.24
Jordan Cranston,AFC Telford United,2811,Left Back,Left Centre Back,Wales,32,180,0,0,0.02,0.03,0.48,0,47,0,,0.01,0.32,0.22,1.83,0.19,0.15,1.12,0.13,0.07,0.7,0.32,0.23,2.31,0.09,0.93,0.8,0.13,86,0.61,0,0.99,0.64,1.28,1.41,2.5,2.26,11.69,6.05,0.02,5.51,30.86,2.53,9.96,1.38,2.66,70,1.45,2.86,0.83,42,0.58,47,0.83,0,9.51,9.31,3.43,2.43,0.83,34.69,2.24,24,1.06,43,0.32,0,0,42.71,66,5.28,81,38,3.65,12.65,12,69,3,47.46,5.64,0.41,0.49,35.86,97,5.17,8.26,2.15,0.99,1.15,0.06,0.7,1.7,0.13,37,0.8,26,0.19,34,60,7,36,55,9,25.47,21.58,0.83,84,-3.89,21.27,18.07
Jordan Dyer,Torquay United,2458,Right Centre Back,Centre Back,England,26,183,0.04,0.04,0.1,0.11,0.92,4,24,0,,0.06,0,0.04,0.4,0,0.04,0.4,0,0,0,0.04,0.14,1.32,-0.11,0.11,0.04,0.07,33,0.51,0,0.18,0.29,0.95,1.22,6.55,8.2,9.37,4.17,0.06,5.13,24.63,1.98,15.81,1.46,2.42,83,1.85,3.06,0.66,56,0.29,67,5.53,0,7.25,9.15,3.04,1.5,0.4,27.74,0.77,11,0.4,27,0.11,0,0,43.12,75,3.59,16,42,7.8,7.39,16,63,-12,37.45,3.66,0.36,0.45,28.7,99,6.12,4.21,0.18,0.18,0,0.15,2.45,2.64,0.04,0,0.07,67,0.22,37,60,3,48,50,3,25.24,21.83,0.88,81,-3.42,22.22,17.7
Jordan Garrick,Merthyr Town FC,325,Right Centre Forward,Left Centre Forward,England,27,180,0.55,0.55,0.45,0.32,1.39,40,60,3,,0.49,0.28,0.18,1.39,0.28,0.18,1.39,0,0,0,0.83,0.63,2.77,0.2,1.39,0.55,0.83,40,1.11,0,3.05,3.88,0,0,1.11,1.57,21.61,7.2,0,6.65,59.8,1.39,3.88,1.66,1.66,75,2.59,2.59,2.22,75,0.55,50,1.39,0,17.73,22.79,5.82,5.82,2.49,64.26,13.85,78,4.99,86,0,0,0.28,18.29,76,0,29,0,1.39,0.28,35,72,-4,64.74,1.11,0.74,1.11,20.5,77,5.86,8.31,0.28,0.28,0,0.55,3.6,3.88,0,0,0.28,25,0.83,11,63,26,7,67,27,14.45,14.67,0.99,108,0.22,14.32,15.78
Jordan Higgs,Tonbridge Angels FC,1324,Right Defensive Midfielder,Centre Defensive Midfielder,England,29,172,0,0,0.04,0.04,0.95,0,29,1,,0.02,0.14,0.06,0.61,0.07,0.04,0.27,0.07,0.03,0.34,0.14,0.1,1.56,0.03,0.75,0.54,0.2,73,2.24,0,0.68,0.68,1.02,1,3.47,3.65,11.7,6.05,0.03,4.08,33.34,4.96,13.06,1.36,2.38,57,1.43,2.43,0.54,17,1.02,85,1.9,0,9.79,10.49,2.99,3.4,1.02,39.91,2.99,31,1.56,46,0.07,0,0,34.88,78,2.79,8,55,3.94,4.56,19,71,-7,46.25,2.92,0.29,0.33,25.16,97,5.07,6.6,0.54,0.27,0.27,0.07,0.95,1.22,0.07,13,0.07,17,0.07,22,67,11,18,74,8,20.8,15.99,0.94,95,-4.81,19.65,15.14
Jordan Hulme,Radcliffe,2406,Left Centre Forward,Right Centre Forward,England,35,183,0.3,0.3,0.2,0.13,1.5,20,38,3,,0.2,0.11,0.14,0.97,0.11,0.14,0.97,0,0,0,0.41,0.34,2.47,0.07,2.32,1.35,0.97,58,1.38,0.11,1.53,3.81,0.19,0.16,0.37,0.34,14.47,4.75,0.01,3.52,67.38,2.66,3.63,0.52,0.71,64,0.45,0.61,0.86,0,0.3,33,1.61,0,13.09,11.22,3.1,3.89,1.27,69.57,11.07,85,3.59,92,0.19,0.04,0,16.31,60,0.37,7,37,0.52,0.86,36,57,-3,69.23,1.2,0.28,0.52,15.71,83,5.93,6.51,0.86,0.86,0,0.52,5.83,6.69,0.15,9,0.26,23,0.86,21,63,17,18,61,21,14.96,13.26,0.92,99,-1.7,13.77,13.06
Jordan Keane,Southport,1950,Left Centre Back,Right Defensive Midfielder,England,32,191,0,0,0.02,0.06,0.37,0,0,0,,0,0.05,0.02,0.51,0.05,0.02,0.51,0,0,0,0.05,0.05,0.88,0,0.18,0.18,0,100,0.42,0,0.23,0.18,0.88,0.96,5.86,5.67,8.49,4.48,0.07,3.97,25.16,1.85,12.97,1.02,1.89,85,0.98,1.94,1.11,63,0.18,61,1.89,0,6.37,5.87,2.54,1.48,0.74,32.16,1.11,17,0.6,41,0.18,0,0,35.03,76,4.2,12,56,6.42,6.97,11,63,-13,35.63,1.8,0.24,0.27,22.34,99,3.66,2.82,0.32,0.32,0,0.05,0.88,1.2,0,0,0,0,0.14,31,65,5,31,61,8,25.41,21.64,0.92,104,-3.78,23.35,22.6
Jordan Neil Greenidge,Slough Town FC,783,Centre Forward,Right Centre Forward,England,26,193,0.11,0.11,0.28,0.2,1.38,8,50,4,,0.2,0,0.06,0.92,0,0.06,0.92,0,0,0,0.11,0.34,2.3,-0.23,0.11,0,0.11,0,0.34,0,1.03,3.79,0.34,0.23,1.15,0.67,18.39,4.14,0.02,3.33,65.25,2.64,3.1,0.11,0.46,25,0.12,0.35,2.64,0,0.34,52,5.98,0,15.63,12.66,2.99,3.1,0.11,70.02,12.99,83,2.87,93,0,0,0,15.97,59,0.23,67,29,1.15,0.8,47,59,1,67.44,0.69,0.33,0.45,7.81,65,3.79,5.63,0.69,0.69,0,0.23,5.52,6.21,0,0,0.11,50,0.57,21,66,13,14,73,12,14.82,12.25,0.88,92,-2.57,12.97,11.23
Jordan Ngalo,Salisbury,983,Right Defensive Midfielder,Left Defensive Midfielder,England,27,173,0,0,0.04,0.05,0.73,0,13,0,,0.04,0.18,0.06,0.92,0.09,0.03,0.55,0.09,0.03,0.37,0.18,0.1,1.65,0.08,1.01,0.64,0.37,64,0.92,0,1.1,1.19,1.28,1.76,1.65,2,15.1,5.86,0.03,5.22,40.54,6.77,14.64,1.83,3.11,69,2.28,4.04,0.82,44,0.82,69,1.65,0.09,12.54,15.17,4.03,3.66,0.92,41.18,4.03,32,1.83,50,0,0,0,44.2,77,3.84,7,53,2.84,6.04,22,72,-5,52.15,5.12,0.48,0.49,36.42,97,4.57,10.34,1.28,0.55,0.73,0,0.46,1.01,0.09,14,0.18,50,0,19,69,12,22,73,5,20.99,18.26,0.96,95,-2.73,20.07,17.26
Jordan Norville-Williams,Dorking Wanderers FC,1230,Left Centre Back,Left Back,England,26,180,0,0,0.01,0.03,0.22,0,0,0,,0,0,0.02,0.29,0,0.01,0.22,0,0,0.07,0,0.02,0.51,-0.02,1.76,1.46,0.29,83,1.32,0,1.32,1.02,1.61,2.02,3.44,4.32,15.22,6.15,0.03,7.03,27.55,4.25,18.96,2.42,4.03,97,2.97,4.99,0.81,88,0.07,69,2.49,0.15,12,15.2,4.25,2.34,1.17,31.76,2.27,19,0.88,38,0.22,0,0,46.26,69,4.98,85,46,4.98,9.22,13,59,-10,41.6,5.93,0.29,0.31,34.18,96,7.49,5.93,0.66,0.22,0.44,0.07,0.66,0.88,0,22,0.15,15,0.22,37,55,8,32,56,12,23.85,21.1,0.9,94,-2.75,21.35,19.9
Jordan Piggott,AFC Telford United,2505,Right Centre Back,Right Defensive Midfielder,England,27,183,0.04,0.04,0.03,0.09,0.36,10,40,0,,0.04,0.07,0.08,0.57,0.07,0.08,0.57,0,0,0,0.11,0.11,0.93,-0.01,0.22,0.22,0,100,0.57,0,0.47,0.22,1.4,1.54,5.1,5.37,8.37,3.48,0.07,4.49,27.91,2.12,10.81,0.86,2.26,86,0.94,2.48,0.4,63,0.14,59,2.51,0,7.11,6.98,2.8,1.33,0.5,36,2.16,30,0.65,49,0.14,0.04,0,43.54,81,4.74,14,55,6.04,7.76,11,68,-13,35.29,2.66,0.43,0.49,32.33,99,5.1,3.59,0.29,0.29,0,0.18,1.11,1.4,0,13,0.07,33,0.29,29,67,4,35,61,4,24.25,21.29,0.92,94,-2.96,22.2,20.03
Jordan Ragguette,Maidenhead United,1972,Left Wing Back,Left Back,St. Vincent and the Grenadines,25,187,0,0,0.03,0.04,0.68,0,27,1,,0.01,0.09,0.11,1,0.09,0.1,0.96,0,0,0.05,0.09,0.13,1.69,-0.04,1.19,0.59,0.59,50,0.64,0.05,0.68,1.19,0.82,0.82,3.88,3.92,14.42,7.35,0.02,5.84,34.12,3.15,10.91,1.92,2.74,72,2.15,2.98,1.05,52,0.73,55,1.46,0,11.5,11.96,3.92,2.69,1.05,38.05,3.38,29,1.6,59,0.18,0,0,36.6,61,4.34,82,40,4.97,9.77,12,52,-9,51.42,6.02,0.34,0.42,28.7,94,6.13,8.53,1.87,1.23,0.64,0.09,0.78,2.01,0,51,1.19,37,0.09,40,52,9,39,49,12,24.97,22.6,0.87,94,-2.38,21.72,21.19
Jordan Richards,Curzon Ashton FC,2199,Right Back,Right Wing Back,England,33,180,0,0,0.01,0.03,0.29,0,0,0,,0,0.04,0.04,0.49,0.04,0.04,0.49,0,0,0,0.04,0.05,0.78,-0.01,0.16,0.12,0.04,75,0.37,0,0.12,0.25,0.9,0.79,3.89,3.63,10.11,4.75,0.05,4.67,27.33,3.81,10.68,1.35,2.25,73,0.97,1.76,0.49,27,0.49,54,1.8,0,8.27,6.57,3.11,1.39,0.65,34.04,2.13,26,0.78,56,0.04,0,0,33.15,64,4.05,6,38,5.24,9.45,12,57,-7,49.34,4.91,0.4,0.45,20.46,99,3.96,7.49,1.19,0.94,0.25,0.04,0.29,1.23,0.04,31,0.41,21,0.04,38,54,8,39,55,7,26.63,24.88,0.86,87,-1.76,22.89,21.64
Jordan Slew,Southport,2250,Left Wing,Centre Forward,England,33,178,0.36,0.36,0.14,0.06,2.4,15,33,3,,0.31,0.08,0.12,1,0.08,0.12,1,0,0,0,0.44,0.26,3.4,0.18,1.52,0.84,0.68,55,1.76,0,2.64,3.4,0.24,0.34,0.84,0.95,9.04,2.88,0,2.28,52.52,3.48,6.2,0.64,0.88,64,0.53,0.87,1.28,27,0.36,55,2.92,0,7.2,7.15,1.76,2.16,0.72,57.09,4.68,65,1.96,91,0.12,0,0,29.32,69,0.72,23,37,1.36,1.44,34,65,-4,60.77,2.12,0.29,0.4,28.12,87,6.07,9,0.68,0.68,0,0.36,3.52,4.2,0.12,24,0.44,24,0.72,17,55,28,15,54,31,16.51,14.78,0.94,97,-1.73,15.58,14.31
Jordan Thomas,Torquay United,2146,Right Back,Right Wing Back,England,25,182,0,0,0.02,0.04,0.42,0,10,1,,0,0.13,0.06,0.8,0.08,0.06,0.71,0.04,0,0.08,0.13,0.08,1.22,0.05,0.63,0.42,0.21,67,1.59,0,0.8,1.17,0.96,1.17,2.64,3.37,14.47,4.95,0.03,5.12,32.16,3.65,9.64,1.43,2.39,81,1.81,2.97,0.59,60,0.34,48,1.51,0.04,12.58,15.99,4.11,3.44,1.01,34.53,3.86,31,2.39,70,0.08,0,0,34.22,70,2.39,14,37,3.19,5.95,14,65,-5,54.59,4.65,0.28,0.31,27.34,95,4.05,9.48,1.05,0.84,0.21,0.46,1.55,2.39,0.04,28,0.42,30,0.46,39,50,11,34,56,11,20.74,16.52,0.87,104,-4.22,18.14,17.16
Jordan Thompson,Hemel Hempstead Town,643,Right Centre Back,Centre Back,England,27,188,0,0,0.12,0.41,0.28,0,50,0,,0,0,0.06,0.14,0,0.06,0.14,0,0,0,0,0.17,0.42,-0.17,0.14,0,0.14,0,0.28,0,0.14,0.56,0.42,0.41,4.9,4.63,7.84,4.76,0.05,3.36,26.48,1.68,13.99,0.98,1.4,78,1.07,1.48,0.28,80,0.28,44,2.38,0,6.58,6.53,2.52,1.54,0.98,33.22,1.54,23,0.42,27,0.14,0,0,24.07,65,2.8,18,51,5.6,4.76,17,48,-17,36.07,1.12,0.45,0.55,12.46,97,4.79,1.4,0.14,0.14,0,0.14,1.26,1.4,0,0,0,,0.14,34,60,6,30,60,10,26.98,21.85,0.91,81,-5.13,24.63,17.59
Jordan Thompson,Tonbridge Angels FC,793,Left Centre Back,Centre Back,England,27,188,0.11,0.11,0.15,0.45,0.34,33,67,0,,0.17,0,0.02,0.11,0,0.02,0.11,0,0,0,0.11,0.17,0.45,-0.06,0.11,0.11,0,100,0.45,0,0.34,0.23,0.34,0.14,7.26,4.34,7.26,4.09,0.09,3.52,20.96,0.79,10.1,1.13,1.48,100,0.62,0.76,1.13,,0,67,3.4,0,4.99,3.16,1.59,0.57,0.23,27.13,0.79,16,0.23,40,0.11,0,0,19.63,61,1.82,21,36,7.26,4.99,17,47,-15,33.63,0.79,0.24,0.35,11.46,99,4.21,1.48,0.11,0.11,0,0.23,1.7,1.82,0,0,0,0,0.34,40,52,7,38,54,8,27.71,14.09,0.89,124,-13.62,24.6,17.49
Jordan Tillson,Bath City,2661,Right Defensive Midfielder,Centre Defensive Midfielder,England,33,183,0.03,0.03,0.02,0.1,0.2,17,17,0,,0.01,0,0.01,0.41,0,0.01,0.41,0,0,0,0.03,0.04,0.61,0,0.2,0.17,0.03,83,0.74,0.03,0.68,0.61,0.98,0.62,2.64,1.83,21.48,11.67,0.02,6.63,39.95,8.12,17.08,2.23,3.21,66,1.59,2.21,1.35,33,1.15,55,2.67,0,17.93,12.04,4.97,5.24,1.66,42.7,6.43,36,3.08,59,0.17,0,0,32.74,65,1.76,12,41,3.25,3.65,25,67,2,50.49,3.35,0.23,0.25,19.65,96,3.68,5.99,0.68,0.64,0.03,0,0.58,1.22,0.1,5,0.03,14,0.14,35,56,9,37,58,5,19.68,16.16,0.91,98,-3.53,18,15.76
Jordan Tunnicliffe,Farnborough,402,Left Centre Back,,England,32,186,0,0,0.01,0.05,0.22,0,100,0,,0.01,0,0,0,0,0,0,0,0,0,0,0.01,0.22,-0.01,0.22,0,0.22,0,0.67,0,0.22,0.45,0.45,0.41,8.73,7.8,12.77,5.37,0.07,6.27,25.32,2.46,12.77,1.57,2.02,88,1.07,1.49,0.67,100,0.22,72,4.7,0,10.53,7.53,4.03,1.57,0.67,29.4,2.24,21,0.9,57,0.22,0,0,23.74,64,1.12,17,36,9.18,2.69,15,65,1,41.73,1.34,0.21,0.21,12.54,98,3.42,3.14,0.22,0.22,0,0,1.57,1.79,0,0,0,0,0.22,45,49,5,21,71,7,20.95,20.68,0.92,116,-0.28,19.37,23.9
Jordan Tunnicliffe,Kidderminster Harriers,788,Centre Back,Right Centre Back,England,32,186,0.11,0.11,0.08,0.14,0.57,20,60,0,,0.15,0.11,0.1,0.34,0.11,0.1,0.34,0,0,0,0.23,0.18,0.91,0.05,0,0,0,,1.03,0,0.11,0.11,1.26,1.35,9.02,11.75,8.79,4.22,0.09,5.48,26.66,2.4,15.64,1.26,2.51,73,1.36,2.71,0.69,67,0.46,75,6.85,0,6.85,7.75,3.08,0.8,0.34,29.82,1.14,17,0.23,29,0.11,0,0,32.77,73,2.85,18,44,10.16,5.37,20,61,-12,37.49,1.94,0.39,0.42,18.15,99,3.67,2.28,0.11,0.11,0,0.11,1.94,2.06,0,0,0,0,0.23,30,64,6,35,65,0,24.53,21.21,0.91,91,-3.32,22.23,19.29
Jordan Young,Torquay United,2688,Right Wing,Right Midfielder,Scotland,26,175,0.47,0.44,0.32,0.1,3.21,14,43,3,33,0.33,0.27,0.2,1.81,0.2,0.17,1.37,0.07,0.03,0.44,0.7,0.52,5.02,0.18,2.21,1.24,0.97,56,2.01,0.07,2.61,2.71,0.57,0.75,0.4,0.55,15.06,5.32,0,4.42,50,4.95,8.37,1.41,1.98,68,1.63,2.39,1.1,30,0.67,33,0.44,0.03,12.62,15.06,3.38,3.95,1,50.96,6.33,50,2.81,71,0.2,0.03,0,32.31,68,3.48,84,43,1.27,7.16,22,66,-3,65.07,4.22,0.52,0.8,34.78,89,6.67,12.79,2.91,1.87,1.04,0.4,4.95,6.83,0.13,23,0.77,28,0.64,18,66,16,19,61,20,22.13,17.53,0.89,94,-4.59,19.59,16.49
Josef Yarney,Macclesfield Town,606,Right Centre Back,Left Centre Back,England,28,183,0,0,0.06,0.19,0.3,0,100,0,,0.06,0,0.02,0.45,0,0.02,0.45,0,0,0,0,0.08,0.74,-0.08,0.15,0.15,0,100,0.3,0,0.15,0,0.89,0.77,3.71,3.5,6.98,4.01,0,2.97,24.06,2.23,12.18,0.74,1.63,63,0.76,1.53,0.89,67,0.45,55,2.38,0,5.35,5.64,2.08,0.45,0.3,23.82,0,0,0,0,0.15,0,0,44.25,80,4.31,15,48,4.6,8.17,15,64,-16,36.51,3.41,0.27,0.34,32.52,100,7.49,4.9,0.45,0.45,0,0,1.48,1.93,0,67,0.3,67,0.3,30,66,3,15,76,9,24.77,18.75,0.89,94,-6.02,22.12,17.68
Josh Ashby,Oxford City,3061,Right Defensive Midfielder,Left Defensive Midfielder,England,30,180,0.12,0.12,0.08,0.06,1.29,9,55,1,,0.15,0.09,0.1,0.97,0,0.06,0.71,0.09,0.03,0.26,0.21,0.17,2.26,0.03,0.47,0.35,0.12,75,1.21,0,1,0.68,1.53,0.99,2.82,2.14,19.53,10.59,0.03,6.79,37.26,5,13.03,1.91,3.44,78,1.51,2.51,2,27,0.53,42,1.79,0.03,15.61,12.02,4.85,4.29,1.26,40.34,4.68,30,1.91,45,0.21,0,0,41.32,72,3.38,11,42,3.53,7.38,15,68,-4,49.26,4.38,0.28,0.32,29.35,97,4.62,8.67,1.65,0.79,0.85,0.29,2.23,3.03,0.03,25,0.59,45,0.32,29,56,14,32,62,6,21.39,17.97,0.89,98,-3.42,19.11,17.55
Josh Ayres,Alfreton Town,560,Centre Forward,Left Centre Forward,England,20,,0.8,0.8,0.59,0.15,3.85,21,71,7,,1.18,0,0,0,0,0,0,0,0,0,0.8,0.59,3.85,0.21,0.48,0.16,0.32,33,0.32,0,1.93,2.41,0,0,0.48,0.31,18.31,9.31,0.01,4.34,61.68,4.01,5.14,0.48,0.48,60,0.32,0.32,0.96,0,0.32,36,5.3,0,16.86,7.18,3.85,3.37,0.96,63.26,11.72,70,2.89,86,0,0,0,14.29,51,0.96,16,60,0.64,1.45,48,39,-12,66.67,1.28,0.55,0.94,10.44,80,8.37,4.34,0.48,0.48,0,0.48,7.87,8.35,0,0,0,0,0.8,24,58,18,15,56,30,16.75,10.92,1.08,106,-5.83,18.02,11.55
Josh Castiglione,Bedford Town,532,Left Midfielder,Left Centre Midfielder,England,29,177,0.34,0.34,0.09,0.06,1.52,22,67,3,,0.37,0,0.06,0.51,0,0.06,0.51,0,0,0,0.34,0.16,2.03,0.18,0.51,0.34,0.17,67,0.68,0,1.52,0.68,0.17,0.18,2.03,1.44,16.41,9.64,0,5.75,47.4,4.06,8.8,1.18,1.35,54,0.86,1.04,0.17,14,1.02,46,1.02,0,15.06,9.47,4.4,4.4,1.02,50.69,6.77,45,3.21,73,0.17,0,0,27.74,69,1.02,19,24,2.88,3.38,21,61,-7,57.88,3.55,0.21,0.25,21.15,95,6.42,8.8,1.02,1.02,0,0,1.86,2.88,0.17,17,0.17,17,0.34,29,55,16,27,52,21,20.16,19.7,0.89,98,-0.46,17.92,19.33
Josh Castiglione,Chelmsford City,951,Left Centre Midfielder,Right Back,England,29,177,0.09,0.09,0.04,0.09,0.47,20,20,1,,0.03,0,0.08,0.85,0,0.05,0.57,0,0.03,0.28,0.09,0.12,1.32,-0.03,0.76,0.47,0.28,63,1.23,0,0.66,0.95,1.14,1.36,2.74,2.33,16.27,7.47,0.03,5.49,38.81,4.45,9.93,1.14,2.27,75,1.08,2.44,0.66,43,0.38,32,0.85,0.09,14.47,13.95,3.88,2.93,0.85,43.41,5.68,39,2.18,74,0,0,0,29.61,59,2.93,14,36,3.31,7.66,10,49,-11,57.52,3.59,0.35,0.42,21.09,95,6.07,8.42,1.23,0.66,0.57,0.28,1.23,1.89,0,15,0.47,28,0.38,39,50,10,29,57,13,23.02,17.29,0.88,96,-5.73,20.22,16.66
Josh Coley,Ebbsfleet United,1646,Left Centre Forward,Left Attacking Midfielder,England,27,177,0.11,0.11,0.25,0.13,1.91,6,34,3,,0.2,0.11,0.06,0.82,0.11,0.06,0.82,0,0,0,0.22,0.31,2.73,-0.1,2.13,1.09,1.04,51,1.64,0.05,2.08,2.9,0.22,0.22,0.82,0.94,23.4,9.13,0.02,5.74,57.4,4.32,7.22,1.2,1.42,63,1.25,1.48,2.02,35,0.71,29,1.04,0,20.33,22.85,4.76,4.92,1.42,58.81,13.45,66,3.94,80,0.22,0,0,25.69,72,1.09,7,48,1.2,1.91,28,70,-3,64.89,2.24,0.37,0.54,26.35,85,5.43,11.04,1.04,1.04,0,0.38,6.07,7.11,0.11,11,0.16,20,0.87,22,59,20,15,66,19,16.61,13.57,0.95,107,-3.05,15.8,14.55
Josh Dawodu,Bedford Town,1031,Right Back,Left Back,England,25,176,0,0,0.01,0.03,0.26,0,0,0,,0,0.09,0.07,0.26,0.09,0.07,0.26,0,0,0,0.09,0.08,0.52,0.01,0.96,0.52,0.44,55,2.44,0,0.52,0.79,1.4,0.57,2.01,0.97,16.67,7.77,0.04,6.81,28.93,2.1,8.9,2.79,4.19,80,1.28,1.84,0.44,54,0.7,43,1.13,0,13.62,6.65,4.89,1.92,0.79,29.87,2.79,21,1.13,59,0.09,0,0,19.99,61,1.48,15,31,3.06,3.75,15,44,-16,49.97,3.06,0.22,0.23,16.59,94,6.57,5.15,0.44,0.44,0,0.09,0.09,0.52,0,20,0.17,22,0.09,40,55,5,27,66,7,23.74,25.85,0.84,82,2.11,19.84,21.14
Josh Hare,AFC Hornchurch,2561,Right Back,Right Centre Back,England,31,183,0,0,0.02,0.05,0.49,0,7,0,,0,0.11,0.15,1.09,0.07,0.12,0.81,0.04,0.03,0.28,0.11,0.18,1.58,-0.07,0.11,0.04,0.07,33,0.21,0,0.28,0.46,1.02,0.9,4.18,3.57,11.42,4.74,0.03,4.71,31.24,3.79,12.05,1.48,2.49,76,1.36,2.26,0.63,60,0.46,53,2.64,0,9.45,8.66,3.16,2.53,0.91,34.77,2.46,26,1.16,46,0.14,0.04,0,38.37,61,5.69,7,40,5.8,12.47,13,52,-9,51.01,6.75,0.43,0.49,24.42,98,3.91,9.45,2.04,1.48,0.56,0.11,0.88,2.35,0.07,50,1.16,37,0.18,43,52,5,43,51,6,26.66,23.48,0.86,88,-3.19,23.03,20.76
Josh Kay,Macclesfield Town,1131,Right Centre Midfielder,Left Centre Midfielder,England,29,165,0.08,0.08,0.07,0.05,1.43,6,50,2,,0.11,0.08,0.1,0.88,0.08,0.09,0.8,0,0,0.08,0.16,0.17,2.31,-0.01,2.15,1.35,0.8,63,1.27,0,2.47,2.78,0.95,1.14,0.88,1.18,13.52,6.6,0.02,5.09,45.35,4.61,9.71,1.03,1.99,52,0.89,2.03,1.27,14,0.95,55,2.15,0,11.22,12.5,3.98,3.9,1.75,49.48,5.17,46,2.55,65,0.24,0,0.16,33.57,68,2.47,10,49,1.75,4.14,25,66,-1,58.06,3.34,0.37,0.48,28,90,4.92,10.82,0.95,0.88,0.08,0.08,1.91,2.78,0.08,42,0.4,31,0.16,24,61,15,21,63,16,19.2,15.77,0.93,94,-3.43,17.84,14.9
Josh Miles,Southport,540,Left Back,Right Back,England,19,,0,0,0.02,0.09,0.17,0,0,0,,0,0,0.01,0.17,0,0.01,0.17,0,0,0,0,0.02,0.33,-0.02,0.67,0.5,0.17,75,1.83,0,1,0.5,1.17,1,4,3.76,15.99,8,0.06,6.33,30.65,1.5,6.5,2.83,4,81,2.57,3.57,0.5,43,0.67,46,1,0,12.66,11.41,4.17,2.67,1,34.76,2.5,20,1.5,56,0.5,0,0,25.82,65,1.67,20,28,4.5,5.5,8,50,-15,45.61,3.83,0.13,0.15,21.83,98,5.43,4,0.5,0.33,0.17,0,0,0.33,0,0,0,0,0,43,47,10,46,33,21,24.48,21.61,0.85,117,-2.87,20.92,25.24
Josh Parker,Oxford City,2383,Centre Forward,Left Wing,Antigua and Barbuda,35,180,0.19,0.15,0.16,0.18,0.87,17,57,2,100,0.18,0.08,0.08,0.79,0.08,0.08,0.79,0,0,0,0.23,0.24,1.66,-0.01,0.38,0.23,0.15,60,1.51,0,1.59,2.61,0.23,0.11,1.13,0.84,15.79,6.84,0.01,4.08,56.29,2.42,4.34,0.64,0.87,61,0.54,0.65,1.21,27,0.42,34,2.27,0.04,13.94,11.35,3.4,2.87,0.72,61.53,9.93,71,2.38,83,0.11,0,0,23.38,68,1.81,7,58,1.7,2.57,30,64,-5,60.3,2,0.26,0.39,19.19,87,3.99,7.74,0.6,0.6,0,0.15,2.76,3.36,0.04,31,0.42,46,0.6,20,62,18,16,64,20,18.4,16.04,0.96,103,-2.36,17.59,16.47
Josh Popoola,Maidenhead United,2571,Centre Attacking Midfielder,Right Wing,England,22,177,0.25,0.25,0.16,0.1,1.61,15,39,3,,0.18,0.39,0.29,2.31,0.28,0.23,1.54,0.11,0.06,0.77,0.63,0.45,3.92,0.18,3.05,2.1,0.95,69,2.21,0.04,3.75,3.15,0.35,0.38,0.46,0.46,17.61,6.86,0.01,5.78,56.91,4.45,6.51,1.26,1.61,78,1.37,1.76,0.95,17,0.35,35,1.23,0,15.44,16.19,4.87,4.38,1.54,58.63,10.19,66,3.78,86,0.14,0,0,23.81,66,2.42,15,41,0.88,5.46,20,64,-2,67.39,2.98,0.44,0.68,28.22,86,7.5,10.26,2.73,1.26,1.47,0.53,3.82,5.08,0.07,35,1.26,35,1.16,11,67,22,10,58,31,21.77,16.42,0.89,96,-5.34,19.35,15.81
Josh Quaynor,Leamington FC,1702,Left Back,Left Wing,England,34,176,0,0,0.01,0.03,0.26,0,20,0,,0.02,0.05,0.02,0.42,0.05,0.02,0.37,0,0,0.05,0.05,0.03,0.69,0.02,0.16,0.05,0.11,33,0.69,0,0.58,0.37,1.27,0.79,3.6,2.43,10.68,5.02,0.04,4.39,28.11,3.6,11.42,1.37,2.64,68,1.14,1.93,0.85,29,0.63,56,1.32,0,8.57,5.57,2.86,1.96,0.48,32.27,1.74,20,0.85,43,0.05,0,0,26.22,56,2.75,79,28,4.49,8.83,12,51,-5,48.28,3.17,0.12,0.13,16.23,98,4.2,3.81,0.69,0.37,0.32,0.05,0.11,0.48,0,8,0.11,11,0,46,47,7,46,44,10,26.15,23.17,0.8,89,-2.98,20.82,20.6
Josh Rees,AFC Hornchurch,2701,Right Defensive Midfielder,Right Centre Midfielder,England,32,175,0.13,0.13,0.28,0.14,1.97,7,34,3,,0.24,0.13,0.08,0.7,0.13,0.07,0.67,0,0,0.03,0.27,0.36,2.67,-0.09,0.4,0.27,0.13,67,0.73,0.03,1.33,1.03,0.7,0.65,1.4,1.37,19.56,8.7,0.03,7.4,43.18,7.1,13.36,2.53,3.23,85,2.56,3.21,1.7,50,0.43,47,2.2,0,15.36,14.03,5.63,4.93,1.8,45.61,6.46,42,2.9,59,0.2,0,0,26.12,68,1.27,11,44,2.1,2.17,25,66,-2,54.79,2.57,0.46,0.66,17.39,92,4.81,6.7,0.5,0.47,0.03,0.3,4.13,4.6,0.1,7,0.13,36,0.5,31,56,13,23,67,10,18.42,15.93,0.94,97,-2.49,17.29,15.51
Josh Taylor,Dorking Wanderers FC,1749,Right Centre Midfielder,Right Defensive Midfielder,England,31,,0.1,0.1,0.04,0.04,0.87,12,35,1,,0.07,0.05,0.07,0.98,0.05,0.06,0.87,0,0,0.1,0.15,0.11,1.85,0.05,1.03,0.72,0.31,70,0.93,0.05,1.34,1.34,0.57,0.73,0.98,1.24,15.48,7,0.03,5.61,44.07,6.58,12.76,1.85,2.42,68,2.74,3.47,0.98,41,0.87,61,1.29,0.05,12.66,17.72,4.42,4.22,1.7,46.08,4.99,39,2.68,63,0.1,0,0,41.93,71,3.04,17,54,1.39,5.2,15,66,-5,53.82,4.94,0.59,0.65,31.95,95,6.32,10.44,1.8,0.82,0.98,0.21,2.21,3.04,0,34,0.77,30,0.51,22,67,11,25,66,9,20.03,16.03,0.95,106,-4,19.04,17
Josh Umerah,Maidenhead United,2314,Right Centre Forward,Centre Forward,England,29,185,0.39,0.35,0.31,0.15,2.1,17,39,4,100,0.44,0.04,0.05,0.62,0.04,0.05,0.62,0,0,0,0.39,0.36,2.72,0.03,0.86,0.19,0.66,23,1.71,0,2.49,4.08,0.04,0.04,0.43,0.45,15.63,4.9,0.02,4.9,66.05,2.37,3.77,0.47,0.51,75,0.51,0.55,1.21,20,0.16,33,2.41,0,13.96,14.41,4.55,3.89,1.48,67.68,11.24,81,3.27,84,0.08,0,0,15.52,70,0.35,15,75,0.58,0.31,38,63,-6,66.4,1.32,0.35,0.57,16.64,79,5.07,6.77,0.12,0.12,0,0.23,5.87,5.99,0,0,0.08,33,0.82,16,54,30,11,53,35,13.67,12.77,1.02,99,-0.91,13.88,12.62
Josh Wardle,Marine,2537,Left Centre Back,Centre Back,England,29,191,0.14,0.14,0.1,0.17,0.6,24,59,0,,0.17,0.04,0.01,0.21,0.04,0.01,0.21,0,0,0,0.18,0.11,0.82,0.07,0.11,0.07,0.04,67,0.74,0,0.07,0.25,0.89,0.68,6.31,4.86,8.8,3.37,0.08,4.5,24.01,1.67,14.86,0.67,1.56,68,0.52,1.2,0.96,53,0.32,70,5.21,0.11,7.16,5.28,3.05,1.49,0.67,29.73,1.06,15,0.43,29,0.25,0,0,23.02,52,2.09,74,31,7.48,5.5,26,53,0,36.81,1.45,0.29,0.3,8.87,98,5.55,2.06,0.14,0.14,0,0.21,2.13,2.27,0.07,0,0,0,0.32,52,44,5,45,45,10,27.3,21.14,0.83,92,-6.17,22.58,19.44
Joshua Addae,Chesham United FC,2316,Right Wing Back,Right Back,England,23,,0,0,0.04,0.07,0.58,0,20,1,,0.02,0.04,0.06,0.39,0.04,0.05,0.31,0,0.01,0.08,0.04,0.1,0.97,-0.06,0.97,0.62,0.35,64,0.93,0,1.79,1.63,0.86,0.67,1.87,1.81,17.26,9.09,0.03,6.41,38.34,3.73,8.16,1.79,2.64,70,1.66,2.33,0.51,51,0.78,49,0.89,0,14.96,13.76,4.59,3.15,1.05,41.21,5.25,35,2.25,72,0.08,0,0,23.94,59,2.57,14,30,2.53,7.97,13,59,0,53.94,3.26,0.26,0.3,21.1,90,5.64,5.99,1.71,0.78,0.93,0.16,1.32,2.1,0,45,0.89,17,0.27,33,55,12,32,47,21,24.7,19.83,0.83,89,-4.87,20.56,17.63
Joshua Adepoju,Slough Town FC,382,Left Centre Midfielder,Centre Attacking Midfielder,England,,,0,0,0.12,0.08,1.41,0,33,2,,0.06,0.24,0.15,1.18,0.24,0.09,0.94,0,0.06,0.24,0.24,0.27,2.59,-0.03,1.65,0.94,0.71,57,0.94,0,3.3,2.83,0.47,0.16,0.47,0.22,22.62,9.9,0,7.77,50.98,6.83,11.07,0.94,1.41,67,0.74,0.9,1.88,50,0.47,33,0.94,0,19.79,12.65,6.83,7.07,2.83,51.54,9.66,49,5.42,77,0.24,0,0,28.98,60,1.41,32,38,1.88,2.36,36,56,-4,60.38,3.53,0.32,0.44,29.45,88,6.56,8.48,1.65,1.18,0.47,0.24,1.65,2.83,0.24,14,0.24,17,0.47,23,61,15,28,50,22,18.91,16.07,0.88,98,-2.84,16.56,15.78
Joshua Anifowose,Eastbourne Borough,1669,Left Wing Back,Right Wing Back,England,24,185,0.05,0.05,0.12,0.07,1.83,3,41,3,,0.11,0.27,0.18,1.29,0.27,0.16,1.24,0,0.02,0.05,0.32,0.3,3.13,0.02,3.45,1.99,1.46,58,1.29,0,4.31,4.37,0.65,0.64,0.59,0.75,22.75,7.76,0.01,7.39,51.71,6.36,10.73,2.1,2.75,83,2.47,3.1,1.67,20,0.43,28,0.59,0,18.98,20.06,6.04,7.01,2.43,54.45,11.27,59,5.93,85,0.32,0,0,29.92,62,2.1,11,46,1.29,3.88,20,65,2,60.49,4.04,0.44,0.53,32.13,82,7,10.19,1.4,1.29,0.11,0.22,3.4,4.69,0.05,42,0.81,31,0.59,24,61,15,19,63,18,20.31,19.26,0.97,93,-1.05,19.61,17.81
Joshua Passley,Ebbsfleet United,2070,Right Centre Back,Right Wing Back,England,31,184,0.04,0.04,0.03,0.11,0.3,14,29,0,,0.01,0.09,0.08,0.74,0.09,0.08,0.74,0,0,0,0.13,0.11,1.04,0.02,0.39,0.22,0.17,56,0.61,0,0.83,0.7,0.61,0.73,3.35,3.93,11.43,4,0.05,5.17,34.06,2.61,10.61,1.61,2.22,86,1.77,2.49,1.17,57,0.26,77,1.78,0.04,8.7,10.07,3.78,2.52,1.09,40.65,2.96,34,1.7,67,0.17,0,0,40.96,75,3.61,7,51,4.65,5.83,16,63,-12,52.44,6.39,0.47,0.5,33.43,97,6.08,11.91,0.91,0.87,0.04,0.3,1.78,2.65,0.04,19,0.48,30,0.48,35,55,11,42,45,14,22.1,20.27,0.91,88,-1.83,20.05,17.85
Joshua Phillips,Bedford Town,1753,Right Wing,Left Midfielder,England,20,,0.1,0.1,0.14,0.12,1.13,9,27,2,,0.08,0.15,0.1,1.23,0.15,0.08,0.82,0,0.02,0.41,0.26,0.24,2.36,0.02,2.1,1.33,0.77,63,1.28,0,1.49,2.46,0.21,0.13,0.77,0.46,13.29,5.08,0.01,3.28,49.32,3.34,6.11,0.77,0.98,71,0.53,0.65,0.92,38,0.31,28,0.46,0,11.7,6.59,2.57,3.08,0.36,52.81,6.47,55,2.36,77,0.21,0,0,18.53,52,1.18,71,24,1.49,4.11,21,49,-3,66.68,2.16,0.28,0.38,20.02,89,7.07,5.65,1.69,1.08,0.62,0.15,1.9,2.98,0.15,33,0.72,17,0.21,18,71,10,18,63,19,22.95,19.17,0.79,84,-3.78,18.2,16.07
Joshua Scott,Darlington,826,Left Back,Left Wing Back,England,23,184,0.22,0.22,0.21,0.16,1.31,17,42,2,,0.34,0.11,0.02,0.55,0.11,0.02,0.55,0,0,0,0.33,0.23,1.85,0.09,2.07,1.53,0.55,74,0.65,0,1.42,0.98,0.98,0.99,4.47,4.39,18.32,6.98,0.05,6.65,32.63,3.16,9.16,2.29,3.27,84,2.51,3.5,1.09,43,0.44,60,1.96,0,14.94,14.8,5.45,3.71,1.53,36.39,3.6,24,1.64,44,0.11,0,0,33.36,70,1.64,85,34,4.91,4.36,19,65,-5,51,3.38,0.57,0.66,28.56,96,5.08,7.96,0.44,0.33,0.11,0.22,2.83,3.16,0,0,0,0,0.33,29,51,20,27,49,23,20.16,17.83,0.88,90,-2.34,17.73,16.09
Joshua Tomlinson,Bedford Town,559,Right Centre Back,Left Centre Back,England,20,,0,0,0.11,0.35,0.32,0,0,0,,0,0,0.02,0.16,0,0.02,0.16,0,0,0,0,0.13,0.48,-0.13,0,0,0,,0.97,0.16,0,0.16,3.06,1.94,4.83,3.27,7.24,3.7,0.06,3.22,21.68,1.29,9.82,0.97,4.02,100,0.46,2.4,0.16,100,0,58,2.25,0,6.11,2.84,2.09,0.64,0,21.27,0.16,3,0.16,25,0,0,0,21.24,59,2.25,20,33,5.79,5.79,16,43,-16,34.37,0.48,0.13,0.24,10.14,100,4.92,1.13,0.16,0.16,0,0.16,1.61,1.77,0,0,0,,0.48,43,51,6,14,71,14,29.6,31.6,0.72,51,2,21.3,16.2
Joshua Tomlinson,Leamington FC,500,Left Centre Back,,England,20,,0,0,0.02,0.12,0.18,0,100,0,,0.03,0,0,0,0,0,0,0,0,0,0,0.02,0.18,-0.02,0,0,0,,0.18,0,0.36,0.36,1.08,0.33,8.1,5.41,10.62,7.2,0.06,7.2,19.63,1.26,12.96,1.26,2.34,78,0.87,1.2,1.26,50,0.36,80,3.6,0,8.1,6.19,4.14,1.98,1.26,23.13,0.54,7,0.18,9,0.18,0,0,19.63,57,1.26,33,30,8.64,3.6,21,52,-5,31.36,0.72,0.17,0.19,7.2,95,4.5,0.9,0,0,0,0.18,0.9,0.9,0,,0,,0.18,52,44,4,40,60,0,24.07,19.76,0.85,98,-4.32,20.52,19.39
Josiah Dyer,Peterborough Sports FC,474,Left Centre Forward,Right Centre Forward,England,21,,0.38,0.38,0.41,0.17,2.47,15,38,6,,0.37,0,0.05,0.38,0,0.05,0.38,0,0,0,0.38,0.46,2.85,-0.08,1.14,0.76,0.38,67,0.76,0.19,1.9,3.8,0.19,0.19,0.19,0.16,10.26,3.23,0,2.85,64.2,3.99,6.27,0.19,0.38,33,0.18,0.37,1.9,33,0.38,28,2.47,0,8.17,6.75,2.85,2.47,1.14,66.27,6.65,81,2.47,100,0.19,0,0,22.61,57,1.14,16,50,1.14,1.33,34,59,1,61.24,1.71,0.34,0.66,17.67,78,5.27,6.46,0.95,0.95,0,0.38,5.13,6.08,0,20,0.19,25,0.95,15,65,20,21,59,21,16.04,16.05,1.01,102,0.01,16.21,16.31
Jude Mason,Hampton & Richmond,757,Left Wing Back,Left Back,England,25,176,0,0,0.01,0.05,0.12,0,0,0,,0,0,0.01,0.36,0,0.01,0.36,0,0,0,0,0.01,0.48,-0.01,0.24,0,0.24,0,1.07,0,0.36,0.59,0.95,0.63,2.73,2.22,9.87,3.69,0.03,3.92,33.99,4.64,8.8,1.31,2.26,85,0.67,1.31,0.36,75,0.24,67,2.14,0,8.2,5.29,2.97,1.9,0.71,35.02,2.62,32,1.55,81,0,0,0,28.53,63,2.38,90,38,3.33,5.59,10,42,-21,53.63,3.45,0.11,0.11,21.4,96,3.01,6.42,0.83,0.36,0.48,0.24,0.36,0.71,0,14,0.36,33,0.24,37,49,14,39,44,17,21.95,20.55,0.85,74,-1.4,18.56,15.18
Junior Dixon,Hampton & Richmond,548,Centre Forward,Right Centre Forward,England,21,186,0,0,0.21,0.13,1.64,0,30,3,,0.1,0,0.05,0.66,0,0.05,0.66,0,0,0,0,0.26,2.3,-0.26,1.81,1.31,0.49,73,0.99,0,3.94,5.09,0,0,0.16,0.15,19.38,5.42,0.01,4.76,66.04,3.78,5.09,0.33,0.33,100,0.4,0.4,0.99,100,0,23,2.3,0,18.07,17.2,4.6,5.91,2.14,66.57,14.78,82,5.58,94,0.16,0,0,18.07,76,0.33,22,40,0.33,0.66,43,74,-2,62.88,1.81,0.35,0.52,21.35,74,5.73,7.06,0.66,0.66,0,0.82,4.76,5.42,0,0,0.16,50,0.66,17,65,17,16,70,14,13.37,11.46,1.03,98,-1.9,13.82,11.19
Junior Gyamfi,Bedford Town,3053,Right Defensive Midfielder,Left Defensive Midfielder,Germany,22,,0.03,0.03,0.08,0.06,1.33,2,29,2,,0.05,0.09,0.05,0.8,0.09,0.05,0.8,0,0,0,0.12,0.13,2.12,-0.01,2.33,1.59,0.74,68,1.86,0,2.54,1.89,1.15,0.62,1.68,0.95,28.8,14.95,0.03,8.34,43.74,7.34,14.15,3.66,4.8,81,1.98,2.6,2.65,43,0.88,48,1.83,0,22.55,12.12,5.98,5.87,1.68,45.71,9.05,40,3.6,61,0.24,0,0,31.48,68,2.18,20,42,2.65,4.19,20,66,-2,53.02,4.04,0.35,0.41,26.65,92,6.11,8.05,0.88,0.8,0.09,0.06,1.83,2.62,0.21,13,0.21,28,0.29,31,57,11,34,57,9,21.18,19.14,0.92,96,-2.04,19.56,18.38
Junior Mondal,Spennymoor Town,1822,Left Wing,Right Wing,England,29,175,0.35,0.35,0.26,0.15,1.78,19,56,3,,0.4,0.05,0.14,1.19,0.05,0.14,1.19,0,0,0,0.4,0.4,2.96,-0.01,0.89,0.54,0.35,61,1.38,0.05,1.48,2.12,0.44,0.34,0.54,0.48,21.83,8.2,0,5.19,53.78,3.16,6.17,1.43,1.88,58,1.21,1.55,1.04,17,1.04,32,1.43,0,19.36,16.41,4.4,4.99,1.09,55.27,11.11,57,3.61,72,0.1,0,0,23.31,72,0.59,85,48,0.59,1.19,31,64,-8,60.79,1.68,0.46,0.65,20.3,90,5.8,8.59,0.84,0.84,0,0.44,4.54,5.38,0.05,24,0.4,24,0.89,16,62,22,15,60,25,15.89,13.73,0.96,99,-2.16,15.33,13.66
Junior Morias,AFC Hornchurch,800,Left Wing,Left Centre Forward,Jamaica,30,173,0.11,0.11,0.14,0.1,1.46,8,54,4,,0.15,0.22,0.23,1.57,0.22,0.23,1.57,0,0,0,0.34,0.38,3.04,-0.04,0.9,0.67,0.22,75,1.35,0,1.24,1.8,0.11,0.03,0.11,0.17,15.18,4.5,0,4.72,66.08,3.49,6.18,0.11,0.22,50,0.1,0.13,0.67,0,0.11,14,0.67,0,14.39,13.85,4.39,3.94,1.12,68.02,11.81,82,3.15,80,0,0,0,18.55,67,0.79,26,58,0.22,1.24,30,65,-2,64.46,1.8,0.36,0.6,19.34,89,6.29,7.08,1.12,1.01,0.11,0.67,4.16,5.17,0.34,10,0.11,9,0.9,20,63,16,10,75,16,17.31,14.46,0.99,106,-2.85,17.06,15.33
Justin Donawa,Hereford FC,408,Left Wing,Right Midfielder,Bermuda,29,178,0.22,0.22,0.24,0.18,1.32,17,33,3,,0.22,0,0.03,0.66,0,0.03,0.66,0,0,0,0.22,0.27,1.99,-0.05,0.22,0.22,0,100,0.88,0,2.87,0.66,0.66,0.87,0.44,0.55,8.6,2.65,0,4.63,49.91,3.31,5.51,1.1,1.76,100,0.82,1.69,0.44,,0,54,2.87,0,7.06,6.89,3.31,2.43,1.1,53.97,4.19,59,1.76,73,0,0,0,22.28,54,0.88,6,33,1.32,1.76,28,48,-5,62.08,1.54,0.54,0.59,19.19,91,6.9,5.96,0.66,0.44,0.22,0.22,1.32,1.76,0,0,0.22,6,0.22,19,65,16,15,63,22,19.92,18.01,0.85,98,-1.91,17.01,17.64
Justin Johnson,Macclesfield Town,722,Left Wing,Left Midfielder,Netherlands,29,170,0.37,0.37,0.25,0.1,2.49,15,35,4,,0.32,0.25,0.19,1.87,0.12,0.16,1.62,0.12,0.03,0.25,0.62,0.44,4.36,0.18,3.12,1.87,1.25,60,0.5,0,3.99,3.37,0.62,0.59,0.37,0.38,11.72,4.36,0,4.86,49.3,4.11,6.61,1.12,1.74,53,1.37,1.96,0.75,11,1,14,0.25,0,9.85,11.96,3.74,3.61,1.25,51.49,5.36,54,2.37,66,0.12,0,0,25.3,70,2.24,14,55,1.12,3.37,22,76,5,67.43,2.24,0.28,0.64,30.79,85,7.14,10.72,2.24,1.99,0.25,0.75,5.61,7.6,0,39,1.37,55,0.87,19,63,18,16,59,24,20.69,19.44,0.92,96,-1.26,19.03,18.68
Kacper Pasiek,Macclesfield Town,391,Left Back,Left Wing,Poland,20,,0.23,0.23,0.07,0.06,1.15,20,20,1,,0.02,0,0.05,0.23,0,0.05,0.23,0,0,0,0.23,0.12,1.38,0.11,0.23,0,0.23,0,2.07,0,2.53,1.84,0.69,0.47,2.07,2.37,13.8,5.98,0,7.36,31.02,3.22,12.65,2.3,2.99,77,2.16,2.63,0.23,60,0.69,56,2.3,0,11.27,13.71,4.37,2.07,0.69,34.96,2.76,24,0.92,44,0,0,0,33.57,69,1.84,76,32,3.22,4.6,15,67,-3,48.84,5.75,0.32,0.38,28.97,90,6.74,7.59,0.92,0.92,0,0,2.07,2.99,0,50,0.46,18,0,39,52,9,33,55,12,22.47,22.38,0.88,105,-0.09,19.72,23.56
Kai Corbett,Eastbourne Borough,1674,Left Centre Midfielder,Left Attacking Midfielder,England,23,182,0.16,0.11,0.2,0.07,2.69,4,30,3,100,0.27,0.11,0.15,1.83,0.11,0.07,1.02,0,0.08,0.81,0.22,0.35,4.52,-0.13,0.97,0.48,0.48,50,3.17,0,1.99,2.58,0.59,0.56,0.27,0.22,12.63,4.3,0,4.09,55.14,4.89,7.63,1.08,1.67,67,1.18,1.74,1.02,50,0.54,16,0.38,0,10.54,11.67,3.33,3.55,1.13,56.12,6.77,64,2.47,70,0.16,0,0,27.26,62,3.71,10,39,1.29,8.49,14,59,-3,62.13,5.75,0.39,0.49,27.8,91,6.12,9.52,3.28,1.61,1.67,0.38,2.74,4.35,0.05,16,0.65,31,0.59,21,69,11,23,69,8,25.11,20.48,0.87,99,-4.63,21.83,20.23
Kai Corbett,Chelmsford City,429,Left Wing,Left Midfielder,England,23,182,0.21,0.21,0.13,0.06,2.31,9,27,3,,0.14,0.21,0.16,1.89,0.21,0.12,1.26,0,0.04,0.63,0.42,0.29,4.19,0.13,2.72,1.68,1.05,62,1.47,0,2.93,2.31,0.42,0.36,1.05,1.36,11.32,3.56,0.02,1.68,48.27,3.35,6.29,1.26,1.68,67,1.76,2.11,0.63,25,0.63,42,1.05,0,9.43,11.28,1.05,2.72,0,47.84,3.98,42,1.89,69,0.21,0.21,0,21.16,60,2.1,16,37,1.05,5.66,21,68,8,64.29,3.56,0.39,0.45,23.26,86,7.51,7.54,1.47,1.05,0.42,0,3.98,5.03,0,29,0.42,22,0.21,17,68,15,8,72,19,22.19,10.26,0.88,117,-11.93,19.51,11.99
Kai Jennings,Farnborough,555,Left Centre Midfielder,Left Defensive Midfielder,England,20,,0,0,0.02,0.03,0.49,0,33,1,,0.05,0,0.06,0.65,0,0.01,0.32,0,0.05,0.32,0,0.08,1.14,-0.08,0.81,0.49,0.32,60,0.49,0,0.49,1.3,0.97,1.29,1.95,2.42,17.52,8.76,0.06,7.3,36.96,5.68,12.33,2.43,3.41,68,2.77,4.06,0.49,36,1.14,56,1.46,0,14.6,16.6,5.03,5.52,1.78,39.66,4.54,31,2.76,50,0,0,0,36.02,72,3.41,12,47,2.27,6.98,10,62,-11,51.93,3.25,0.35,0.41,27.75,95,4.92,8.6,1.14,0.49,0.65,0.16,0.97,1.46,0,29,0.49,50,0.32,21,61,18,25,68,8,21.19,16.09,0.92,108,-5.09,19.58,17.34
Kai Woollard Innocent,Kidderminster Harriers,580,Left Centre Back,Left Wing Back,England,25,,0,0,0.01,0.02,0.31,0,50,1,,0,0.31,0.15,0.93,0.31,0.15,0.93,0,0,0,0.31,0.15,1.24,0.16,0.47,0.47,0,100,0.93,0,1.24,1.4,2.17,1.78,4.5,5.02,11.33,3.88,0,4.19,36.24,2.95,8.07,1.24,3.41,50,0.99,2.77,0.62,42,1.24,57,1.86,0,9.47,10.33,2.64,3.88,1.24,42.52,3.41,36,2.48,64,0.16,0,0,27.16,64,1.86,78,34,5.12,4.81,17,46,-18,47.77,3.41,0.23,0.29,21.88,91,4.86,4.66,0.78,0.62,0.16,0.16,0.78,1.4,0,60,0.62,44,0.16,41,52,6,40,53,7,22.77,17.83,0.88,104,-4.94,20.08,18.47
Kai Woollard Innocent,Horsham FC,478,Left Back,Left Wing,England,25,,0,0,0.01,0.02,0.56,0,67,1,,0.09,0,0.1,0.56,0,0.1,0.56,0,0,0,0,0.11,1.13,-0.11,0.75,0.38,0.38,50,1.88,0,0.94,1.69,0.56,0.51,3.01,2.88,11.85,4.7,0.06,5.08,31.36,3.58,9.22,1.51,2.07,57,1.63,2.14,0.56,50,1.13,39,1.32,0,9.78,9.06,3.58,1.88,0.56,36.94,2.63,27,0.94,50,0,0,0,34.62,67,1.88,66,24,4.14,6.59,15,74,7,50.62,2.45,0.3,0.33,29.54,96,5.08,7.71,0.94,0.94,0,0.19,2.07,3.01,0,60,0.56,19,0.19,27,58,15,12,66,22,22.69,22.76,0.83,92,0.07,18.89,21
Kai Woollard Innocent,Hampton & Richmond,665,Left Wing Back,Left Back,England,25,,0,0,0.01,0.05,0.27,0,50,1,,0,0,0,0.14,0,0,0.14,0,0,0,0,0.02,0.41,-0.02,1.49,0.68,0.81,45,0.27,0,2.44,2.3,0.68,0.66,1.76,1.86,11.23,5.55,0,4.6,40.21,5.55,10.15,1.08,1.76,80,1.09,1.75,0.27,50,0.27,37,1.35,0,9.88,10.3,3.38,2.84,1.08,42.68,3.92,40,1.76,62,0.14,0,0,28.96,59,2.44,71,40,2.3,5.55,18,51,-8,53.95,3.25,0.18,0.18,23.55,87,4.04,5.55,0.41,0.41,0,0,0.54,0.95,0.14,0,0,0,0.14,31,57,12,27,49,24,20.23,15.83,0.91,106,-4.39,18.4,16.83
Kai Yearn,Chesham United FC,334,Right Centre Forward,Centre Attacking Midfielder,England,21,180,0.54,0.54,0.42,0.22,1.89,29,86,2,,0.93,0,0.14,1.62,0,0.09,0.81,0,0.05,0.81,0.54,0.56,3.5,-0.02,0,0,0,,1.08,0,0.81,1.35,0.54,0.4,0.54,0.52,12.93,3.77,0,4.31,59.72,3.77,6.46,0.54,1.08,50,0.67,1.07,0.27,0,0.54,14,0.54,0,12.12,11.81,3.77,4.31,1.35,61.39,9.16,76,3.77,88,0,0,0,27.74,72,1.35,13,42,0.54,3.23,22,73,1,66.8,2.15,0.71,0.84,21.55,96,3.68,11.04,1.89,0.81,1.08,0.27,5.66,6.46,0,14,0.54,33,1.35,15,68,16,17,63,20,16.63,11.81,0.9,103,-4.82,14.96,12.11
Kai Yearn,Maidenhead United,352,Centre Attacking Midfielder,Left Defensive Midfielder,England,21,180,0,0,0.12,0.06,2.04,0,25,3,,0.06,0,0.08,2.3,0,0.05,1.53,0,0.03,0.77,0,0.2,4.34,-0.2,0.77,0,0.77,0,0.77,0,0.51,1.53,0,0,2.3,1.79,20.94,9.45,0.02,5.87,49.55,7.41,13.54,1.28,1.28,71,1.02,1.02,1.79,33,0.51,46,1.53,0,17.88,16.43,4.85,5.11,1.79,52.85,10.73,60,4.85,95,0.26,0,0,35.25,67,4.34,12,45,3.06,8.94,14,68,1,63.24,5.87,0.16,0.28,28.86,92,5.82,12.77,3.58,0.77,2.81,0.26,2.55,3.32,0,14,0.51,25,0.26,23,67,10,26,66,8,21.9,16.54,0.91,106,-5.37,19.83,17.58
Kaine Felix,Peterborough Sports FC,939,Right Wing Back,Right Wing,England,31,178,0,0,0.09,0.1,0.86,0,22,2,,0.07,0.29,0.2,1.05,0.29,0.2,1.05,0,0,0,0.29,0.29,1.92,0,1.44,0.67,0.77,47,1.25,0,1.63,2.2,0.29,0.44,0.48,0.44,17.35,6.61,0.01,6.04,50.33,4.7,8.15,2.11,2.4,69,2.48,2.91,1.53,10,0.96,44,1.15,0,13.71,14.72,4.41,4.31,1.82,50.93,7.09,52,3.26,76,0.1,0,0,25.3,58,1.63,12,46,0.96,3.07,21,48,-10,62.85,3.07,0.4,0.56,23.1,88,9.14,8.63,1.73,0.96,0.77,0.77,3.26,4.22,0.1,17,0.58,14,1.05,27,57,16,20,57,23,19.53,14.18,0.92,99,-5.36,17.93,14.03
Kallum Griffiths,Darlington,495,Right Back,Right Defensive Midfielder,England,36,175,0,0,0.04,0.04,1.09,0,50,1,,0.01,0,0.11,1.09,0,0.1,0.91,0,0,0.18,0,0.14,2.18,-0.14,0.18,0.18,0,100,0.36,0,0.18,0.55,0.36,0.33,5.09,4.59,14.9,6.18,0.02,6.54,33.71,3.45,10.36,2.36,2.73,93,2.3,2.63,0.73,67,0.18,37,1.27,0,11.81,11.7,4.72,3.45,1.09,37.09,3.09,26,2,58,0,0,0,27.8,62,4,13,46,6.18,7.63,15,68,5,52.46,5.81,0.45,0.53,18.35,99,3.9,7.09,2.36,1.09,1.27,0.18,0.18,1.27,0,0,0,0,0.36,40,53,8,38,56,5,25.04,21.85,0.88,86,-3.18,22.01,18.89
Kamran Kandola,Kidderminster Harriers,1810,Right Defensive Midfielder,Left Defensive Midfielder,England,22,184,0.05,0.05,0.05,0.09,0.6,8,42,0,,0.08,0.05,0.03,0.35,0.05,0.03,0.35,0,0,0,0.1,0.08,0.95,0.02,0.5,0.5,0,100,1.09,0,0.8,0.5,1.79,1.88,4.87,5.71,20.19,9.25,0.03,8.46,38.78,7.51,16.76,2.49,4.28,79,2.73,4.61,1.94,28,0.65,58,3.38,0,15.82,17.2,5.92,5.37,2.19,42.78,6.57,42,3.48,65,0.25,0,0,34.17,63,2.29,26,37,5.82,5.32,20,61,-2,48.7,3.38,0.29,0.32,18.55,96,4.08,6.27,0.4,0.3,0.1,0.15,1.29,1.59,0,13,0.15,43,0.35,36,57,7,27,70,3,22.34,18.93,0.9,92,-3.41,20.21,17.37
Kane Crichlow,Chelmsford City,399,Left Wing,Right Wing,Bermuda,25,161,0.45,0.45,0.21,0.16,1.35,33,67,3,,0.22,0,0.02,0.23,0,0.02,0.23,0,0,0,0.45,0.23,1.58,0.22,1.58,1.13,0.45,71,0.9,0,3.61,3.84,0.68,0.99,0.9,0.88,18.5,7.9,0.03,6.32,46.4,2.93,9.03,1.35,2.03,60,1.44,2.43,0.45,33,0.9,38,1.35,0,16.7,18.44,4.96,3.61,0.9,49.51,8.12,49,2.93,81,0,0,0,20.31,70,1.13,22,71,1.13,1.35,33,71,1,56.16,0.45,0.39,0.54,20.08,75,6.47,4.74,0.68,0.68,0,0.68,4.06,4.74,0,33,0.68,60,0.45,18,67,15,10,76,14,16.85,13.76,0.98,108,-3.09,16.5,14.92
Kane Ferdinand,Maidenhead United,1336,Centre Defensive Midfielder,Right Defensive Midfielder,Republic of Ireland,33,185,0,0,0.02,0.07,0.34,0,20,0,,0.05,0,0.01,0.27,0,0.01,0.27,0,0,0,0,0.04,0.61,-0.04,0.34,0.13,0.2,40,1.08,0,0.61,0.74,1.82,1.83,2.22,2.45,19.6,9.5,0.02,7.95,39.54,6.06,12.66,1.82,3.64,55,1.9,3.73,0.88,13,1.48,48,2.09,0,16.91,18.16,6.06,5.39,1.82,41.87,5.52,33,2.56,48,0.07,0,0,30.18,78,1.15,16,50,2.36,2.16,16,74,-4,51.89,2.9,0.29,0.31,19,96,3.38,6.87,0.27,0.27,0,0.07,1.21,1.48,0,0,0,0,0.07,27,66,7,30,65,5,17.23,14.87,0.98,100,-2.36,16.83,14.9
Karl Oliyide,Chesham United FC,1162,Centre Forward,Left Centre Forward,England,31,185,0.39,0.39,0.56,0.24,2.32,17,53,4,0,0.55,0,0.07,0.85,0,0.07,0.85,0,0,0,0.39,0.63,3.17,-0.24,0.62,0.54,0.08,88,1.24,0.08,1.63,2.79,0.08,0.06,0.54,0.57,13.55,3.1,0.02,3.48,65.73,3.72,4.65,1.01,1.08,81,1.01,1.07,1.01,40,0.23,33,2.63,0,11.54,12.44,2.86,3.25,0.93,69.21,9.45,82,2.71,83,0.08,0,0,18.35,73,0.23,19,60,0.62,0.31,31,64,-9,62.66,1.16,0.54,0.82,18.43,86,5.24,6.19,0.31,0.31,0,0.15,5.34,5.65,0,25,0.08,33,0.54,13,61,26,13,56,31,13.79,11.94,1.02,96,-1.85,14.05,11.42
Kayden Harrack,Dagenham & Redbridge,2184,Right Centre Back,Right Defensive Midfielder,Grenada,22,185,0.16,0.16,0.09,0.11,0.78,21,32,1,,0.11,0,0.04,0.62,0,0.04,0.58,0,0,0.04,0.16,0.12,1.4,0.04,0.29,0.12,0.16,43,0.58,0,0.62,0.95,0.62,0.5,2.43,2.07,16.65,7.42,0.04,4.82,36.46,3.42,12.12,1.44,2.06,69,1.33,1.83,1.57,50,0.66,54,2.18,0,13.64,11.17,3.54,3.79,0.74,41.37,4.95,36,2.1,55,0.21,0,0,31.2,61,3.87,13,44,3.79,7.5,19,53,-8,43.21,3.42,0.23,0.29,21.72,95,5.67,4.66,0.87,0.58,0.29,0.04,1.36,1.94,0.08,24,0.21,18,0.16,39,57,4,43,51,5,26.37,23.08,0.89,99,-3.29,23.57,22.83
Keenan Quansah,Hereford FC,1282,Right Centre Back,Right Back,England,29,193,0,0,0.05,0.25,0.21,0,33,0,,0.06,0.07,0.09,0.35,0.07,0.09,0.35,0,0,0,0.07,0.14,0.56,-0.07,0.42,0.35,0.07,83,0.63,0,0.14,0.21,0.84,0.64,4.49,4.53,12.71,4.99,0.06,6.74,26.35,1.83,13.55,2.11,2.95,75,1.75,2.39,0.42,36,0.7,61,2.67,0,10.18,9.4,4.35,2.67,1.12,30.38,1.76,17,1.05,39,0,0,0,31.17,71,2.11,19,34,5.62,5.13,16,57,-13,39.26,3.02,0.35,0.4,20.43,99,6.94,3.72,0.14,0.14,0,0.14,0.91,1.05,0,50,0.07,17,0.35,43,50,7,45,42,13,23.25,22.66,0.85,78,-0.59,19.68,17.69
Keiran Evans,Merthyr Town FC,1237,Right Centre Midfielder,Right Midfielder,Wales,27,170,0.22,0.22,0.11,0.08,1.31,17,56,1,,0.14,0.07,0.16,1.53,0.07,0.14,1.38,0,0.01,0.15,0.29,0.26,2.84,0.03,3.64,2.04,1.6,56,1.53,0,2.47,2.91,0.15,0.14,0.87,1.03,12.59,5.46,0.01,4.95,38.64,2.98,8.8,1.46,1.6,57,1.93,2.08,0.22,33,1.09,33,0.36,0,10.91,14.21,3.71,3.78,1.09,40.9,3.49,32,1.67,44,0,0,0,47.36,81,2.62,80,57,1.31,4.15,20,85,4,50.97,4.58,0.5,0.64,48.45,94,6.42,11.42,1.38,1.16,0.22,0.15,1.16,2.33,0.29,0,0,0,0.51,20,64,16,27,57,15,18.78,16.38,0.95,98,-2.4,17.84,16.06
Kenny Coker,Dover Athletic,918,Centre Forward,Left Wing,England,22,185,0.29,0.29,0.19,0.12,1.57,19,38,4,,0.24,0.1,0.13,0.59,0.1,0.13,0.59,0,0,0,0.39,0.31,2.16,0.08,1.08,0.39,0.69,36,0.78,0,2.65,3.73,0.2,0.15,0.78,0.58,20.69,7.35,0.02,3.92,63.11,3.33,4.71,0.78,0.98,67,0.58,0.73,2.16,20,0.39,44,4.51,0,17.85,13.02,3.73,5.29,1.27,64.88,14.12,79,4.31,81,0,0,0,16.57,47,0.1,19,8,1.08,0.88,41,48,1,64.74,1.86,0.25,0.36,13.14,68,6.26,4.9,0.49,0.49,0,0.29,4.41,4.9,0,20,0.1,33,0.69,32,53,15,26,52,22,15.58,14.84,0.91,96,-0.74,14.16,14.3
Kevin Joshua,Peterborough Sports FC,497,Centre Back,Left Centre Back,Republic of Ireland,24,198,0,0,0.02,0.06,0.36,0,0,0,,0,0,0.01,0.36,0,0.01,0.36,0,0,0,0,0.03,0.72,-0.03,0.18,0.18,0,100,0.54,0,0.18,0.18,1.09,1.27,7.42,10.67,9.23,4.7,0.08,5.97,25.39,1.27,13.21,1.45,2.53,73,1.66,2.93,0.54,40,0.54,70,3.44,0.18,7.24,9.56,3.62,1.99,1.09,27.83,0.54,8,0.36,18,0.18,0,0,33.29,70,3.26,64,53,9.23,4.34,22,54,-16,36.81,1.81,0.15,0.17,22.62,99,4.6,2.53,0.18,0.18,0,0.18,1.81,1.99,0,0,0,0,0.54,38,59,3,43,57,0,23.79,25.23,0.96,91,1.44,22.86,22.97
Kevin Roberts,Chester,1512,Right Back,Right Centre Back,England,36,188,0.12,0.12,0.09,0.19,0.48,25,25,0,,0.11,0.06,0.06,0.65,0.06,0.06,0.6,0,0,0.06,0.18,0.15,1.13,0.03,0.48,0.24,0.24,50,0.89,0,1.01,0.71,1.19,1.07,3.45,3.25,13.93,7.92,0.07,4.7,30.4,4.11,12.8,2.5,3.69,67,1.81,2.87,0.83,43,1.25,62,1.91,0,10.6,8.42,3.45,2.68,0.77,34.59,2.68,25,1.31,49,0.48,0,0.06,34.83,72,2.74,11,39,3.87,6.55,11,63,-9,49.96,3.87,0.37,0.43,25.66,94,4.13,7.56,0.89,0.71,0.18,0.3,1.07,1.79,0.06,40,0.48,36,0.3,35,56,9,31,53,17,22.6,17.82,0.87,92,-4.78,19.58,16.46
Keziah Martin,Buxton,579,Centre Attacking Midfielder,Left Back,Bermuda,26,179,0,0,0.06,0.08,0.78,0,60,1,,0.07,0.16,0.16,1.24,0,0.13,0.93,0.16,0.03,0.31,0.16,0.22,2.02,-0.06,0.62,0.47,0.16,75,1.4,0,1.56,1.24,0.16,0.26,1.71,2.18,13.22,6.38,0.03,4.2,40.86,2.33,5.91,0.78,0.93,83,1.12,1.38,0,0,0.16,63,0.78,0,12.44,13.25,3.58,2.96,0.78,44.72,5.44,44,1.71,58,0,0,0,30.18,78,1.87,71,40,1.87,4.51,16,64,-14,55.55,3.42,0.18,0.27,25.82,94,4.88,9.96,0.93,0.47,0.47,0,1.56,2.02,0,67,0.62,57,0.31,26,60,14,23,66,11,21.36,19.14,0.88,99,-2.22,18.86,18.94
Keziah Martin,Hereford FC,488,Right Centre Midfielder,Right Midfielder,Bermuda,26,179,0.18,0.18,0.1,0.08,1.29,14,43,2,,0.19,0,0.28,1.84,0,0.13,0.92,0,0.15,0.92,0.18,0.38,3.13,-0.19,1.66,1.29,0.37,78,1.29,0,3.87,1.47,0.55,0.52,0.74,0.78,16.03,6.82,0,3.69,47.11,4.98,7.19,2.03,2.58,85,1.94,2.46,1.29,0,0.37,25,0.74,0,12.71,11.52,2.95,3.13,0.92,49.66,6.82,54,2.58,82,0.37,0,0,29.12,68,4.24,84,56,0.92,7.37,14,81,14,58.72,6.82,0.64,0.74,26.54,90,5.73,10.32,3.13,1.11,2.03,0,1.84,2.95,0,18,0.55,25,0,27,58,15,36,54,11,23.37,15.92,0.94,103,-7.44,21.92,16.37
Khaleel Rafiq Salah-Edine,Dagenham & Redbridge,439,Right Centre Midfielder,Left Defensive Midfielder,Morocco,23,177,0.21,0.21,0.15,0.09,1.64,13,25,2,,0.2,0.21,0.04,1.03,0.21,0.04,1.03,0,0,0,0.41,0.19,2.67,0.22,2.05,1.44,0.62,70,0.82,0,1.44,2.05,0.21,0.23,1.44,0.95,15.39,6.36,0,2.26,47.18,6.98,10.67,0.41,0.62,22,0.48,0.71,0.62,13,1.44,38,1.03,0.21,14.36,10.38,2.05,4.92,0.62,50.48,8.41,59,4.31,88,0.21,0,0,32.01,85,2.26,22,69,1.85,2.87,24,80,-5,54.61,5.33,0.39,0.48,30.57,91,5.71,9.44,1.03,1.03,0,0,1.03,2.05,0,0,0.21,50,0.21,18,67,15,22,65,13,20.06,17.47,0.99,107,-2.59,19.91,18.66
Kian Ronan,Chelmsford City,1597,Right Back,Right Wing Back,Gibraltar,25,176,0,0,0.06,0.26,0.23,0,75,0,,0.03,0.06,0.06,0.56,0.06,0.05,0.45,0,0.01,0.11,0.06,0.12,0.79,-0.06,0.23,0.11,0.11,50,0.51,0,0.39,0.79,1.58,1.62,3.38,3.27,14.15,6.03,0.06,4.62,34.5,4.34,12.96,1.41,2.99,66,1.33,2.95,1.01,37,0.73,59,1.63,0,11.72,10.63,3.27,2.71,0.73,39.07,4,34,1.92,71,0.11,0,0,35.79,64,3.83,17,42,4.23,8.34,11,45,-19,54.38,5.3,0.37,0.41,23.34,97,4.39,8.85,1.18,0.85,0.34,0.11,0.79,1.63,0,24,0.39,18,0.23,41,50,9,39,46,14,22.66,16.74,0.88,98,-5.92,19.98,16.47
Kian Scales,Radcliffe,969,Right Back,Right Defensive Midfielder,England,24,181,0.09,0.09,0.03,0.05,0.74,13,25,1,,0.05,0,0.06,0.65,0,0.06,0.65,0,0,0,0.09,0.09,1.39,0,0.74,0.37,0.37,50,0.93,0,0.93,0.93,0.93,0.8,2.04,1.92,15.42,7.15,0.03,5.67,36.55,4.83,11.43,1.76,2.69,73,1.67,2.47,0.74,40,0.65,11,0.09,0.09,12.91,12.15,3.9,3.81,1.02,40.77,4.64,36,2.6,68,0.19,0,0,39.29,70,3.34,20,40,3.16,7.15,17,68,-2,53.52,6.22,0.26,0.36,32.32,97,6.29,11.05,1.3,1.11,0.19,0.09,0.56,1.67,0,0,0,0,0.19,33,57,10,28,65,8,23.9,23.59,0.88,90,-0.31,20.99,21.33
Kien Connolly,Dagenham & Redbridge,398,Centre Forward,Right Centre Forward,England,20,190,0,0,0.31,0.23,1.36,0,67,3,,0.44,0.45,0.39,1.58,0.45,0.39,1.58,0,0,0,0.45,0.7,2.94,-0.25,0.9,0.45,0.45,50,0.68,0,2.03,3.39,0.9,1.17,0.68,0.75,14.69,4.97,0,4.52,61.33,1.81,3.84,0.68,1.58,60,0.95,2.12,1.13,0,0.45,36,2.71,0,12.88,13.4,3.84,4.29,2.26,64.81,10.4,81,3.62,84,0,0,0,19.44,73,0.9,22,80,0.9,0.9,41,77,4,63.41,1.58,0.63,1.02,17.4,87,4.74,8.36,0,0,0,0.45,5.42,5.42,0.23,,0,0,0.68,15,66,19,16,65,19,17.08,15.86,0.97,98,-1.22,16.57,15.48
Kieran Burton,Buxton,2708,Left Centre Back,Left Back,England,22,188,0.1,0.1,0.08,0.15,0.53,19,44,0,,0.15,0.03,0.03,0.27,0.03,0.03,0.27,0,0,0,0.13,0.11,0.8,0.02,0.37,0.37,0,100,1.4,0,0.83,0.73,0.8,0.95,4.59,5.37,11.1,5.38,0.04,4.32,25.01,2.59,11.56,1.86,2.66,81,2,2.96,1.03,56,0.43,64,3.36,0,8.21,9.15,2.56,1.76,0.43,28.3,0.93,11,0.4,23,0.23,0,0.03,37.45,75,3.12,81,44,5.15,6.55,12,53,-22,39.92,2.69,0.34,0.4,28.68,97,5.75,4.05,0.33,0.3,0.03,0.03,1.3,1.6,0.03,20,0.07,29,0.07,32,59,9,33,55,12,23.64,18.73,0.88,99,-4.91,20.85,18.49
Kieran Coates,Fylde,624,Right Back,Right Midfielder,England,24,170,0,0,0.01,0.03,0.29,0,50,0,,0,0,0.03,0.43,0,0.02,0.29,0,0.02,0.14,0,0.04,0.72,-0.04,1.01,0.29,0.72,29,1.01,0,1.3,2.31,1.3,1.85,3.75,5.3,13.99,5.05,0.06,5.62,32.19,4.47,10.96,1.3,2.6,64,1.72,3.57,0.43,38,0.72,50,1.44,0.14,12.26,16.97,3.75,3.32,1.15,37.96,3.32,27,2.02,61,0.14,0,0,32.58,69,3.32,9,48,3.89,6.78,13,72,3,52.3,4.18,0.29,0.29,25.95,91,4.92,8.36,1.01,0.29,0.72,0,0.58,0.87,0,43,0.58,24,0,34,50,16,19,50,31,21.17,14.54,0.9,99,-6.63,19.13,14.41
Kieran Parselle,Bath City,2745,Left Centre Back,Left Back,England,29,183,0.07,0.07,0.1,0.09,1.05,6,22,0,,0.07,0,0.02,0.26,0,0.02,0.26,0,0,0,0.07,0.12,1.31,-0.06,0.07,0.07,0,100,0.56,0,0.2,0.2,0.75,0.53,7.41,5.22,9.94,4.66,0.07,5.34,25.22,2.62,13.84,0.98,1.74,65,0.67,1.21,0.49,38,0.52,70,4.07,0,8.53,5.82,3.21,1.61,0.75,30.69,1.41,17,0.75,47,0.03,0,0.03,26.23,52,2.98,74,30,9.18,8.13,19,43,-9,40.27,3.05,0.2,0.28,13.94,97,5.92,3.12,0.43,0.39,0.03,0.07,2.2,2.59,0,23,0.16,24,0.13,51,44,5,53,41,6,29.43,26.16,0.82,94,-3.27,24.26,24.7
Kieran Wallace,Alfreton Town,492,Left Defensive Midfielder,Left Centre Midfielder,England,31,186,0.18,0.18,0.11,0.1,1.1,17,17,1,,0.03,0,0.21,1.65,0,0.02,0.18,0,0.19,1.46,0.18,0.32,2.75,-0.14,0.92,0.92,0,100,0.18,0,0.55,0.18,0.37,0.27,3.29,1.91,21.96,8.97,0.09,5.12,42.81,10.07,14.82,2.38,2.75,81,1.83,2.11,1.28,71,0.55,55,2.93,0,18.3,13.18,3.66,6.22,1.46,47.31,9.52,52,4.94,79,0.18,0,0,23.42,62,4.76,83,53,4.76,7.5,27,52,-10,59.62,3.66,0.14,0.21,12.63,97,5.14,6.41,3.11,0.73,2.38,0.18,1.83,2.56,0.18,0,0,0,0.37,29,65,6,26,71,3,25.7,20.22,0.96,114,-5.48,24.57,23.13
Kieran Weledji,Scarborough Athletic,2853,Right Back,Right Centre Back,Scotland,30,188,0.16,0.16,0.11,0.19,0.57,28,44,0,,0.15,0.09,0.06,0.38,0.09,0.06,0.38,0,0,0,0.25,0.17,0.95,0.08,0.32,0.09,0.22,30,0.6,0,0.57,0.73,0.82,0.72,4.07,4.13,12.3,5.02,0.05,5.39,30.5,2.74,9.62,1.67,2.49,87,1.49,2.2,0.95,68,0.25,51,2.46,0.03,9.78,8.72,3.69,1.8,0.44,35.01,2.37,24,1.1,61,0.32,0.03,0,29.05,66,1.92,11,37,4.73,4.51,15,58,-7,44.9,3.15,0.33,0.4,18.93,96,5.15,5.43,0.22,0.16,0.06,0.22,2.49,2.65,0.06,14,0.03,7,0.38,41,52,8,34,52,14,21.41,17.99,0.89,103,-3.42,19.05,18.5
Kieran Wilson,Torquay United,576,Left Wing,Right Wing,Scotland,19,198,0.31,0.16,0.13,0.07,1.87,8,42,4,100,0.06,0,0.07,0.78,0,0.07,0.78,0,0,0,0.16,0.2,2.65,-0.04,2.65,2.03,0.62,76,0.62,0.16,0.94,2.5,0.31,0.41,0.94,1.01,16.08,5.47,0.01,4.84,52.34,2.03,4.53,0.62,0.94,80,0.86,1.27,1.09,50,0.16,30,0.94,0,14.68,18.33,4.53,3.9,1.09,55.84,9.21,63,3.12,80,0,0,0,23.11,70,0.62,11,80,0.94,0.78,22,73,2,66.07,2.19,0.28,0.4,23.27,91,7.49,9.68,0.62,0.62,0,0.47,3.59,4.22,0,25,0.31,20,0.62,12,57,30,2,60,39,14.65,12.71,0.96,109,-1.94,14.13,13.85
Kiki Oshilaja,Slough Town FC,2507,Right Centre Back,Right Back,England,26,,0.14,0.14,0.06,0.13,0.47,31,54,0,,0.12,0,0.02,0.25,0,0.02,0.25,0,0,0,0.14,0.09,0.72,0.06,0.36,0.25,0.11,70,1.62,0,0.32,0.43,1.26,0.85,5.89,5.07,15.83,6.93,0.06,7.86,26.37,3.12,17.59,2.59,3.84,89,2.09,2.94,1.26,71,0.32,65,4.06,0.07,11.99,9.16,4.81,2.48,0.86,30.54,2.08,17,0.86,35,0.32,0,0,31.88,70,3.09,15,42,7.11,6.14,19,58,-11,39.49,3.27,0.31,0.35,21.18,97,5.67,3.7,0.11,0.11,0,0.14,1.62,1.72,0.04,0,0.04,20,0.32,39,55,6,42,52,6,25.34,23.62,0.89,87,-1.72,22.61,20.62
Kurt Willoughby,Kidderminster Harriers,1147,Left Wing,Centre Forward,England,28,178,0.16,0.16,0.29,0.11,2.59,6,24,5,,0.09,0,0.06,0.78,0,0.06,0.78,0,0,0,0.16,0.35,3.37,-0.19,0.47,0.16,0.31,33,0.86,0,1.88,1.18,0.16,0.16,0.55,0.72,16.48,5.65,0,5.41,65.16,3.84,5.26,0.63,0.78,44,0.68,0.84,0.63,18,0.78,19,0.86,0,15.3,17.26,4.47,4.63,1.41,67.47,12.4,81,4.08,88,0.08,0,0,17.81,64,0.71,16,30,0.94,1.96,32,69,5,65.85,1.26,0.32,0.53,14.98,91,4.36,6.67,0.71,0.47,0.24,0.55,5.88,6.35,0,11,0.24,15,1.1,13,65,21,13,59,28,18.01,14.54,0.87,108,-3.48,15.61,15.63
Kwaku Frimpong,Worthing FC,394,Centre Attacking Midfielder,Left Centre Midfielder,England,23,183,0,0,0.03,0.04,0.91,0,0,1,,0,0.46,0.49,1.6,0.46,0.49,1.6,0,0,0,0.46,0.53,2.51,-0.07,1.14,0.46,0.69,40,1.6,0,1.83,2.51,1.14,1.92,0.23,0.39,27.42,10.51,0.03,8.45,47.47,4.57,10.97,3.2,4.34,93,4.82,6.74,2.74,50,0.23,38,1.37,0.23,21.48,30.93,7.08,6.63,2.06,48.14,11.2,52,5.94,90,1.14,0,0,30.85,73,2.51,18,79,0.46,2.97,27,70,-2,55.22,2.97,0.6,0.86,24.45,89,4.5,9.83,0.91,0.91,0,1.37,3.2,4.11,0,50,0.46,40,1.37,17,71,12,16,70,14,18.29,15.09,1.06,91,-3.21,19.3,13.78
Kwesi Appiah,Ebbsfleet United,1240,Right Centre Forward,Left Centre Forward,Ghana,35,180,0.36,0.36,0.37,0.17,2.25,16,42,3,,0.42,0,0.1,0.73,0,0.1,0.73,0,0,0,0.36,0.47,2.98,-0.11,0.44,0.29,0.15,67,1.6,0,2.11,2.32,0.29,0.39,1.16,1.54,17.64,6.17,0.01,5.15,60.77,3.99,6.1,1.31,1.6,75,1.75,2.15,1.67,45,0.44,39,2.18,0,14.74,18.4,4.57,3.92,1.45,64.58,10.82,73,3.05,78,0.15,0,0,27.8,73,0.65,18,47,1.38,1.16,27,65,-8,64.09,0.94,0.5,0.72,22.43,87,4.56,10.16,0.44,0.44,0,0.73,7.19,7.62,0.15,0,0.15,20,1.31,11,66,23,7,69,24,14.85,13.59,0.94,106,-1.27,13.97,14.38
Kyle Ajayi,Hemel Hempstead Town,2852,Left Centre Back,Left Back,England,25,184,0.06,0.06,0.07,0.09,0.76,8,29,0,,0.03,0.09,0.03,0.28,0.09,0.03,0.28,0,0,0,0.16,0.09,1.04,0.06,0.32,0.25,0.06,80,0.95,0,0.44,0.41,1.01,0.86,7.16,6.46,6.97,3.31,0.1,4.26,23.65,2.4,15.59,0.88,1.89,78,0.85,1.71,1.01,47,0.25,65,3.28,0.06,5.14,4.75,2.3,1.26,0.63,30.95,0.79,15,0.57,45,0.19,0,0.03,29.76,58,4.17,76,38,8.68,9.37,19,54,-4,36.28,2.84,0.19,0.26,18.36,98,5.42,3.38,0.28,0.28,0,0.16,2.24,2.52,0.03,11,0.03,17,0.32,50,47,3,55,40,5,32.25,26.92,0.84,82,-5.33,27.23,21.95
Kyle Howkins,Hereford FC,1812,Right Centre Back,Left Centre Back,England,30,196,0.05,0.05,0.06,0.1,0.6,8,17,0,,0.01,0.05,0.01,0.15,0.05,0.01,0.15,0,0,0,0.1,0.07,0.75,0.03,0.3,0.1,0.2,33,0.7,0,0.25,0.45,0.79,0.72,6.51,7.1,6.86,3.48,0.1,4.12,23,1.89,13.56,0.89,1.69,82,0.91,1.62,0.79,43,0.2,71,4.32,0.1,5.37,5.13,2.63,0.94,0.6,27.79,0.5,9,0.15,16,0.15,0,0,33.19,78,2.19,11,48,7,4.07,16,66,-13,33.38,1.34,0.4,0.41,21.31,98,5,1.74,0.05,0.05,0,0.1,1.74,1.79,0,0,0.05,100,0.15,29,65,6,34,57,9,21.99,17.94,0.91,100,-4.05,20.08,17.86
Kyle Ray Smith,Tonbridge Angels FC,2040,Right Back,Right Wing Back,England,21,179,0,0,0.01,0.04,0.4,0,11,0,,0.01,0.18,0.08,0.84,0.18,0.06,0.49,0,0.03,0.35,0.18,0.1,1.24,0.08,1.37,0.84,0.53,61,0.57,0,1.01,1.63,1.15,0.66,3.13,1.97,15.26,6.26,0.03,4.98,33.76,4.23,11.91,2.21,3.35,88,1.28,1.94,0.93,58,0.31,60,1.37,0.09,12.13,7.39,3.88,3.13,1.19,38.48,4.06,33,2.25,72,0.26,0,0,26.6,51,3.35,12,32,4.46,9.18,14,42,-9,51.63,3.13,0.17,0.2,21.44,93,6.22,5.69,1.9,0.97,0.93,0.04,0.71,1.68,0.04,53,1.19,29,0.09,40,51,9,33,54,12,26.74,21.71,0.85,93,-5.03,22.6,20.24
Kyran Wiltshire,Hemel Hempstead Town,2279,Right Defensive Midfielder,Left Defensive Midfielder,England,29,178,0.08,0.08,0.02,0.04,0.55,14,57,1,,0.06,0,0.03,0.32,0,0.03,0.32,0,0,0,0.08,0.06,0.87,0.02,0.32,0.2,0.12,63,0.71,0,0.51,1.03,0.83,0.86,2.05,1.77,17.21,8.25,0.03,5.84,40.14,6.71,13.46,1.86,2.68,75,1.49,2.35,1.62,41,0.63,46,1.54,0,13.78,12.79,4.22,4.19,1.34,42.61,4.97,36,2.53,60,0.28,0,0,28.66,64,1.9,6,41,2.68,3.95,20,53,-12,56.46,3.47,0.22,0.25,17.49,94,4.42,7.94,0.55,0.43,0.12,0.08,0.95,1.38,0.04,14,0.08,13,0.24,31,57,12,26,65,9,21.75,19.33,0.92,85,-2.42,20.1,16.41
L.Hallett,AFC Totton,2175,Right Centre Back,Centre Back,England,23,182,0.04,0.04,0.03,0.08,0.33,13,38,0,,0.03,0,0.02,0.25,0,0.02,0.25,0,0,0,0.04,0.05,0.58,-0.01,0.41,0.25,0.17,60,0.7,0,0.21,0.62,1.32,1.5,5.92,5.58,8.52,4.05,0.05,4.8,25.89,1.7,13.28,1.08,2.4,76,1.04,2.54,0.74,62,0.33,75,4.01,0,6.74,6.47,2.77,1.45,0.7,31.13,0.99,15,0.58,40,0.12,0,0,39.64,73,4.43,13,47,6.7,8.57,11,61,-12,37.16,3.1,0.36,0.37,24.45,98,5.26,3.89,0.54,0.5,0.04,0.04,1.2,1.7,0.08,0,0,0,0.08,38,57,5,54,44,2,26.75,21.86,0.89,92,-4.89,23.78,20.13
L.Harding,Horsham FC,1312,Right Back,Right Midfielder,England,29,182,0,0,0.03,0.04,0.75,0,27,1,,0.05,0.07,0.07,0.48,0.07,0.07,0.48,0,0,0,0.07,0.1,1.24,-0.03,1.1,0.27,0.82,25,0.89,0,0.75,1.58,1.99,1.76,4.19,3.71,13.17,5.83,0.04,4.67,30.77,4.32,14.2,1.99,3.98,97,2.13,3.89,1.17,88,0.07,72,3.22,0,10.02,9.17,3.16,3.02,1.03,36.28,2.54,25,1.24,41,0.41,0,0,40.69,61,4.53,10,40,5.63,9.74,15,42,-19,47.81,6.11,0.48,0.51,28.54,95,5.59,7.2,0.75,0.48,0.27,0.07,0.75,1.24,0.07,18,0.14,10,0.07,43,46,10,37,55,8,23.63,20.7,0.89,89,-2.93,21.12,18.43
L.Rodrigues,Horsham FC,1174,Centre Forward,Centre Attacking Midfielder,Brazil,28,,0.23,0.23,0.24,0.15,1.61,14,43,3,,0.19,0.15,0.21,1.15,0.15,0.21,1.15,0,0,0,0.38,0.44,2.76,-0.06,3.91,1.76,2.15,45,2.07,0.15,4.68,5.14,0.23,0.19,0.77,0.48,19.02,5.6,0.01,5.06,59.79,5.44,7.44,1,1.23,87,0.95,1.14,1.92,33,0.15,23,1.07,0,16.1,15.88,4.29,5.52,1.84,62.97,12.04,75,4.98,90,0.08,0,0,15.95,61,0.77,23,53,1.07,1.15,28,51,-10,63.31,2.15,0.43,0.57,21.32,75,6.46,5.44,1.07,1.07,0,0.38,5.37,6.44,0.15,29,0.54,41,0.84,18,67,15,11,77,11,16.99,14.47,1,103,-2.53,17,14.84
L.Rowe,AFC Telford United,367,Right Defensive Midfielder,Left Defensive Midfielder,England,25,,0,0,0.16,0.21,0.74,0,0,2,,0,0,0.01,0.25,0,0.01,0.25,0,0,0,0,0.17,0.98,-0.17,0.25,0,0.25,0,1.72,0,1.23,0.74,0.74,0.79,3.43,2.75,20.11,9.57,0.09,7.11,38.41,7.36,14.72,2.45,3.19,63,2.28,3.06,2.21,45,1.47,52,2.7,0,15.7,14.48,5.64,4.42,2.21,44.92,6.62,42,3.19,72,0.25,0,0,27.96,70,0.74,6,21,4.17,2.7,25,77,6,50.5,1.96,0.25,0.26,16.43,93,3.68,5.89,0,0,0,0.25,1.72,1.72,0,,0,0,0.74,27,61,12,33,63,4,20.29,16.91,0.89,94,-3.38,17.96,15.88
L.Whelan,Marine,1664,Centre Defensive Midfielder,Right Defensive Midfielder,Republic of Ireland,24,,0,0,0.01,0.07,0.11,0,0,0,,0,0.05,0.1,1.08,0,0.07,0.81,0.05,0.03,0.27,0.05,0.11,1.19,-0.05,0.22,0.05,0.16,25,1.46,0,0.32,0.49,1.08,1.02,2.92,2.12,22.13,9.36,0.03,7.79,35.66,8.82,20.12,2.7,3.79,78,2.56,3.57,1.46,50,0.76,63,3.35,0,17.96,14.72,5.52,4.98,1.57,37.46,5.36,30,2.65,53,0.38,0.11,0,34.89,58,3.95,14,37,4.33,9.25,18,55,-3,49.91,4.54,0.31,0.33,17.37,98,3.8,7.14,1.35,0.7,0.65,0.05,0.22,0.92,0.05,20,0.32,32,0.11,36,56,8,35,59,6,24.81,20.4,0.87,89,-4.42,21.64,18.25
Lachlan Byrd,Farnborough,1774,Right Centre Back,Centre Back,Australia,24,193,0.05,0.05,0.12,0.13,0.91,6,33,0,,0.07,0.05,0.03,0.1,0.05,0.03,0.1,0,0,0,0.1,0.15,1.01,-0.05,0.05,0,0.05,0,1.32,0,0.46,0.1,1.01,0.86,5.68,4.95,11.51,5.73,0.07,6.44,23.5,2.49,17.25,1.67,2.69,73,1.66,2.52,0.71,58,0.61,67,4.26,0,9.18,8.21,4.16,2.13,1.01,28.05,1.47,16,0.61,29,0.05,0,0,33.83,67,1.62,17,31,6.09,4.87,18,61,-5,37.39,2.08,0.37,0.47,18.36,99,5.12,3.25,0.15,0.05,0.1,0.3,2.84,2.89,0,33,0.1,50,0.41,42,54,5,28,64,8,22.88,18.56,0.86,94,-4.32,19.61,17.43
Lachlan Byrd,Eastbourne Borough,513,Centre Back,Right Centre Back,Australia,24,193,0,0,0.05,0.1,0.53,0,0,0,,0,0,0.01,0.18,0,0.01,0.18,0,0,0,0,0.06,0.7,-0.06,0,0,0,,0.7,0,0.35,0,0.7,0.95,7.37,9.37,11.58,4.74,0.04,5.61,23.01,1.93,17.02,1.4,2.11,80,2.09,3.04,0.53,60,0.35,67,5.79,0.35,9.65,12.4,3.33,2.46,0.7,26.03,1.05,11,0.53,21,0.18,0,0,43.69,73,4.56,13,52,9.12,7.02,18,63,-10,35.68,3.86,0.35,0.39,27.9,99,4.49,4.74,0.7,0.53,0.18,0.18,1.23,1.75,0,0,0,,0.18,38,57,5,48,48,4,25.2,23.09,0.92,101,-2.11,23.25,23.31
Laiith Fairnie,Eastbourne Borough,1123,Left Centre Back,Left Centre Midfielder,England,21,,0,0,0,0.05,0.08,0,0,0,,0,0,0.06,0.32,0,0.06,0.24,0,0,0.08,0,0.07,0.4,-0.07,0.96,0.8,0.16,83,0.64,0,0.64,0.56,0.88,1.04,4.09,4.2,17.15,8.09,0.08,7.45,26.8,3.21,18.75,2.64,3.53,79,2.6,3.64,1.28,40,0.72,72,4.73,0,13.22,13.41,5.21,3.53,1.44,30.9,2.97,22,1.6,45,0.24,0,0,40.15,62,2.89,87,33,5.29,7.53,17,47,-15,41.09,4.25,0.2,0.23,24.36,97,4.71,4.25,0.32,0.32,0,0.32,1.12,1.44,0,25,0.16,40,0.32,47,49,4,58,42,0,24.73,22.01,0.9,106,-2.72,22.22,23.27
Lamar Reynolds,Enfield Town FC,2248,Left Centre Forward,Right Centre Forward,England,30,177,0.32,0.32,0.33,0.14,2.28,14,35,6,,0.27,0.16,0.08,0.68,0.16,0.08,0.68,0,0,0,0.48,0.41,2.96,0.07,1.68,0.96,0.72,57,0.92,0,1.64,3.24,0.2,0.13,0.68,0.41,12.73,4.48,0.02,3.4,61.13,3,4.2,0.28,0.48,58,0.15,0.28,0.6,29,0.2,23,1.32,0,11.85,7.29,3.16,3.88,1.16,63.79,8.93,75,3.32,86,0,0,0,13.01,60,0.44,16,55,1.04,0.44,34,52,-8,64.97,1.44,0.33,0.56,13.89,82,6.96,4.68,0.6,0.6,0,0.48,5.04,5.65,0.04,13,0.24,32,0.8,20,61,19,19,56,25,15.11,14.82,1.01,108,-0.3,15.23,15.93
La'Sean Sealey,King's Lynn Town FC,639,Centre Forward,Left Centre Forward,England,19,,0,0,0.18,0.14,1.27,0,33,3,,0.03,0,0.07,0.56,0,0.07,0.56,0,0,0,0,0.25,1.83,-0.25,1.55,0.99,0.56,64,1.13,0.14,3.8,2.68,0.28,0.35,0,0,19.17,5.36,0.01,6.2,64.37,2.68,3.24,0.7,0.99,83,0.87,1.23,2.11,0,0.14,27,2.96,0,16.35,18.33,5.64,4.65,1.27,65.14,12.82,78,4.09,88,0.14,0,0,12.4,64,0.14,20,50,0.14,0.14,42,54,-10,70.35,0.56,0.28,0.38,11.27,75,6.12,5.36,0.14,0.14,0,0.56,5.07,5.21,0,0,0.14,20,0.85,16,64,20,8,76,16,12.01,12.38,1.06,114,0.37,12.69,14.17
Latrell Humphrey-Ewers,Oxford City,1775,Left Defensive Midfielder,Right Defensive Midfielder,England,22,166,0,0,0.01,0.04,0.15,0,0,0,,0,0,0.04,0.25,0,0.04,0.25,0,0,0,0,0.05,0.41,-0.05,0.46,0.3,0.15,67,0.51,0,0.81,0.86,0.66,0.83,3.4,2.96,17.24,8.77,0.02,7.15,35.53,5.17,15.21,1.52,2.18,70,1.45,2.28,0.66,19,0.66,46,2.28,0,15.06,14.82,5.17,4.56,1.77,38.16,4.06,27,1.93,42,0.1,0,0,38.8,72,3.04,19,45,4.56,5.53,20,70,-2,46.5,4.06,0.15,0.19,27.44,96,4.44,6.44,0.25,0.25,0,0.05,0.25,0.51,0.15,0,0,0,0.05,34,55,10,48,46,6,21.78,20.09,0.9,96,-1.68,19.62,19.19
Lawson D'Ath,Hereford FC,1117,Right Defensive Midfielder,Left Defensive Midfielder,England,33,175,0.08,0.08,0.07,0.04,1.61,5,30,1,,0.14,0.08,0.11,0.97,0.08,0.11,0.97,0,0,0,0.16,0.17,2.58,-0.01,1.53,1.05,0.48,68,1.29,0,2.26,1.45,1.45,1.58,1.53,1.84,19.89,8.86,0.05,7.17,40.15,7.57,15.54,2.42,3.87,79,2.3,3.88,0.81,38,0.64,50,1.61,0,16.67,17.51,5.24,4.27,1.29,43.56,6.04,36,2.42,57,0.32,0,0,40.51,75,4.27,14,60,2.42,6.2,21,66,-9,50.39,5.15,0.42,0.45,32.86,95,5.47,9.5,0.89,0.72,0.16,0.24,1.21,1.93,0.4,0,0.08,9,0.4,25,62,12,31,61,8,21.12,17.17,0.94,97,-3.94,19.92,16.68
Lee Hodson,AFC Totton,1038,Right Defensive Midfielder,Left Defensive Midfielder,Northern Ireland,34,180,0,0,0.01,0.04,0.26,0,0,0,,0,0,0.03,0.52,0,0.03,0.52,0,0,0,0,0.04,0.78,-0.04,0,0,0,,0.35,0,0.35,0.35,0.95,1.16,1.65,1.87,16.21,7.89,0.01,6.93,36.85,4.33,9.79,1.13,2.08,68,0.75,1.92,1.13,29,0.52,71,2.08,0,13.95,12.81,5.37,3.73,1.73,40.68,4.59,33,1.91,51,0.17,0,0,34.84,78,2.69,11,58,2.08,4.16,15,65,-12,48.76,3.64,0.25,0.27,23.58,97,5.52,7.28,0.52,0.52,0,0,0.17,0.69,0.09,33,0.17,50,0,20,65,14,20,69,11,20.3,16.04,0.95,107,-4.26,19.32,17.11
Lee Paul Lucas,Merthyr Town FC,1602,Left Centre Midfielder,Right Centre Midfielder,Wales,33,175,0.06,0.06,0.07,0.08,0.96,6,12,1,,0.05,0.22,0.15,1.57,0.11,0.11,0.96,0.11,0.04,0.62,0.28,0.22,2.53,0.06,0.73,0.45,0.28,62,1.4,0,1.35,1.52,0.62,0.69,1.35,1.51,13.37,6.01,0.01,4.89,38.3,4.1,9.72,1.12,1.74,63,1.39,2.08,0.56,27,0.67,46,0.62,0,11.69,14.53,3.43,3.82,0.84,40.72,3.82,33,2.02,53,0.11,0,0.06,42.76,80,2.08,14,45,1.74,4.21,19,73,-8,51.98,3.88,0.64,0.75,36.58,96,4.44,9.33,1.24,0.56,0.67,0.11,1.46,2.02,0.34,5,0.06,13,0.28,17,65,18,21,68,11,18.12,15.26,0.93,94,-2.86,16.86,14.39
Lemar Gordon,South Shields,329,Left Midfielder,Right Midfielder,England,20,,0.27,0.27,0.34,0.14,2.46,11,33,5,,0.27,0,0.03,0.55,0,0.03,0.55,0,0,0,0.27,0.37,3.01,-0.09,1.09,0.55,0.55,50,2.46,0,4.65,1.92,0.27,0.38,0.55,0.69,18.61,7.66,0.02,6.29,45.29,3.56,6.84,1.37,1.64,50,2.07,2.45,1.92,17,1.37,0,0,0,15.32,21.34,4.93,3.56,1.64,47.68,7.94,52,2.74,77,0.27,0,0,24.9,79,0.82,31,38,0.82,1.92,28,62,-18,56.88,1.92,0.29,0.47,28.18,88,6.81,7.39,1.64,1.64,0,0,5.2,6.84,0,17,0.27,13,0,16,58,26,26,44,30,16.46,13.39,0.93,93,-3.06,15.38,12.48
Lennon Peake,Ebbsfleet United,1059,Left Wing Back,Left Centre Midfielder,England,23,177,0,0,0.13,0.09,1.44,0,35,2,,0.05,0.25,0.21,2.38,0.17,0.15,1.7,0.08,0.06,0.68,0.25,0.33,3.82,-0.08,1.27,0.59,0.68,47,1.36,0,1.27,1.87,0.51,0.55,1.87,2.18,16.66,6.63,0.01,5.35,44.84,3.82,7.99,2.29,2.8,87,2.43,2.98,1.02,63,0.34,35,0.68,0,13.43,15.55,4.25,3.74,1.02,47.21,5.35,40,2.55,68,0.25,0,0,33.06,64,2.97,85,36,2.8,7.39,15,52,-12,65.76,2.46,0.44,0.6,31.02,92,5.19,10.62,2.97,1.87,1.1,0.34,1.7,3.57,0,51,2.04,43,0.51,21,66,13,20,60,20,21.03,17.67,0.88,105,-3.37,18.45,18.55
Lennon Wheeldon,South Shields,756,Centre Attacking Midfielder,Left Centre Forward,England,20,,0.12,0.12,0.23,0.1,2.38,5,20,4,,0.15,0.12,0.01,0.48,0.12,0.01,0.48,0,0,0,0.24,0.25,2.86,-0.01,1.79,0.48,1.31,27,3.22,0,2.14,3.22,0.36,0.48,0.6,0.87,20.61,8.93,0,6.91,51.91,3.45,7.03,1.55,1.91,62,2.28,2.76,2.14,30,0.95,34,1.19,0,16.91,24.55,5.48,5,1.19,54.02,10.48,62,4.05,81,0.24,0,0,30.13,76,0.95,19,50,0.83,1.67,23,76,0,56.18,2.86,0.28,0.47,30.73,90,5.96,8.34,0.95,0.95,0,0,3.93,4.88,0,25,0.24,22,0.36,20,57,23,20,61,19,17.32,14.96,0.98,105,-2.36,16.92,15.68
Leo Hamblin,Maidstone United,2705,Left Back,Left Centre Back,England,23,182,0.03,0.03,0.04,0.07,0.5,7,20,0,,0.06,0.07,0.07,0.77,0.07,0.07,0.7,0,0.01,0.07,0.1,0.11,1.26,-0.01,0.67,0.5,0.17,75,1.36,0,0.5,0.83,1.26,1.29,4.66,4.14,13.21,6.42,0.03,5.92,28.79,3.39,13.91,1.96,3.23,84,1.77,3.06,0.86,61,0.37,56,2.23,0.03,10.45,9.44,4.13,2.16,0.86,32.27,2.3,22,1.26,58,0.03,0,0,34.17,59,4.06,77,35,5.89,10.45,11,41,-18,51.13,5.59,0.36,0.45,24.58,96,5.69,7.32,1,0.83,0.17,0.13,1.13,1.96,0.07,47,0.57,28,0.23,50,42,9,45,43,12,26.37,24.82,0.84,87,-1.55,22.24,21.59
Leon Lobjoit,Bedford Town,416,Centre Attacking Midfielder,Centre Defensive Midfielder,England,31,188,0,0,0.22,0.09,2.38,0,36,5,,0.25,0,0.02,0.22,0,0.02,0.22,0,0,0,0,0.24,2.6,-0.24,0.87,0.22,0.65,25,0.87,0,0.65,2.6,0.22,0.13,0.43,0.18,25.97,12.33,0.02,5.63,53.76,4.33,6.06,1.08,1.3,71,0.65,0.78,2.6,33,0.43,42,1.73,0,22.29,9.33,4.54,6.06,1.51,56.33,14.5,65,5.19,86,0,0,0,16.66,57,0.65,61,30,1.08,1.51,35,61,4,61.18,1.3,0.36,0.42,14.07,85,4.57,5.19,0.65,0.65,0,0.22,3.68,4.33,0.22,33,0.22,50,0.22,33,53,14,29,63,8,17.31,15.77,0.99,100,-1.55,17.15,15.71
Leone Gravata,Horsham FC,2650,Right Back,Right Wing,England,25,,0.03,0.03,0.08,0.23,0.37,9,27,1,,0.05,0.1,0.07,0.58,0.1,0.07,0.58,0,0,0,0.14,0.16,0.95,-0.02,1.02,0.58,0.44,57,1.22,0.07,1.43,1.46,0.92,0.8,1.83,1.83,25.64,13.18,0.04,9.1,37.03,3.46,10.09,3.23,4.14,72,3.16,3.96,1.15,52,1.26,32,0.78,0,21.33,19.69,7.17,3.7,1.26,39.4,6.86,32,2.41,65,0.14,0,0,32.77,72,2.89,13,50,2.65,4.96,14,64,-9,47.96,4.86,0.38,0.45,27.71,94,5.94,7.71,0.85,0.78,0.07,0.17,1.12,1.9,0.1,36,0.51,32,0.24,31,56,13,37,54,9,21.72,18.74,0.92,104,-2.98,20.01,19.53
Lewis Bell,Marine,549,Right Wing,Right Midfielder,England,20,,0.33,0.33,0.29,0.22,1.31,25,75,3,,0.46,0,0.19,0.98,0,0.19,0.98,0,0,0,0.33,0.48,2.29,-0.16,0.82,0.49,0.33,60,0.66,0,1.47,3.11,1.31,1.02,0.82,0.47,20.97,9.17,0.02,5.73,48.56,3.77,8.19,2.62,3.93,73,2.58,3.61,1.64,33,0.98,25,0.82,0,16.71,15.37,4.1,3.77,1.15,51.99,9.17,55,3.44,91,0.16,0,0,22.61,50,1.8,20,52,1.47,2.78,22,45,-4,61.54,2.13,0.25,0.55,18.35,88,6.98,6.72,1.31,1.31,0,0.49,3.77,5.08,0,13,0.49,25,0.98,30,57,13,27,56,17,19.49,18.46,0.99,97,-1.04,19.32,17.89
Lewis Colwell,Chippenham Town,2012,Right Back,Right Wing Back,England,20,162,0,0,0.01,0.04,0.18,0,25,0,,0,0.13,0.05,0.49,0.13,0.05,0.49,0,0,0,0.13,0.06,0.67,0.07,0.89,0.54,0.36,60,0.67,0,1.07,0.89,0.72,0.77,3.13,3.43,13.87,6.49,0.03,4.92,29.96,3.53,10.2,1.92,2.64,67,2.27,3.04,0.49,41,0.94,51,1.61,0,11.45,13.47,3.31,2.73,0.58,33.63,3.13,27,1.39,51,0.04,0,0,34.94,75,1.92,18,38,3.85,4.34,13,63,-12,51.24,2.95,0.26,0.33,26.85,95,5.02,8.05,0.67,0.67,0,0.22,0.81,1.48,0,47,0.49,30,0.18,22,56,22,16,54,30,20.21,20.42,0.9,94,0.21,18.17,19.22
Lewis Coyle,Bedford Town,659,Centre Attacking Midfielder,Left Back,England,31,,0,0,0.06,0.08,0.68,0,20,2,,0.05,0,0.06,1.09,0,0.03,0.82,0,0.03,0.27,0,0.12,1.78,-0.12,0.55,0.27,0.27,50,0.82,0,0.55,0.55,0.55,0.26,1.5,0.95,18.17,9.83,0.01,3.96,46.08,4.37,7.92,0.82,1.37,67,0.31,0.57,1.09,25,0.41,36,0.68,0,16.25,7.32,3,3.55,0.82,49.81,9.15,56,2.73,77,0.14,0,0,20.08,56,1.23,71,19,2.05,5.87,14,62,5,62.42,2.87,0.17,0.23,13.66,94,4.67,6.42,1.23,0.55,0.68,0.14,1.09,1.64,0,22,0.27,18,0.27,30,58,12,23,66,11,23.89,22.26,0.74,69,-1.63,17.62,15.28
Lewis Fensome,Macclesfield Town,1886,Right Back,Right Centre Back,England,26,,0,0,0.03,0.05,0.53,0,27,0,,0.01,0.05,0.03,0.57,0.05,0.03,0.57,0,0,0,0.05,0.06,1.1,-0.01,0.24,0.19,0.05,80,0.76,0,0.81,0.72,1.29,1.53,4.06,4.91,13.27,6.16,0.06,6.68,32.48,5.68,15.13,1.34,2.63,57,1.49,3.02,0.81,26,1,62,3.01,0,11.12,12.88,4.25,3.01,0.86,37.55,3.25,29,1.67,56,0.1,0,0,46.15,71,4.2,12,48,4.73,8.11,12,59,-12,52.98,5.06,0.37,0.39,31.69,97,3.89,12.36,0.91,0.76,0.14,0.1,1.43,2.2,0,26,0.33,24,0.14,35,53,12,33,51,17,21.87,18.12,0.9,101,-3.75,19.79,18.37
Lewis Green,Bedford Town,301,Left Centre Back,Right Centre Back,England,26,,0,0,0,,0,,,0,,0,0,0,0,0,0,0,0,0,0,0,0,0,0,0.9,0.6,0.3,67,2.09,0,0.3,0.6,0.9,0.54,2.99,2.09,13.14,7.76,0.02,6.27,26.58,0.6,6.87,2.09,2.99,100,1.27,1.81,0.3,100,0,23,0.9,0,10.75,8.87,3.88,1.49,0.3,26.88,0.9,8,0.3,20,0.6,0,0,19.71,76,2.09,2,44,4.48,3.28,11,63,-14,39.63,1.49,0.11,0.11,13.74,98,3.77,2.09,0.3,0.3,0,0,0,0.3,0,0,0,0,0,44,42,14,57,29,14,23.43,33.71,0.84,69,10.28,19.57,23.34
Lewis Hudson,Hereford FC,2306,Left Back,Left Wing Back,England,27,184,0.12,0.12,0.11,0.19,0.59,20,40,1,,0.11,0.08,0.1,0.7,0.04,0.09,0.62,0.04,0.01,0.08,0.2,0.22,1.29,-0.02,0.59,0.27,0.31,47,1.21,0,0.66,0.78,0.78,0.72,2.85,3.21,16.16,6.79,0.02,6.01,34.15,4.14,10.66,2.38,3.16,81,2.2,2.93,1.05,46,0.55,63,2.54,0,12.73,11.66,4.37,3.2,1.13,38.48,3.9,31,2.23,70,0.27,0,0,29.78,66,2.11,79,40,3.67,4.41,20,49,-16,49.76,3.67,0.3,0.42,22.56,95,4.51,6.6,0.9,0.66,0.23,0.16,1.83,2.5,0,35,0.51,30,0.31,36,51,13,35,46,19,20.77,18.66,0.89,97,-2.11,18.54,18.13
Lewis Leigh,Chester,1422,Centre Defensive Midfielder,Left Defensive Midfielder,England,22,172,0,0,0.09,0.04,2.28,0,25,1,,0.02,0.13,0.15,1.33,0,0.05,0.51,0.13,0.1,0.82,0.13,0.24,3.61,-0.11,1.27,0.95,0.32,75,2.22,0.06,2.09,1.33,1.01,1.18,2.6,2.6,17.47,6.14,0.03,6.96,36.46,9.05,18.86,2.22,3.23,63,2.62,3.8,1.27,38,1.33,60,2.03,0,13.99,15.41,4.49,5.19,1.84,38.53,4.3,31,2.72,52,0.25,0,0,48.67,72,4.37,14,42,3.73,9.24,14,69,-3,51.81,6.96,0.38,0.47,41.33,96,5.6,10.32,2.03,0.82,1.2,0,0.76,1.58,0,16,0.44,30,0.13,26,66,8,29,67,4,23.73,20.13,0.91,95,-3.6,21.67,19.16
Lewis Maloney,Scarborough Athletic,1147,Right Defensive Midfielder,Right Centre Midfielder,Northern Ireland,31,172,0.08,0.08,0.04,0.03,1.1,7,43,1,,0.04,0.16,0.1,1.02,0.08,0.06,0.63,0.08,0.04,0.39,0.24,0.14,2.12,0.1,0.63,0.39,0.24,63,0.71,0,0.63,0.71,0.94,0.93,2.75,2.71,19.53,9.73,0.02,6.2,40.2,7.3,11.69,1.88,2.82,69,1.52,2.44,1.41,29,0.86,35,0.47,0,16.55,13.33,3.84,4.63,1.18,43.12,6.04,36,2.75,59,0.31,0,0,41.42,66,5.41,8,41,4,11.85,11,72,7,50.61,5.41,0.32,0.35,29.57,99,4.43,8.79,1.49,0.71,0.78,0,0.31,1.02,0.16,21,0.31,29,0,27,65,8,38,57,5,25.75,21.73,0.87,84,-4.02,22.39,18.16
Lewis Rolfe,Chesham United FC,358,Left Wing Back,Left Defensive Midfielder,England,33,,0,0,0.03,0.03,1,0,0,1,,0,0,0.14,0.75,0,0.14,0.75,0,0,0,0,0.17,1.76,-0.17,1.51,1.26,0.25,83,0.5,0,1.26,0.75,1,0.9,2.76,2.12,13.57,5.53,0.05,4.52,37.21,5.02,12.56,1.26,2.26,56,1.17,2.06,1.51,33,1,50,1.26,0.25,11.05,10,3.52,3.77,2.26,43.78,3.77,34,1.26,33,0.25,0,0,34.67,81,2.26,49,50,4.02,3.27,18,77,-4,47.94,4.27,0.39,0.43,29.39,97,4.61,6.78,0.5,0.25,0.25,0,0.25,0.5,0,0,0,0,0,21,64,15,33,52,15,21.16,21.04,0.95,93,-0.11,20,19.53
Lewis Salmon,Alfreton Town,1581,Left Wing,Centre Attacking Midfielder,England,24,175,0.06,0,0.16,0.15,1.02,0,22,3,100,0.07,0.17,0.05,0.51,0.17,0.05,0.51,0,0,0,0.17,0.2,1.54,-0.03,0.63,0.34,0.28,55,1.82,0.06,1.82,2.22,0.28,0.16,0.8,0.54,17.47,6.6,0.01,4.15,56.19,2.73,4.61,1.08,1.37,76,0.63,0.8,1.2,33,0.34,40,2.33,0,15.19,8.38,3.41,3.81,1.08,59.31,10.02,66,3.41,90,0.06,0,0,13.26,63,0.85,21,63,0.97,1.2,31,55,-8,61.19,1.02,0.17,0.29,11.67,80,7.2,4.38,0.63,0.63,0,0.11,2.9,3.53,0.17,27,0.17,25,0.46,17,60,24,8,64,29,16.49,11.7,1.01,109,-4.79,16.67,12.76
Lewis Whitham,Worksop Town FC,1976,Left Wing,Left Midfielder,England,24,185,0.18,0.18,0.17,0.07,2.32,8,35,4,,0.19,0.18,0.1,1.05,0.14,0.1,1,0.05,0,0.05,0.36,0.26,3.37,0.1,2.82,1.69,1.14,60,0.46,0,2.28,3.42,0.5,0.35,0.46,0.35,20.27,9.16,0.01,5.56,51.45,5.19,8.93,1.37,1.87,64,1.04,1.39,1.14,38,0.77,28,1.05,0,17.77,13.51,4.6,3.74,1.37,52.68,9.25,52,3.19,85,0.27,0,0,25.42,65,1.55,21,44,1.09,2.87,30,63,-2,66.95,2.23,0.37,0.54,27.74,89,7.55,10.75,1.41,1.37,0.05,0.55,5.1,6.47,0.09,48,0.87,26,1.18,18,57,24,16,52,32,19.41,16.68,0.91,88,-2.73,17.73,14.62
Lewys Morgan Twamley,Merthyr Town FC,3145,Centre Attacking Midfielder,Right Wing,Wales,23,168,0.31,0.29,0.26,0.09,2.86,10,35,4,100,0.32,0.46,0.32,2.38,0.31,0.24,1.72,0.14,0.07,0.66,0.74,0.57,5.24,0.17,2.38,1.57,0.8,66,0.97,0,2.46,2.72,0.26,0.29,0.29,0.36,12.22,5.18,0.01,3.18,55.9,2.49,4.38,0.52,0.77,51,0.7,0.99,0.34,19,0.49,23,0.09,0,11.39,14.17,2.75,3.46,1.29,57.93,7.36,65,2.52,73,0.06,0,0,32.71,73,2.58,84,43,0.92,5.35,20,71,-2,59.77,5.64,0.64,0.93,35.32,91,7.14,11.33,2,1.2,0.8,0.8,3.89,5.09,0.43,7,0.4,25,1.2,19,66,15,23,65,11,19.91,16.25,0.89,100,-3.66,17.73,16.28
Lexus Beeden,Maidstone United,1819,Left Centre Back,Right Centre Back,England,26,191,0,0,0.04,0.07,0.59,0,17,0,,0.03,0.05,0.05,0.3,0.05,0.05,0.3,0,0,0,0.05,0.1,0.89,-0.05,0.59,0.4,0.2,67,0.89,0,0.25,0.49,1.14,1.09,7.97,6.93,9.5,4.7,0.06,5.54,25.21,1.73,17.91,1.24,2.37,100,1.18,2.26,0.79,100,0,71,5.44,0,7.47,6.91,3.07,1.68,0.74,31.1,1.34,18,0.59,35,0.25,0,0,36.46,66,4.55,18,49,8.81,8.51,17,53,-14,38.15,3.22,0.25,0.3,21.03,98,5.84,3.86,0.2,0.2,0,0.35,2.13,2.33,0,75,0.15,60,0.3,43,54,4,41,55,4,26.81,20.79,0.9,100,-6.03,24.12,20.87
Liam Brockbank,Fylde,1494,Left Back,Left Wing,England,25,173,0,0,0.02,0.06,0.3,0,0,0,,0,0.12,0.07,0.72,0.12,0.07,0.72,0,0,0,0.12,0.08,1.02,0.04,0.72,0.3,0.42,42,1.14,0,1.2,0.96,1.08,1.5,2.95,4.64,13.01,4.76,0.01,4.46,34.45,3.19,11.14,1.87,2.95,82,2.95,4.45,0.96,65,0.42,46,1.57,0.06,10.18,15.64,3.07,2.47,0.9,38.91,3.43,34,1.45,59,0.06,0,0,54.09,78,2.95,83,40,3.98,6.39,12,66,-13,48.5,4.82,0.44,0.47,44.46,97,4.27,12.65,0.6,0.6,0,0.06,0.66,1.27,0,40,0.24,15,0.12,30,57,13,30,50,20,20.13,19.1,0.9,91,-1.03,18.06,17.36
Liam Dulson,Maidenhead United,2933,Left Centre Forward,Left Wing,England,24,185,0.34,0.34,0.26,0.1,2.55,13,48,5,0,0.33,0.12,0.13,0.89,0.12,0.13,0.89,0,0,0,0.46,0.38,3.44,0.08,1.78,0.95,0.83,53,0.83,0,2.7,2.79,0.43,0.47,0.34,0.36,12.55,4.57,0.01,3.84,56.04,3.28,5.28,0.61,1.04,80,0.69,1.16,0.49,50,0.15,25,0.49,0,11.45,12.12,3.25,2.61,0.83,59.02,7.55,66,2.12,81,0,0,0,22.71,75,0.49,10,35,0.74,1.01,25,70,-5,65.31,2.61,0.41,0.63,24.95,87,7.83,9.85,0.8,0.8,0,0.55,5.71,6.51,0.06,50,0.71,31,1.5,11,64,25,11,58,31,15.14,15.21,0.91,92,0.06,13.82,14.03
Liam Hughes,Worksop Town FC,1285,Centre Forward,Left Centre Forward,Northern Ireland,24,193,0.49,0.35,0.32,0.13,2.52,14,36,5,67,0.41,0.07,0.13,1.19,0.07,0.13,1.19,0,0,0,0.42,0.45,3.71,-0.03,0.49,0.28,0.21,57,1.19,0.07,0.77,2.31,0.14,0.09,1.05,0.91,9.31,3.08,0.03,1.89,57.31,3.29,4.2,0.42,0.56,75,0.37,0.45,1.47,33,0.14,49,7.63,0,7.42,5.64,1.33,2.38,0.63,64.7,5.88,79,2.1,88,0.14,0,0,20.1,52,0.21,9,25,1.26,0.63,46,55,3,67.84,1.33,0.51,0.71,10.22,85,3.39,7.21,0.98,0.98,0,0.91,7.14,8.12,0,14,0.35,50,1.33,29,62,9,21,70,9,15.74,14.73,0.92,94,-1.01,14.47,13.8
Lincoln McFayden,Fylde,1447,Left Back,Left Wing Back,England,24,173,0,0,0.01,0.05,0.12,0,0,0,,0,0.12,0.09,1,0.12,0.09,1,0,0,0,0.12,0.09,1.12,0.03,0.75,0.31,0.44,42,0.25,0.06,1.12,1.31,1.06,1.4,2.8,3.41,12.32,5.47,0.05,4.67,30.56,2.43,8.27,1.31,2.36,64,1.58,2.98,0.87,25,0.75,50,1.18,0,10.14,13.43,2.86,1.8,0.68,35.66,2.8,28,1.18,66,0.19,0,0,48.64,79,2.43,80,45,4.11,4.11,14,69,-10,52.25,5.04,0.58,0.62,40.87,96,4.61,12.88,1.31,1.24,0.06,0.25,1,2.24,0.06,48,0.87,42,0.31,29,59,12,32,57,11,18.63,19.83,0.93,89,1.2,17.24,17.57
Lois Maynard,Radcliffe,1871,Centre Back,Left Centre Back,St. Kitts and Nevis,37,191,0.14,0.14,0.08,0.1,0.87,17,28,0,,0.12,0.05,0,0.19,0.05,0,0.19,0,0,0,0.19,0.09,1.06,0.1,0.24,0.19,0.05,80,1.06,0,0.38,0.38,1.06,0.85,5.82,5.11,6.74,3.42,0.07,4.14,23.73,3.75,13.9,1.15,2.21,75,1.02,1.86,0.43,36,0.38,67,2.74,0.05,5.15,4.62,1.88,0.87,0.38,30.87,0.96,19,0.38,44,0.1,0.05,0.05,24.92,69,2.41,11,42,6.59,4.91,18,60,-9,40.38,2.07,0.24,0.29,13.28,96,5.45,2.89,0.05,0.05,0,0.05,1.3,1.35,0.05,0,0,0,0.1,35,57,8,33,62,5,24.62,21.47,0.87,92,-3.15,21.41,19.69
Louie Annesley,Dorking Wanderers FC,1238,Left Centre Back,Centre Back,Gibraltar,26,193,0.07,0.07,0.07,0.14,0.51,14,14,0,,0.05,0.15,0.03,0.51,0.15,0.03,0.44,0,0,0.07,0.22,0.11,1.02,0.11,0,0,0,,0.58,0,0.22,0.36,1.02,1.23,3.42,4.01,10.1,3.71,0.09,4.29,24.61,3.34,15.92,0.65,1.67,56,0.93,2.16,1.16,25,0.51,72,4.22,0,8.29,10.33,2.98,1.74,0.44,28.77,1.09,13,0.65,38,0.15,0,0,41.5,75,3.78,61,49,4.51,6.61,16,63,-12,36.68,2.4,0.39,0.43,28.35,98,5.99,4.51,0.73,0.58,0.15,0,1.09,1.67,0,10,0.07,20,0.22,36,60,4,47,45,8,23.41,20.13,0.92,99,-3.29,21.64,19.97
Louie Holzman,Farnborough,1429,Right Centre Back,Centre Defensive Midfielder,England,22,186,0.13,0.13,0.05,0.07,0.69,18,45,1,,0.12,0,0.03,0.44,0,0.03,0.44,0,0,0,0.13,0.08,1.13,0.04,0.5,0.31,0.19,63,0.69,0,0.19,0.44,1.13,0.87,5.86,4.17,17.01,8.5,0.04,6.3,30.14,3.91,13.67,2.46,3.59,65,1.77,2.64,1.51,25,1.32,59,3.21,0,13.23,9.81,4.03,2.65,0.63,34.91,3.46,26,1.51,57,0.19,0.06,0,30.68,61,2.65,21,35,7.24,6.17,19,52,-9,45.35,3.65,0.23,0.29,20.35,98,5.01,5.17,0.44,0.44,0,0.06,1.45,1.89,0.06,29,0.13,15,0.06,38,54,7,35,59,6,24.82,23.19,0.83,83,-1.63,20.68,19.18
Louie McDonagh-Kudiabor,Chelmsford City,1023,Centre Forward,Right Centre Forward,England,,,0.09,0.09,0.23,0.14,1.67,5,21,4,,0.11,0,0.07,0.7,0,0.07,0.7,0,0,0,0.09,0.3,2.37,-0.21,0.62,0.09,0.53,14,1.76,0.09,1.5,3.43,0,0,0.88,0.95,19.17,5.37,0.02,4.05,66.02,2.99,4.4,0.62,0.62,70,0.71,0.71,1.5,67,0.26,31,3.87,0,17.06,17.68,3.61,4.4,1.14,68.1,13.9,81,3.96,90,0.09,0,0,15.92,57,0.09,22,13,1.06,0.53,40,55,-2,69.52,1.06,0.28,0.42,10.82,80,3.66,6.42,0.26,0.26,0,0.35,4.93,5.19,0,0,0,0,0.88,24,58,18,25,48,27,14.08,11.56,0.91,94,-2.52,12.77,10.83
Louis Britton,Weston-super-Mare AFC,2548,Centre Forward,Left Centre Forward,England,25,192,0.49,0.42,0.38,0.17,2.26,19,47,5,100,0.36,0.04,0.04,0.64,0.04,0.04,0.64,0,0,0,0.46,0.43,2.9,0.03,0.46,0.18,0.28,38,1.09,0,1.24,2.4,0.14,0.12,0.32,0.24,15.08,4.24,0.01,3.32,67.63,2.61,4.03,0.28,0.42,67,0.18,0.29,1.2,40,0.14,43,4.1,0.04,13.63,12.19,3.04,3.36,0.88,68.56,11.48,84,3.07,92,0.11,0,0,16.74,57,0.28,14,47,0.42,0.49,41,48,-9,63.03,1.09,0.42,0.64,10,82,4.87,5.02,0.32,0.32,0,0.28,4.59,4.91,0.04,11,0.11,43,0.49,21,61,18,18,58,24,15.17,14.72,0.94,93,-0.45,14.28,13.76
Louis Dennis,Torquay United,2253,Centre Forward,Centre Attacking Midfielder,England,33,186,0.48,0.48,0.27,0.14,1.88,26,51,3,0,0.4,0.16,0.16,1.24,0.16,0.16,1.24,0,0,0,0.64,0.43,3.12,0.21,1.64,1.12,0.52,68,0.8,0.04,2.08,2.96,0.2,0.22,0.92,1.05,16.98,6.03,0.02,4.83,60.7,2.76,4.79,0.96,1.16,67,1.18,1.41,1.12,25,0.48,34,1.44,0,14.98,16.94,4.31,4.51,1.56,64.53,11.3,75,3.79,84,0.08,0,0.04,26.68,75,0.92,16,48,1.24,1.6,28,64,-11,64.5,2.8,0.44,0.68,26.72,89,5.6,11.82,0.76,0.76,0,0.4,6.03,6.79,0.08,11,0.2,17,1,19,64,17,18,65,17,16.21,13.76,0.94,103,-2.45,15.26,14.12
Louis Lomas,Farnborough,1807,Left Centre Back,Right Back,England,25,193,0,0,0.03,0.06,0.5,0,20,0,,0.01,0.05,0.03,0.3,0.05,0.03,0.3,0,0,0,0.05,0.06,0.8,-0.01,0.2,0.1,0.1,50,0.3,0,0.3,0.35,1,0.94,5.88,5.29,9.17,4.18,0.04,4.18,23.22,3.24,16.59,1.05,2.04,75,0.98,1.92,0.35,63,0.35,62,3.69,0.05,7.77,7.13,2.29,1.2,0.15,25.31,0.9,12,0.45,38,0.05,0,0,34.62,67,2.09,22,36,6.78,4.98,18,56,-11,40.66,2.54,0.28,0.31,22.27,98,6.06,3.99,0.3,0.3,0,0.25,1.35,1.64,0,50,0.25,33,0.25,43,52,5,31,57,11,22.26,19.64,0.9,87,-2.61,20.04,17.14
Louis Lomas,Hemel Hempstead Town,707,Left Centre Back,Right Centre Back,England,25,193,0,0,0.03,0.07,0.51,0,0,1,,0,0.13,0.02,0.25,0.13,0.02,0.25,0,0,0,0.13,0.05,0.76,0.07,0,0,0,,1.02,0,0,0,0.13,0.02,5.6,4.27,10.19,4.58,0.04,5.22,22.49,2.93,17.06,1.02,1.15,80,0.53,0.55,0.13,50,0.25,58,3.95,0,9.04,7.43,3.69,1.78,0.64,25.49,1.15,13,0.38,21,0,0,0,25.85,62,1.78,29,40,6.37,3.69,25,59,-3,38.4,0.89,0.23,0.23,12.35,100,5.42,1.78,0,0,0,0.25,1.4,1.4,0,,0.13,50,0.25,40,54,6,43,50,7,23.31,18.41,0.94,95,-4.9,21.95,17.42
Louis Stephenson,Buxton,618,Right Back,Right Centre Back,England,20,,0.15,0.15,0.05,0.18,0.29,50,50,0,,0.14,0.15,0.11,0.29,0.15,0.11,0.29,0,0,0,0.29,0.16,0.58,0.13,0.58,0.29,0.29,50,0.73,0,1.02,0.44,1.31,1.86,3.35,4.68,12.37,4.07,0,4.95,32.28,3.64,10.48,1.46,2.76,83,2.07,3.94,0.58,33,0.29,62,2.33,0,10.62,13.59,3.64,2.91,1.02,37.33,3.06,29,1.75,60,0,0,0,41.77,74,3.93,14,45,4.37,7.71,13,65,-9,47.77,3.93,0.64,0.64,30.41,96,4.82,8.15,0.87,0.44,0.44,0,0.87,1.31,0,17,0.15,13,0.15,27,56,17,32,38,30,23.83,22.65,0.9,97,-1.18,21.44,21.87
Louis Storey,Dorking Wanderers FC,1801,Centre Back,Right Centre Back,England,32,191,0,0,0.02,0.08,0.25,0,20,0,,0.02,0,0.05,0.35,0,0.05,0.35,0,0,0,0,0.07,0.6,-0.07,0,0,0,,0.25,0,0.2,0.15,0.95,1.25,3.85,4.97,8.84,4.55,0.06,4.75,25.93,1.8,15.39,0.9,1.85,58,1.24,2.49,0.65,25,0.65,60,2.5,0.05,7.34,9.73,2.9,1.45,0.65,29.79,1.15,16,0.5,34,0.2,0,0,50.51,75,6.3,13,50,6.05,10.49,14,57,-19,32.27,4,0.44,0.45,33.48,99,5.95,5.5,0.5,0.5,0,0.45,2.05,2.55,0,0,0,0,0.5,34,62,3,41,52,7,27.07,28.75,0.88,82,1.68,23.75,23.5
Luca Colville,Scarborough Athletic,1923,Centre Attacking Midfielder,Right Wing,England,27,185,0.14,0.09,0.12,0.09,1.36,7,31,1,100,0.1,0.14,0.13,1.22,0.09,0.1,1.12,0.05,0.02,0.09,0.23,0.24,2.57,-0.01,1.31,0.89,0.42,68,1.5,0,2.62,1.78,0.8,0.72,1.69,1.68,17.88,7.49,0.02,5.62,46.77,5.52,10.58,1.87,2.67,74,1.94,2.66,0.98,45,0.66,39,2.9,0,15.07,14,4.12,4.68,1.22,51.21,7.91,52,3.51,75,0.05,0,0,34.97,71,2.11,81,42,2.01,4.68,20,71,0,61.15,2.81,0.35,0.46,29.02,91,4.94,13.11,1.03,0.75,0.28,0.23,2.95,3.7,0.05,27,0.42,38,0.61,19,61,19,14,66,20,18.5,13.87,0.91,99,-4.63,16.87,13.8
Luca George Cocoracchio,Dover Athletic,3129,Centre Defensive Midfielder,Left Defensive Midfielder,England,24,188,0.03,0.03,0.04,0.11,0.37,8,31,0,,0.03,0.03,0.03,0.52,0.03,0.03,0.52,0,0,0,0.06,0.07,0.89,-0.02,0.17,0.12,0.06,67,0.63,0,0.52,0.49,1.04,0.69,4.52,3.08,16.34,7.85,0.04,6.7,33.67,8.11,20.71,1.81,2.85,79,1.29,1.98,0.66,40,0.49,63,4.98,0.03,13.86,9.78,4.52,3.6,1.27,38.5,3.97,29,1.98,55,0.17,0,0,31.67,57,2.76,21,41,5.41,5.87,24,53,-4,48.04,3.68,0.26,0.29,13.52,98,4.29,6.56,0.63,0.6,0.03,0.09,0.98,1.58,0.09,14,0.14,38,0.14,46,49,5,36,58,6,22.97,18.58,0.91,93,-4.39,20.92,17.27
Luca Miller,Peterborough Sports FC,2248,Centre Attacking Midfielder,Left Centre Midfielder,England,,,0.4,0.4,0.3,0.15,2,20,56,3,,0.51,0.08,0.09,1.36,0.08,0.08,1.24,0,0.01,0.12,0.48,0.39,3.36,0.09,1.64,0.92,0.72,56,1.28,0,2.56,2.8,0.52,0.55,0.84,0.89,19.45,7.73,0.01,5.96,54.39,5.8,8.93,1.48,2,74,1.87,2.42,1.24,7,0.52,24,1.2,0,16.73,17.55,5.04,5.16,2,56.13,9.73,58,3.64,71,0.04,0,0,25.34,73,1.64,12,53,1.4,2.52,26,67,-6,59.61,2.76,0.56,0.71,23.14,87,5.88,8.93,0.44,0.36,0.08,0.52,4.2,4.56,0.04,9,0.12,19,0.84,19,62,19,15,70,15,18.12,15.12,0.97,100,-3,17.5,15.05
Luca Ty Thomas,Fylde,2318,Right Midfielder,Right Wing,England,21,182,0.43,0.39,0.35,0.11,3.11,13,41,4,100,0.43,0.27,0.23,1.2,0.27,0.23,1.16,0,0,0.04,0.66,0.58,4.31,0.08,1.82,1.05,0.78,57,1.94,0.04,2.41,2.87,0.54,0.77,0.43,0.61,19.34,8.54,0.01,6.06,55.27,3.03,5.28,1.94,2.48,69,2.78,3.55,1.24,29,0.85,40,0.97,0,16.27,23.03,4.81,5.01,1.67,56.89,10.17,63,3.69,74,0.12,0,0,31.33,78,1.98,72,66,1.16,2.25,24,69,-10,59.16,3.26,0.67,0.93,28.62,91,5.16,10.99,0.78,0.74,0.04,0.47,5.44,6.17,0.04,5,0.27,35,0.78,12,65,22,15,64,21,16.83,15.36,1,104,-1.46,16.76,16
Lucas Weaver,Chorley,370,Right Midfielder,Right Centre Forward,England,24,,0.49,0.49,0.15,0.13,1.22,40,40,4,,0.09,0,0.09,0.97,0,0.09,0.97,0,0,0,0.49,0.25,2.19,0.24,1.7,0.73,0.97,43,0.73,0,2.92,2.44,0,0,0.24,0.21,15.83,6.33,0,2.44,48.57,2.68,4.63,0.97,0.97,80,0.72,0.72,1.7,50,0.24,45,1.22,0,13.15,10.3,2.44,2.68,0.73,49.15,7.06,54,1.95,73,0.24,0,0,13.15,62,0.24,18,50,0.24,0.49,29,53,-9,70.5,1.22,0.19,0.36,11.69,79,7.88,5.6,0.97,0.97,0,1.46,5.84,6.82,0,25,0.97,57,1.7,22,62,16,17,78,4,16.15,13.53,0.98,118,-2.62,15.85,15.92
Luciano D'Auria-Henry,Farnborough,564,Right Back,Right Wing Back,England,23,178,0,0,0.02,0.07,0.32,0,100,1,,0.05,0,0.2,0.96,0,0.19,0.8,0,0,0.16,0,0.22,1.28,-0.22,1.44,0.64,0.8,44,0.48,0,1.44,1.91,1.12,1.04,2.07,1.67,17.39,7.34,0.03,6.7,36.56,2.07,8.78,2.87,3.99,72,2.25,3.29,0.96,36,1.12,25,0.64,0.16,13.56,12.12,4.31,3.83,1.6,41.79,5.43,40,2.71,71,0.16,0,0,23.78,62,1.44,26,38,2.55,3.35,13,60,-2,50.97,3.03,0.34,0.54,21.06,89,6.26,5.27,0.8,0.64,0.16,0.16,0.8,1.44,0,40,0.48,43,0.32,36,56,9,33,58,9,19.44,20.62,0.87,101,1.18,17,20.78
Luis Fernandez,Hampton & Richmond,381,Right Centre Back,,England,24,193,0,0,0.12,0.17,0.71,0,0,1,,0,0,0,0,0,0,0,0,0,0,0,0.12,0.71,-0.12,0.24,0,0.24,0,1.42,0,0.71,0.47,0.94,1.06,6.85,7.54,11.33,5.9,0.09,6.14,23.38,3.78,18.18,1.89,2.83,80,2.62,3.68,1.42,50,0.47,64,3.31,0,8.03,8.9,2.83,1.65,0.24,24.99,1.18,15,0.71,43,0.47,0,0,41.32,68,3.54,13,39,7.79,8.03,10,65,-3,38.45,4.49,0.17,0.17,27.15,99,4.99,4.96,0,0,0,0.24,1.18,1.18,0,,0,,0.47,35,59,5,29,67,5,24.23,22.72,0.89,95,-1.51,21.53,21.52
Luis Lacey,Macclesfield Town,1843,Left Back,Left Wing Back,England,21,175,0.05,0.05,0.03,0.05,0.63,8,23,0,,0.04,0.1,0.1,1.07,0.1,0.05,0.49,0,0.05,0.59,0.15,0.13,1.71,0.02,0.98,0.63,0.34,65,1.22,0,1.12,1.07,1.07,1.17,2.1,2.64,16.85,8.5,0.04,6.54,33.27,4.1,11.67,3.03,4.1,81,3.91,5.08,1.17,59,0.73,43,0.98,0,12.65,15.52,4.59,2.88,0.73,34.47,3.22,25,1.61,56,0.29,0,0,42.29,64,4.35,81,35,3.42,11.13,11,54,-10,51.54,5.13,0.31,0.33,34.28,96,4.16,8.84,1.51,0.78,0.73,0.15,0.98,1.76,0,13,0.34,19,0.2,37,52,11,38,51,11,23.64,20.65,0.84,93,-2.99,19.78,19.19
Luis Rose,Leamington FC,331,Centre Forward,Left Wing,England,27,,0,0,0.08,0.06,1.36,0,60,7,,0.11,0,0,0,0,0,0,0,0,0,0,0.08,1.36,-0.08,0.54,0.27,0.27,50,1.36,0,1.36,1.63,0.54,0.12,0.54,0.37,24.18,8.96,0,4.89,58.82,0.54,1.9,0,0.54,,0,0.12,1.36,,0,20,0.81,0,22.82,11.53,4.89,5.16,1.36,59.79,15.21,67,4.35,84,0,0,0,8.96,44,0.54,80,67,0.54,0.81,12,0,-44,47.76,0.54,0.03,0.09,7.06,77,3.17,1.09,0,0,0,0,2.17,2.17,0,,0,0,0,15,74,12,0,75,25,16.2,13.22,1.15,,-2.97,18.6,
Luke Baptiste,Dover Athletic,1626,Left Wing,Left Midfielder,England,23,188,0.11,0.11,0.18,0.13,1.44,8,35,3,0,0.19,0.17,0.12,1.11,0.06,0.07,0.61,0.11,0.05,0.5,0.28,0.3,2.55,-0.03,0.83,0.28,0.55,33,1.27,0.06,2.16,2.32,0.11,0.08,1,0.76,15.83,5.04,0.01,3.21,52.47,4.48,7.8,0.66,0.77,80,0.55,0.63,1.77,33,0.17,40,2.05,0,13.39,9.61,2.82,4.32,1,54.86,7.8,58,3.65,85,0.17,0,0,19.93,51,1.27,15,33,1.49,3.38,26,47,-4,63.87,2.38,0.31,0.42,15.77,83,7.05,5.42,1.72,0.39,1.33,0.44,3.65,4.04,0.06,16,0.55,31,0.61,26,60,14,22,60,17,20.22,17.31,0.88,98,-2.91,17.83,17
Luke Bennett,AFC Totton,423,Right Wing,Right Back,England,23,,0,0,0.06,0.05,1.28,0,67,3,,0.02,0,0.1,1.28,0,0.1,1.28,0,0,0,0,0.16,2.55,-0.16,0.85,0.85,0,100,0.43,0,1.28,2.55,0.21,0.08,1.28,1.22,13.39,4.89,0.03,3.19,44.83,3.19,6.59,0.43,0.64,50,0.68,0.76,1.06,0,0.43,50,1.91,0,11.91,12.47,2.55,4.04,1.28,48.48,5.95,50,3.19,79,0,0,0,22.96,67,2.76,16,54,2.34,4.04,16,45,-22,58.26,1.91,0.52,0.6,21.47,87,5.79,8.29,1.28,1.06,0.21,0.43,2.76,3.83,0,17,0.43,25,0.85,26,61,13,13,69,18,22.55,20.57,0.94,94,-1.98,21.27,19.25
Luke Brennan,Buxton,2689,Left Wing,Left Midfielder,England,24,180,0.33,0.27,0.23,0.17,1.37,20,37,2,100,0.26,0.3,0.2,1.97,0.1,0.13,1.24,0.2,0.07,0.74,0.57,0.43,3.35,0.14,1.31,0.64,0.67,49,0.6,0,1.84,2.98,0.5,0.72,0.74,0.8,12.68,6.39,0.01,3.41,46.07,3.15,6.12,1,1.51,64,0.97,1.69,0.84,38,0.57,33,0.54,0,10.84,12.85,2.88,2.68,0.74,48.69,5.15,48,1.87,70,0.07,0,0,26.37,63,3.31,15,46,1.57,6.39,18,62,-1,64.75,3.25,0.38,0.57,26.11,88,9.05,9.34,2.51,1.41,1.1,0.4,2.91,4.32,0.13,31,1,29,0.67,15,66,19,15,58,28,23.84,19.48,0.92,97,-4.36,21.85,18.84
Luke Burgess,Southport,1032,Left Wing,Left Midfielder,England,27,175,0,0,0.01,0.06,0.17,0,0,0,,0,0,0.12,1.66,0,0.1,1.48,0,0.01,0.17,0,0.13,1.83,-0.13,0.78,0.61,0.17,78,1.48,0,0.96,0.78,0.35,0.33,1.22,1.08,10.29,3.84,0.01,3.23,47.05,3.31,7.59,1.13,1.48,65,1.51,1.84,0.87,50,0.61,44,0.7,0,8.28,10.72,2.18,2.53,0.61,52.72,4.71,57,2.01,79,0.35,0,0,34.62,79,1.74,87,51,1.66,2.97,15,80,0,54.26,2.88,0.29,0.35,28.26,98,4.33,9.59,0.87,0.52,0.35,0.26,1.74,2.27,0,0,0.17,33,0.61,21,63,16,15,72,13,17.93,16.94,0.95,96,-1,17.03,16.3
Luke Coulson,Weston-super-Mare AFC,2288,Left Midfielder,Left Wing,England,32,179,0.28,0.2,0.1,0.06,1.73,11,32,2,100,0.09,0.24,0.28,1.89,0.16,0.17,1.18,0.08,0.1,0.71,0.43,0.37,3.62,0.06,1.22,0.83,0.39,68,0.55,0,1.97,1.65,0.63,0.56,0.55,0.51,11.57,4.33,0,4.05,47.28,3.82,7.55,0.71,1.34,56,0.62,1.18,0.55,32,0.55,36,0.83,0,10.39,10.14,3.3,2.67,0.71,49.42,5.19,50,2.12,79,0.16,0,0,34.42,69,3.58,8,42,0.94,8.1,19,73,5,61.61,4.96,0.42,0.62,31.51,95,7,11.57,2.87,1.69,1.18,0.39,2.4,4.09,0.08,25,0.87,30,0.47,16,67,17,19,62,19,22.5,16.6,0.89,101,-5.89,20.12,16.8
Luke Daley,Radcliffe,473,Left Wing Back,Left Midfielder,England,23,180,0.19,0.19,0.07,0.08,0.95,20,20,1,,0,0.19,0.12,0.76,0.19,0.12,0.57,0,0.01,0.19,0.38,0.2,1.71,0.18,0.57,0.19,0.38,33,0.38,0,1.52,1.33,0.76,0.67,2.48,2.49,10.67,4.38,0,3.62,35.53,4,8,1.52,2.29,73,1.52,2.19,0.76,25,0.57,25,0.38,0,8.76,7.03,2.29,0.76,0,42.39,3.24,37,0.76,100,0,0,0,32,77,2.67,72,45,2.86,5.52,13,67,-11,50.43,2.86,0.2,0.36,28,94,6.74,8.19,1.14,0.76,0.38,0.38,2.1,2.86,0,0,0.19,20,0.57,24,63,14,26,58,16,21.57,17.61,0.91,98,-3.96,19.67,17.25
Luke Duffy,Macclesfield Town,2027,Left Wing,Right Wing,England,27,,0.22,0.18,0.13,0.06,2,9,42,3,100,0.16,0.13,0.16,1.51,0.13,0.13,1.07,0,0.04,0.44,0.31,0.29,3.51,0.02,2.22,1.2,1.02,54,1.2,0.04,2,2.84,0.62,0.73,0.8,1.03,14.74,5.68,0.02,5.82,48.98,4.35,7.86,1.64,2.26,66,1.92,2.65,0.44,37,0.84,41,1.38,0,12.7,16.07,4.53,4.35,2.13,52.43,7.11,56,3.51,81,0.04,0,0,26.33,61,2.44,15,38,1.69,5.51,20,59,-2,63.65,2.98,0.4,0.56,25.05,89,5.87,9.73,1.82,0.8,1.02,0.31,3.42,4.22,0,12,0.53,24,0.58,22,64,15,18,61,21,21.35,17.41,0.86,93,-3.94,18.31,16.27
Luke Griffiths,Southport,1932,Right Defensive Midfielder,Left Defensive Midfielder,England,27,,0.05,0.05,0.04,0.05,0.65,7,43,0,,0.04,0,0.09,1.4,0,0.05,0.98,0,0.03,0.42,0.05,0.12,2.05,-0.08,0.79,0.56,0.23,71,0.51,0,1.07,0.56,0.75,0.72,2.47,2.78,13.84,6.38,0.03,4.19,35.58,6.71,16.12,1.58,2.33,77,1.6,2.32,1.12,50,0.47,63,1.26,0.05,11.13,11.06,2.84,2.94,0.75,41.72,3.59,32,1.68,57,0.33,0,0,46.82,77,5.64,14,56,3.35,9.27,18,76,-1,48.98,4.8,0.38,0.4,35.41,98,5.04,8.2,1.12,0.47,0.65,0.09,0.47,0.93,0,17,0.28,30,0.09,24,65,11,31,63,6,23.23,18.21,0.93,98,-5.02,21.51,17.83
Luke Haines,Chippenham Town,3081,Right Centre Back,Centre Back,England,25,184,0.09,0.09,0.06,0.06,1.02,9,29,0,,0.06,0,0.05,0.38,0,0.05,0.29,0,0,0.09,0.09,0.11,1.4,-0.02,0.2,0.2,0,100,1.31,0,0.2,0.26,0.85,0.93,5.34,5.71,9.67,4.94,0.07,5.14,21.59,1.64,13.61,1.31,2.16,69,1.65,2.59,0.93,54,0.58,73,3.42,0.03,7.45,8.58,3.13,1.81,0.53,27.23,0.91,12,0.53,29,0.32,0,0,48.69,76,6.31,7,48,6.4,12.09,12,62,-14,34.76,3.56,0.39,0.43,36.89,99,4.54,3.83,0.55,0.32,0.23,0.23,1.78,2.1,0.06,26,0.15,16,0.26,31,64,5,48,46,6,26.8,22.08,0.89,93,-4.72,23.73,20.49
Luke Hall,Worksop Town FC,598,Right Wing,Right Midfielder,England,23,,0,0,0.23,0.16,1.51,0,10,3,,0.01,0,0.02,0.45,0,0.02,0.45,0,0,0,0,0.25,1.96,-0.25,1.81,1.05,0.75,58,1.36,0,2.11,3.46,0.9,0.27,0.3,0.18,20.48,10.24,0.01,6.78,47.13,4.67,7.23,3.16,4.07,84,1.47,1.73,0.9,50,0.6,35,0.9,0,16.86,10.22,5.42,4.97,1.66,50.44,8.73,52,4.07,82,0,0,0,24.84,65,1.96,78,65,0.45,2.86,21,67,2,62.58,2.86,0.43,0.48,26.5,87,5.73,9.03,0.75,0.6,0.15,0,1.96,2.56,0,20,0.15,8,0.3,16,66,18,17,65,18,18.17,15.35,1.02,110,-2.83,18.45,16.83
Luke Hall,Buxton,715,Right Wing,Left Midfielder,England,23,,0,0,0.11,0.1,1.13,0,33,2,,0.06,0,0.1,1.01,0,0.09,0.88,0,0.01,0.13,0,0.21,2.14,-0.21,2.39,1.26,1.13,53,1.13,0,1.76,3.65,0.88,0.42,1.13,1.08,17.49,8.18,0,4.66,48.67,4.15,7.3,1.89,2.77,83,2.09,2.51,1.01,50,0.38,27,0.5,0,14.6,16.65,4.03,2.52,0,52.2,8.18,56,1.64,65,0.38,0,0,28.95,77,2.52,66,63,1.76,3.4,16,73,-4,64.32,3.02,0.36,0.48,27.81,89,6.31,12.21,2.64,2.01,0.63,0,3.02,5.03,0,19,0.5,33,0.63,15,69,16,21,67,12,19.49,17.73,0.94,104,-1.76,18.24,18.51
Luke Holness,Slough Town FC,469,Centre Forward,Centre Attacking Midfielder,England,27,183,0.38,0.38,0.25,0.09,2.88,13,40,7,,0.42,0.19,0.1,0.96,0.19,0.1,0.96,0,0,0,0.58,0.35,3.84,0.23,1.15,1.15,0,100,1.53,0,3.26,1.92,0,0,0.19,0.06,16.12,4.41,0.02,3.07,68.81,5.37,6.52,0.38,0.38,67,0.13,0.13,0.96,0,0.19,16,1.53,0,14.77,9.03,2.88,3.84,0.58,70.23,13.43,91,3.07,80,0,0,0,14.77,59,0.96,14,100,0.96,0.19,35,62,4,65.55,1.73,0.39,0.51,16.12,77,5.42,5.95,0.19,0.19,0,0.38,5.18,5.37,0.38,100,0.38,50,0.58,21,61,18,13,74,13,16.98,19.16,1.13,122,2.18,19.17,23.38
Luke Hunter,Fylde,407,Centre Forward,Left Centre Forward,England,,,0.22,0.22,0.25,0.14,1.77,13,13,5,,0.21,0,0.16,1.99,0,0.16,1.99,0,0,0,0.22,0.41,3.76,-0.19,0.22,0,0.22,0,0.89,0,3.1,1.77,0,0,0.22,0.29,22.13,7.53,0,6.2,66.39,2.66,3.76,0.89,0.89,100,1.44,1.44,1.99,100,0,35,1.55,0,19.26,26,6.2,4.65,1.99,67.13,16.16,84,3.98,86,0,0,0,13.94,71,0.22,22,33,0.22,0.66,23,63,-9,62.7,1.77,0.41,0.68,14.39,82,5.27,5.53,0.22,0.22,0,0.66,4.21,4.43,0,0,0,0,0.66,10,68,22,0,84,16,13.59,10.58,0.93,106,-3.01,12.58,11.23
Luke Matheson,Macclesfield Town,908,Right Back,Right Wing Back,England,23,168,0,0,0.05,0.09,0.59,0,17,1,,0.01,0.2,0.26,1.19,0.2,0.24,1.09,0,0.01,0.1,0.2,0.31,1.78,-0.11,0.69,0.5,0.2,71,1.29,0,0.89,0.89,0.79,0.98,2.48,2.89,9.32,3.37,0.04,3.67,33.15,3.97,9.71,1.19,1.98,92,1.58,2.56,0.5,83,0.1,57,1.29,0,7.73,10.32,2.78,2.58,0.89,41.22,2.97,38,1.59,62,0.3,0,0,31.92,69,2.58,2,54,2.78,4.46,12,53,-15,59.64,2.97,0.24,0.43,24.39,95,4.72,9.62,1.49,0.89,0.59,0.59,3.07,3.97,0,40,0.99,37,0.79,25,63,12,16,67,16,19.52,17.34,0.94,79,-2.18,18.28,13.65
Luke Moore,Dorking Wanderers FC,1152,Centre Defensive Midfielder,Right Defensive Midfielder,England,38,181,0,0,0.03,0.06,0.47,0,17,0,,0.03,0.08,0.03,0.63,0.08,0.02,0.47,0,0.01,0.16,0.08,0.06,1.09,0.01,0.39,0.31,0.08,80,0.78,0,0.7,0.63,0.63,0.91,2.19,3.02,11.41,6.25,0.03,4.3,39.79,7.81,17.27,1.25,1.88,73,1.66,2.58,0.94,29,0.47,43,0.94,0,9.22,12.29,2.97,3.52,1.25,45.59,4.38,47,2.34,67,0.31,0,0,40.23,79,2.97,9,64,2.34,4.45,14,75,-4,47.08,5.16,0.53,0.54,26.02,98,5.97,7.81,0.63,0.39,0.23,0.08,0.63,1.02,0.08,0,0,0,0.16,23,68,9,32,64,4,19.96,15.79,0.97,102,-4.17,19.35,16.05
Luke Robertson,Hampton & Richmond,320,Left Defensive Midfielder,Centre Defensive Midfielder,England,29,,0,0,0.06,0.08,0.84,0,33,0,,0.01,0,0,0,0,0,0,0,0,0,0,0.06,0.84,-0.06,0,0,0,,0.56,0,0.84,0,0.84,0.61,2.81,2.42,9.84,2.81,0.04,4.78,36.91,8.43,14.9,1.41,2.25,83,1.13,1.74,0.56,100,0.28,29,1.12,0,7.87,7.18,2.53,3.09,1.41,47.09,3.94,50,2.53,82,0,0,0,37.11,81,1.12,16,44,3.37,1.97,16,76,-5,50.71,3.37,0.11,0.14,27.27,98,2.72,8.15,0.28,0.28,0,0,1.12,1.41,0,0,0,,0.28,22,60,18,28,62,10,17.09,14.6,0.91,78,-2.49,15.55,11.41
Luke Russe,Bath City,2705,Left Defensive Midfielder,Right Centre Midfielder,England,26,165,0,0,0.06,0.05,1.06,0,25,2,,0.05,0.13,0.09,0.86,0.13,0.07,0.7,0,0.02,0.17,0.13,0.14,1.93,-0.01,0.43,0.23,0.2,54,0.8,0,0.77,0.86,0.96,0.63,1.9,1.36,13.04,5.36,0.03,5.26,41.68,7.42,13.04,1.2,2.16,64,0.89,1.53,0.67,42,0.67,47,1.56,0.03,11.21,8.02,3.79,3.39,1.23,45.97,5.16,46,2.69,79,0.2,0,0,26.38,62,1.63,17,35,2.4,4.23,17,59,-3,55.81,3.16,0.17,0.25,16.3,94,3.28,6.95,1.13,0.7,0.43,0.23,1.5,2.2,0.03,12,0.27,24,0.47,30,58,12,32,60,8,20.95,18.7,0.88,93,-2.25,18.34,17.47
Luke Shaw,Leamington FC,612,Left Wing,Left Midfielder,England,30,178,0,0,0.29,0.16,1.77,0,17,4,,0.01,0.15,0.13,1.18,0.15,0.12,1.03,0,0.01,0.15,0.15,0.42,2.94,-0.27,0.74,0.59,0.15,80,0.74,0,1.32,1.18,0.44,0.12,0.29,0.14,10,5.44,0.01,2.35,45.01,4.12,6.77,0.29,0.74,40,0.18,0.29,0.29,50,0.44,37,1.03,0,9.41,4.96,2.06,1.47,0.29,44.32,3.38,36,1.03,70,0,0,0,18.24,55,0.44,10,18,0.44,2.35,22,56,1,62.25,1.91,0.34,0.52,13.83,90,7.88,5.59,1.62,1.18,0.44,0.29,3.82,5,0,18,0.44,38,0.29,25,63,12,21,66,13,19.8,15.08,0.88,107,-4.73,17.5,16.06
Luke Skinner,Weston-super-Mare AFC,588,Right Wing,Right Centre Forward,England,18,182,0.46,0.46,0.51,0.14,3.52,13,30,9,,0.38,0,0.11,0.46,0,0.11,0.46,0,0,0,0.46,0.62,3.98,-0.16,3.67,1.99,1.68,54,0.77,0.15,3.06,4.44,0.31,0.28,0.15,0.13,22.35,6.89,0.02,4.29,56.89,2.91,5.67,0.77,1.07,38,0.67,0.95,2.3,11,1.22,21,0.92,0,19.29,14.73,4.13,5.82,1.84,56.16,11.33,59,5.05,87,0.15,0,0,12.25,54,0.61,63,31,0.31,1.84,22,44,-10,65.08,2.3,0.7,0.76,18.22,73,11.28,3.67,0.31,0.31,0,0.77,6.58,6.89,0,0,0.46,30,1.07,18,67,14,8,79,13,17.28,14.41,0.82,90,-2.87,14.23,13
Luke Spokes,Weston-super-Mare AFC,745,Left Defensive Midfielder,Left Centre Midfielder,England,25,182,0,0,0.21,0.09,2.42,0,10,3,,0.03,0.12,0.09,0.73,0.12,0.09,0.73,0,0,0,0.12,0.3,3.14,-0.18,1.21,0.73,0.48,60,0.48,0,2.05,2.05,0.97,1.11,1.69,2.01,22.24,7.98,0.03,9.31,45.08,7.61,10.64,1.81,2.78,71,2.11,3.22,1.45,50,0.73,42,1.33,0,18.98,21.41,6.77,7.01,2.78,49.26,8.94,47,4.83,69,0.36,0,0,33.36,70,1.81,19,33,2.66,4.47,24,69,-1,56.15,3.51,0.35,0.53,26.95,91,4.43,9.07,0.24,0.12,0.12,0.12,2.3,2.42,0,50,0.24,25,0.12,26,66,9,17,80,3,21.64,19.25,0.89,99,-2.38,19.27,18.97
Luke Spokes,Kidderminster Harriers,909,Left Defensive Midfielder,Right Defensive Midfielder,England,25,182,0.2,0.2,0.08,0.05,1.49,13,33,2,,0.17,0.1,0.06,1.39,0,0.02,0.99,0.1,0.03,0.4,0.3,0.14,2.87,0.16,1.09,0.69,0.4,64,1.19,0,1.98,0.89,1.29,0.88,2.48,2.19,19.21,7.53,0.01,7.33,44.64,7.63,13.47,1.49,2.77,71,1.31,2.2,1.98,17,0.59,54,2.18,0,15.75,15.87,5.74,5.25,2.28,48.33,7.43,47,3.76,72,0.2,0,0,32.88,65,4.36,22,44,3.76,8.52,23,64,-1,55,5.84,0.27,0.32,23.37,93,4.52,9.9,1.19,0.69,0.5,0,1.09,1.78,0.1,8,0.2,18,0.1,26,65,9,30,62,8,24.22,19.84,0.88,86,-4.38,21.42,17.16
Luke Summerfield,Chorley,544,Left Defensive Midfielder,Centre Defensive Midfielder,England,38,183,0,0,0.03,0.04,0.83,0,20,1,,0,0,0,0,0,0,0,0,0,0,0,0.03,0.83,-0.03,0.83,0.5,0.33,60,0.33,0,0.33,0.66,0.99,0.53,1.65,2.15,9.75,5.29,0.07,5.13,35.08,7.77,16.04,0.66,1.65,67,0.5,1.03,0.5,67,0.33,57,1.32,0,8.6,6.02,3.47,1.32,0.33,39.82,2.65,31,0.83,63,0.17,0,0,40.84,73,7.11,11,61,3.31,10.09,13,66,-7,48.9,6.45,0.32,0.32,28.77,99,4.74,7.61,0.83,0.5,0.33,0,0.5,0.99,0,0,0,0,0,27,63,10,41,57,2,24.63,25.54,0.93,93,0.91,22.99,23.72
Luke Tabone,Southport,899,Right Centre Back,Left Centre Back,Malta,28,193,0,0,0,0.01,0.1,0,0,0,,0,0,0.01,0.1,0,0.01,0.1,0,0,0,0,0.01,0.2,-0.01,0,0,0,,0.4,0,0,0.2,1.4,2.11,7.4,9.89,7.5,4.6,0.05,4.4,22.09,1.5,12.71,1.6,3,76,2.12,4.23,0.6,67,0.5,68,4.2,0,5.3,7.35,1.9,0.8,0.2,29.95,0.9,17,0.3,38,0.1,0,0,45.93,80,3,13,42,8.41,6.1,9,58,-22,32,1.6,0.17,0.17,31.52,99,5.78,2.1,0,0,0,0.2,0.7,0.7,0,,0,0,0.2,27,69,4,29,57,14,23.01,23.02,0.9,93,0.01,20.72,21.38
Luke Waterfall,Worksop Town FC,2406,Right Centre Back,Centre Back,England,35,188,0.11,0.11,0.09,0.13,0.67,17,44,0,,0.11,0,0.03,0.19,0,0.03,0.15,0,0,0.04,0.11,0.12,0.86,-0.01,0.15,0.15,0,100,0.56,0,0.11,0.15,1.53,1.12,8.27,6.21,9.91,5.09,0.09,5.42,24.65,2.21,14.44,1.27,2.81,71,0.91,2.03,0.82,30,0.52,67,5.61,0,7.82,6.24,3.11,1.83,0.75,30.81,1.46,19,0.9,49,0.19,0,0,25.4,62,1.8,11,36,8.79,4.53,22,58,-5,37.3,1.72,0.24,0.28,10.66,99,4.77,2.32,0.07,0.07,0,0.3,2.32,2.39,0,50,0.04,33,0.37,44,51,5,52,45,3,23.83,17.46,0.88,97,-6.37,21.08,16.99
Luke Woolston,South Shields,1046,Right Defensive Midfielder,Centre Defensive Midfielder,England,21,177,0.09,0.09,0.04,0.03,1.03,8,25,1,,0.04,0,0.05,0.69,0,0.05,0.6,0,0,0.09,0.09,0.08,1.72,0,0.69,0.17,0.52,25,0.86,0,1.72,1.89,1.29,1.79,2.24,3.04,14.12,6.11,0.01,5.42,39.72,4.22,11.19,1.64,2.93,59,2.35,4.14,0.52,19,1.12,39,0.6,0,11.96,16.58,3.96,4.73,1.81,43.34,4.56,38,2.5,53,0.09,0,0,54.22,84,2.75,8,56,3.27,3.87,20,85,2,49.32,5.16,0.71,0.76,45.19,96,5.47,11.62,1.03,0.95,0.09,0.17,1.55,2.5,0,17,0.17,29,0.34,21,65,13,27,63,10,18.9,18.38,0.94,90,-0.52,17.81,16.59
Lyle Taylor,Chelmsford City,1936,Centre Forward,Left Centre Forward,Montserrat,36,188,0.6,0.42,0.31,0.13,2.42,17,42,4,80,0.31,0.14,0.13,1.49,0.14,0.12,1.3,0,0.01,0.19,0.56,0.45,3.91,0.11,0.37,0.23,0.14,63,1.07,0.09,1.39,2.79,0.19,0.16,0.7,0.71,12.32,4.23,0.03,3.16,64.67,3.39,4.65,0.23,0.42,100,0.25,0.41,1.21,,0,41,1.49,0,10.93,10.03,2.84,2.65,0.84,69.23,9.25,85,2.46,93,0.23,0,0,20.83,63,0.88,11,44,1.16,1.53,26,58,-5,66.5,1.16,0.43,0.68,16.88,89,4.24,7.62,1.02,0.84,0.19,0.98,7.35,8.18,0.09,23,0.37,24,1.44,21,62,18,21,59,20,16.55,14.37,0.91,95,-2.18,15.11,13.67
M.Achuba,Hemel Hempstead Town,1898,Left Defensive Midfielder,Centre Attacking Midfielder,England,24,,0,0,0.07,0.1,0.71,0,20,1,,0.07,0.05,0.05,0.52,0.05,0.03,0.47,0,0.01,0.05,0.05,0.12,1.23,-0.07,1.47,1,0.47,68,1.66,0,1.42,1.52,0.71,0.57,2.18,1.83,22.81,10.76,0.01,7.07,43.82,7.4,12.99,2.8,3.51,82,2.06,2.63,1.33,54,0.62,47,2.04,0,18.78,15.1,5.69,5.5,1.99,46.44,8.16,43,3.84,70,0.09,0,0,26.56,67,1.8,3,49,2.75,3.13,23,63,-4,56.56,3.65,0.31,0.36,20.3,90,6.17,7.64,0.57,0.57,0,0.05,0.9,1.47,0,8,0.05,17,0.28,27,62,11,26,61,12,20.55,17.27,0.97,107,-3.29,19.98,18.47
M.Atkinson,Hampton & Richmond,945,Centre Defensive Midfielder,Left Defensive Midfielder,England,27,,0,0,0,0.01,0.19,0,50,0,,0,0,0.03,0.76,0,0.03,0.76,0,0,0,0,0.03,0.95,-0.03,0.1,0.1,0,100,0.29,0,0.76,0.19,1.24,1.17,1.33,1.26,21.9,12.76,0.03,8.57,38.39,5.62,12.66,2.86,4.09,77,2.47,3.63,1.43,54,0.86,48,0.95,0,17.61,16.43,6.38,5.43,2.19,40.95,6,34,2.95,54,0.38,0,0.1,36.94,81,1.52,17,42,2,2.95,25,86,5,46.15,3.05,0.1,0.11,28.66,98,4.58,8,0.48,0.48,0,0,0.76,1.24,0.1,0,0,0,0.1,24,67,9,24,71,5,18.96,17.11,0.93,98,-1.85,17.63,16.73
M.Atkinson,Salisbury,753,Left Defensive Midfielder,Centre Defensive Midfielder,England,27,,0.12,0.12,0.03,0.06,0.6,20,40,1,,0.01,0,0.03,0.6,0,0.03,0.6,0,0,0,0.12,0.07,1.2,0.05,0.12,0.12,0,100,0.84,0,0.36,0.12,1.2,1.4,1.79,2.24,18.3,9.57,0.03,6.94,42.02,4.42,10.52,2.75,3.95,79,3.59,4.99,0.96,40,0.72,40,0.72,0,14.71,19.09,4.66,3.83,1.43,43.89,6.22,42,3.11,81,0.24,0,0,39.82,86,2.51,14,75,2.63,2.51,19,78,-9,50.1,4.78,0.47,0.5,32.29,99,6.38,10.76,0.6,0.48,0.12,0,1.32,1.79,0,20,0.12,33,0.12,27,64,10,29,63,8,18.22,17.43,0.98,94,-0.79,17.82,16.47
M.Booth,Peterborough Sports FC,1423,Right Centre Forward,Left Centre Forward,England,27,174,0.32,0.32,0.27,0.13,2.15,15,32,6,,0.27,0.06,0.07,0.63,0.06,0.07,0.63,0,0,0,0.38,0.35,2.78,0.03,1.01,0.32,0.7,31,0.44,0,1.58,2.47,0,0,0.19,0.17,16.26,5.19,0.02,4.81,66.24,2.78,4.24,0.63,0.63,59,0.68,0.68,0.7,22,0.44,26,1.9,0,14.99,16.73,4.3,4.11,1.58,67.21,12.02,80,3.67,89,0.13,0,0,14.8,64,0.63,13,63,0.38,0.82,39,63,-1,62.88,1.45,0.47,0.63,14.29,85,4.43,5.19,0.76,0.7,0.06,0.32,4.36,5.06,0,17,0.19,30,0.38,25,56,19,22,57,21,16.27,13.92,0.96,93,-2.35,15.61,12.9
M.Carter,AFC Totton,565,Centre Defensive Midfielder,Right Defensive Midfielder,England,34,182,0,0,0.01,0.02,0.32,0,0,1,,0,0,0,0,0,0,0,0,0,0,0,0.01,0.32,-0.01,0.8,0.8,0,100,1.27,0,0.48,0,1.75,1.6,5.09,4.29,16.08,7,0.07,5.57,32.2,7.32,16.56,1.59,3.34,53,1.34,2.94,1.59,11,1.43,68,3.02,0,12.89,12.04,4.14,5.09,1.59,37.29,3.18,25,2.23,44,0.32,0,0,36.77,70,3.98,10,63,5.41,6.05,16,57,-13,46.51,4.46,0.42,0.42,20.69,99,3.73,6.37,0.32,0.32,0,0,0,0.32,0,0,0,0,0,30,59,11,43,55,3,21.9,14.8,0.98,108,-7.1,21.54,15.95
M.Lewis,Hemel Hempstead Town,1864,Centre Forward,Centre Attacking Midfielder,England,21,,0.58,0.58,0.43,0.18,2.32,25,48,5,,0.41,0.14,0.2,1.26,0.14,0.2,1.26,0,0,0,0.72,0.63,3.57,0.1,1.45,0.77,0.68,53,1.3,0,2.22,4.3,0.14,0.13,0.19,0.15,17.43,5.41,0,4.88,70.77,3.57,4.15,0.48,0.63,77,0.49,0.62,1.5,0,0.14,29,1.45,0,15.45,13.92,4.59,3.81,1.21,71.62,13.32,86,3.52,92,0,0,0,16.41,72,0.53,16,65,0.43,0.58,30,72,0,69.74,1.4,0.46,0.82,18.59,78,5.12,7.72,0.72,0.63,0.1,0.82,6.57,7.19,0.14,27,0.29,33,1.16,21,61,19,18,61,21,14.29,12.54,1.01,99,-1.75,14.37,12.43
Mackenzie Heaney,Spennymoor Town,2572,Left Wing Back,Right Wing,England,27,184,0.07,0.07,0.04,0.05,0.84,8,38,1,,0.08,0.1,0.11,1.01,0.07,0.09,0.73,0.03,0.02,0.28,0.17,0.15,1.85,0.02,1.22,0.84,0.38,69,0.56,0,2.17,1.61,0.84,0.57,2.17,1.84,13.68,6.3,0.01,4.65,39.9,3.46,9.06,0.84,1.68,67,0.73,1.3,1.01,50,0.42,37,1.01,0,11.86,9.63,3.6,2.06,0.66,43.67,4.27,36,1.15,56,0.1,0,0,34.12,66,2.97,85,41,3.25,6.12,19,64,-2,54.59,4.3,0.39,0.49,30.06,93,5.49,9.31,1.61,1.26,0.35,0.1,1.36,2.62,0.24,28,0.59,23,0.24,26,57,16,27,52,21,22.2,20.15,0.88,91,-2.04,19.54,18.26
Makai Welch,AFC Hornchurch,1134,Left Back,Right Back,England,20,181,0,0,0.02,0.05,0.4,0,80,1,,0.05,0,0.01,0.16,0,0.01,0.16,0,0,0,0,0.03,0.56,-0.03,1.75,1.03,0.71,59,2.06,0,2.7,3.33,0.79,0.73,3.17,3.17,21.83,8.97,0.06,7.38,37.39,4.37,12.7,2.14,2.94,84,2.33,3.06,1.11,20,0.4,53,1.27,0.08,18.73,19.07,5.79,5.79,1.9,39.5,5.79,31,3.89,67,0.08,0,0.08,29.52,74,2.06,15,60,3.65,2.94,12,63,-11,50.94,3.97,0.45,0.45,28.1,87,5.8,7.54,0.63,0.63,0,0.16,1.67,2.3,0.08,0,0.16,22,0.56,29,56,15,19,63,18,19.34,17.56,0.96,103,-1.78,18.63,18.12
Malachi Linton,AFC Totton,1124,Centre Forward,Left Centre Forward,England,25,182,0.16,0.16,0.35,0.13,2.72,6,38,8,0,0.31,0.08,0.14,0.96,0.08,0.14,0.96,0,0,0,0.24,0.49,3.68,-0.25,0.4,0.16,0.24,40,0.88,0,1.2,1.36,0.16,0.16,0.4,0.39,14.58,4.16,0.01,4.65,64.79,2.4,3.36,0.56,0.72,70,0.41,0.57,0.8,25,0.24,23,0.72,0,13.3,14.03,4.33,4,1.28,66.21,10.33,78,3.68,92,0.08,0,0,13.94,66,0.48,10,46,0.64,0.8,30,71,5,66.39,1.6,0.28,0.74,13.62,89,6.94,5.53,0.72,0.72,0,0.4,6.81,7.53,0,44,0.4,31,0.8,15,62,23,10,70,20,16.29,14.32,0.92,91,-1.97,15.02,13.05
Malachi Ogunleye,Salisbury,1805,Right Defensive Midfielder,Centre Defensive Midfielder,Nigeria,19,,0,0,0.01,0.04,0.3,0,33,0,,0.04,0,0.01,0.15,0,0.01,0.15,0,0,0,0,0.02,0.45,-0.02,0.65,0.4,0.25,62,1,0,1.35,0.95,1.4,1.37,1.8,1.77,22.24,10.02,0.03,8.68,38.3,7.73,14.81,2.99,4.39,74,3.36,4.73,1.25,30,1.05,41,1.15,0,18,19.8,6.93,7.33,2.69,40.75,6.38,35,3.94,54,0.2,0,0,35.26,74,1.05,14,29,2.24,3.14,23,72,-2,50.37,3.89,0.28,0.29,26.63,96,4.75,7.38,0.6,0.6,0,0.1,0.55,1.15,0.2,8,0.15,60,0.15,33,59,8,36,61,3,18.99,16.71,0.89,97,-2.28,16.96,16.13
Malakai McKenzie,Southport,1220,Right Wing,Right Midfielder,England,22,174,0.37,0.37,0.15,0.06,2.51,15,41,4,,0.31,0.15,0.15,1.55,0.15,0.14,1.48,0,0.01,0.07,0.52,0.3,4.06,0.21,1.84,0.96,0.89,52,0.74,0,1.99,2.36,0.44,0.53,0.07,0.11,10.84,4.8,0,3.47,48.5,2.58,4.72,1.25,1.7,77,1.42,1.96,0.66,0,0.37,20,0.3,0,8.93,10.53,2.66,2.29,0.89,49.79,4.21,47,1.7,74,0.22,0,0,23.83,78,0.52,83,33,0.3,1.33,29,73,-5,59.12,2.95,0.3,0.48,26.26,91,7.64,8.34,1.25,1.18,0.07,0.37,2.95,4.13,0.07,35,0.52,24,0.44,15,68,17,21,60,19,17.43,16.12,0.94,95,-1.31,16.36,15.35
Maliq Anthony Cadogan,Peterborough Sports FC,487,Left Centre Midfielder,Left Midfielder,England,22,179,0.37,0.37,0.16,0.07,2.4,15,38,3,,0.15,0,0.05,0.74,0,0.05,0.74,0,0,0,0.37,0.21,3.14,0.16,1.11,0.74,0.37,67,0.37,0,0.74,1.48,0.18,0.27,0.74,0.72,16.63,9.05,0.03,5.73,46.31,5.17,7.95,1.11,1.29,60,1.24,1.51,1.29,0,0.74,0,0,0,14.23,15.25,3.88,4.44,0.92,51.06,7.39,52,3.33,75,0.18,0,0,36.96,74,3.14,10,44,1.66,6.28,17,84,10,63.29,6.65,0.67,0.77,33.63,96,6.18,14.97,0.92,0.74,0.18,0.18,4.07,4.8,0,40,0.37,13,0.18,17,70,14,22,63,15,21.93,19.48,0.93,108,-2.46,20.32,21.03
Marcel Oakley,Peterborough Sports FC,2195,Right Back,Right Wing Back,England,23,175,0.04,0.04,0.05,0.12,0.41,10,40,1,,0.08,0,0.1,0.53,0,0.1,0.53,0,0,0,0.04,0.15,0.94,-0.11,0.98,0.78,0.2,79,1.07,0,1.52,1.19,1.27,1.41,2.21,2.72,18.94,7.95,0.01,6.89,34.37,3.94,11.19,3.48,4.76,89,4.03,5.43,1.19,62,0.45,44,1.6,0,14.47,16.5,4.84,3.61,1.43,36.42,4.14,29,2.34,65,0.16,0,0,35.95,74,1.93,7,51,2.91,3.07,15,64,-11,52.79,3.73,0.44,0.55,30.91,95,6.24,9.22,0.98,0.9,0.08,0.16,1.39,2.3,0.04,33,0.41,26,0.29,26,59,15,21,56,23,18.75,18.37,0.93,99,-0.38,17.45,18.19
Marcus Poscha,Curzon Ashton FC,1473,Right Centre Back,Centre Back,England,29,180,0,0,0,,0,,,0,,0,0,0.03,0.18,0,0.03,0.18,0,0,0,0,0.03,0.18,-0.03,0,0,0,,0.24,0,0.06,0.06,1.16,0.83,4.15,3.32,8.8,3.73,0.1,4.22,24.84,0.86,11.18,1.04,2.2,71,0.67,1.5,0.67,45,0.43,45,1.53,0.06,7.09,5.09,2.44,1.59,0.55,29.64,1.1,16,0.61,38,0.12,0,0,35.43,81,4.95,19,55,4.95,8.13,11,64,-16,31.82,1.83,0.31,0.31,24.56,100,4.24,2.02,0.12,0.12,0,0.12,0.43,0.55,0.06,0,0.06,100,0.12,31,66,3,55,45,0,27.36,23.78,0.9,90,-3.58,24.59,21.3
Marcus Sablier,Tonbridge Angels FC,1225,Centre Attacking Midfielder,Left Centre Midfielder,England,23,195,0.07,0.07,0.08,0.09,0.88,8,17,1,,0.08,0.44,0.24,1.98,0.29,0.2,1.4,0.15,0.05,0.59,0.51,0.32,2.87,0.19,1.32,1.03,0.29,78,1.18,0,1.62,2.06,0.66,0.38,0.88,0.84,19.03,9.04,0,5.66,47.3,4.55,8.6,1.18,1.84,67,0.83,1.21,1.03,30,0.59,23,0.51,0,16.82,15.02,4.7,5.22,1.54,49.25,7.79,46,3.38,65,0.07,0,0,36.07,72,2.2,8,44,1.18,4.7,17,67,-5,59.63,3.6,0.36,0.54,31.15,94,4.23,12.42,1.91,1.32,0.59,0.37,1.62,2.94,0.29,8,0.37,24,0.51,22,58,20,20,57,22,20.01,15.2,0.93,94,-4.81,18.56,14.34
Mark Beck,Alfreton Town,719,Centre Forward,Centre Attacking Midfielder,Scotland,32,196,0.38,0.25,0.1,0.06,1.63,15,23,2,100,0.17,0.25,0.13,1.25,0.25,0.13,1.25,0,0,0,0.5,0.23,2.88,0.27,0.63,0.25,0.38,40,0.75,0.13,1.25,3.51,0.25,0.19,1.63,1.05,14.65,6.14,0.04,3.01,55.99,3.63,4.88,0.25,0.5,67,0.11,0.29,1,50,0.13,57,11.14,0,13.4,6.87,2.63,2.75,0.63,61.46,9.89,74,1.88,68,0,0,0,27.3,55,0.5,83,50,1.88,0.75,45,49,-6,65.44,1.63,0.32,0.45,12.27,81,3.49,8.77,0.75,0.75,0,1.25,7.39,8.14,0,0,0.13,50,1.38,22,65,13,13,70,17,15.22,14.95,1,97,-0.27,15.21,14.57
Mark Ellis,Chorley,2419,Right Centre Back,Left Centre Back,England,37,188,0.07,0.07,0.16,0.14,1.19,6,31,0,,0.11,0.04,0.05,0.3,0.04,0.05,0.3,0,0,0,0.11,0.22,1.49,-0.1,0.04,0.04,0,100,1.3,0.04,0.22,0.19,1.38,0.95,7.96,6.75,7.14,3.53,0.09,4.24,23.6,2.83,17.04,0.89,2.27,65,0.64,1.6,0.93,35,0.48,67,5.36,0,5.32,3.58,2.08,1.23,0.45,28.17,0.52,10,0.41,33,0.19,0,0.04,28.43,55,3.2,14,39,8.97,7.26,21,47,-8,38.68,2.08,0.39,0.55,10.9,99,4.46,2.98,0.3,0.3,0,0.41,4.73,5.02,0,0,0.04,13,0.6,45,49,6,41,55,4,27.75,21.05,0.9,98,-6.69,24.9,20.68
Mark Jones,Peterborough Sports FC,675,Right Centre Forward,Left Centre Forward,England,36,191,0,0,0.36,0.17,2.13,0,31,4,,0.28,0,0.03,0.67,0,0.03,0.67,0,0,0,0,0.39,2.8,-0.39,0.53,0.4,0.13,75,1.07,0,1.6,2.8,0.8,0.53,0.8,0.69,12.66,4.27,0.01,3.2,65.21,2.93,4.8,0.53,1.33,80,0.53,1.06,1.33,67,0.13,46,6.67,0,10.8,10.68,2.53,3.33,1.07,68.96,9.2,85,3.07,92,0.4,0,0.27,27.06,61,0.27,12,29,0.8,0.93,35,49,-12,63.04,1.6,0.54,0.62,16.13,92,4.48,8.66,0.4,0.4,0,0.67,5.73,6.13,0,33,0.27,40,1.07,21,65,14,12,72,15,15.2,13.2,0.97,95,-2,14.71,12.53
Martell Taylor-Crossdale,Tonbridge Angels FC,685,Centre Forward,Left Wing,England,26,185,0,0,0.14,0.14,1.05,0,38,2,,0.02,0.26,0.09,0.92,0.26,0.09,0.92,0,0,0,0.26,0.23,1.97,0.03,0.39,0.39,0,100,0.92,0,1.71,1.44,0.26,0.24,0.26,0.34,15.5,6.7,0,3.94,55.42,1.58,4.99,0.79,1.05,67,0.96,1.21,1.31,25,0.39,13,0.39,0,13.39,12.82,3.41,1.97,0.39,57.02,8.27,62,1.44,73,0.39,0,0,23.38,75,0.39,10,27,0.39,1.31,31,75,0,55.51,1.31,0.14,0.41,21.27,93,5.54,6.17,0.26,0.26,0,0.13,2.63,2.89,0.26,100,0.26,17,0.13,9,61,30,13,60,28,14.94,12.48,0.91,100,-2.46,13.54,12.54
Martin Woods,Worksop Town FC,736,Left Defensive Midfielder,Left Centre Midfielder,Scotland,40,175,0,0,0.07,0.07,0.98,0,50,1,,0.02,0.24,0.07,0.49,0.24,0.07,0.49,0,0,0,0.24,0.14,1.47,0.11,0.73,0.24,0.49,33,0.73,0,0.98,0.86,0.61,0.52,2.08,1.41,18.95,10.88,0.02,6.11,41.01,6.97,13.08,2.2,2.81,62,1.34,1.86,1.71,43,1.35,61,1.71,0,15.16,10.28,4.16,3.06,0.86,43.9,5.38,35,1.83,60,0.24,0,0,31.92,69,1.96,67,38,2.81,4.4,16,71,2,53.44,2.08,0.22,0.29,20.79,95,3.62,6.97,1.1,0.61,0.49,0.12,1.59,2.2,0,22,0.24,40,0.37,26,63,11,25,68,7,19.81,19.89,0.9,104,0.09,17.82,20.72
Mason Bloomfield,Farnborough,1903,Centre Forward,Centre Attacking Midfielder,England,29,191,0.24,0.24,0.26,0.17,1.56,15,42,2,,0.18,0.09,0.03,0.52,0.09,0.03,0.52,0,0,0,0.33,0.29,2.08,0.04,0.95,0.47,0.47,50,0.19,0,2.51,3.64,0.28,0.3,2.22,1.78,16.08,6.1,0.03,4.4,54.62,3.26,5.11,0.95,1.23,67,0.8,1.1,1.47,23,0.47,41,4.87,0,13.67,10.99,3.36,4.4,1.42,63.12,9.98,73,3.88,88,0,0,0,21.38,68,0.47,9,48,2.27,0.95,38,64,-4,61.11,1.75,0.36,0.52,17.64,80,4.41,6.72,0.24,0.24,0,0.14,3.78,4.02,0.05,20,0.05,33,0.33,21,60,19,15,61,23,14.64,12.86,0.97,96,-1.78,14.27,12.4
Mason O'Malley,Worksop Town FC,2970,Left Back,Left Wing Back,England,24,170,0,0,0.01,0.06,0.21,0,29,0,,0,0.06,0.06,0.79,0.06,0.06,0.7,0,0.01,0.09,0.06,0.08,1,-0.02,0.27,0.12,0.15,44,0.39,0,0.45,0.58,1.61,1.08,2.94,2.17,15.09,8,0.03,5.76,35.01,4.39,10.51,1.94,3.55,61,1.54,2.62,0.61,33,1.24,49,1.45,0,12.54,9.7,4.21,2.97,1.21,38.69,4.15,33,1.91,64,0.06,0,0,27.94,59,3.64,76,41,4,7.88,13,47,-12,51.07,4.64,0.25,0.31,17.54,97,4.28,6.51,1.03,0.7,0.33,0.24,1.15,1.85,0.03,41,0.67,29,0.18,39,52,8,40,49,11,24.61,21.35,0.89,93,-3.27,21.82,19.9
Mat Richards,Hereford FC,1099,Left Defensive Midfielder,Right Defensive Midfielder,England,21,177,0,0,0.02,0.06,0.25,0,33,0,,0.01,0,0.03,0.33,0,0.03,0.33,0,0,0,0,0.04,0.57,-0.04,0.65,0.41,0.25,63,0.16,0,0.82,0.82,0.82,0.91,1.96,2.03,25.21,12.44,0.03,8.43,39.82,7.37,13.26,1.88,2.7,79,2.19,3.1,1.56,67,0.49,46,1.31,0,21.86,21.12,6.96,6.06,2.05,42.08,7.69,35,2.95,49,0.08,0,0,35.36,79,2.87,25,65,2.95,3.44,18,69,-10,51.29,4.42,0.47,0.5,23.74,96,4.55,8.76,0.41,0.41,0,0.08,0.74,1.15,0.16,20,0.08,33,0.08,24,65,11,22,69,8,20.44,19.73,0.98,103,-0.72,19.96,20.38
Matt Bowman,Bath City,1074,Left Defensive Midfielder,Left Centre Midfielder,Switzerland,23,,0.25,0.25,0.15,0.13,1.17,21,21,1,,0.16,0.08,0.08,0.75,0.08,0.08,0.75,0,0,0,0.34,0.23,1.93,0.11,1.34,0.59,0.75,44,2.35,0,1.43,2.68,0.75,0.61,2.43,2.3,28.84,13.5,0.03,9.72,43.92,8.47,16.35,3.52,4.28,84,2.72,3.33,1.76,43,0.67,45,4.36,0,23.56,18.03,7.46,5.95,2.51,47.38,10.81,46,4.44,75,0.42,0,0,31.52,62,0.84,16,24,3.19,2.68,28,57,-5,54.22,2.85,0.39,0.4,21.55,88,5.33,6.96,0.5,0.5,0,0.17,2.1,2.6,0.25,0,0,0,0.34,39,52,9,30,59,11,19.19,16.34,0.92,90,-2.85,17.74,14.71
Matt Briggs,Salisbury,1571,Right Wing Back,Right Wing,England,30,180,0.11,0.11,0.11,0.1,1.15,10,45,2,,0.12,0.17,0.11,0.92,0.17,0.09,0.69,0,0.02,0.23,0.29,0.23,2.06,0.06,1.09,0.52,0.57,47,0.92,0,0.97,2.58,0.52,0.5,0.69,0.8,13.41,5.67,0.01,4.53,49.06,2.87,6.13,1.32,1.83,62,1.33,1.83,0.63,18,0.8,42,1.89,0,11.52,11.73,3.21,2.75,0.8,50.23,5.79,50,2.23,81,0,0,0,21.26,65,0.97,15,38,0.86,2.41,21,55,-9,60.77,1.2,0.32,0.44,17.82,89,5.23,6.02,0.8,0.4,0.4,0.29,2.58,2.98,0.23,0,0.06,7,0.46,22,63,15,15,64,21,18.39,15.54,0.9,97,-2.85,16.49,15.05
Matt Burgess,Eastbourne Borough,383,Right Centre Midfielder,Centre Defensive Midfielder,England,23,186,0.24,0.24,0.13,0.27,0.47,50,100,1,,0.36,0.24,0.14,0.94,0.24,0.14,0.94,0,0,0,0.47,0.27,1.41,0.2,0.71,0,0.71,0,1.88,0,1.88,2.12,0.24,0.32,0.71,0.68,24.92,9.64,0.02,8.46,49.6,2.35,5.88,1.41,1.65,86,1.41,1.73,0.71,100,0.24,30,1.65,0,22.8,20.44,7.05,7.05,2.59,51.22,11.28,49,4.7,67,0,0,0,20.92,79,0.24,27,33,0.94,0.47,29,79,-1,54.16,2.59,0.36,0.49,16.46,91,5.44,5.88,0.71,0.71,0,0.24,1.65,2.35,0.24,33,0.24,25,0.47,11,68,21,12,84,4,16.99,13.12,0.97,109,-3.88,16.46,14.29
Matt Burgess,Worthing FC,871,Centre Attacking Midfielder,Left Attacking Midfielder,England,23,186,0,0,0.07,0.06,1.03,0,40,2,,0.07,0,0.03,0.83,0,0.02,0.72,0,0.01,0.1,0,0.09,1.86,-0.09,0.72,0.21,0.52,29,1.24,0.1,2.17,2.38,0.31,0.43,0.52,0.76,23.16,9.1,0.01,9.51,53.29,2.89,6,2.58,2.89,89,3.89,4.32,1.34,40,0.31,37,0.72,0,19.23,26.53,7.86,5.48,2.58,54.83,11.27,59,3.82,70,0.21,0,0,26.26,83,0.93,26,64,0.72,1.24,24,83,0,54.4,2.79,0.34,0.37,25.12,88,5.13,7.65,0.62,0.52,0.1,0.1,3.2,3.72,0,0,0,0,0.31,17,64,18,24,59,16,16.1,15.18,0.99,106,-0.92,15.89,16.04
Matt Jay,Torquay United,1435,Centre Attacking Midfielder,Left Wing,England,30,178,0.19,0.19,0.22,0.15,1.44,13,48,2,,0.25,0.13,0.09,1.13,0.13,0.09,1.07,0,0,0.06,0.31,0.3,2.57,0.01,0.56,0.06,0.5,11,0.44,0,1.19,1.63,0.5,0.67,0.94,1.22,13.54,5.83,0,4.45,57.58,4.08,7.21,0.69,1.19,58,0.71,1.38,0.38,22,0.5,38,0.88,0,12.6,14.35,3.76,3.7,1.5,60.36,8.59,68,3.01,81,0,0,0,27.97,78,1.13,17,53,1.32,1.76,22,68,-10,59.16,2.88,0.4,0.65,22.95,93,4.56,10.91,1.13,1,0.13,0.44,4.01,5.02,0.06,6,0.25,44,0.88,23,58,19,25,56,19,16.49,15.4,0.95,98,-1.09,15.72,15.09
Matt Lench,Chesham United FC,1460,Left Defensive Midfielder,Right Centre Midfielder,England,33,177,0.18,0.12,0.2,0.12,1.6,8,19,1,100,0.17,0,0.05,0.8,0,0.04,0.68,0,0.01,0.12,0.12,0.25,2.4,-0.13,0.74,0.37,0.37,50,1.17,0,1.36,0.99,1.48,1.6,2.28,2.19,17.57,8.38,0.02,7.46,41.95,8.07,17.07,1.85,3.33,71,2.09,3.69,1.11,39,0.74,53,1.91,0,14.61,16.03,5.3,4.99,1.79,45.2,5.79,40,2.96,59,0.25,0,0,42.29,77,3.7,16,55,2.9,6.16,19,66,-11,50.11,4.5,0.3,0.47,32.3,96,5.51,9.25,1.48,1.05,0.43,0.12,1.79,2.84,0.06,13,0.18,27,0.25,23,61,16,28,61,11,20.59,16.84,0.94,104,-3.75,19.38,17.59
Matt Preston,Hereford FC,1451,Left Centre Back,Centre Back,England,31,183,0,0,0.05,0.1,0.5,0,25,0,,0.02,0,0.03,0.25,0,0.03,0.25,0,0,0,0,0.07,0.74,-0.07,0.12,0.12,0,100,0.56,0,0.37,0.19,0.93,0.88,5.58,5.46,7.63,3.54,0.06,4.28,23.14,1.8,12.53,1.18,2.11,79,1.41,2.29,1.18,60,0.31,66,2.85,0,5.27,5.17,2.23,1.05,0.37,28.18,0.5,9,0.43,41,0.19,0.06,0,28.9,75,2.79,11,55,6.45,4.22,17,65,-10,34.26,0.99,0.33,0.37,16.44,99,4.94,1.43,0.06,0.06,0,0.25,1.55,1.61,0,0,0.06,50,0.31,32,65,3,26,61,13,23.42,20.05,0.93,102,-3.37,21.73,20.46
Matt Robinson,Maidenhead United,2816,Left Defensive Midfielder,Left Centre Midfielder,England,31,188,0.06,0.06,0.07,0.06,1.25,5,18,1,,0.07,0.06,0.08,1.41,0.06,0.07,1.31,0,0,0.1,0.13,0.15,2.65,-0.02,0.86,0.51,0.35,59,1.02,0,0.8,1.02,0.93,0.98,1.57,1.8,17.67,8.28,0.03,7.22,41.01,8.5,15.95,2.27,3.2,66,2.4,3.37,0.74,33,1.18,58,1.44,0,14.73,15.58,5.31,4.76,1.82,43.02,5.27,36,2.68,56,0.16,0,0,48.49,79,2.27,48,49,2.21,4,19,73,-6,54.08,6.94,0.5,0.53,37.71,97,4.73,15.34,0.89,0.8,0.1,0.1,1.5,2.3,0.13,18,0.16,38,0.42,31,59,10,34,59,7,19.3,18.25,0.95,95,-1.05,18.29,17.26
Matt Stenson,AFC Telford United,1723,Centre Forward,Left Centre Forward,England,32,188,0.78,0.68,0.59,0.15,3.97,17,36,9,50,0.6,0,0.04,0.57,0,0.04,0.57,0,0,0,0.68,0.63,4.54,0.05,1.51,0.99,0.52,66,1.2,0.1,2.3,3.39,0.31,0.35,0.89,0.81,15.41,6.01,0.02,3.39,62.81,2.3,3.55,0.31,0.63,55,0.35,0.69,1.83,17,0.26,36,3.03,0.1,13.27,12.12,3.03,3.03,0.89,67.8,11.18,84,2.66,88,0.52,0,0,14.05,62,1.2,9,61,1.25,1.62,41,55,-6,60.45,1.57,0.46,0.85,15.67,81,6.04,4.23,0.47,0.47,0,0.26,8.1,8.57,0.05,11,0.1,25,0.52,19,65,15,17,63,20,18.98,15.08,0.98,102,-3.91,18.66,15.34
Matt Worthington,Torquay United,2069,Right Defensive Midfielder,Left Defensive Midfielder,England,28,179,0.04,0.04,0.05,0.07,0.65,7,27,1,,0.04,0.04,0.04,0.52,0.04,0.04,0.48,0,0,0.04,0.09,0.09,1.17,0,0.3,0.13,0.17,43,0.61,0,0.61,0.83,0.74,0.82,2.26,3.06,13.05,6.18,0.05,5.39,39.91,5.96,12.22,0.96,1.7,73,1.18,2,1.35,42,0.35,53,1.65,0,10.74,12.87,4.04,3.17,1.39,43.79,4.09,38,2.04,64,0.13,0,0,44.58,79,3.65,6,53,2.74,6.48,14,77,-2,50.65,5.04,0.39,0.42,33.92,98,5.31,10.83,0.91,0.74,0.17,0.09,1.13,1.87,0.09,24,0.26,33,0.17,25,64,11,29,56,15,21.39,16.77,0.92,92,-4.62,19.59,15.49
Matthew Dolan,Spennymoor Town,2122,Left Defensive Midfielder,Centre Back,England,33,175,0,0,0.04,0.05,0.98,0,22,1,,0.05,0.04,0.09,0.93,0,0.04,0.42,0.04,0.05,0.51,0.04,0.13,1.91,-0.09,0.47,0.38,0.08,82,1.32,0,0.51,0.47,0.76,0.69,2.76,2.49,8.91,4.5,0.03,4.41,35.04,4.75,12.22,1.1,1.87,70,1,1.69,0.47,29,0.47,65,2.21,0,7.38,6.31,2.93,2.42,0.89,40.21,2.29,31,1.1,46,0.13,0,0,34.45,74,2.93,80,43,3.61,5.98,17,68,-6,48.63,3.44,0.34,0.35,22.61,98,3.81,6.66,0.98,0.3,0.68,0.08,0.51,0.81,0.04,26,0.3,25,0.08,24,61,15,29,65,6,21.98,17.74,0.89,86,-4.24,19.51,15.32
Matthew Harris,Merthyr Town FC,1541,Left Centre Back,Centre Back,Wales,37,,0.06,0.06,0.04,0.11,0.35,17,17,0,,0.05,0,0.01,0.18,0,0.01,0.18,0,0,0,0.06,0.05,0.53,0.01,0.18,0.12,0.06,67,0.23,0,0.06,0.29,0.64,0.66,5.2,6.57,7.48,3.56,0.1,5.14,20.48,1.23,10.98,0.88,1.52,63,1.14,1.8,0.64,33,0.53,61,1.93,0,5.96,8,2.92,1.52,0.82,26.37,0.7,12,0.23,15,0.23,0,0,59.82,89,4.26,17,62,6.13,5.96,11,71,-18,30.38,1.4,0.51,0.53,50.88,100,4.63,1.87,0.06,0.06,0,0,0.82,0.88,0.12,0,0,0,0.12,23,73,4,31,66,3,21.69,20.62,0.95,94,-1.06,20.56,19.31
Matthew James,Salisbury,1450,Centre Forward,Left Centre Forward,England,36,176,0.12,0.12,0.25,0.11,2.17,6,34,3,,0.14,0.12,0.12,1.37,0.12,0.12,1.37,0,0,0,0.25,0.37,3.54,-0.12,0.56,0.37,0.19,67,1.86,0,1.68,2.73,0.25,0.21,0.5,0.4,11.05,3.85,0.03,2.98,56.99,4.03,5.71,0.62,0.87,59,0.55,0.77,1.92,22,0.43,34,2.23,0,8.5,8.67,2.42,2.3,0.62,60.88,5.9,69,2.05,89,0.19,0,0,26.75,69,0.99,17,48,0.81,1.74,25,62,-6,61.45,2.05,0.25,0.53,22.84,90,4.72,8.44,0.74,0.74,0,0.25,4.34,5.09,0.06,0,0,0,0.74,13,68,18,14,69,17,16.13,13.4,0.95,97,-2.72,15.35,12.95
Matthew McClure,Chesham United FC,743,Right Centre Forward,Left Centre Forward,Northern Ireland,34,178,0.24,0.24,0.37,0.18,2.06,12,35,3,,0.36,0,0.03,0.48,0,0.03,0.48,0,0,0,0.24,0.4,2.54,-0.16,0.24,0.12,0.12,50,0.12,0,0.97,2.67,0.24,0.22,0.12,0.15,19.75,5.94,0,4.73,62.29,4.12,5.7,0.61,0.85,42,0.61,0.83,2.54,29,0.85,52,3.03,0,16.96,16.28,4.36,4.6,1.33,62.32,12,71,3.39,74,0,0,0,17.81,70,0.97,64,67,0.61,0.97,31,57,-14,58.62,1.45,0.39,0.48,14.06,81,4.07,5.21,0.61,0.61,0,0.12,4.24,4.85,0.24,20,0.12,33,0.48,21,63,16,28,58,14,16.04,15.47,1.03,100,-0.56,16.46,15.46
Matthew McDonald,Marine,1321,Centre Attacking Midfielder,Left Centre Midfielder,England,23,185,0.27,0.27,0.24,0.13,1.84,15,37,4,,0.44,0.2,0.08,1.09,0.2,0.08,1.09,0,0,0,0.48,0.33,2.93,0.15,1.36,0.82,0.54,60,0.82,0,1.7,2.79,0.68,0.4,1.09,0.71,23.3,10.08,0.03,7.08,49.39,5.25,8.99,1.57,2.25,72,1.2,1.6,2.45,50,0.61,30,1.16,0,19.28,13.82,5.72,5.93,1.98,51.96,11.24,58,4.5,76,0.2,0,0,20.44,60,1.7,15,58,1.77,2.25,25,51,-9,61.89,3.07,0.41,0.57,18.73,86,7.22,7.29,0.68,0.68,0,0.34,4.09,4.77,0.07,10,0.14,20,0.82,29,58,14,21,64,16,19.25,18.12,0.98,94,-1.13,18.9,17
Matthew Sargent,Radcliffe,1781,Right Defensive Midfielder,Right Centre Midfielder,Wales,24,184,0.05,0.05,0.08,0.08,1.06,5,10,1,,0.01,0.05,0.05,0.81,0.05,0.05,0.76,0,0,0.05,0.1,0.14,1.87,-0.03,0.76,0.45,0.3,60,1.01,0,1.06,1.52,0.51,0.34,1.47,1.11,18.9,9.45,0.02,6.67,42.7,6.77,12.59,1.57,2.07,74,1.35,1.68,1.01,39,0.56,51,1.92,0,16.33,13.4,5.41,4.5,1.92,45.24,6.47,40,3.23,72,0.3,0.05,0,33.16,74,2.22,14,52,2.07,3.69,21,75,2,54.8,5.21,0.31,0.38,24.06,94,7.09,9.65,0.66,0.61,0.05,0.05,1.62,2.22,0,23,0.15,25,0.25,30,61,10,32,63,5,19.34,18.12,0.95,100,-1.22,18.36,18.06
Matthew Warren,Tonbridge Angels FC,2344,Right Defensive Midfielder,Left Defensive Midfielder,England,,,0.04,0.04,0.03,0.07,0.42,9,18,1,,0.01,0,0.01,0.19,0,0.01,0.19,0,0,0,0.04,0.04,0.61,0,0.35,0.23,0.12,67,0.35,0,0.77,0.65,1.07,0.78,2.57,1.83,22.77,11.13,0.04,8.25,36.27,5.37,12.25,2.61,3.69,80,1.76,2.54,1.34,50,0.65,47,1.65,0,18.93,13.12,6.1,4.95,1.61,38.61,5.03,27,2.27,46,0.15,0,0,29.02,69,1.34,18,33,3.46,3.15,18,67,-2,48.45,2.38,0.17,0.18,20,97,5.45,5.95,0.46,0.46,0,0.08,0.92,1.38,0,17,0.08,13,0.04,29,55,16,25,55,19,20.52,21.05,0.89,93,0.53,18.35,19.57
Mauro Vilhete,Hemel Hempstead Town,691,Left Wing,Right Wing,England,33,174,0.26,0.26,0.15,0.08,1.82,14,36,3,,0.2,0,0.14,1.82,0,0.12,1.3,0,0.03,0.52,0.26,0.29,3.64,-0.03,1.17,0.39,0.78,33,0.65,0,2.34,3.78,0.65,0.59,1.04,0.84,16.53,7.29,0,4.56,44.04,4.43,6.38,1.95,2.6,75,1.96,2.55,0.91,55,0.65,42,3.51,0,13.8,13.37,3.91,4.3,1.04,46.63,6.12,44,2.6,61,0.26,0.13,0,24.99,64,1.43,19,42,1.43,2.99,28,62,-2,65.17,2.47,0.27,0.4,22.91,83,4.6,9.11,2.08,1.56,0.52,0.65,3.78,5.34,0.13,19,0.65,28,0.91,24,63,13,27,60,13,19.03,14.05,0.92,101,-4.98,17.52,14.12
Max Bardell,Buxton,2243,Right Centre Back,Right Back,England,23,180,0.08,0.08,0.04,0.09,0.52,15,46,0,,0.04,0.04,0.05,0.4,0.04,0.05,0.4,0,0,0,0.12,0.09,0.92,0.03,1.08,0.56,0.52,52,1.04,0,1.04,0.96,0.8,0.91,6.1,7.82,10.79,4.49,0.08,4.97,28.15,2.93,13.6,1.64,2.45,87,1.81,2.72,1.24,57,0.24,67,3.73,0.04,7.9,9.29,2.81,2.21,0.6,36,2.09,26,1.2,55,0.24,0.04,0,44.86,74,4.05,8,45,7.42,7.66,14,58,-16,40.54,5.18,0.33,0.37,35.67,97,7.45,6.14,0.72,0.52,0.2,0.16,1.28,1.81,0,11,0.12,19,0.2,36,58,6,48,42,10,24.15,23.8,0.89,85,-0.35,21.58,20.19
Max Benjamin Ram,Leamington FC,702,Right Centre Back,,England,25,191,0.13,0.13,0.05,0.08,0.64,20,60,0,,0.13,0,0.11,0.26,0,0.11,0.26,0,0,0,0.13,0.15,0.9,-0.03,0,0,0,,0.77,0,0.13,0.26,1.79,0.83,8.46,4.36,8.59,3.33,0.07,3.97,25.42,1.03,12.04,0.77,2.56,55,0.43,1.26,1.41,50,0.64,73,4.87,0,6.41,4.25,2.43,1.67,0.77,32.93,1.03,16,0.64,38,0.13,0,0,19.48,63,1.15,22,29,9.1,3.33,24,65,2,31.59,0.51,0.26,0.27,6.66,96,4.71,1.28,0,0,0,0.26,1.79,1.79,0,,0,,0.26,42,52,7,40,50,10,24.15,21.89,0.82,72,-2.26,19.93,15.87
Max Brogan,Leamington FC,857,Centre Attacking Midfielder,Right Centre Midfielder,England,24,186,0.32,0.32,0.11,0.05,2.42,13,35,3,,0.14,0,0.06,1.16,0,0.04,0.84,0,0.02,0.32,0.32,0.17,3.57,0.15,1.05,0.63,0.42,60,0.42,0,1.58,2.1,0.63,0.55,0.74,0.58,22.26,10.08,0.01,6.41,48.63,8.93,11.76,1.26,1.89,71,1.09,1.64,1.37,38,0.53,33,0.95,0,19.64,15.19,5.36,5.25,1.26,50.45,10.19,52,4.41,84,0.53,0,0,28.98,76,2.1,24,54,1.26,3.36,20,67,-9,61.79,3.68,0.29,0.35,25.2,92,5.72,10.5,1.16,0.42,0.74,0.11,1.89,2.31,0,18,0.32,38,0.53,17,68,15,14,72,14,18.24,14.12,0.95,98,-4.11,17.38,13.83
Max Edward Taylor,Fylde,2526,Right Centre Back,Centre Back,England,26,188,0.04,0.04,0.07,0.16,0.43,8,25,0,,0.04,0,0.02,0.29,0,0.02,0.25,0,0,0.04,0.04,0.09,0.71,-0.06,0.07,0.04,0.04,50,0.39,0,0.14,0.25,0.75,1.04,6.8,10.33,10.94,4.99,0.08,6.38,26.07,1.21,11.4,1.82,2.57,86,2.76,3.8,1.32,56,0.29,71,3.35,0.04,7.8,11.63,3.53,1.96,0.93,32.36,1.5,19,0.68,35,0.21,0,0,61.21,83,6.31,12,53,8.48,10.23,14,71,-12,35.95,4.7,0.54,0.61,48.2,100,6.18,5.13,0.11,0.07,0.04,0.11,1,1.07,0.11,33,0.04,33,0.14,33,63,3,47,51,3,24.82,22.92,0.89,82,-1.9,22.07,18.68
Max Ehmer,Ebbsfleet United,1475,Centre Back,Left Centre Back,Germany,34,188,0,0,0.03,0.14,0.24,0,0,0,,0,0,0.03,0.24,0,0.03,0.24,0,0,0,0,0.06,0.49,-0.06,0,0,0,,0.61,0,0.18,0.24,1.1,1.32,7.14,8.09,7.57,3.36,0.05,3.72,24.67,1.34,11.35,0.85,1.95,74,0.98,2.3,0.61,33,0.31,67,2.99,0.06,6.16,6.79,1.89,0.85,0.24,28.77,0.98,16,0.49,57,0.12,0,0,31.67,77,2.81,24,49,8.48,4.39,18,58,-19,35.75,1.28,0.14,0.18,21.29,98,6.04,1.95,0.24,0.24,0,0.06,1.34,1.59,0.06,0,0,,0.31,33,63,4,34,59,6,24.42,25.2,0.91,89,0.77,22.26,22.36
Max Howells,Darlington,1424,Right Wing Back,Left Wing Back,England,21,180,0.19,0.19,0.11,0.07,1.64,12,31,4,,0.09,0.06,0.13,0.76,0.06,0.13,0.76,0,0,0,0.25,0.25,2.4,0.01,1.07,0.57,0.51,53,2.47,0,1.71,1.83,0.89,0.69,1.39,1.22,19.03,8.09,0.02,6.64,42.01,4.43,8.6,2.4,3.29,78,2.24,2.93,0.95,21,0.7,50,0.7,0,15.87,14.08,5.18,3.67,1.07,44.8,6.39,40,2.91,79,0.06,0,0,20.67,64,0.7,26,34,1.71,1.71,20,57,-7,62.26,2.53,0.38,0.52,20.99,89,6.64,8.16,1.33,1.33,0,0.19,2.84,4.17,0,57,0.82,33,0.19,26,58,15,21,57,22,18.98,15.38,0.95,112,-3.6,18.11,17.27
Max Hunt,Alfreton Town,2769,Left Centre Back,Centre Back,England,27,198,0.07,0.07,0.06,0.08,0.78,8,29,0,,0.08,0.07,0.04,0.26,0.07,0.04,0.26,0,0,0,0.13,0.1,1.04,0.03,0.07,0.07,0,100,0.2,0,0.07,0.07,0.94,0.5,8.84,5.23,7.28,3.67,0.06,3.74,22.15,2.28,13.65,0.81,1.76,71,0.47,0.98,0.78,29,0.33,70,4.16,0.07,5.69,3.31,2.15,0.88,0.36,29.23,0.94,17,0.33,37,0.13,0,0,24.64,56,3.54,32,39,10.21,7.7,21,48,-8,36.79,1.85,0.18,0.22,12.19,99,4.77,2.7,0.07,0.07,0,0.33,2.73,2.8,0.07,0,0,0,0.42,46,48,6,46,43,11,30.86,24.38,0.86,93,-6.49,26.68,22.73
Max Jollife,Salisbury,445,Left Centre Midfielder,Left Defensive Midfielder,England,20,,0,0,0,,0,,,0,,0,0,0.01,0.61,0,0.01,0.61,0,0,0,0,0.01,0.61,-0.01,0,0,0,,0.81,0,1.21,0.61,0,0,4.04,4.02,23.86,10.11,0,9.1,45.48,8.49,15.37,3.84,3.84,63,4.01,4.01,1.82,15,2.22,37,2.02,0,18.2,15.97,6.07,7.28,2.83,51.61,9.5,52,5.26,72,0.2,0,0,30.74,61,1.01,27,23,4.85,3.64,19,63,3,54.33,3.84,0.18,0.18,20.83,95,5.27,7.28,0.4,0.4,0,0,0.61,1.01,0,50,0.2,13,0,34,52,14,25,61,14,20.25,18.97,0.82,94,-1.28,16.64,17.91
Max Kretzschmar,Hampton & Richmond,384,Left Centre Midfielder,Left Defensive Midfielder,England,32,174,0,0,0.13,0.07,1.87,0,25,2,,0.07,0,0.06,0.94,0,0.05,0.7,0,0.01,0.23,0,0.19,2.81,-0.19,0.47,0.47,0,100,2.11,0,2.11,1.17,0.7,0.74,0.94,1.07,11.94,4.45,0.04,5.15,49.85,9.36,12.17,1.4,2.11,55,1.22,1.96,0.47,17,1.17,43,2.11,0,10.07,9.81,4.21,3.51,1.64,54.19,5.62,56,2.58,73,0,0,0,35.82,62,2.58,21,46,1.17,5.38,19,58,-4,59.17,3.75,0.28,0.36,24.11,91,3.22,10.3,1.87,0.7,1.17,0,3.98,4.68,0,38,0.7,27,0,27,65,8,27,66,7,19.32,13.51,0.92,113,-5.8,17.68,15.27
Max Wilson,Chorley,1457,Right Defensive Midfielder,Centre Attacking Midfielder,England,19,,0.06,0.06,0.05,0.05,1.05,6,29,1,,0.05,0,0.04,0.49,0,0.04,0.49,0,0,0,0.06,0.09,1.54,-0.03,0.68,0.49,0.19,73,1.05,0,1.61,1.36,0.93,0.84,1.61,1.51,22.24,10.26,0.02,6.98,45.61,9.39,14.89,2.16,3.09,70,1.94,2.78,1.11,38,0.93,54,2.9,0,18.97,14.58,5.44,5.44,1.48,47.01,8.16,43,3.58,66,0.12,0,0,31.76,62,1.17,17,31,2.6,2.78,28,60,-2,57.32,4.02,0.37,0.42,20.7,93,6.14,8.71,0.74,0.68,0.06,0.12,2.35,3.03,0,25,0.19,21,0.31,29,58,13,26,62,13,18.97,18,0.92,94,-0.97,17.45,16.92
Maxwell Mullins,Eastbourne Borough,1254,Right Centre Forward,Left Centre Forward,England,24,180,0.07,0.07,0.21,0.13,1.58,5,41,3,,0.12,0.22,0.1,0.79,0.22,0.1,0.79,0,0,0,0.29,0.31,2.37,-0.02,0.79,0.43,0.36,55,0.93,0,2.01,2.8,0.22,0.34,0.57,0.74,19.09,6.89,0.01,5.17,66.36,2.87,4.02,0.86,1.08,86,1.12,1.46,0.79,0,0.14,30,1.65,0,17.44,19.92,4.95,5.1,1.65,68.38,14.57,84,4.59,90,0.07,0,0,16.44,61,0.72,13,50,0.72,1.29,31,59,-2,63.99,1.22,0.26,0.5,13.28,82,5.42,5.6,0.43,0.43,0,0.36,5.46,5.89,0,17,0.22,38,0.93,22,60,19,14,60,26,17.4,14.14,0.98,98,-3.26,17.04,13.83
Maxx Manktelow,Ebbsfleet United,404,Right Centre Back,Left Attacking Midfielder,England,,,0.22,0.22,0.34,0.26,1.34,17,67,1,,0.3,0,0.08,0.45,0,0.08,0.45,0,0,0,0.22,0.43,1.78,-0.2,0,0,0,,0,0,0.45,0.89,0.22,0.17,2.67,3.7,16.72,8.69,0,4.68,44.19,4.46,10.92,0.67,0.89,27,0.94,1.1,0.67,0,1.78,65,3.79,0,15.38,17.81,3.12,3.57,1.11,49.27,8.25,54,2.23,63,0,0,0,46.36,69,4.68,4,64,3.34,6.69,17,57,-12,49.9,7.36,0.59,0.76,30.09,99,6.27,12.48,1.56,1.56,0,0,1.78,3.34,0.22,57,0.89,40,0.22,35,61,4,52,45,4,22.8,17.32,0.93,100,-5.48,21.24,17.24
Michael  Duckworth,Scarborough Athletic,1052,Right Back,Left Centre Back,England,34,181,0,0,0,0.01,0.17,0,50,0,,0,0,0.01,0.34,0,0.01,0.26,0,0,0.09,0,0.01,0.51,-0.01,0.77,0.6,0.17,78,0.94,0,0.6,0.34,0.94,0.76,3.93,3.43,9.58,3.93,0.05,3.59,25.45,3.51,13.85,1.45,2.39,81,1.19,1.94,0.26,70,0.34,64,1.54,0,7.87,6.55,2.05,1.2,0.34,31.97,1.71,22,0.68,57,0.09,0,0,33.7,72,3.16,9,45,4.28,6.67,11,67,-5,46.37,4.87,0.3,0.3,25.57,99,4.17,6.41,0.86,0.51,0.34,0,0.17,0.68,0,10,0.09,13,0.09,38,53,9,43,49,8,22.06,16.59,0.85,91,-5.47,18.72,15.13
Michael Afuye,Radcliffe,2356,Right Wing Back,Right Midfielder,England,25,173,0.19,0.19,0.09,0.05,1.8,11,34,3,,0.07,0.31,0.2,1.53,0.19,0.14,1.15,0.11,0.06,0.38,0.5,0.28,3.32,0.22,3.13,2.06,1.07,66,1.6,0.04,3.28,2.75,0.65,0.55,0.92,0.71,19.71,8.29,0,5.54,48.58,4.43,8.78,1.99,2.64,73,1.92,2.47,1.22,41,0.73,32,0.57,0,16.61,14.99,4.62,3.74,1.26,49.36,7.98,48,2.9,78,0.04,0,0,24.79,59,0.88,67,21,1.22,3.9,19,57,-2,64.59,3.17,0.25,0.47,26.62,88,8.94,8.06,1.99,1.22,0.76,0.46,3.09,4.32,0.08,33,1.11,28,0.73,21,66,13,21,58,21,19.32,15.58,0.83,97,-3.74,15.96,15.11
Michael Clunan,King's Lynn Town FC,2768,Right Defensive Midfielder,Centre Defensive Midfielder,England,32,177,0.07,0.03,0.03,0.05,0.62,5,26,1,50,0.06,0.03,0.07,1.11,0.03,0.04,0.62,0,0.03,0.49,0.07,0.1,1.72,-0.03,0.2,0.16,0.03,83,1.37,0,0.42,0.29,1.4,1.66,2.89,3.26,14.89,6.41,0.07,6.08,35.58,6.24,13.98,1.95,3.35,72,2.3,3.96,1.37,36,0.75,53,1.24,0,11.58,13.22,3.93,2.99,1.14,39.76,3.64,31,1.76,59,0.2,0,0,38.67,77,3.97,10,53,3.45,6.99,12,70,-8,50.29,5.33,0.36,0.37,25.59,98,3.95,9.01,1.14,0.55,0.59,0.03,0.46,1.01,0.07,14,0.16,26,0.13,23,71,7,26,70,4,23.18,19.54,0.93,95,-3.65,21.59,18.49
Michael Gash,Peterborough Sports FC,602,Centre Back,Right Centre Back,Germany,39,177,0,0,0.03,0.07,0.45,0,33,1,,0,0,0.06,0.9,0,0.06,0.9,0,0,0,0,0.1,1.34,-0.1,0,0,0,,0.15,0,0.6,0.3,1.79,1.31,5.83,4.37,6.57,4.03,0.04,4.78,27.42,1.79,15.39,0.75,2.54,56,0.57,1.88,0,20,0.6,67,4.18,0.3,5.83,5.09,2.09,0.9,0.15,32.87,1.34,23,0.45,50,0.15,0,0,29.44,63,3.29,14,42,6.43,7.32,20,64,1,41.74,3.59,0.17,0.24,13.15,98,4.09,5.38,0.75,0.75,0,0.45,2.24,2.99,0,0,0.15,50,0.6,40,50,10,39,53,8,26.69,19.51,0.9,97,-7.18,23.89,18.93
Michael Gyasi,Kidderminster Harriers,301,Right Centre Forward,Right Wing,Germany,26,177,0,0,0.1,0.07,1.49,0,0,5,,0,0.3,0.16,1.19,0.3,0.16,1.19,0,0,0,0.3,0.26,2.69,0.03,0.9,0.6,0.3,67,0.3,0,3.58,2.69,0,0,0,0,14.63,5.97,0,5.08,72.72,3.88,4.48,0.6,0.6,100,0.6,0.6,1.49,,0,7,0.3,0,12.54,9.65,5.08,3.88,1.49,74.91,11.64,93,3.88,100,0,0,0,11.94,71,0,19,0,0,0.3,44,67,-4,74.1,0.9,0.23,0.36,12.54,83,5.55,6.57,0.6,0.6,0,1.19,5.97,6.57,0,50,0.6,50,2.09,2,73,24,5,64,32,13.41,10.86,0.93,101,-2.55,12.47,10.94
Michael Gyasi,King's Lynn Town FC,874,Right Centre Forward,Left Centre Forward,Germany,26,177,0.72,0.72,0.6,0.19,3.19,23,45,10,,0.6,0.1,0.09,1.03,0.1,0.09,1.03,0,0,0,0.82,0.69,4.22,0.13,1.96,1.13,0.82,58,1.03,0,2.68,4.12,0,0,0.62,0.68,13.08,4.53,0,3.71,65.47,3.19,4.53,0.52,0.52,83,0.58,0.58,2.16,50,0.1,11,0.21,0,10.4,11.82,3.4,2.37,0.93,67.47,8.34,80,2.27,96,0.1,0,0,10.2,64,0,20,0,0.62,0.1,34,59,-5,68.37,1.03,0.47,0.9,15.55,69,7.34,4.33,0.21,0.21,0,0.52,7.21,7.42,0,0,0.1,25,0.93,15,68,17,10,76,14,13.67,12.14,1.05,98,-1.53,14.38,11.86
Michael Kelly,Chester,666,Left Back,Right Back,Scotland,28,181,0,0,0.02,0.05,0.41,0,33,0,,0.02,0.14,0.18,2.84,0,0.07,1.22,0.14,0.11,1.62,0.14,0.2,3.24,-0.06,0.14,0.14,0,100,0.27,0,0.54,0.14,0.27,0.35,3.24,3.52,7.16,3.11,0.02,2.16,26.56,3.78,10.67,1.22,1.49,90,1.69,2.05,0.81,0,0.14,38,1.08,0,5.13,6.74,0.68,1.08,0.27,34.92,1.62,32,0.27,25,0.27,0,0,43.35,67,6.89,83,40,4.32,15.94,9,59,-8,53.56,6.35,0.35,0.45,35.52,99,2.93,11.07,2.84,0.95,1.89,0,0.27,1.22,0,10,0.27,10,0,30,59,11,24,60,16,25.97,22.69,0.87,96,-3.29,22.57,21.69
Michael Parker,Hereford FC,844,Left Centre Back,Left Wing Back,England,21,,0.11,0.11,0.04,0.08,0.53,20,20,0,,0.05,0,0.14,1.17,0,0.12,0.96,0,0.01,0.21,0.11,0.18,1.71,-0.07,1.07,0.85,0.21,80,1.71,0,0.85,0.85,0.75,0.73,4.37,4.81,11.51,4.48,0.04,5.22,34.52,3.41,13.54,1.39,2.13,81,1.3,2.02,0.21,40,0.32,52,1.28,0.11,9.91,8.3,3.52,2.45,0.96,42.75,3.62,37,1.07,43,0,0,0,38.48,71,4.9,85,46,5.54,9.38,14,60,-11,43.4,5.44,0.46,0.57,33.04,97,9.72,5.97,1.81,1.28,0.53,0.11,0.53,1.81,0,29,0.64,35,0.21,34,60,6,38,55,7,24.9,20.42,0.89,108,-4.48,22.21,22.04
Michael Smith,Weston-super-Mare AFC,2342,Right Back,Right Wing Back,Northern Ireland,37,180,0,0,0.02,0.09,0.23,0,0,0,,0,0.27,0.12,1.19,0.27,0.12,1.19,0,0,0,0.27,0.14,1.42,0.13,0.61,0.42,0.19,69,0.27,0,0.42,0.54,0.65,0.55,2.84,2.58,8.65,3.88,0.02,4.11,28.04,3.57,9.95,1.27,1.92,75,1.09,1.65,0.38,65,0.42,55,0.81,0,7.03,6.24,2.38,1.58,0.5,32.6,1.31,19,0.77,49,0.12,0,0,36.63,70,4,19,41,4.19,8.3,13,58,-12,51.94,5.19,0.33,0.38,26.83,98,4.59,10.15,1.35,1.31,0.04,0.15,1,2.31,0.04,37,0.58,33,0.27,35,55,10,31,55,14,23.37,25.22,0.87,88,1.84,20.24,22.2
Mickey Parcell,Enfield Town FC,720,Right Defensive Midfielder,Centre Defensive Midfielder,England,30,,0.13,0.13,0.11,0.23,0.5,25,75,1,,0.13,0.13,0.06,0.63,0.13,0.05,0.5,0,0.01,0.13,0.25,0.18,1.13,0.07,0.88,0.38,0.5,43,0.5,0,0.5,1.5,1.5,0.84,3.13,1.6,16.63,8,0.06,5.25,35.51,5.88,12.25,2.25,3.75,67,1.26,2.1,0.63,25,1.13,57,1.63,0,13.76,7.1,3.5,3.38,1.13,40.54,4.25,31,2.38,70,0.13,0,0.25,27.14,53,1.88,30,28,4,5.88,16,42,-11,52.77,2.88,0.28,0.4,17.01,92,5.09,4.5,0.5,0.25,0.25,0.25,1.63,1.88,0,50,0.25,29,0.63,40,51,9,39,58,3,23.29,21.85,0.81,58,-1.43,18.8,12.71
Mike Calveley,Chorley,2650,Left Defensive Midfielder,Right Defensive Midfielder,England,26,178,0.14,0.14,0.09,0.1,0.88,15,38,2,,0.13,0.07,0.08,0.75,0.07,0.08,0.71,0,0,0.03,0.2,0.17,1.63,0.03,0.24,0.17,0.07,71,1.05,0,0.78,1.09,0.85,0.59,1.9,1.91,15.22,6.93,0.04,5.67,41.74,6.35,12.3,1.77,2.62,75,1.48,2.07,1.22,46,0.58,53,2.65,0.03,12.23,9.81,4.04,3.13,1.29,45.31,5.06,41,2.31,74,0.24,0,0,23.64,68,1.19,11,42,2.51,2.24,25,67,-2,53.53,1.6,0.36,0.42,13.55,91,4.86,4.76,0.41,0.41,0,0.48,3.13,3.53,0.1,25,0.17,45,0.78,29,61,10,18,71,11,19.25,17.17,0.94,93,-2.08,18.18,16.04
Milan Lalkovič,Chorley,1315,Left Midfielder,Right Midfielder,Slovakia,33,174,0.14,0,0.06,0.04,1.37,0,40,2,100,0.02,0.14,0.19,1.37,0.14,0.17,1.09,0,0.02,0.27,0.14,0.25,2.74,-0.11,1.3,0.89,0.41,68,1.37,0.07,1.98,1.98,0.41,0.43,0.96,1.02,13.27,5.06,0,4.24,47.59,8.35,13.55,1.09,1.51,80,0.79,1.22,0.89,56,0.27,39,1.44,0,11.36,9.74,3.35,3.08,1.16,50.19,5.82,51,2.46,80,0,0,0.07,32.57,66,1.23,22,37,1.92,2.39,26,56,-9,63.24,3.35,0.47,0.52,29.29,92,7.14,11.63,1.98,1.71,0.27,0.41,2.81,4.52,0,34,0.89,29,0.89,23,61,16,22,59,18,17.9,17.21,0.91,86,-0.69,16.33,14.86
Miles Welch-Hayes,Maidenhead United,1247,Right Centre Back,Left Back,England,29,180,0.07,0.07,0.02,0.15,0.14,50,50,0,,0.06,0,0.01,0.22,0,0.01,0.22,0,0,0,0.07,0.03,0.36,0.04,0.43,0.22,0.22,50,0.43,0,0.79,0.51,0.58,0.58,3.25,3.53,12.34,6.06,0.05,5.2,31.03,3.46,12.05,1.66,2.24,79,1.63,2.21,0.58,62,0.43,55,1.73,0,10.11,10.33,3.75,2.6,1.08,36.38,3.03,30,1.59,61,0,0,0,38.4,66,2.74,7,31,4.4,7.58,12,48,-18,48.68,5.56,0.26,0.27,30.82,97,5.11,8.23,0.87,0.72,0.14,0,0.58,1.3,0,33,0.29,17,0,42,51,7,41,54,5,24.28,24.12,0.85,80,-0.16,20.61,19.26
Miro Pais,Leamington FC,1672,Centre Attacking Midfielder,Centre Forward,Portugal,24,180,0.05,0.05,0.05,0.06,0.91,6,24,2,,0.04,0.05,0.03,0.7,0.05,0.03,0.65,0,0,0.05,0.11,0.08,1.61,0.03,1.18,0.59,0.59,50,2.85,0.05,2.69,3.61,0.48,0.15,1.18,0.8,19.75,8.5,0.01,4.09,48.91,3.71,7,1.51,1.99,80,0.75,0.9,2.1,46,0.38,23,2.69,0,16.42,10.34,3.39,3.71,1.24,50.24,8.13,50,2.64,71,0.27,0,0,17.55,58,0.54,8,36,1.45,1.24,33,49,-9,59.39,1.67,0.21,0.26,17.65,82,5.75,5.06,0.16,0.16,0,0.11,3.18,3.34,0.05,67,0.16,18,0.43,26,60,14,18,68,14,17.89,14.35,0.96,104,-3.54,17.23,14.96
Mitch Beardmore,Bath City,958,Left Midfielder,Left Centre Midfielder,England,21,167,0.09,0.09,0.08,0.07,1.13,8,25,2,,0.08,0,0.08,1.32,0,0.05,0.94,0,0.03,0.38,0.09,0.16,2.44,-0.07,1.5,1.03,0.47,69,3.01,0,1.97,1.97,1.03,0.84,2.07,1.37,19.83,8.36,0.02,6.77,40.78,7.52,12.5,1.69,2.72,72,1.36,2.2,0.56,42,0.66,38,1.69,0,17.57,13.66,4.79,4.04,0.94,43.41,7.05,40,2.72,67,0.09,0,0,27.44,64,1.6,85,35,2.72,3.85,18,53,-12,62.3,2.91,0.38,0.42,23.21,90,5.01,9.4,1.41,0.85,0.56,0.66,2.07,2.91,0.09,20,0.56,50,0.56,27,58,15,25,57,18,20.82,18.31,0.88,108,-2.51,18.4,19.79
Mitchell Hancox,Spennymoor Town,949,Left Defensive Midfielder,Right Defensive Midfielder,England,32,178,0.09,0.09,0.02,0.03,0.76,13,38,1,,0.01,0.09,0.1,1.04,0.09,0.1,1.04,0,0,0,0.19,0.13,1.8,0.06,0.47,0.47,0,100,1.14,0,0.76,0.38,1.14,0.74,2.37,1.85,27.59,14.31,0.05,8.82,38.06,6.07,13.56,3.41,4.55,78,2.4,3.14,1.71,23,0.95,59,2.28,0.09,22.47,14.82,6.07,6.45,1.9,41.21,7.68,34,3.41,53,0.28,0,0,32.52,72,2.09,66,47,3.03,3.79,20,66,-5,48.95,3.22,0.36,0.42,20.76,97,3.77,5.78,0.66,0.57,0.09,0.19,0.47,1.04,0,14,0.09,20,0.19,27,59,14,36,59,5,19.4,15.55,0.92,97,-3.85,17.79,15.06
Mitchell Roberts,Hereford FC,466,Left Centre Back,,England,25,184,0,0,0,0.02,0.19,0,0,0,,0,0,0.01,0.19,0,0.01,0.19,0,0,0,0,0.01,0.39,-0.01,0.19,0.19,0,100,0.19,0,0.58,0,0.77,0.63,5.6,5.14,6.95,3.67,0.03,4.44,25.32,1.54,7.34,0.77,1.54,80,0.36,0.99,0.58,100,0.19,22,0.39,0,5.6,6.14,3.09,1.35,0.77,31.24,0.77,14,0.58,43,0.58,0,0,32.83,78,2.32,86,38,6.18,5.6,10,67,-11,39.48,3.86,0.35,0.35,26.65,99,7.29,5.02,0.39,0.39,0,0,0,0.39,0,50,0.19,33,0,36,59,5,46,50,4,23.94,24.96,0.86,92,1.01,20.62,22.89
Mitchell Weiss,Chesham United FC,1968,Left Centre Forward,Left Attacking Midfielder,England,32,181,0.32,0.32,0.22,0.13,1.65,19,44,3,,0.31,0,0.11,1.23,0,0.11,1.23,0,0,0,0.32,0.33,2.88,-0.01,1.28,0.69,0.59,54,0.73,0,2.1,2.83,0.55,0.53,1.46,1.49,21.63,7.18,0.03,6.45,58.08,5.44,8.14,1.23,1.78,69,1.23,1.75,1.05,25,0.55,45,6.04,0,19.39,19.51,5.26,5.99,2.1,61.51,13.95,72,5.21,87,0.14,0,0,28.49,63,0.91,22,54,1.92,1.23,36,55,-8,62.11,1.78,0.52,0.69,19.25,87,5.14,8.96,1.01,1.01,0,0.96,6.22,7.22,0.09,0,0.18,25,1.19,25,61,14,21,66,13,15.42,14.59,1,104,-0.83,15.37,15.12
Mohammad Dabre,Salisbury,1140,Right Centre Midfielder,Right Midfielder,Italy,23,168,0,0,0.1,0.09,1.18,0,33,2,,0.07,0.08,0.05,0.55,0.08,0.05,0.55,0,0,0,0.08,0.15,1.74,-0.07,1.34,0.95,0.39,71,2.37,0,1.82,2.76,0.47,0.54,0.71,0.86,29.77,11.37,0,10.03,46.47,6.63,11.85,2.92,3.4,66,3.33,3.88,2.05,47,1.5,22,0.95,0,24.8,29.62,8.29,8.29,2.84,47.51,12,48,5.61,68,0.39,0.08,0,29.53,79,1.42,77,75,1.11,1.5,26,73,-6,57.81,3.47,0.36,0.43,31.51,89,6.17,9.95,0.39,0.39,0,0.16,2.37,2.76,0.08,20,0.16,17,0.39,18,66,16,14,72,13,17.89,15.78,1.01,98,-2.11,18.11,15.44
Mohammed Sagaf,Eastbourne Borough,1097,Left Defensive Midfielder,Right Defensive Midfielder,Tanzania,28,177,0.08,0.08,0.06,0.05,1.07,8,23,2,,0.07,0,0.06,0.9,0,0.06,0.74,0,0,0.16,0.08,0.12,1.97,-0.03,0.98,0.57,0.41,58,1.15,0,1.15,1.31,1.23,1.42,1.64,1.72,12.8,5.17,0.04,4.35,39.71,5.99,12.63,1.39,2.62,81,1.76,3.18,0.98,50,0.33,43,1.39,0.08,10.42,11.87,3.04,3.04,1.31,41.03,3.69,35,1.56,51,0.16,0,0,27.81,75,1.97,18,55,2.3,2.95,24,70,-4,53.16,3.36,0.16,0.21,21.82,93,4.76,8.29,0.49,0.41,0.08,0.16,1.23,1.64,0.08,17,0.08,25,0.33,27,60,13,20,70,10,20.61,18.64,0.95,99,-1.97,19.63,18.49
Momodou Touray,Southport,1174,Left Centre Midfielder,Centre Attacking Midfielder,Wales,26,180,0.08,0.08,0.12,0.09,1.38,6,28,2,,0.04,0.08,0.03,0.77,0.08,0.03,0.77,0,0,0,0.15,0.15,2.15,0,1.53,0.92,0.61,60,2.3,0,1.23,2.3,0.31,0.37,0.84,1.05,16.49,6.21,0,4.98,49.67,2.91,6.13,0.92,1.23,63,1.26,1.63,1.76,33,0.54,21,0.77,0,14.03,17.59,4.37,3.91,1.53,51.64,7.36,52,2.91,75,0,0,0,24.69,79,1.61,13,64,1.3,2.07,30,76,-3,58.3,3.14,0.23,0.33,25.84,93,5.45,9.66,0.61,0.61,0,0.23,1.61,2.22,0,0,0.08,50,0.77,20,64,16,19,69,12,17.06,14.64,0.98,101,-2.42,16.71,14.78
Montel Agyemang,Horsham FC,478,Right Defensive Midfielder,Centre Defensive Midfielder,England,29,175,0,0,0.03,0.06,0.57,0,0,0,,0,0,0,0,0,0,0,0,0,0,0,0.03,0.57,-0.03,0,0,0,,0.75,0,0.75,1.13,1.32,1.01,2.83,2.68,13.76,6.78,0.05,6.6,38.54,4.15,10.18,1.51,2.83,89,1.65,2.66,0.38,80,0.19,45,0.94,0,11.87,12.5,4.71,3.02,0.57,42.71,3.2,27,1.51,50,0.19,0,0,25.82,67,1.88,19,42,3.02,4.33,11,53,-14,44.14,1.32,0.42,0.44,14.89,91,4.71,3.2,0,0,0,0,0.94,0.94,0,,0,,0,30,56,14,41,53,6,22.67,17.27,0.91,99,-5.4,20.57,17.18
Morgan Charles Williams,King's Lynn Town FC,2383,Left Defensive Midfielder,Left Centre Midfielder,Wales,21,183,0.11,0.11,0.1,0.09,1.17,10,39,1,,0.11,0.23,0.15,1.47,0.23,0.12,1.1,0,0.03,0.38,0.34,0.25,2.64,0.09,0.53,0.38,0.15,71,1.47,0,1.55,1.28,0.94,1.15,1.1,1.31,17.98,7.71,0.02,6.95,43.75,5.7,10.99,2,2.95,77,2.29,3.44,1.1,36,0.6,52,1.4,0.04,14.88,17.43,5.36,4.61,1.89,46.81,6.91,46,3.02,66,0.11,0,0,44.88,77,2.83,15,55,1.47,4.8,16,70,-8,57.15,6.95,0.44,0.58,36.87,96,6.34,15.64,1.85,1.32,0.53,0.26,1.93,3.25,0.08,18,0.49,41,0.3,21,67,12,23,67,9,19.91,16.83,0.96,96,-3.08,19.14,16.21
Morgan James Lewis,Merthyr Town FC,632,Left Back,Right Back,Wales,21,178,0.14,0.14,0.04,0.04,0.85,17,67,1,,0.05,0,0.06,0.85,0,0.06,0.85,0,0,0,0.14,0.09,1.71,0.05,1,0.43,0.57,43,0.14,0,0.71,1.42,1.28,1.53,1.14,1.28,9.39,3.84,0.01,3.84,25.92,2.42,8.83,0.71,1.99,45,0.69,2.22,0.57,14,0.85,9,0.14,0,8.4,9.93,2.99,1.14,0.43,26.86,1,12,0.43,38,0,0,0,36.44,75,3.84,72,49,1.85,7.12,10,69,-7,45.38,2.7,0.47,0.53,28.75,94,6.02,6.26,1.28,1,0.28,0,0.71,1.71,0,44,0.57,36,0.28,27,58,15,25,52,23,22.5,20.94,0.91,75,-1.56,20.38,15.77
Munashe Sundire,Torquay United,560,Left Defensive Midfielder,Right Defensive Midfielder,Zimbabwe,29,184,0,0,0.02,0.04,0.48,0,0,0,,0,0,0.02,0.48,0,0.02,0.48,0,0,0,0,0.04,0.96,-0.04,0.96,0.64,0.32,67,0.96,0,0.8,1.61,0.64,0.86,2.89,3.82,14.62,7.55,0.06,4.02,38.84,9.32,18.64,2.25,2.89,70,2.88,3.74,1.12,25,0.96,62,2.57,0,11.41,15.27,2.25,3.21,0.8,44.73,4.82,42,1.93,60,0.48,0,0,46.6,66,4.18,11,59,3.54,6.43,18,55,-10,51.33,7.07,0.25,0.27,30.21,95,4.31,11.57,0.96,0.8,0.16,0,0.16,0.96,0,33,0.32,29,0,33,57,10,28,63,10,21.73,13.51,0.98,98,-8.22,21.3,13.2
Mustapha Carayol,Peterborough Sports FC,1051,Left Wing Back,Left Centre Midfielder,Gambia,37,177,0.09,0.09,0.09,0.04,2.4,4,21,3,,0.17,0.09,0.1,1.11,0.09,0.09,1.03,0,0.01,0.09,0.17,0.18,3.51,-0.01,1.97,1.37,0.6,70,1.11,0,2.57,1.97,0.09,0.07,1.88,1.8,14.91,6,0.01,4.63,40.67,3.86,7.88,2.57,2.66,79,2.57,2.65,1.37,30,0.69,48,1.71,0,10.97,11.12,3.43,2.74,0.6,44.16,4.8,44,1.97,72,0.17,0,0,32.98,59,2.14,21,31,3,5.74,28,59,0,61.91,5.14,0.46,0.61,34.01,91,8.76,9.42,1.97,1.63,0.34,0.6,2.91,4.54,0,52,1.71,36,0.86,24,59,17,25,62,14,21.57,16.93,0.88,101,-4.64,19,17.01
Mustapha Olagunju,Ebbsfleet United,2901,Centre Back,Right Centre Back,England,24,186,0.03,0.03,0.02,0.09,0.25,13,13,0,,0.01,0,0.02,0.28,0,0.02,0.28,0,0,0,0.03,0.05,0.53,-0.02,0.47,0.4,0.06,87,0.4,0,0.5,0.62,1.02,1.18,4.69,6.01,10.67,5.27,0.09,5.31,26.85,2.2,15.54,1.74,2.76,77,2.15,3.34,0.62,43,0.53,65,2.64,0,8.32,10.03,3.16,1.15,0.47,31.69,1.24,15,0.53,46,0.03,0,0,46.23,83,3.57,16,59,5.49,5.21,15,71,-11,37.36,3.29,0.4,0.41,35.31,97,6.68,4.41,0.16,0.16,0,0.16,1.15,1.3,0.03,0,0,0,0.31,29,68,3,39,56,5,22.33,20.05,0.96,93,-2.28,21.35,18.57
Myles Weston,AFC Hornchurch,1580,Right Wing,Right Wing Back,Antigua and Barbuda,38,180,0.06,0.06,0.09,0.06,1.48,4,42,2,,0.09,0.11,0.18,1.37,0.11,0.17,1.31,0,0,0.06,0.17,0.27,2.85,-0.1,1.82,0.97,0.85,53,0.68,0,1.77,2.16,0.57,0.47,1.08,1.06,10.88,4.38,0.01,3.02,45.76,5.18,9.85,0.8,1.37,54,0.71,1.18,0.68,37,0.68,55,1.71,0,9.4,7.93,2.22,3.36,0.85,50.03,4.56,48,2.68,80,0,0,0,33.09,62,1.59,76,31,2.05,4.16,28,57,-5,63.11,2.85,0.54,0.71,27.96,91,6.58,12.02,1.42,1.31,0.11,0.46,3.3,4.61,0,56,0.97,29,0.85,23,60,16,23,53,24,20.02,17.02,0.86,93,-3,17.28,15.86
Nathan Cooper,AFC Hornchurch,1455,Right Centre Back,Centre Back,England,32,187,0.06,0.06,0.08,0.12,0.68,9,27,0,,0.08,0.06,0.03,0.19,0.06,0.03,0.19,0,0,0,0.12,0.11,0.87,0.01,0.06,0.06,0,100,0.49,0,0.06,0.31,1.11,1.19,6.87,6.69,10.7,4.89,0.07,5.82,24.49,2.1,16.09,0.99,2.1,64,0.99,2.18,0.99,50,0.56,74,5.26,0.06,8.72,8.84,3.59,2.17,0.68,30.18,1.18,13,0.68,31,0.12,0,0,30.19,68,2.72,11,46,7.92,4.89,19,53,-15,36.35,1.05,0.35,0.39,15.96,98,4.78,1.86,0.06,0.06,0,0.25,1.98,2.04,0.06,0,0,0,0.31,39,57,3,33,63,3,23.95,21.19,0.92,95,-2.76,22.03,20.21
Nathan Minhas,Chesham United FC,1089,Centre Forward,Left Centre Forward,England,28,175,0.25,0.17,0.19,0.1,1.98,8,29,5,100,0.25,0,0.05,0.66,0,0.05,0.66,0,0,0,0.17,0.24,2.64,-0.08,1.16,0.25,0.91,21,0.99,0,1.65,3.06,0.08,0.05,0.58,0.59,14.62,4.63,0,2.97,62.33,2.81,4.46,0.25,0.33,60,0.35,0.4,1.16,33,0.17,33,1.24,0,13.22,12.11,2.73,4.13,0.91,65.4,10.57,80,3.63,88,0.08,0,0,15.12,69,0.33,9,50,0.83,0.41,30,60,-9,61.88,0.99,0.27,0.4,13.63,84,4.66,5.12,0.41,0.41,0,0.33,5.12,5.53,0,0,0,0,0.5,17,58,25,13,58,29,13.95,14.33,1.03,103,0.37,14.34,14.7
Nathan Newall,Alfreton Town,2869,Left Back,Left Centre Back,England,24,182,0,0,0.01,0.04,0.28,0,0,1,,0,0.06,0.02,0.28,0.03,0.02,0.25,0.03,0.01,0.03,0.06,0.03,0.56,0.03,0.47,0.31,0.16,67,0.63,0,0.56,0.5,1.44,0.78,3.36,1.89,14.21,6.34,0.03,5.46,28.2,3.14,11.36,1.76,3.2,80,1.07,1.86,0.78,63,0.44,61,0.94,0.06,11.67,5.99,3.95,1.82,0.63,30.81,2.07,18,1,55,0.16,0,0,26.17,56,3.67,74,35,4.36,9.57,13,52,-4,43.22,4.17,0.12,0.14,17.26,96,5.35,4.58,0.69,0.41,0.28,0,0.19,0.6,0,27,0.25,22,0,45,48,8,42,53,5,28.19,21.93,0.84,92,-6.25,23.74,20.21
Nathan Odokonyero,Salisbury,631,Left Centre Forward,Left Wing,Uganda,23,186,0.14,0.14,0.23,0.11,2.14,7,40,5,,0.26,0,0.04,0.71,0,0.04,0.71,0,0,0,0.14,0.27,2.85,-0.12,1.71,1,0.71,58,0.57,0,3.28,3.42,0.29,0.38,0.29,0.26,18.24,6.13,0,4.13,60.28,2.42,4.85,0.43,0.71,50,0.43,0.82,0.86,25,0.43,14,0.57,0,16.96,18.63,3.71,5.27,1.28,60.85,12.11,71,4.56,86,0,0,0,15.54,77,0.14,25,33,0.29,0.43,34,68,-9,62.88,1.28,0.2,0.37,19.95,83,5.06,6.84,1.14,1.14,0,0.57,3.85,4.99,0,13,0.29,50,0.57,12,68,19,13,73,15,15.13,11.72,1.02,98,-3.41,15.45,11.49
Nathan Odokonyero,Worthing FC,696,Centre Forward,Right Centre Forward,Uganda,23,186,0.26,0.26,0.4,0.17,2.33,11,50,6,,0.36,0.13,0.15,0.78,0.13,0.15,0.78,0,0,0,0.39,0.55,3.1,-0.16,1.94,1.16,0.78,60,1.42,0,3.23,4.01,0.26,0.36,0.65,0.91,27.27,9.82,0,6.85,63.56,2.84,3.75,0.78,1.03,86,1.17,1.53,1.29,50,0.13,11,0.39,0,25.2,35.58,6.33,7.37,2.46,64.61,19.39,77,6.85,93,0,0,0,15.9,80,0.13,12,33,0.65,0.39,31,85,5,64.52,0.9,0.49,0.68,20.55,77,4.97,6.72,0.52,0.52,0,0.39,6.2,6.72,0,25,0.13,50,1.03,10,66,24,12,69,19,13.69,13.23,0.98,105,-0.46,13.48,13.91
Nathan Paul-Lavely,Hampton & Richmond,1258,Right Wing Back,Left Wing Back,England,20,,0.07,0.07,0.05,0.06,0.79,9,36,2,,0.05,0.07,0.02,0.29,0.07,0.01,0.21,0,0,0.07,0.14,0.06,1.07,0.08,2.07,1.43,0.64,69,1.72,0,2.15,2.58,0.79,0.55,2,1.03,22.25,9.16,0.01,5.79,37.65,4.29,10.01,2.65,3.43,73,1.43,1.97,2,52,1,43,1.29,0,17.6,10.88,3.93,3.72,0.72,40,5.87,33,2.58,69,0.21,0,0,19.53,53,2.15,38,38,2.86,4.79,14,45,-8,57.4,3.58,0.2,0.24,20.39,82,8.15,5.22,1,0.57,0.43,0.29,1.22,1.79,0,29,0.43,25,0.36,38,52,10,21,62,18,23.75,21.62,0.86,95,-2.12,20.32,20.63
Nathan Woodthorpe,Chester,2283,Left Back,Left Centre Back,England,24,188,0.04,0.04,0.08,0.15,0.55,7,29,1,,0.04,0,0.06,1.02,0,0.06,0.95,0,0,0.08,0.04,0.14,1.58,-0.1,0.55,0.35,0.2,64,0.83,0,1.02,0.63,1.18,1.28,3.31,3.39,12.58,5.56,0.02,5.79,31.2,4.53,13.68,1.62,2.8,82,1.57,2.85,0.95,68,0.35,60,1.97,0.04,10.09,9.47,3.86,2.48,0.71,36.63,3,30,1.7,68,0.12,0,0.04,39.26,65,4.14,76,38,4.57,9.62,14,54,-10,50.83,7.06,0.35,0.46,28.38,97,5.76,9.82,1.3,0.87,0.43,0.2,1.34,2.21,0.12,48,0.79,25,0.32,38,53,9,39,46,16,24.37,22.13,0.86,81,-2.24,20.91,17.87
Naz Bakrin,Tonbridge Angels FC,2096,Right Centre Back,Left Defensive Midfielder,England,23,184,0.04,0.04,0.08,0.12,0.69,6,31,0,,0.06,0,0.01,0.21,0,0.01,0.21,0,0,0,0.04,0.09,0.9,-0.04,0.39,0.26,0.13,67,1.07,0,0.56,0.52,1.29,1.05,4.59,4,17.73,8.89,0.07,7.94,28.45,2.1,11.04,3.01,4.29,89,2.29,3.34,0.94,50,0.39,60,2.92,0,13.83,10.36,4.94,3.31,1.2,32.22,2.62,19,1.2,36,0.04,0,0,30.32,77,1.98,7,53,5.15,3.13,14,51,-26,36.51,2.06,0.28,0.32,21.86,98,3.97,2.96,0.17,0.17,0,0,1.42,1.59,0,25,0.04,33,0.09,35,63,3,51,46,3,21.38,19.64,0.97,92,-1.74,20.68,18.13
Niall McManus,Dorking Wanderers FC,549,Right Centre Midfielder,Centre Defensive Midfielder,England,31,180,0,0,0.02,0.04,0.66,0,0,1,,0,0,0.07,0.82,0,0.07,0.82,0,0,0,0,0.09,1.48,-0.09,0.66,0.16,0.49,25,0.98,0,1.48,1.64,0.33,0.37,0.66,0.86,14.6,5.74,0.01,5.08,45.63,8.04,12.46,1.64,1.97,59,2.12,2.48,0.66,50,1.15,46,0.98,0,12.3,14.94,3.44,4.43,1.31,46.94,5.9,48,2.95,67,0,0,0,30.83,76,1.64,29,67,0.98,2.13,17,73,-4,55.05,5.08,0.41,0.44,27.55,93,5.95,10,1.15,1.15,0,0.16,0.66,1.8,0,29,0.49,50,0.49,27,59,14,23,67,10,17.82,16.66,1.02,108,-1.16,18.14,17.94
Nick Wheeler,Worthing FC,801,Left Wing Back,Left Midfielder,England,35,171,0.11,0.11,0.12,0.06,2.02,6,11,3,,0.01,0.11,0.15,1.12,0.11,0.15,1.12,0,0,0,0.22,0.27,3.14,-0.05,1.12,0.45,0.67,40,0.67,0,1.91,1.46,0.45,0.67,1.12,1.66,11.9,5.95,0.01,5.17,38.78,4.15,8.65,1.01,1.46,56,1.46,2.13,0.9,13,0.79,50,1.01,0,9.99,14.78,3.82,1.68,0.67,40.06,3.26,33,0.9,53,0.11,0,0,36.61,72,2.02,23,37,1.91,4.72,18,74,2,57.57,4.15,0.68,0.81,35.26,93,5.41,12.35,1.46,1.35,0.11,0.45,2.81,4.15,0.11,69,1.46,38,0.56,21,55,24,20,57,23,20.66,17.51,0.85,92,-3.15,17.6,16.06
Nino Adom-Malaki,Enfield Town FC,2847,Left Wing Back,Left Back,England,22,176,0,0,0.04,0.03,1.26,0,20,2,,0.01,0.06,0.12,1.23,0.03,0.06,0.6,0.03,0.06,0.63,0.06,0.17,2.5,-0.1,2.12,1.39,0.73,66,0.6,0,1.71,1.86,1.2,0.73,2.69,1.66,10.59,4.33,0.02,3.95,30.28,3.6,10.87,1.2,2.4,69,0.82,1.55,0.41,35,0.54,48,0.98,0.06,9.01,5.88,2.5,1.61,0.25,35.37,2.59,29,0.98,61,0.06,0,0,25.32,55,4.05,79,37,3.79,9.86,15,53,-2,57.16,4.68,0.35,0.39,24.24,90,7.08,6.04,3.16,1.11,2.05,0.09,1.04,2.15,0.13,38,1.33,33,0.16,33,58,9,29,57,14,26.97,20.34,0.86,98,-6.63,23.29,19.88
Noah Coppin,Salisbury,2578,Right Centre Forward,Centre Forward,England,24,,0.35,0.21,0.24,0.12,1.92,11,36,5,80,0.22,0.03,0.08,0.91,0.03,0.08,0.87,0,0,0.03,0.24,0.32,2.83,-0.07,0.84,0.49,0.35,58,1.19,0.1,1.47,2.69,0.35,0.41,0.94,0.83,20.49,7.54,0.03,6.18,59.3,3.21,5.06,0.66,1.01,48,0.68,1.09,1.08,21,0.73,30,1.75,0,18.75,20.46,5.24,6.46,2.44,62.18,13.2,70,5.38,83,0.24,0,0,17.6,52,0.7,16,36,1.29,1.61,26,47,-5,61.96,1.89,0.27,0.46,15.08,83,5.57,5.31,0.91,0.87,0.03,0.31,4.36,5.24,0.07,23,0.38,28,0.52,25,62,13,23,65,12,17.73,15.51,0.94,99,-2.22,16.61,15.41
Noah McCann,Tonbridge Angels FC,1200,Left Back,Left Centre Back,Scotland,20,,0.15,0.15,0.06,0.17,0.37,40,60,0,,0.1,0,0.02,0.37,0,0.01,0.22,0,0.01,0.15,0.15,0.08,0.75,0.07,0,0,0,,0.22,0,0.22,0.3,1.5,0.95,6.45,3.67,14.4,6.3,0.05,5.55,24.77,4.12,16.35,2.17,3.67,81,1.34,2.29,1.27,57,0.52,64,3.67,0.15,10.95,6.55,3.37,2.25,0.75,27.54,2.1,19,1.2,53,0,0,0,27.07,51,3.07,77,30,8.1,8.47,16,43,-9,46.34,3.97,0.34,0.38,13.95,98,6.06,4.35,1.42,0.45,0.97,0.07,0.67,1.12,0,11,0.22,38,0.07,51,45,4,43,50,7,26.85,24.11,0.86,78,-2.74,22.96,18.76
Noah Smerdon,Merthyr Town FC,2393,Left Back,Left Wing Back,England,25,179,0.15,0.15,0.11,0.18,0.64,24,35,0,,0.12,0.08,0.05,0.53,0.04,0.05,0.49,0.04,0,0.04,0.23,0.17,1.17,0.06,0.45,0.26,0.19,58,0.71,0,0.86,1.02,0.71,0.94,2.86,3.47,11.92,4.44,0.03,5.08,30.23,2.48,9.74,1.81,2.52,81,2.26,3.21,0.41,41,0.41,54,1.88,0.04,9.7,11.78,3.38,2.48,0.9,33.43,2.41,25,1.24,50,0.15,0,0,40.84,77,2.33,82,39,3.69,5.15,17,66,-11,42.18,3.27,0.46,0.57,33.47,96,4.25,6.24,0.53,0.41,0.11,0.23,2.03,2.44,0.08,21,0.23,35,0.23,31,57,11,36,48,16,19.44,17.87,0.91,97,-1.56,17.66,17.26
Noah Wadsworth,Scarborough Athletic,730,Right Back,Left Back,England,21,,0,0,0.01,0.07,0.12,0,100,0,,0.01,0.12,0.04,0.62,0.12,0.04,0.62,0,0,0,0.12,0.05,0.74,0.07,0.12,0,0.12,0,0,0,0.62,0.62,0.62,0.68,5.31,5.94,19.37,7.28,0.05,7.4,29.31,4.32,15.05,2.96,3.58,69,3.24,3.92,0.74,41,1.36,58,1.85,0,15.67,17.07,5.18,4.44,1.23,34.4,4.32,28,2.71,61,0.12,0,0,38,60,2.96,32,31,6.42,8.51,12,59,0,47.84,3.7,0.16,0.18,19.49,96,3.26,6.05,0.86,0.37,0.49,0.12,0.37,0.74,0,29,0.25,25,0.12,47,48,6,33,53,14,23.31,21.67,0.87,86,-1.64,20.27,18.71
O.Babajide,Tonbridge Angels FC,1959,Right Wing,Left Wing,England,22,187,0.28,0.28,0.2,0.09,2.21,13,42,4,0,0.23,0.14,0.14,1.06,0.14,0.14,1.06,0,0,0,0.41,0.34,3.26,0.08,2.11,1.01,1.1,48,1.33,0.05,3.54,4.18,0.74,0.48,0.78,0.46,22.38,9.01,0,6.11,53.6,4.46,7.72,2.02,2.76,73,1.46,1.94,1.19,33,0.74,33,1.88,0,19.16,14.09,5.05,5.65,1.93,55.36,11.3,59,4.78,85,0.23,0,0,20.95,65,0.64,24,47,0.87,1.29,27,62,-3,59.61,2.34,0.48,0.66,22.42,81,7.27,6.66,0.87,0.87,0,0.37,4.55,5.42,0.05,21,0.41,45,0.83,23,63,14,19,68,12,16.71,13.5,0.98,105,-3.21,16.39,14.15
O.Dore,Salisbury,355,Left Centre Back,Left Wing Back,England,21,,0,0,0.02,0.07,0.25,0,0,0,,0,0,0.04,0.76,0,0.01,0.25,0,0.03,0.51,0,0.06,1.02,-0.06,0.25,0,0.25,0,0.51,0,0.25,0.25,0.25,0.4,5.58,8.84,11.17,5.08,0,4.82,32.31,2.03,8.37,1.02,1.27,57,1.61,2.01,1.27,40,0.76,45,2.28,0,8.88,14.03,3.05,2.54,0.51,38.7,2.54,29,1.02,40,0.76,0,0,39.84,80,6.85,95,57,6.6,10.91,10,61,-19,44.32,4.31,0.51,0.52,33.25,98,3.69,6.6,1.52,0.76,0.76,0.25,0.76,1.52,0,17,0.51,100,0.25,25,67,8,23,65,12,27.12,25.95,0.92,94,-1.17,24.9,24.46
O.Knight,Enfield Town FC,983,Left Centre Midfielder,Left Midfielder,England,29,,0,0,0.05,0.04,1.28,0,21,2,,0.06,0,0.15,1.37,0,0.14,1.1,0,0.01,0.27,0,0.2,2.65,-0.2,0.37,0.18,0.18,50,0.73,0,0.55,1.74,0.55,0.31,1.01,0.58,14.55,6.22,0.01,4.94,46.88,5.77,10.53,0.92,1.46,59,0.51,0.82,0.55,0,0.64,26,1.19,0,13.18,7.67,3.84,5.22,1.65,49.28,6.87,52,4.03,77,0.18,0,0,25.81,59,1.92,74,40,1.19,4.58,19,51,-8,59.32,2.84,0.44,0.53,18.86,93,4.8,8.06,1.37,1.19,0.18,0.37,2.56,3.75,0,67,0.92,42,0.55,26,63,12,19,68,13,20.85,15.06,0.91,88,-5.8,19,13.2
O.Pendley,AFC Telford United,615,Right Centre Back,,England,30,190,0.15,0.15,0.12,0.16,0.73,20,20,0,,0.11,0,0.02,0.15,0,0.02,0.15,0,0,0,0.15,0.14,0.88,0.01,0,0,0,,0.29,0,0,0.15,0.73,0.86,4.53,4.08,8.92,2.93,0.07,4.68,23.19,0.88,7.46,1.61,2.34,85,1.35,2.2,1.02,50,0.29,45,1.9,0,6.29,5.43,3.36,1.9,1.02,26.93,0.73,12,0.59,31,0.44,0,0,25.74,70,3.66,6,42,6.58,6.58,18,53,-17,31.58,2.34,0.27,0.36,17.55,99,5.63,2.34,0.44,0.44,0,0.15,2.05,2.49,0.15,0,0,0,0.15,36,61,3,63,38,0,30.45,33.72,0.81,69,3.27,24.79,23.11
O.Thornley,Radcliffe,2020,Left Centre Back,Right Centre Back,England,27,,0.09,0.09,0.11,0.16,0.71,13,38,1,,0.09,0,0.01,0.36,0,0.01,0.36,0,0,0,0.09,0.13,1.07,-0.04,0.27,0.22,0.04,83,1.74,0,0.67,0.53,1.16,0.91,5.08,4.33,14.3,7.8,0.05,5.84,27.52,3.48,13.37,2.67,3.83,75,2.24,3.15,0.89,34,0.89,64,2.41,0.09,10.74,8.77,3.74,2.09,0.76,30.48,1.69,16,0.94,45,0.18,0,0,26.65,60,3.25,16,40,6.55,6.6,17,50,-10,47.09,4.37,0.35,0.42,16.53,96,6.4,5.44,0.67,0.45,0.22,0.13,1.47,1.92,0,20,0.22,26,0.22,48,47,5,26,66,8,26.33,24.79,0.86,86,-1.54,22.75,21.3
O’Shea Ellis,Oxford City,507,Left Defensive Midfielder,Right Defensive Midfielder,England,19,,0,0,0.04,0.04,0.89,0,20,2,,0.01,0,0.02,0.36,0,0.02,0.36,0,0,0,0,0.05,1.24,-0.05,1.07,0.71,0.36,67,0.89,0,1.95,1.24,0.71,0.3,2.49,1.31,18.47,8.88,0,4.97,41.25,5.51,13.14,3.55,4.26,100,1.38,1.69,2.13,100,0,90,1.6,0,12.79,6.2,2.66,3.55,0.89,43.18,4.97,39,1.95,55,0.36,0,0,27.89,69,2.49,10,48,3.02,4.62,21,76,6,48.68,4.26,0.33,0.34,19.54,95,5.41,5.86,0.71,0.71,0,0,0.18,0.89,0,0,0,,0.18,39,50,11,24,64,12,21.45,17.71,0.95,102,-3.74,20.34,18.14
Odei Martin,Worthing FC,1501,Right Defensive Midfielder,Left Defensive Midfielder,Spain,29,175,0,0,0.02,0.06,0.24,0,25,0,,0,0,0.03,0.54,0,0.03,0.54,0,0,0,0,0.05,0.78,-0.05,0.6,0.48,0.12,80,1.5,0,1.32,0.54,1.08,1.55,2.4,3.5,17.45,8.52,0.04,7.74,38.79,5.64,14.99,2.04,3.12,67,3.09,4.64,1.08,39,1.02,51,1.26,0.06,14.39,21,5.52,5.34,2.46,42.98,5.22,36,2.46,46,0.24,0,0,53.02,86,2.94,16,72,2.88,3.6,16,83,-4,46.86,6.9,0.85,0.88,39.58,98,5.69,11.4,0.72,0.72,0,0.18,0.78,1.5,0,8,0.06,33,0.3,22,67,11,31,64,6,18.59,16.12,0.98,98,-2.47,18.17,15.79
Odin Samuels-Smith,Marine,1117,Left Back,Left Wing Back,England,19,185,0,0,0.01,0.02,0.32,0,25,1,,0.04,0.08,0.03,0.24,0.08,0.03,0.24,0,0,0,0.08,0.04,0.56,0.04,0.32,0.16,0.16,50,0.48,0,0.4,0.48,1.77,1.17,3.79,2.54,15.31,7.01,0.03,5.8,29.1,3.55,14.83,2.66,4.43,80,1.57,2.74,0.81,47,0.64,50,1.77,0,12.09,8.19,4.11,2.74,0.64,32.52,2.42,20,0.97,35,0.4,0,0,24.74,55,1.85,17,31,4.59,5.16,18,67,12,47.27,4.11,0.24,0.25,12.81,96,6.15,3.47,0.4,0.32,0.08,0,0.16,0.48,0,0,0,0,0,47,46,7,49,44,7,22.66,17.57,0.87,85,-5.1,19.63,14.93
Offrande Zanzala,Chester,630,Centre Forward,Left Centre Forward,Congo DR,29,185,0.43,0.43,0.51,0.27,1.86,23,38,4,,0.43,0.29,0.23,1,0.29,0.23,1,0,0,0,0.71,0.74,2.86,-0.03,1.57,1,0.57,64,1.86,0,2.86,4,0.29,0.33,0.71,0.85,15.71,4.43,0.03,2.28,63.58,3.43,4.43,0.43,0.71,50,0.47,0.8,2.28,0,0.43,32,1.71,0,13,10.78,2.14,2.86,0.57,67.84,11.14,86,2.71,95,0.14,0,0,17.85,67,0.29,23,40,1.14,0.29,39,67,0,63.64,1,0.58,0.87,19.42,76,6.01,5.57,0.29,0.29,0,0.43,5.71,6,0,50,0.14,20,1,10,62,28,5,64,31,13.54,11.27,0.94,104,-2.27,12.74,11.78
Offrande Zanzala,Marine,664,Centre Forward,Left Centre Forward,Congo DR,29,185,0.41,0.41,0.34,0.18,1.9,21,50,5,,0.42,0,0.09,0.81,0,0.09,0.81,0,0,0,0.41,0.43,2.71,-0.03,0.95,0.41,0.54,43,1.9,0,1.9,5.28,0,0,0.68,0.46,21.41,5.69,0,3.52,63.94,1.35,2.44,0.27,0.27,50,0.19,0.19,2.98,0,0.27,45,4.74,0,18.16,11.8,3.12,3.25,0.68,65.49,15.04,83,2.71,83,0,0,0,14.5,51,0.14,33,50,0.81,0.14,51,44,-7,64,0.81,0.32,0.62,10.84,76,5.19,3.93,0.27,0.27,0,0.14,5.56,5.83,0,0,0,,0.68,25,57,18,21,62,17,13.04,14.26,0.98,95,1.22,12.84,13.53
Ola Ogunwamide,Horsham FC,534,Right Wing,Right Midfielder,England,26,182,0,0,0.08,0.1,0.84,0,40,2,,0.1,0,0.05,0.84,0,0.05,0.84,0,0,0,0,0.14,1.68,-0.14,2.53,1.18,1.35,47,0.84,0,1.85,4.21,0,0,1.01,1.29,15.66,8.08,0.02,4.21,50.97,4.21,6.74,0.51,0.51,38,0.38,0.38,0.84,0,0.84,36,1.52,0,14.31,12.95,2.86,3.54,0.51,52.72,7.07,49,2.53,71,0,0,0,18.35,60,0.84,71,50,1.18,1.52,28,68,8,65.22,2.19,0.42,0.42,20.88,78,6.81,6.9,0,0,0,0.51,2.69,2.69,0,,0.17,13,0.67,19,55,26,22,39,39,16.29,13.74,0.98,96,-2.55,15.92,13.12
Olaf Koszela,Chippenham Town,1266,Right Centre Forward,Centre Forward,England,24,176,0.21,0.21,0.19,0.11,1.78,12,36,3,,0.14,0,0.07,1.07,0,0.07,1.07,0,0,0,0.21,0.26,2.84,-0.05,0.64,0.21,0.43,33,0.57,0,2.13,2.63,0.21,0.15,0.71,0.54,17.49,5.33,0.01,4.19,58.34,3.55,6.82,0.78,1,55,0.92,1.07,1.64,0,0.64,29,1.14,0,15.07,18.81,3.7,4.83,1.28,60.75,10.31,68,4.05,84,0.07,0,0,22.75,75,0.57,7,31,1,1.56,27,71,-4,63.95,1.42,0.36,0.53,21.82,87,6.15,8.89,0.36,0.36,0,0.57,4.48,4.83,0,20,0.21,25,0.85,12,60,28,8,55,37,17.58,15.32,0.93,98,-2.26,16.37,15
Oli Davis,Hemel Hempstead Town,628,Left Wing,Left Midfielder,England,20,,0,0,0.24,0.06,4.02,0,39,7,,0.36,0,0.11,0.72,0,0.11,0.72,0,0,0,0,0.36,4.73,-0.36,2.01,0.72,1.29,36,1.15,0.14,3.3,3.15,0,0,0.86,0.71,19.36,7.17,0.03,5.88,50.71,5.31,8.6,1.86,1.86,93,1.92,1.92,1.29,67,0.14,24,0.57,0,16.2,15.71,4.59,4.45,1,53.39,9.18,57,3.58,81,0,0,0,20.36,62,1.43,15,48,1.43,2.44,21,56,-5,65.03,3.3,0.34,0.53,23.52,83,7.5,8.46,1.29,1.15,0.14,0.29,6.45,7.6,0,44,0.72,31,0.29,26,64,11,29,56,15,19.14,18.5,0.89,86,-0.65,17.01,15.82
Oli Davis,Enfield Town FC,560,Left Centre Forward,Left Attacking Midfielder,England,20,,0.48,0.48,0.39,0.1,4.02,12,40,6,,0.33,0,0.02,0.8,0,0.02,0.8,0,0,0,0.48,0.41,4.82,0.07,2.57,1.29,1.29,50,1.13,0,2.89,4.18,0.32,0.35,0.48,0.2,19.29,7.07,0.01,5.14,52.35,4.02,6.43,0.96,1.29,86,0.56,0.91,1.29,67,0.16,11,0.32,0,17.04,13.13,4.98,5.14,2.09,53.98,9.81,58,4.02,78,0.16,0,0,17.68,76,0.64,12,67,0.8,0.64,21,71,-5,61.16,2.89,0.48,0.66,22.83,80,7.3,6.75,0.16,0.16,0,0.32,4.82,4.98,0,100,0.16,20,0.8,14,64,22,17,64,19,15.83,14.71,0.98,97,-1.11,15.43,14.22
Oliver Bainbridge,South Shields,1815,Left Back,Left Wing Back,England,20,190,0.15,0.15,0.07,0.13,0.55,27,64,0,,0.12,0.05,0.08,0.55,0.05,0.08,0.55,0,0,0,0.2,0.15,1.09,0.05,0.35,0.2,0.15,57,0.79,0,0.4,0.5,1.09,1.48,3.57,5.17,10.71,4.31,0.03,5.95,33.15,2.78,10.56,1.74,2.83,85,2.54,4.02,0.4,64,0.3,57,1.59,0.1,8.58,13.23,3.87,2.38,0.99,37.63,2.43,28,1.34,56,0.25,0,0,44.43,83,2.63,67,61,4.66,3.22,16,78,-6,47.74,5.26,0.52,0.57,36.34,98,4.89,9.92,0.99,0.99,0,0.25,2.23,3.22,0.05,35,0.5,33,0.35,23,61,16,34,54,13,18.56,19.8,0.95,99,1.24,17.72,19.61
Oliver Bray,Salisbury,726,Right Centre Forward,Left Centre Forward,England,22,190,0,0,0.35,0.11,3.22,0,46,5,,0.26,0.12,0.28,1.12,0.12,0.28,1.12,0,0,0,0.12,0.62,4.34,-0.5,1.12,0.74,0.37,67,0.25,0,2.23,2.48,0.62,0.61,0.99,1.34,13.89,4.22,0.04,4.22,61.73,5.21,6.45,0.12,0.74,14,0.17,0.78,1.49,0,0.74,52,3.97,0,12.4,14.08,3.1,3.47,1.49,66.54,9.8,79,3.22,93,0,0,0,23.69,53,0.37,19,43,1.24,0.62,37,51,-2,66.66,2.48,0.57,0.86,17.61,86,7.6,7.44,1.12,1.12,0,0.5,5.95,7.07,0,11,0.5,25,0.62,22,64,13,15,65,20,14.42,13.52,0.95,94,-0.9,13.7,12.67
Oliver Cawthorne,AFC Telford United,2588,Left Centre Back,Centre Back,Venezuela,24,194,0.03,0.03,0.07,0.15,0.49,7,21,0,,0.02,0.03,0.01,0.1,0.03,0.01,0.1,0,0,0,0.07,0.08,0.59,-0.01,0.21,0.17,0.03,83,0.52,0,0.24,0.28,2.29,2.75,7.34,7.79,10.61,5.25,0.08,5.67,24.29,2.16,16.1,1.6,3.89,84,1.71,4.45,1.25,43,0.31,70,5.11,0.03,7.75,7.64,3.23,1.81,0.87,30.01,1.18,15,0.45,25,0.17,0.03,0,46.32,81,3.58,18,55,8.07,5.77,13,61,-20,31.65,1.11,0.43,0.47,31.12,99,4.52,1.6,0.07,0.07,0,0.07,1.43,1.5,0,0,0,0,0.17,27,70,3,35,61,4,22.42,18.95,0.95,100,-3.48,21.26,19.04
Oliver Dyson,Spennymoor Town,2694,Right Back,Right Defensive Midfielder,England,26,178,0,0,0.03,0.05,0.57,0,6,1,,0,0.1,0.09,1.07,0.07,0.08,0.97,0.03,0.01,0.1,0.1,0.11,1.64,-0.01,1.07,0.77,0.3,72,1.34,0,1,0.84,1.1,0.99,2.67,2.51,18.67,9.32,0.01,6.65,34.51,4.58,12.93,3.07,4.18,72,2.55,3.54,1.3,52,1.17,60,1.67,0.03,14.33,11.49,4.04,2.97,0.9,37.02,3.67,26,1.34,45,0.1,0,0.03,37.34,68,4.38,12,45,4.01,8.45,17,61,-7,49.87,4.98,0.35,0.39,29.96,97,5.32,8.89,0.87,0.67,0.2,0.13,1.3,1.97,0.07,38,0.5,27,0.2,35,55,11,34,55,11,23.67,20.41,0.86,91,-3.26,20.33,18.62
Oliver Greaves,Buxton,1056,Centre Attacking Midfielder,Left Attacking Midfielder,England,26,,0.17,0.17,0.13,0.11,1.19,14,57,2,,0.13,0.34,0.27,1.36,0.34,0.27,1.36,0,0,0,0.51,0.4,2.56,0.11,1.19,0.51,0.68,43,0.77,0,1.62,2.22,0.51,0.72,0.68,0.91,16.62,8.52,0.01,5.8,55.76,4.43,7.67,0.43,0.94,71,0.57,1.29,0.68,0,0.17,43,1.28,0,15.51,18.97,5.11,3.75,1.11,57.64,9.8,63,2.73,73,0.17,0,0,27.36,69,1.36,11,57,0.94,2.13,21,65,-4,60.44,3.24,0.41,0.64,21.65,87,5.13,9.12,1.28,1.19,0.09,0.43,4.18,5.37,0.26,20,0.34,24,0.85,22,56,22,19,64,18,17.84,14.49,1,103,-3.35,17.92,14.97
Oliver Hobden,Farnborough,666,Right Back,Right Wing Back,England,21,185,0,0,0.04,0.07,0.54,0,25,1,,0,0,0.02,0.41,0,0.01,0.27,0,0.01,0.14,0,0.06,0.95,-0.06,0.81,0.27,0.54,33,0.95,0,0.41,1.76,0.95,0.81,2.84,2.04,18.66,6.76,0.02,5.95,33.03,2.84,8.65,2.97,3.92,73,2.26,3.07,1.49,38,1.08,67,2.97,0.14,14.2,10.54,4.46,3.79,1.08,37.73,4.19,30,2.03,54,0.27,0.14,0,23.53,55,1.35,11,28,2.97,4.73,17,40,-15,52.54,3.52,0.13,0.15,16.63,91,5.85,4.6,0.27,0.14,0.14,0.14,1.08,1.22,0,100,0.41,17,0.27,39,52,9,32,53,15,22.24,14.73,0.87,95,-7.51,19.28,13.97
Oliver Robinson,Farnborough,2628,Centre Back,Left Centre Back,England,31,,0.1,0.1,0.05,0.12,0.41,25,50,0,,0.1,0.07,0.05,0.38,0.03,0.02,0.1,0.03,0.03,0.27,0.17,0.1,0.79,0.07,0,0,0,,0.45,0,0.34,0.21,1.1,0.9,7.98,6.89,13.7,7.09,0.07,6.51,25.28,2.12,13.9,1.99,3.08,74,1.56,2.46,1.06,50,0.68,69,5.51,0.03,10.65,8.39,3.8,2.57,1.06,29.17,1.27,12,0.79,31,0.1,0,0,24.18,55,3.29,12,36,8.56,8.56,16,58,3,39.32,2.19,0.25,0.28,11.95,97,4.41,1.71,0.96,0.17,0.79,0.14,1.4,1.58,0,54,0.51,20,0.21,45,52,3,38,54,8,26.71,19.32,0.87,97,-7.38,23.23,18.8
Ollie Dewsbury,Weston-super-Mare AFC,367,Right Wing,Right Midfielder,Wales,18,,0,0,0.26,0.12,2.21,0,33,5,,0.17,0,0,0,0,0,0,0,0,0,0,0.26,2.21,-0.26,1.47,0.98,0.49,67,1.23,0,1.96,3.19,0.25,0.42,0.74,0.86,16.21,4.91,0,2.46,59.01,2.95,5.4,1.72,1.96,78,2.33,2.75,1.72,33,0.49,27,2.21,0,12.77,12.69,1.96,2.95,0.49,61.45,8.84,69,2.46,83,0,0,0,22.1,66,0.98,25,50,0.74,1.96,32,57,-9,64.75,1.72,0.4,0.57,22.34,87,5.81,8.59,0.25,0.25,0,0.74,5.4,5.65,0,100,0.25,11,0.74,14,67,19,14,63,23,15.25,12.03,0.97,113,-3.23,14.76,13.54
Ollie Godziemski,Worthing FC,678,Left Centre Forward,Left Midfielder,England,20,191,0.13,0.13,0.2,0.11,1.86,7,36,3,,0.12,0.13,0.05,0.53,0.13,0.05,0.53,0,0,0,0.27,0.25,2.39,0.01,1.2,0.4,0.8,33,1.73,0.13,2.66,3.19,0.13,0.17,0.4,0.6,11.82,4.92,0.02,3.85,51.52,2.66,4.78,0.66,0.8,83,0.92,1.1,0.93,0,0.13,39,1.99,0,10.23,15.22,3.72,2.92,1.2,54.05,6.51,64,2.26,77,0,0,0,21.79,72,0.8,18,60,0.8,0.93,37,66,-6,65.22,2.13,0.83,0.91,24.71,83,9.15,9.3,0.4,0.4,0,0.66,6.11,6.51,0,33,0.66,38,1.2,11,64,25,6,64,30,15.82,13.77,1,112,-2.04,15.8,15.42
Ollie Morgan,Salisbury,2398,Right Back,Left Back,England,19,,0,0,0.04,0.05,0.71,0,47,1,,0.05,0.11,0.09,0.68,0.08,0.08,0.53,0.04,0.01,0.15,0.11,0.13,1.39,-0.01,1.35,0.79,0.56,58,0.19,0,0.83,0.86,1.09,1.04,3.34,3.5,16.51,6.9,0.04,5.89,37.07,4.09,12.31,1.5,2.59,63,1.53,2.57,0.49,49,0.9,39,0.98,0.08,14.52,15.7,4.58,4.24,1.43,41.27,5.18,36,2.63,62,0.04,0,0,34.26,68,2.21,20,32,4.39,5.78,10,58,-10,50.76,3.75,0.27,0.35,26.64,96,4.78,7.17,0.86,0.64,0.23,0.15,1.46,2.1,0.08,43,0.49,27,0.11,34,58,8,33,58,9,21.5,23.39,0.86,82,1.9,18.4,19.16
Ollie Tomlinson,Bath City,1807,Right Centre Back,Right Back,England,24,185,0,0,0.02,0.12,0.2,0,50,0,,0.01,0.05,0.05,0.15,0.05,0.05,0.15,0,0,0,0.05,0.07,0.35,-0.02,0.2,0.2,0,100,0.7,0,0.15,0.2,1.1,0.69,7.92,5.22,12.1,5.28,0.06,5.73,25.78,1.69,11.95,1.84,2.94,88,1.3,1.99,0.9,85,0.25,66,4.48,0,9.36,6.53,3.54,1.64,0.7,31.12,1.49,16,0.75,45,0.1,0,0,22.46,58,1.39,10,25,8.27,5.13,17,46,-11,38.85,1.64,0.21,0.21,10.81,99,5.38,1.74,0.15,0.15,0,0.1,1.2,1.34,0.05,0,0,0,0.15,49,46,5,66,34,0,24.86,18.63,0.83,84,-6.23,20.51,15.58
Oluwalopemiwa Aderoju,Eastbourne Borough,2221,Centre Forward,Left Centre Forward,England,22,,0.53,0.49,0.42,0.18,2.35,21,48,5,50,0.51,0,0.06,0.69,0,0.06,0.69,0,0,0,0.49,0.48,3.04,0,0.73,0.45,0.28,61,2.23,0.08,2.47,2.92,0.16,0.16,1.3,1.26,16.78,5.92,0.01,4.05,63.67,3.57,4.7,0.41,0.57,71,0.37,0.53,1.82,0,0.16,51,6.08,0,14.67,14.95,3.48,3.57,0.85,69.45,12.85,88,3.28,92,0.04,0,0,16.9,52,0.32,2,38,1.58,0.57,41,45,-7,62.28,1.58,0.38,0.62,11.91,77,4.69,4.78,0.16,0.16,0,0.2,5.39,5.55,0.04,0,0,0,0.36,30,59,11,28,57,15,15.41,13.4,1,97,-2.01,15.38,12.97
Oluwasegun Lawal,AFC Telford United,595,Left Wing,Centre Forward,Republic of Ireland,24,186,0.15,0.15,0.27,0.1,2.57,6,35,6,,0.21,0,0.07,0.61,0,0.07,0.61,0,0,0,0.15,0.34,3.18,-0.19,2.72,1.06,1.67,39,2.88,0,1.97,3.94,0.3,0.31,0.3,0.47,18.16,7.42,0,3.78,57.45,3.94,5.9,0.91,1.21,40,0.91,1.22,1.06,18,1.36,15,0.61,0,16.2,14.91,3.33,4.54,0.61,57.94,9.99,62,3.78,83,0.15,0,0,15.74,67,0.91,25,55,0.45,1.51,18,55,-12,65.85,2.27,0.22,0.44,20.13,86,7.79,6.51,0.45,0.45,0,0.3,4.84,5.3,0.15,67,0.45,38,1.06,25,49,26,16,49,35,17.76,17.02,1,105,-0.74,17.83,17.91
Oluwatimilehin Sobowale,Curzon Ashton FC,1898,Right Centre Back,Right Back,Republic of Ireland,24,185,0,0,0.01,0.07,0.19,0,0,0,,0,0,0.01,0.28,0,0.01,0.28,0,0,0,0,0.03,0.47,-0.03,0.19,0.19,0,100,0.95,0,0.05,0,0.81,0.6,4.03,3.3,13.04,6.12,0.06,5.64,25.46,2.13,12.38,1.52,2.32,74,1.26,1.86,0.9,44,0.52,51,1.9,0,10.67,8.19,3.79,1.66,0.43,30.16,1.85,17,0.57,34,0.19,0,0,31.35,70,3.04,11,40,4.93,6.78,12,56,-14,39.2,2.7,0.26,0.27,22.67,100,6,3.41,0.09,0.09,0,0.05,0.57,0.66,0.05,50,0.05,20,0.05,36,55,8,46,43,11,25.88,22.71,0.85,96,-3.18,22.07,21.7
Omar Rowe,Chesham United FC,304,Right Attacking Midfielder,Centre Forward,England,31,172,0,0,0.07,0.05,1.48,0,0,2,,0,0.3,0.34,0.89,0.3,0.34,0.89,0,0,0,0.3,0.41,2.37,-0.12,0.59,0.3,0.3,50,0.89,0,2.37,2.67,0.59,0.62,0.89,1.09,26.66,12.15,0,5.04,51.01,5.33,8.29,2.96,3.55,83,3.28,3.9,3.55,100,0.59,47,2.07,0,20.14,23.05,3.85,6.81,0.89,51.24,10.66,53,5.92,87,0.59,0,0,21.92,54,1.78,78,55,1.18,2.96,27,40,-14,55.46,1.78,0.25,0.5,17.48,80,5.01,4.74,1.18,1.18,0,0.3,3.26,4.44,0,0,0.3,33,0.3,32,57,11,38,38,25,18.63,13.61,0.97,102,-5.03,18.1,13.89
Omari Sterling-James,Hereford FC,1612,Left Wing,Left Midfielder,St. Kitts and Nevis,32,177,0.06,0.06,0.1,0.04,2.29,2,37,2,,0.21,0.17,0.26,2.23,0.06,0.15,1.01,0.11,0.12,1.23,0.22,0.36,4.52,-0.14,2.07,1.17,0.89,57,2.9,0,1.79,2.18,0.78,0.66,1.51,1.52,15.24,6.98,0.01,4.19,41.25,4.8,8.71,1.51,2.29,77,1.23,1.89,1.4,38,0.45,34,0.61,0.06,12.51,10.86,3.18,3.18,0.73,45,5.53,44,2.35,74,0.22,0,0,26.69,59,4.8,11,43,2.12,10.44,14,63,4,60.34,4.3,0.37,0.51,25.57,93,5.8,8.6,2.96,1.23,1.73,0.22,1.73,2.96,0.11,28,1.01,26,0.22,19,68,13,21,64,16,26.43,18.8,0.89,103,-7.63,23.53,19.29
Owen Cochrane,Maidenhead United,1601,Right Wing Back,Left Back,England,21,,0,0,0.03,0.08,0.34,0,67,0,,0.01,0.06,0.04,0.51,0.06,0.04,0.51,0,0,0,0.06,0.07,0.84,-0.01,0.79,0.39,0.39,50,0.73,0,0.9,1.24,0.51,0.49,2.53,2.76,12.76,6.63,0.03,4.27,35.17,3.71,10.96,2.19,2.7,72,2.38,2.86,0.45,59,0.84,42,0.79,0,10.12,10.92,2.87,2.36,0.67,38,2.98,29,1.29,55,0.11,0,0,39.02,63,4.84,12,39,4.05,10.79,12,56,-8,52.02,6.13,0.33,0.38,30.25,96,4.45,9.45,1.41,1.12,0.28,0,0.28,1.41,0,56,0.96,31,0.06,41,52,8,47,45,8,25.84,25.28,0.84,92,-0.56,21.78,23.29
Owen Evans,Kidderminster Harriers,1524,Left Back,Left Defensive Midfielder,England,25,,0.06,0.06,0.07,0.08,0.89,7,40,1,,0.12,0.06,0.12,1.42,0,0.05,0.83,0.06,0.07,0.59,0.12,0.19,2.3,-0.07,0.83,0.47,0.35,57,1.3,0,0.71,1.06,1.36,1.64,2.18,2.39,12.93,4.9,0.02,5.61,41.11,4.72,11.45,0.94,2.3,70,1.07,2.71,0.94,44,0.41,32,0.71,0,11.04,12.04,4.25,3.01,1.36,45.55,5.08,46,2.42,80,0.18,0,0,31.23,62,4.07,84,39,3.13,9.56,10,63,0,53.33,5.73,0.29,0.34,25.5,96,6.42,7.85,2.18,0.65,1.53,0.18,1.42,2.07,0,16,0.53,20,0.3,36,58,6,39,51,10,25.43,22.96,0.87,88,-2.48,22.06,20.26
Owen German,Alfreton Town,408,Centre Attacking Midfielder,Left Centre Midfielder,England,21,,0,0,0.12,0.09,1.32,0,50,1,,0.25,0,0.01,0.44,0,0.01,0.22,0,0,0.22,0,0.14,1.77,-0.14,0.22,0.22,0,100,1.1,0,0.22,1.32,0.22,0.06,1.32,1.04,26.03,12.58,0,6.84,45.12,4.41,7.72,1.54,1.77,64,1.21,1.27,1.77,20,0.88,35,1.32,0,22.73,11.28,6.18,3.09,1.1,46.45,8.38,37,1.99,64,0.22,0,0,17.65,75,1.99,23,64,1.77,2.65,25,71,-3,52.33,1.54,0.21,0.23,13.9,92,4.14,4.63,0.88,0.66,0.22,0,1.32,1.99,0,25,0.22,100,0,27,63,11,29,67,5,20.69,18.71,1.01,118,-1.99,20.87,22.13
Owen Jeys-Farmer,Leamington FC,1421,Centre Forward,Left Wing,England,21,,0.06,0.06,0.17,0.08,2.28,3,42,5,,0.16,0,0.09,0.82,0,0.07,0.57,0,0.03,0.25,0.06,0.26,3.1,-0.2,0.44,0.25,0.19,57,3.23,0,2.41,1.77,0.57,0.32,0.19,0.1,19.25,8.93,0,3.42,55.52,3.8,6.78,1.33,1.9,75,0.86,1.18,2.15,13,0.44,24,0.7,0,15.77,8.75,2.66,3.1,0.57,56.81,9.75,62,2.22,71,0.38,0,0,15.64,58,0.95,16,38,0.89,1.84,24,52,-7,59.93,1.65,0.28,0.44,16.47,85,6.98,4.69,1.01,0.76,0.25,0.19,3.67,4.43,0.06,19,0.25,24,0.44,20,56,24,22,53,26,19.83,19.14,0.91,89,-0.7,17.98,17.04
Owen Windsor,Bath City,927,Left Centre Forward,Right Centre Forward,England,24,178,0.49,0.49,0.34,0.22,1.55,31,50,3,,0.34,0,0.02,0.39,0,0.02,0.39,0,0,0,0.49,0.36,1.94,0.13,0.78,0.39,0.39,50,0.97,0,1.94,2.43,0.39,0.3,0.78,0.42,20.79,8.16,0.01,5.63,56.45,3.98,6.02,0.39,0.78,50,0.39,0.69,1.75,20,0.39,33,1.26,0,18.65,15.2,5.25,4.57,1.75,57.5,11.37,61,3.69,81,0.19,0,0,18.26,61,0.87,87,45,1.36,1.36,32,49,-12,64.95,0.97,0.3,0.48,17.87,83,5.49,6.61,0.68,0.68,0,0.1,3.79,4.47,0,43,0.29,25,0.49,16,60,24,6,65,29,17.85,17.1,0.95,97,-0.75,17.04,16.53
P.Ojemen,Slough Town FC,1095,Left Centre Back,Left Back,England,24,168,0.16,0.16,0.11,0.14,0.82,20,50,0,,0.17,0,0.01,0.08,0,0.01,0.08,0,0,0,0.16,0.12,0.9,0.05,0.41,0.16,0.25,40,0.82,0,0.49,0.58,2.22,1.55,4.44,3.65,14.64,6.58,0.03,5.92,27.83,2.88,14.14,2.06,4.28,76,1.48,3.02,1.15,33,0.66,50,3.12,0,11.43,9.17,3.78,2.55,0.99,30.26,2.38,21,1.15,45,0.41,0,0.08,28.37,63,2.55,75,42,5.26,5.18,16,54,-8,45.55,3.54,0.28,0.37,15.29,94,4.49,4.28,0.49,0.41,0.08,0,1.64,2.06,0,0,0,0,0,48,44,7,54,33,13,23.11,19.07,0.92,108,-4.04,21.33,20.51
Patrick Casey,Dorking Wanderers FC,572,Right Centre Forward,Centre Forward,Republic of Ireland,20,188,1.1,1.1,0.56,0.15,3.77,29,46,7,,0.96,0.16,0.06,0.63,0.16,0.06,0.63,0,0,0,1.26,0.62,4.4,0.64,0.94,0.79,0.16,83,0.94,0,2.04,3.14,0.16,0.22,0.63,0.84,27.67,9.75,0.02,7.86,62.59,4.4,5.98,0.31,0.47,33,0.41,0.63,1.57,0,0.63,38,1.73,0,25.79,29.29,7.39,6.76,2.52,64.44,19.97,77,5.82,86,0.16,0,0,18.87,69,0.63,30,57,0.79,0.94,28,53,-16,61.46,2.04,0.43,0.78,18.55,90,4.15,7.7,0.31,0.31,0,0.16,6.92,7.23,0,0,0,0,0.79,15,72,13,8,69,22,15.61,14.44,0.97,101,-1.17,15.2,14.55
Patrick Jones,Chester,2572,Right Wing,Right Midfielder,Wales,22,180,0.24,0.24,0.18,0.07,2.69,9,39,6,0,0.26,0,0.07,0.84,0,0.07,0.84,0,0,0,0.24,0.25,3.53,0,2.24,1.33,0.91,59,1.05,0,3.92,2.97,0.45,0.31,0.52,0.45,14.94,5.11,0.01,4.13,56.66,4.16,6.65,0.87,1.33,66,1,1.31,0.87,37,0.45,15,0.28,0,13.26,12.8,3.53,4.51,1.43,58.1,8.57,65,3.85,85,0.07,0,0,19.73,62,0.28,26,21,0.94,0.91,26,56,-6,67.85,2.59,0.4,0.59,24.56,83,9.27,7.38,0.77,0.7,0.07,0.45,4.97,5.67,0,50,0.59,24,1.08,16,63,21,14,58,28,16.41,16.09,0.9,95,-0.32,14.71,15.33
Patrick McLaughlin,Darlington,1490,Left Defensive Midfielder,Left Centre Midfielder,Northern Ireland,35,188,0,0,0.06,0.05,1.21,0,10,1,,0.01,0.06,0.09,0.72,0.06,0.09,0.72,0,0,0,0.06,0.15,1.93,-0.09,0.36,0.3,0.06,83,0.91,0,1.57,1.09,0.85,0.76,1.87,1.84,19.39,9.12,0.03,8.03,40.51,8.64,16.67,2.17,3.02,77,1.85,2.61,1.33,42,0.66,50,2.05,0,15.89,13.97,5.92,5.25,1.81,43.13,6.28,40,3.62,69,0.12,0,0,33.16,71,0.91,69,30,2.9,1.99,26,65,-7,54.25,4.11,0.47,0.53,22.83,94,5.89,8.7,0.91,0.91,0,0.06,1.09,1.99,0.24,7,0.12,20,0.3,30,59,11,19,74,7,18.16,17.66,0.91,92,-0.51,16.52,16.3
Paul Appiah,Chelmsford City,409,Right Back,Right Centre Back,England,23,191,0,0,0,,0,,,0,,0,0,0,0,0,0,0,0,0,0,0,0,0,0,1.76,0.66,1.1,38,0.22,0,0.44,1.76,0.66,0.62,5.28,4.28,20.47,10.35,0.02,7.26,31.75,1.1,11.89,3.3,3.96,79,3.14,3.76,0.88,33,0.88,56,3.08,0,16.29,15.06,5.06,4.18,1.1,34.27,3.96,24,2.42,58,0.22,0,0,27.96,68,2.2,17,38,6.6,4.4,17,42,-26,41,2.86,0.08,0.08,20.25,91,5.41,2.42,0.44,0,0.44,0,0,0,0,0,0,,0,43,49,8,64,27,9,23.01,25.87,0.91,67,2.86,20.85,17.24
Paul Blackett,South Shields,2164,Centre Forward,Right Centre Forward,England,28,183,0.67,0.54,0.71,0.19,3.79,14,46,8,75,0.76,0.21,0.19,1.21,0.21,0.19,1.21,0,0,0,0.75,0.9,4.99,-0.15,0.92,0.62,0.29,68,1.08,0.12,1.04,2,0.12,0.18,0.33,0.55,16.22,6.2,0.01,4.78,66.1,2.62,3.91,0.5,0.62,63,0.72,0.9,1.12,33,0.29,30,0.42,0,14.6,22.27,4.24,5.24,1.58,67.28,12.4,85,4.49,86,0.25,0,0,18.72,71,0.67,7,46,0.54,1.25,19,69,-2,59.75,2,0.48,1.14,19.05,91,5.62,5.82,0.67,0.67,0,0.67,8.19,8.86,0.17,13,0.29,33,0.87,14,65,21,13,69,19,17.77,15.91,0.97,99,-1.86,17.17,15.78
Paul Dawson,Macclesfield Town,2131,Right Centre Back,Left Defensive Midfielder,England,27,,0.21,0.21,0.11,0.07,1.6,13,37,1,,0.1,0.25,0.09,0.8,0.25,0.09,0.76,0,0,0.04,0.46,0.2,2.41,0.27,0.84,0.55,0.3,65,2.32,0,1.27,1.39,0.68,0.93,3.29,4.38,11.15,5.19,0.06,4.6,34.52,4.65,15.12,1.6,2.28,68,2.03,2.96,1.14,29,0.76,65,3.59,0,8.4,10.91,2.36,2.41,0.55,41.17,2.79,33,1.18,49,0.38,0.04,0,40.88,69,6.33,12,51,5.24,10.51,20,58,-11,44.88,6.17,0.52,0.6,31.42,95,5.76,8.02,1.01,0.93,0.08,0.3,2.66,3.59,0.21,8,0.21,45,0.34,36,57,7,38,55,7,28.42,24.49,0.9,91,-3.93,25.44,22.32
Paul Field,Hampton & Richmond,1555,Right Wing Back,Right Back,England,25,187,0.06,0.06,0.06,0.19,0.29,20,40,0,,0.05,0.06,0.04,0.41,0.06,0.04,0.41,0,0,0,0.12,0.09,0.69,0.02,0.41,0.29,0.12,71,0.69,0.06,0.81,0.64,0.75,0.55,1.74,1.58,14.12,6.02,0.02,5.15,35.25,2.95,7.76,1.85,2.6,82,1.45,2,0.58,46,0.41,33,0.69,0,11.69,8.56,3.76,2.37,0.98,37.63,3.53,30,1.5,63,0.06,0,0,23.27,65,2.14,12,39,2.49,4.8,13,66,2,52.92,2.32,0.21,0.25,19.39,96,4.96,4.69,0.87,0.58,0.29,0.12,0.93,1.5,0.06,40,0.41,21,0.23,32,58,10,19,69,12,22.37,21.58,0.84,102,-0.79,18.88,22.09
Paul Kalambayi,Dagenham & Redbridge,453,Left Centre Back,Right Centre Back,England,26,189,0,0,0.02,0.05,0.4,0,100,1,,0.04,0,0.02,0.2,0,0.02,0.2,0,0,0,0,0.04,0.6,-0.04,0.4,0.4,0,100,0.6,0,0.99,1.39,0.79,0.49,5.76,3.63,11.31,5.56,0.05,6.35,29.47,2.38,10.92,0.79,1.59,80,0.56,1.05,0.99,0,0.2,63,3.97,0,9.53,5.82,3.37,1.39,0,34.76,1.99,21,0.6,43,0,0,0,25.01,65,1.39,45,35,6.55,3.18,17,60,-5,42.63,3.37,0.21,0.21,18.06,87,5.35,3.97,0.2,0.2,0,0.2,1.99,2.18,0.2,100,0.2,33,0.2,45,51,4,35,65,0,22.63,21.01,0.87,85,-1.63,19.79,17.93
Paul Kalambayi,Kidderminster Harriers,1807,Left Centre Back,Centre Back,England,26,189,0,0,0.05,0.11,0.45,0,33,0,,0.02,0,0.02,0.1,0,0.02,0.1,0,0,0,0,0.07,0.55,-0.07,0.25,0.15,0.1,60,0.45,0,0.2,0.4,1,0.95,6.62,7.36,8.57,4.28,0.06,6.18,28.15,1.79,15.44,0.75,1.74,68,0.89,1.84,0.7,33,0.35,65,4.13,0,7.27,8.75,3.78,1.84,0.9,36.69,1.39,19,0.75,41,0.2,0,0,31.62,72,2.54,28,50,7.42,4.28,20,63,-9,36.75,1.64,0.3,0.38,17.38,98,5.72,2.19,0.1,0.1,0,0.15,1.79,1.89,0,0,0,0,0.25,34,62,4,39,55,7,23.21,18.91,0.96,108,-4.29,22.3,20.46
Paul McCallum,Dorking Wanderers FC,358,Left Centre Forward,,England,32,191,0.25,0.25,0.57,0.13,4.53,6,28,4,,0.44,0.25,0.15,1.51,0.25,0.14,1.26,0,0.01,0.25,0.5,0.72,6.04,-0.21,0.25,0,0.25,0,1.76,0,0.25,1.26,0,0,2.01,2.47,8.3,4.28,0.02,3.02,49.78,3.27,4.53,1.01,1.01,57,1.03,1.03,0.25,0,0.75,56,11.32,0,7.04,8.21,2.01,2.26,0.75,59.66,4.53,64,1.76,78,0,0,0,25.4,48,1.76,9,22,2.77,7.29,42,56,7,61.48,2.01,0.4,0.95,11.82,91,3.16,6.79,1.26,0.25,1.01,2.26,12.83,13.08,0,60,1.26,17,2.26,18,74,9,15,70,15,20.3,13.7,0.73,84,-6.6,14.8,11.46
Paul Murphy-Worrell,Southport,866,Right Back,Left Back,England,20,179,0,0,0.01,0.03,0.31,0,33,0,,0.01,0,0.05,0.52,0,0.05,0.52,0,0,0,0,0.06,0.83,-0.06,2.08,1.14,0.94,55,1.04,0,1.87,2.18,1.46,2.09,3.22,3.61,15.59,6.76,0.05,4.99,31.01,3.12,9.15,1.77,3.22,52,2.35,4.44,1.25,24,1.66,53,1.66,0,12.68,16.46,2.91,2.39,0.62,32.11,2.49,20,0.94,39,0.42,0.1,0,40.84,71,1.46,14,22,4.16,5.82,13,55,-16,48.52,3.74,0.15,0.17,37.1,93,6.29,8,0.62,0.62,0,0.1,0.62,1.25,0,33,0.31,27,0.21,32,52,15,27,49,23,20.53,20.86,0.81,91,0.33,16.61,18.91
Phil Croker,Chester,692,Right Centre Back,Left Centre Back,England,19,,0.13,0.13,0.06,0.08,0.78,17,17,0,,0.01,0.13,0.02,0.39,0.13,0.02,0.39,0,0,0,0.26,0.08,1.17,0.18,0.65,0.13,0.52,20,0.13,0,0.78,0.78,0.65,0.79,6.64,8.12,9.37,4.42,0.06,3.64,27.07,1.82,13.27,0.65,1.3,71,1.01,1.79,1.04,50,0.26,63,5.07,0.13,7.68,9.33,2.47,2.34,1.04,35.48,1.43,19,0.91,39,0.13,0,0,39.04,83,3.64,12,62,7.29,5.2,12,62,-20,34.45,1.43,0.19,0.23,28.89,97,4.94,1.95,0.13,0.13,0,0.13,2.08,2.21,0,100,0.13,50,0.13,28,69,3,20,80,0,23.66,19.72,0.95,93,-3.94,22.38,18.41
R.Blake,Bedford Town,727,Right Wing,Right Midfielder,England,34,,0.12,0.12,0.11,0.1,1.11,11,67,2,,0.19,0.25,0.09,0.62,0.25,0.09,0.62,0,0,0,0.37,0.2,1.73,0.17,1.11,0.5,0.62,44,1.36,0.12,1.61,2.72,0.99,0.81,1.11,0.98,17.34,6.56,0,3.71,46.01,2.97,6.19,1.24,2.23,63,0.82,1.64,1.11,0,0.74,63,3.34,0,14.98,8.39,2.97,3.34,0.99,50.27,7.68,51,2.72,81,0.12,0,0,20.31,54,0.5,10,22,1.61,1.73,24,51,-2,59.94,2.23,0.23,0.37,15.97,82,6.16,5.45,0.87,0.87,0,0.12,2.48,3.34,0,14,0.25,20,0.12,32,51,16,14,57,30,18.78,17,0.89,84,-1.78,16.71,14.33
R.Hilton,AFC Telford United,1046,Right Wing,Right Midfielder,England,25,170,0.09,0.09,0.23,0.09,2.58,3,40,5,,0.23,0,0.11,1.03,0,0.11,1.03,0,0,0,0.09,0.34,3.61,-0.25,2.24,1.72,0.52,77,0.95,0,2.5,3.18,0.69,0.79,0.86,0.8,13.42,5.08,0,4.39,50.59,5.33,8.6,0.86,1.55,71,0.93,1.72,0.52,0,0.34,22,0.6,0,12.05,11.3,3.7,2.5,0.86,50.44,6.02,50,1.55,62,0.09,0,0,24.09,75,0.52,75,32,1.46,1.03,24,77,2,59.72,2.84,0.47,0.63,28.82,86,8.03,8.78,0.95,0.86,0.09,0.43,4.56,5.42,0.09,27,0.34,25,0.77,19,60,21,19,58,24,16.13,16.92,0.94,92,0.78,15.13,15.53
R.Smith,Radcliffe,2285,Centre Back,Right Centre Back,England,32,,0.12,0.12,0.07,0.11,0.63,19,31,0,,0.1,0,0.02,0.28,0,0.02,0.28,0,0,0,0.12,0.09,0.91,0.03,0.32,0.28,0.04,88,1.06,0,0.24,0.24,1.22,1.34,6.89,6.25,7.17,2.88,0.1,4.65,24.32,1.97,13,0.87,2.09,73,0.92,2.26,0.91,11,0.32,60,3.27,0,5.51,5.44,2.21,1.06,0.51,33.01,1.1,20,0.47,44,0.16,0,0,31.35,69,4.02,10,43,8.39,7.92,16,55,-14,36.27,2.48,0.21,0.29,20.17,99,5.29,2.88,0.04,0,0.04,0.28,1.69,1.69,0,0,0.04,100,0.35,38,57,5,51,45,4,29.07,25.74,0.86,83,-3.34,24.89,21.33
Rakish Bingham,Farnborough,2161,Centre Forward,Right Wing,England,32,180,0.42,0.37,0.18,0.12,1.5,25,44,3,100,0.3,0.12,0.09,0.79,0.12,0.09,0.79,0,0,0,0.5,0.27,2.29,0.23,1.33,0.79,0.54,59,0.46,0,1.33,2.12,0.42,0.35,0.71,0.58,11.87,4.58,0.02,3.04,60.55,3.21,5.87,0.17,0.58,50,0.1,0.45,0.33,33,0.17,27,1.33,0,11.45,9.43,2.67,3.41,0.92,64.66,8.87,77,2.87,84,0,0,0,19.57,69,0.5,26,38,0.75,1.29,28,67,-2,60.76,1.54,0.28,0.43,16.95,88,4.23,6.37,0.5,0.5,0,0.33,4.16,4.66,0.08,8,0.25,33,0.62,17,64,19,18,67,16,15.98,12.58,0.93,101,-3.39,14.8,12.67
Ralph Vigrass,AFC Totton,1086,Right Wing,Right Midfielder,England,20,,0.25,0.25,0.11,0.08,1.41,18,53,3,,0.14,0,0.08,0.75,0,0.08,0.75,0,0,0,0.25,0.18,2.16,0.07,2.32,1.41,0.91,61,0.58,0,2.74,2.82,0.5,0.67,0.83,1.14,19.23,7.21,0.01,5.97,51.9,3.56,6.47,1.57,2.07,66,1.65,2.33,0.75,44,0.83,54,2.07,0,16.91,19.16,4.64,4.64,1.49,53.08,9.28,55,3.73,80,0,0,0,24.12,63,0.66,14,23,1.41,2.32,30,64,2,64.5,1.82,0.27,0.41,22.63,88,6.75,8.54,0.83,0.75,0.08,0.17,3.23,3.98,0,40,0.66,36,0.41,25,57,18,15,65,20,17.95,16.23,0.89,94,-1.73,15.91,15.33
Rashawn Scott,Dagenham & Redbridge,625,Left Wing,Left Wing Back,England,23,183,0,0,0.09,0.04,2.02,0,21,3,,0.03,0.29,0.32,1.87,0.29,0.31,1.73,0,0.01,0.14,0.29,0.41,3.89,-0.12,2.02,1.15,0.86,57,1.44,0.14,2.16,4.03,0.86,0.9,0.29,0.23,25.79,12.54,0,4.9,52.45,5.62,8.36,1.73,2.59,63,1.72,2.62,1.15,50,1.01,9,0.14,0,22.91,20.58,4.32,4.61,1.3,53.53,12.68,55,4.18,91,0.14,0,0,23.63,65,1.01,36,33,1.3,2.02,24,61,-4,65.42,4.47,0.54,0.75,27.66,84,9.66,8.5,1.73,1.58,0.14,0.43,2.74,4.32,0,50,1.3,26,0.72,15,67,18,15,63,22,19.14,18.71,0.92,78,-0.44,17.55,14.68
Razzaq Coleman De-Graft,Worthing FC,2513,Right Wing,Right Midfielder,England,28,188,0.32,0.29,0.26,0.08,3.19,9,35,4,100,0.31,0.25,0.2,1.22,0.25,0.2,1.22,0,0,0,0.54,0.46,4.41,0.08,2.87,1.83,1.04,64,0.79,0,3.76,3.98,0.47,0.72,0.82,1.2,13.18,4.69,0,4.44,47.3,3.98,7.63,1.58,2.04,85,2.36,3.08,1.43,43,0.29,33,0.57,0.04,10.17,14.81,3.37,3.22,1.29,50.68,4.94,49,2.08,64,0.11,0,0,36.14,78,1.4,75,52,1.36,2.15,28,74,-4,57.79,3.12,0.61,0.82,40.15,88,6.4,12,1.43,1.36,0.07,0.75,6.55,7.92,0.14,10,0.47,34,1.33,16,61,23,13,61,25,16.66,15.7,0.95,98,-0.96,15.91,15.38
Reece Christopher Myles-Meekums,Horsham FC,2606,Left Wing,Left Midfielder,England,27,177,0.21,0.21,0.21,0.11,1.86,11,39,4,,0.24,0.03,0.08,0.83,0.03,0.08,0.83,0,0,0,0.24,0.29,2.69,-0.05,2.62,1.07,1.55,41,1.69,0.07,1.97,3.94,0.45,0.34,1.04,1.07,12.99,4.77,0,3.83,48.7,3.49,6.46,0.76,1.21,69,0.64,0.97,0.73,50,0.35,24,0.31,0,11.57,10.38,3.21,2.9,0.97,51.64,6.04,52,2.18,75,0.07,0,0,23.66,66,1.14,17,49,1.45,1.9,24,57,-9,61.43,3.52,0.41,0.58,26.56,85,8.06,8.39,0.9,0.9,0,0.35,2.83,3.73,0.03,35,0.59,25,0.73,23,59,18,23,57,20,18.91,16.62,0.95,104,-2.29,17.92,17.29
Reece Devine,Kidderminster Harriers,2111,Left Wing Back,Left Back,England,24,184,0.17,0.17,0.07,0.08,0.94,18,41,2,,0.14,0.26,0.14,1.28,0.17,0.1,0.94,0.09,0.04,0.34,0.43,0.21,2.22,0.22,1.62,0.94,0.68,58,1.49,0,1.45,1.58,0.77,1.01,2.05,2.69,13.39,5.63,0.02,5.37,43.31,5.24,9.68,1.02,1.79,53,1.27,2.28,0.77,27,0.9,35,0.72,0,11.68,14.15,3.96,3.41,0.81,46.45,5.12,44,2.52,74,0.17,0,0,28.43,61,1.96,76,32,2.98,5.2,16,50,-10,59.99,3.84,0.33,0.43,26.3,92,5.39,8.91,1.24,0.85,0.38,0.43,2.52,3.37,0.04,45,0.72,20,0.68,28,58,14,26,52,22,22.49,20.47,0.85,82,-2.02,19.14,16.88
Reece Fleet,Chippenham Town,2739,Right Defensive Midfielder,Left Defensive Midfielder,England,34,189,0,0,0.02,0.03,0.53,0,19,0,,0.01,0.03,0.04,0.49,0.03,0.04,0.49,0,0,0,0.03,0.05,1.02,-0.02,0.23,0.16,0.07,71,0.59,0,0.62,0.69,1.05,1.25,1.81,2.01,16.89,7.33,0.04,6.74,35.38,5.85,14.03,2.4,3.45,70,2.59,3.84,0.95,45,1.02,49,1.15,0,13.54,15.3,4.44,4.27,1.41,38.42,3.75,28,2,47,0.2,0,0.03,52.35,84,4.4,7,61,3.29,5.72,21,81,-3,45.58,5.72,0.36,0.38,40.16,98,4.19,9.14,0.3,0.26,0.03,0.03,0.72,0.99,0.2,11,0.03,50,0.23,23,68,8,31,67,2,21.24,19.09,0.95,100,-2.14,20.27,19.04
Reece Grego-Cox,Hampton & Richmond,942,Right Centre Forward,Centre Forward,Republic of Ireland,29,178,0.57,0.48,0.21,0.11,1.91,25,50,4,100,0.24,0.1,0.07,0.76,0.1,0.07,0.76,0,0,0,0.57,0.28,2.68,0.29,1.53,0.76,0.76,50,0.48,0.1,1.24,3.44,0.29,0.09,0.57,0.4,16.34,5.64,0,3.73,61.56,3.63,5.06,0.19,0.48,67,0.16,0.25,1.53,0,0.1,41,4.49,0,14.62,10.87,3.54,3.44,1.24,63.27,11.08,76,2.96,86,0.29,0,0,22.84,57,0.38,5,40,0.76,0.76,40,64,6,63.11,3.25,0.29,0.41,15.67,85,5.2,8.31,0.38,0.38,0,0.29,5.35,5.73,0.19,25,0.19,29,0.57,26,64,10,23,63,14,16.04,14.65,0.95,102,-1.39,15.21,14.95
Reece Hall,Kidderminster Harriers,340,Right Defensive Midfielder,Left Centre Back,England,22,173,0,0,0.03,0.06,0.53,0,0,1,,0,0,0.02,0.79,0,0.02,0.79,0,0,0,0,0.06,1.32,-0.06,1.32,1.32,0,100,0.79,0,0.53,1.06,1.32,1.61,1.85,1.83,15.37,6.09,0,4.77,42.89,7.68,11.39,1.59,2.91,67,1.62,3.23,1.06,80,0.79,30,0.79,0,12.72,14.61,3.44,4.77,2.38,44.93,4.77,38,2.38,50,0,0,0,24.38,67,1.32,14,38,2.38,2.91,15,47,-21,53.07,3.18,0.37,0.37,18.28,93,5.69,7.42,0.79,0.79,0,0,1.06,1.85,0,0,0,0,0,33,55,12,32,61,7,20.85,17.27,0.93,110,-3.58,19.47,18.95
Reece Hall-Johnson,King's Lynn Town FC,1997,Right Wing Back,Right Back,England,31,173,0.27,0.27,0.15,0.09,1.67,16,38,3,,0.2,0.05,0.11,0.86,0.05,0.11,0.86,0,0,0,0.32,0.26,2.52,0.06,0.99,0.45,0.54,45,1.53,0,1.4,1.62,1.22,1.36,2.25,2.21,12.3,4.55,0.03,4.28,38.6,3.43,7.84,2.12,3.34,85,2.47,3.82,1.26,42,0.36,56,1.62,0.05,8.92,9.72,2.84,2.43,0.99,43.31,3.29,37,1.76,72,0.23,0,0,31.59,69,2.7,19,41,3.02,5.9,17,57,-12,59.26,3.61,0.39,0.51,27.09,93,5.54,10.37,1.53,1.22,0.32,0.27,2.57,3.79,0,15,0.5,27,0.36,28,56,16,20,53,27,22.98,18.33,0.86,99,-4.65,19.83,18.06
Regan Griffiths,Macclesfield Town,566,Right Defensive Midfielder,Left Defensive Midfielder,England,26,172,0,0,0.03,0.04,0.79,0,20,1,,0,0,0.04,1.11,0,0.03,0.79,0,0.02,0.32,0,0.08,1.91,-0.08,0,0,0,,0.79,0,0.95,0.48,0.79,0.55,1.59,1.41,12.08,6.99,0.03,3.81,39.46,7.63,13.67,1.11,1.91,54,0.89,1.44,2.22,33,0.95,43,1.43,0,8.74,9.21,2.38,2.54,0.32,43.89,3.5,40,1.27,50,0.64,0,0,43.7,72,2.7,20,31,2.54,7.63,14,67,-5,51.06,5.24,0.35,0.37,31.31,98,4.8,10.01,0.79,0.48,0.32,0,0,0.48,0,0,0,0,0,25,63,12,29,63,8,23.36,18.8,0.85,84,-4.56,19.84,15.88
Regan Hutchinson,Worksop Town FC,1055,Right Back,Right Wing Back,England,24,180,0,0,0.03,0.03,0.85,0,40,1,,0.11,0,0.15,1.02,0,0.15,1.02,0,0,0,0,0.18,1.88,-0.18,0.94,0.51,0.43,55,0.68,0.09,1.02,1.37,1.62,1.28,2.9,2.28,17.24,7.42,0.02,4.61,34.19,4.69,11.26,2.99,4.61,78,2.17,3.45,1.37,60,0.85,57,0.68,0,12.88,10.56,3.16,2.73,0.51,37.13,4.01,31,1.71,63,0.34,0,0.09,30.21,65,3.16,9,46,3.75,5.97,12,51,-14,55.29,5.38,0.28,0.42,22.02,93,5.43,8.87,1.79,1.54,0.26,0.09,0.85,2.39,0,48,1.02,44,0.17,35,58,7,34,57,10,21.95,18.43,0.88,78,-3.52,19.22,14.32
Reggie Young,Dagenham & Redbridge,1531,Left Wing Back,Left Back,England,27,176,0.06,0.06,0.08,0.13,0.65,9,27,1,,0.05,0.18,0.08,0.94,0.18,0.08,0.88,0,0,0.06,0.24,0.17,1.59,0.07,1.65,1.12,0.53,68,1.59,0,1,2,0.76,0.58,1,0.94,17.46,8.35,0.01,5.41,35.77,4.58,10.11,2.12,2.88,73,1.53,2.11,0.59,43,0.76,50,1.18,0.06,14.75,11.93,4.23,2.76,0.94,38.71,4.64,31,1.82,66,0.06,0,0,31.04,64,1.41,83,30,2,3.7,21,56,-7,55.33,4.53,0.41,0.47,29.62,92,7.77,8.11,1.06,0.82,0.24,0.41,1.29,2.12,0.12,33,0.59,23,0.53,34,52,14,35,48,17,19.84,17.58,0.89,93,-2.26,17.65,16.3
Reiss Greenidge,Slough Town FC,1445,Left Centre Back,Centre Back,Guyana,30,198,0.06,0.06,0.07,0.13,0.56,11,44,0,,0.08,0,0.05,0.5,0,0.05,0.5,0,0,0,0.06,0.12,1.06,-0.05,0.44,0.37,0.06,86,0.31,0,0.31,0.19,0.44,0.33,6.79,5.46,14.26,7.22,0.08,8.16,23.8,1.74,12.14,2.55,2.99,75,2.01,2.34,1.25,25,0.87,66,3.11,0.06,10.46,7.97,4.92,1.87,0.87,28.05,1.18,11,0.56,30,0.06,0,0,24.47,70,1.93,77,38,7.35,4.48,16,61,-9,38.54,1.81,0.33,0.35,13.76,98,4.74,2.93,0.19,0.19,0,0.31,2.18,2.37,0,0,0.12,67,0.37,42,54,4,40,53,6,25.21,19.47,0.9,95,-5.74,22.6,18.42
Remaye Campbell,Hereford FC,1123,Right Centre Forward,Centre Forward,England,25,185,0.24,0.16,0.42,0.15,2.81,6,40,6,100,0.29,0,0.04,0.72,0,0.04,0.72,0,0,0,0.16,0.46,3.53,-0.3,0.4,0.32,0.08,80,1.28,0,1.2,2.89,0.08,0.03,0.72,0.89,12.98,4.41,0.03,3.69,66.97,2.08,2.64,0.4,0.48,83,0.26,0.3,0.64,0,0.08,37,4.17,0,11.94,10.82,3.29,3.21,0.88,71.75,10.5,88,2.73,85,0,0,0,16.83,60,0.32,12,50,0.8,0.56,38,53,-8,63.12,0.64,0.45,0.66,10.82,83,3.53,5.21,0.16,0.16,0,0.16,5.45,5.61,0,0,0,,0.32,16,65,18,15,75,9,15.11,15.17,0.99,96,0.07,14.98,14.54
Remaye Campbell,Hemel Hempstead Town,496,Centre Forward,Left Centre Forward,England,25,185,0.18,0.18,0.2,0.14,1.45,13,50,4,0,0.28,0,0,0,0,0,0,0,0,0,0.18,0.2,1.45,-0.02,0.54,0.36,0.18,67,0.54,0,1.81,5.08,0,0,0.18,0.22,13.61,3.63,0,3.63,72.17,1.63,2.54,0,0,,0,0,0.73,,0,39,7.62,0,12.88,10.01,3.45,2.72,0.91,74.44,11.79,92,2.54,93,0,0,0,16.69,59,0.36,32,67,0.18,0.54,48,45,-13,64.97,0.18,0.17,0.3,10.71,73,3.56,4.9,0,0,0,0.36,4.54,4.54,0,,0.18,100,0.54,13,68,18,4,78,19,13.69,13.02,1.01,101,-0.67,13.84,13.1
Remi Walker,AFC Telford United,2334,Centre Attacking Midfielder,Left Centre Midfielder,England,23,183,0.39,0.39,0.28,0.11,2.47,16,36,3,,0.37,0.35,0.24,2.12,0.31,0.22,1.85,0.04,0.02,0.27,0.73,0.52,4.59,0.21,1.2,0.81,0.39,68,1.12,0,1.85,1.62,0.5,0.55,0.46,0.43,17.2,8.6,0.01,5.63,54.43,4.51,7.37,1.47,1.97,73,1.42,1.97,0.77,33,0.54,45,0.89,0.04,14.96,14.36,4.55,4.28,1.35,56.86,9.25,62,3.47,81,0.04,0,0,29.62,76,2.62,10,52,0.81,4.7,18,71,-5,58.98,3.97,0.61,0.85,26.42,94,5.35,11.38,2.12,1.5,0.62,0.5,3.74,5.24,0.27,7,0.27,30,0.77,18,64,18,20,69,11,20.44,16.22,0.94,101,-4.22,19.12,16.37
Remiero Moulton,Worthing FC,459,Left Wing,Left Wing Back,England,19,178,0.2,0.2,0.17,0.07,2.35,8,50,3,,0.16,0,0.2,1.76,0,0.2,1.76,0,0,0,0.2,0.37,4.12,-0.17,1.18,0.59,0.59,50,1.37,0,3.14,2.94,0.59,0.96,0.2,0.33,13.52,3.92,0,4.12,50.9,6.47,8.03,0.39,0.98,40,0.63,1.59,0.98,33,0.59,29,0.39,0,12.15,19.9,3.72,3.72,0.98,49.64,6.27,52,2.74,74,0.2,0,0,32.92,77,0.98,20,31,0.98,2.35,22,68,-8,64.19,4.9,0.53,0.76,30.57,92,6.51,14.89,1.37,1.37,0,1.18,3.53,4.9,0,14,0.39,29,1.37,21,61,18,13,68,18,18.11,16.99,0.92,103,-1.12,16.74,17.49
Remy Clerima,Maidenhead United,2319,Left Centre Back,Centre Back,France,36,188,0.04,0.04,0.05,0.1,0.54,7,29,0,,0,0.04,0.05,0.39,0.04,0.05,0.39,0,0,0,0.08,0.11,0.93,-0.03,0.47,0.27,0.19,58,0.74,0,1.28,0.89,1.71,1.6,6.13,6.42,17.04,7.33,0.05,8.03,32.73,4.31,19.83,2.95,4.66,72,2.94,4.54,1.09,38,1.13,64,4.93,0.04,13.04,13.14,4.77,3.88,1.44,37.83,3.88,30,2.06,53,0.12,0,0,42.84,69,3.26,11,41,7.22,6.95,16,53,-16,42.33,4.19,0.4,0.45,27.05,94,5.42,6.52,0.85,0.62,0.23,0.12,2.02,2.64,0,18,0.19,21,0.27,40,57,3,43,52,4,22.82,20.06,0.91,94,-2.76,20.81,18.76
Renny Smith,Farnborough,1314,Left Defensive Midfielder,Right Defensive Midfielder,Austria,29,182,0.14,0.14,0.1,0.08,1.3,11,21,2,,0.07,0,0.03,0.48,0,0.03,0.48,0,0,0,0.14,0.13,1.78,0.01,0.41,0.27,0.14,67,1.03,0,0.96,0.75,0.75,0.63,3.22,2.85,23.49,11.64,0.04,7.67,42.77,8.15,14.79,2.94,3.7,73,2.08,2.72,1.71,29,1.1,45,2.12,0,18.83,13.33,5.62,5.96,1.92,46.26,8.15,43,3.7,62,0.27,0,0,28.56,64,1.16,23,40,3.49,2.67,18,65,1,51.64,3.36,0.36,0.4,17.6,93,5.15,6.1,0.62,0.55,0.07,0.14,1.64,2.19,0.07,11,0.07,20,0.07,33,58,9,28,64,8,19.4,16.88,0.94,97,-2.51,18.33,16.34
Rhys Doherty,King's Lynn Town FC,895,Left Defensive Midfielder,Centre Back,England,20,,0,0,0.03,0.08,0.4,0,0,0,,0,0,0.05,0.4,0,0.05,0.4,0,0,0,0,0.08,0.8,-0.08,0.8,0.8,0,100,0.6,0,0.6,0.3,1.61,1.55,4.02,4.49,13.98,6.13,0.05,5.73,30.51,2.72,11.16,2.01,3.62,83,1.91,3.46,1.41,33,0.4,78,2.11,0,10.56,10.48,3.62,1.81,0.7,34.29,2.31,22,0.7,39,0.5,0,0,38.11,76,3.22,15,53,4.93,5.13,19,68,-7,39.3,3.12,0.37,0.38,30.07,98,6.55,5.33,0.2,0.2,0,0.1,1.21,1.41,0,0,0,0,0.1,31,63,6,40,51,9,23.23,20.28,0.95,95,-2.95,22.13,19.3
Rhys Murphy,Horsham FC,1383,Centre Forward,Left Centre Forward,Republic of Ireland,35,185,0.33,0.33,0.44,0.16,2.8,12,40,7,,0.48,0.07,0.12,0.91,0.07,0.12,0.91,0,0,0,0.39,0.57,3.71,-0.18,1.24,0.65,0.59,53,0.85,0,1.69,3.51,0.2,0.15,0.65,0.66,15.88,5.99,0.03,3.84,63.63,2.47,3.97,0.72,0.91,79,0.69,0.84,1.69,40,0.2,32,1.5,0,13.6,11.77,3.19,3.51,0.85,66.1,10.48,77,3.06,87,0.07,0,0,16.14,79,1.11,19,74,1.04,1.11,28,68,-10,63.31,1.56,0.42,0.66,16.85,83,4.57,7.22,0.52,0.52,0,0.59,6.31,6.83,0.13,25,0.13,50,0.91,19,57,23,17,61,22,16.21,16.34,0.98,93,0.13,15.9,15.27
Rhys Walsh,South Shields,383,Right Midfielder,Left Midfielder,Northern Ireland,19,178,0,0,0.02,0.05,0.47,0,50,1,,0.07,0.23,0.27,1.17,0.23,0.27,1.17,0,0,0,0.23,0.3,1.64,-0.06,1.17,0.94,0.23,80,1.64,0,2.58,2.11,0,0,0.7,1.16,7.75,3.29,0,2.82,47.62,1.17,4.46,1.64,1.64,100,2.85,2.85,0.7,100,0,0,0,0,5.4,9.18,1.64,1.88,0.47,49.69,2.58,48,1.64,88,0,0,0,26.29,79,2.11,3,64,0.7,3.29,11,92,13,62.17,2.58,0.31,0.62,29.35,90,7.29,10.8,0.94,0.94,0,0.7,3.05,3.99,0,25,1.17,42,0.94,14,63,23,11,65,24,20.46,15.01,0.96,106,-5.45,19.72,15.98
Ricardo Dinanga,AFC Telford United,665,Left Wing,Left Midfielder,Republic of Ireland,24,174,0.27,0.27,0.18,0.09,2.03,13,33,4,,0.31,0,0.04,0.81,0,0.04,0.81,0,0,0,0.27,0.22,2.84,0.05,4.06,2.03,2.03,50,1.22,0,3.79,5.01,0.27,0.29,0.54,0.38,20.84,9.74,0,7.17,48.84,3.65,6.23,2.03,2.3,68,2.06,2.35,0.68,36,0.95,26,0.68,0,18.14,16.47,5.41,3.52,1.08,49.46,8.66,48,2.57,73,0.14,0,0,19.76,65,0.81,20,55,1.22,0.81,25,53,-12,63.55,3.25,0.41,0.54,25.31,80,10.01,7.58,0.27,0.27,0,0.68,3.38,3.65,0.14,0,0.68,28,0.68,21,57,22,21,48,30,15.77,20.14,1,101,4.37,15.74,20.39
Ricardo Rees,Merthyr Town FC,2145,Left Centre Forward,Centre Forward,Wales,26,,0.96,0.8,0.47,0.15,3.06,26,56,8,100,0.7,0.13,0.15,1.01,0.13,0.15,1.01,0,0,0,0.92,0.62,4.07,0.3,1.09,0.63,0.46,58,0.71,0.08,1.38,1.17,0.29,0.37,0.25,0.33,14.18,5.41,0.01,4.49,66.42,2.01,3.19,0.34,0.63,73,0.35,0.72,0.25,40,0.13,17,0.13,0,13.59,17.19,4.28,3.36,1.3,68.7,10.87,80,2.77,83,0,0,0,13.47,78,0.76,10,56,0.42,1.17,22,74,-4,62.56,1.76,0.46,0.81,15.61,92,6.67,5.83,0.55,0.55,0,0.55,6.33,6.88,0,46,0.42,42,0.84,11,60,29,10,63,27,16.3,15.53,0.94,104,-0.77,15.37,16.13
Richard Faakye,Peterborough Sports FC,554,Left Centre Back,Right Centre Back,England,21,191,0,0,0.13,0.2,0.65,0,25,0,,0.03,0,0.06,0.16,0,0.06,0.16,0,0,0,0,0.19,0.81,-0.19,0.81,0.65,0.16,80,1.3,0,0.65,0.33,1.3,1.62,6.34,7.32,8.45,3.41,0.14,5.53,24.7,1.95,15.44,1.14,2.44,100,1.27,2.89,0.33,,0,47,1.14,0,6.99,8.82,3.41,1.95,0.81,34.39,1.46,21,0.49,25,0.33,0,0,41.12,76,4.06,76,45,7.31,7.96,13,65,-11,38.43,3.41,0.64,0.74,32.34,99,5.05,3.58,0.16,0.16,0,0,1.63,1.79,0,0,0,0,0.33,29,67,4,32,59,9,25.21,19.75,0.89,117,-5.46,22.43,23.18
Richard McIntyre,Salisbury,585,Left Back,Left Wing Back,England,19,182,0,0,0.02,0.03,0.61,0,0,1,,0,0,0.08,1.54,0,0.08,1.54,0,0,0,0,0.09,2.15,-0.09,0.61,0.31,0.31,50,0.77,0,0.92,0.92,0.31,0.41,4.77,4.34,14.61,4.15,0.01,5.23,32.84,3.69,11.22,1.84,2.15,80,1.82,2.23,1.23,40,0.46,38,0.92,0,11.53,12.19,3.84,3.23,1.23,38.94,3.84,33,2.77,86,0.31,0,0,35.67,64,2.31,76,33,4.92,6.76,8,40,-24,51.7,5.07,0.11,0.17,29.83,97,4.66,7.69,1.54,1.23,0.31,0,0.46,1.69,0.15,30,0.46,20,0,32,55,13,32,58,10,22.03,12.1,0.84,127,-9.93,18.43,15.36
Richie Bennett,Scarborough Athletic,1154,Centre Forward,Left Centre Forward,England,35,191,0.16,0.08,0.17,0.14,1.25,6,44,2,100,0.14,0.08,0.05,0.31,0.08,0.05,0.31,0,0,0,0.16,0.22,1.56,-0.07,0.31,0.08,0.23,25,1.25,0.08,1.25,2.65,0.31,0.27,1.25,1.29,15.52,3.98,0.03,3.43,58.43,4.13,6.16,0.47,0.78,75,0.44,0.72,1.48,0,0.16,39,4.68,0,13.57,10.81,2.88,3.66,1.17,62.87,9.98,74,3.12,85,0.55,0,0,27.45,59,1.01,62,57,1.79,1.25,33,54,-5,61.11,1.79,0.34,0.49,17.31,86,4.14,7.49,0.47,0.47,0,0.47,4.52,4.99,0,17,0.23,27,0.7,19,66,15,17,67,17,16.41,15.76,0.98,102,-0.65,16.08,16.15
Ricky Aguair,Horsham FC,1368,Right Defensive Midfielder,Left Defensive Midfielder,England,25,,0.13,0.13,0.09,0.06,1.58,8,46,2,,0.12,0,0.04,0.66,0,0.04,0.59,0,0,0.07,0.13,0.13,2.24,0,0.72,0.33,0.39,45,1.32,0,1.38,1.51,0.39,0.3,1.12,1,16.05,8.29,0,5.2,43.14,4.67,10.39,0.99,1.38,54,1.02,1.32,0.92,28,0.86,50,0.92,0.07,14.21,11.35,3.88,3.22,1.05,47.02,5.92,42,1.84,57,0.07,0,0,35,72,4.47,8,54,2.83,6.64,22,66,-6,48.81,3.55,0.42,0.52,31.32,94,5.76,7.17,0.72,0.46,0.26,0,1.32,1.78,0,27,0.2,20,0.26,19,69,12,17,72,11,24.29,21.2,0.91,90,-3.1,22.13,19.12
Ricky Holmes,Chelmsford City,1802,Right Defensive Midfielder,Left Defensive Midfielder,England,38,188,0,0,0.09,0.08,1.15,0,22,2,,0.08,0.05,0.18,1.9,0.05,0.08,0.8,0,0.1,1.1,0.05,0.27,3.05,-0.22,0.85,0.6,0.25,71,1.75,0,1.2,1.25,0.9,0.92,1.8,1.64,15.24,6.69,0.03,4.5,44.57,6.04,11.49,1.65,2.55,79,1.77,2.69,1.4,27,0.45,53,2.95,0,12.19,12.04,3.35,3.6,0.9,48.22,5.34,44,2.3,64,0.2,0,0,30.67,58,3.65,15,42,2.8,7.74,22,53,-5,61.95,4.7,0.43,0.51,23.38,94,6.25,8.54,3.25,0.95,2.3,0.2,1.75,2.7,0.05,12,0.55,30,0.2,28,67,6,35,61,5,23.55,18.82,0.91,102,-4.74,21.48,19.11
Ricky Korboa,Tonbridge Angels FC,1573,Left Wing,Left Wing Back,England,29,178,0.17,0.17,0.18,0.08,2.29,8,28,4,,0.25,0.23,0.14,0.86,0.23,0.14,0.86,0,0,0,0.4,0.33,3.15,0.07,1.66,0.92,0.74,55,0.97,0,1.72,2.63,0.8,0.42,1.89,1.04,17.57,7.04,0.01,4.41,41.68,6.18,11.96,1.72,2.52,83,0.92,1.34,1.43,64,0.34,35,1.09,0,14.59,7.67,3.55,3.32,0.63,45.51,5.95,41,2.4,72,0.23,0,0,24.9,66,1.32,18,42,2.69,2.35,23,55,-11,56.22,3.66,0.46,0.65,23.81,89,6.29,8.18,0.86,0.86,0,0.06,2.63,3.49,0.06,13,0.29,33,0.23,35,49,16,29,52,18,19.09,16.99,0.93,104,-2.1,17.69,17.61
Riley Court,Maidstone United,1987,Centre Attacking Midfielder,Right Defensive Midfielder,England,20,,0.23,0.23,0.16,0.09,1.77,13,51,2,,0.22,0.05,0.13,1.49,0,0.06,0.72,0.05,0.07,0.77,0.27,0.29,3.26,-0.01,0.86,0.41,0.45,47,2.26,0,2.4,1.86,1,1.07,1.04,0.89,23.74,10.69,0.03,8.88,48.16,8.29,13.73,2.4,3.4,72,2.16,3.23,0.86,47,0.95,34,1.27,0,20.52,19.43,7.07,6.75,2.49,50.64,10.69,52,5.03,74,0.05,0,0,29.99,61,2.81,11,34,1.54,7.84,16,66,4,60.74,3.94,0.36,0.52,23.65,91,5.97,8.79,2.67,0.91,1.77,0.05,2.31,3.22,0.09,8,0.32,19,0.36,25,64,11,28,57,15,23.22,17.42,0.88,95,-5.8,20.42,16.53
Rio Allen,Scarborough Athletic,1854,Right Wing,Right Midfielder,England,22,,0.34,0.24,0.19,0.1,1.94,13,45,4,100,0.26,0.05,0.06,0.44,0,0.03,0.29,0.05,0.03,0.15,0.29,0.25,2.38,0.04,2.72,0.97,1.75,36,0.87,0.05,2.72,4.22,0.44,0.35,0.44,0.41,15.29,5.97,0,4.71,53.37,4.17,6.55,0.78,1.21,62,0.81,1.16,0.83,9,0.49,33,1.31,0,13.74,13.15,3.88,3.69,1.65,55.04,7.72,56,2.72,74,0.05,0,0,18.39,71,0.58,78,34,0.58,1.55,25,74,3,62.89,1.75,0.34,0.46,20.82,83,5.46,6.5,0.53,0.39,0.15,0.29,3.49,3.88,0,9,0.15,25,0.58,19,53,27,16,53,31,16.89,13.38,0.91,100,-3.51,15.29,13.44
Rio Clegg,Radcliffe,2211,Right Centre Forward,Left Centre Forward,England,30,,0.77,0.53,0.41,0.11,3.66,14,42,9,86,0.61,0.2,0.09,0.69,0.2,0.09,0.69,0,0,0,0.73,0.5,4.36,0.23,1.99,1.1,0.9,55,1.83,0.04,5.09,3.13,0.45,0.35,0.16,0.15,24.99,9.69,0,5.13,66.45,4.36,5.7,1.55,1.99,78,1.21,1.55,2.73,31,0.45,11,0.28,0,20.76,16.26,4.52,4.8,1.67,66.98,16.65,80,4.48,93,0.24,0,0.04,13.07,61,0.85,8,62,0.41,1.14,28,67,5,65.77,1.95,0.48,0.71,18.19,76,6.38,5.29,0.41,0.41,0,0.24,6.23,6.63,0.04,10,0.04,11,0.45,18,65,17,14,69,17,17.36,17.21,1.02,108,-0.15,17.75,18.52
Rio Oudnie-Morgan,King's Lynn Town FC,326,Left Centre Forward,Right Wing,Northern Ireland,20,178,0,0,0.11,0.07,1.65,0,33,3,,0.24,0,0.02,0.28,0,0.02,0.28,0,0,0,0,0.13,1.93,-0.13,1.93,0.83,1.1,43,3.31,0,3.31,3.58,0,0,0,0,28.12,10.48,0,8.55,56.73,2.76,6.07,2.21,2.21,89,2.32,2.32,1.93,0,0.28,15,0.83,0,23.99,22.99,7.17,4.41,2.21,57.17,14.61,61,3.03,69,0,0,0,20.4,54,1.1,31,44,0.55,1.93,19,60,6,62.83,2.21,0.11,0.22,22.88,87,5.91,6.07,0.55,0.55,0,0.28,4.14,4.69,0,0,0.28,14,0.83,20,60,20,23,55,23,17.98,20.29,1.01,133,2.3,18.2,26.9
Rob Evans,Leamington FC,861,Left Centre Back,,England,35,182,0,0,0,0.02,0.21,0,0,0,,0,0,0.02,0.21,0,0,0,0,0.02,0.21,0,0.02,0.42,-0.02,0.1,0.1,0,100,0.21,0,0.1,0,1.57,0.56,6.8,3.55,6.48,3.35,0.1,4.29,19.31,1.67,11.4,0.73,2.3,58,0.35,0.92,0.52,17,0.52,56,1.99,0,5.33,3.95,2.51,1.25,0.31,24,0.52,10,0.31,25,0.21,0,0,21.64,51,3.24,11,27,7.84,11.08,11,43,-7,38.2,1.67,0.1,0.1,10.56,99,5.35,1.46,1.15,0.1,1.05,0,0.21,0.31,0.1,9,0.21,7,0,35,60,5,43,50,7,31,26.95,0.83,93,-4.05,25.66,25.16
Rob Ramshaw,Spennymoor Town,2409,Centre Attacking Midfielder,Left Attacking Midfielder,England,32,178,0.26,0.26,0.23,0.14,1.64,16,41,3,,0.21,0.15,0.12,1.05,0.15,0.12,1.01,0,0,0.04,0.41,0.35,2.69,0.07,0.93,0.45,0.49,48,1.27,0.04,1.79,2.88,0.19,0.2,0.86,0.74,17.22,7.88,0.01,5.68,52.73,4.41,7.51,1.31,1.49,76,1.09,1.29,0.71,31,0.41,45,1.79,0,15.24,12.03,4.78,3.88,1.42,56.18,9.08,60,2.76,71,0.26,0,0,24.39,69,0.93,13,53,0.97,1.64,32,66,-3,62.44,2.65,0.41,0.59,20.32,89,4.91,9.53,1.08,1.05,0.04,0.41,4.37,5.42,0.07,31,0.49,37,0.71,21,61,18,20,63,17,16.17,13.26,1.01,109,-2.91,16.27,14.42
Robbie Tinkler,South Shields,2356,Right Centre Back,Left Centre Back,England,29,183,0,0,0.01,0.03,0.19,0,40,0,,0,0.11,0.04,0.46,0.11,0.04,0.42,0,0,0.04,0.11,0.05,0.65,0.06,0.42,0.34,0.08,82,1.07,0,0.23,0.15,0.88,1.29,4.7,6.9,8.33,3.55,0.07,4.66,26.45,2.29,12.88,1.53,2.41,87,2.34,3.62,0.92,45,0.23,58,1.6,0.04,5.88,8.73,2.71,2.1,1.18,32.19,1.15,19,0.76,36,0.34,0,0,68.01,90,5.58,10,64,6.04,7.37,13,84,-6,36.48,6.42,0.68,0.71,58.38,100,7.1,6.72,0.57,0.53,0.04,0.11,0.46,0.99,0.04,0,0,0,0.19,24,71,5,38,59,3,22.16,22.07,0.94,92,-0.08,20.83,20.39
Rocco Coyle,Scarborough Athletic,615,Right Defensive Midfielder,Right Centre Midfielder,England,19,,0,0,0.02,0.04,0.59,0,25,0,,0,0.15,0.02,0.59,0.15,0.02,0.59,0,0,0,0.15,0.05,1.17,0.1,0,0,0,,1.32,0,1.17,0.29,0.73,0.79,1.9,2.08,15.95,8.2,0.02,5.27,40.72,7.61,14.34,1.9,2.63,72,2.12,2.9,1.61,29,0.73,58,2.2,0,12.44,13.41,3.95,4.98,1.9,42.92,4.54,36,2.93,59,0.15,0,0,38.78,72,3.37,8,51,3.07,5.41,18,62,-10,51.52,2.93,0.12,0.14,24.73,97,4.74,8.2,0.44,0.44,0,0,0.15,0.59,0,33,0.15,20,0.15,21,67,12,21,71,7,21.69,18.99,0.95,105,-2.7,20.67,19.87
Rolando Onu,Dover Athletic,407,Centre Forward,Right Centre Forward,England,24,,0.22,0.22,0.12,0.09,1.33,17,50,3,,0.22,0,0.1,1.11,0,0.1,1.11,0,0,0,0.22,0.22,2.43,0,0.88,0.66,0.22,75,1.11,0,1.99,2.88,0,0,0.22,0.15,17.47,3.1,0.02,4.65,67.52,3.98,5.09,0.22,0.22,50,0.15,0.15,0.88,0,0.22,25,2.88,0,16.37,13.19,3.98,5.97,1.55,69.63,14.6,89,5.53,93,0,0,0,16.59,52,0.22,38,25,0.22,0.88,32,36,-16,64.04,1.55,0.19,0.32,12.83,76,4.68,5.09,0.44,0.44,0,0.22,3.1,3.54,0.22,0,0.44,50,0.44,19,65,16,4,78,17,16.06,13.61,1.01,128,-2.45,16.14,17.36
Rollin Menayese,Macclesfield Town,2071,Left Centre Back,Right Centre Back,Wales,28,190,0,0,0.04,0.09,0.39,0,22,0,,0.01,0.04,0.02,0.13,0.04,0.02,0.13,0,0,0,0.04,0.05,0.52,-0.01,0.17,0.17,0,100,0.56,0,0.26,0.22,1.04,1.08,5.08,6.71,8.39,3.91,0.09,4.95,24.41,2.22,16.51,1.13,2.17,68,1.46,2.53,0.61,55,0.52,70,4.3,0.09,6.65,8.56,2.82,2.13,0.65,29.29,1.09,16,0.65,31,0.09,0,0.04,50.71,79,3.65,19,57,6.04,5.43,14,60,-20,36.32,2.91,0.46,0.49,36.15,99,5.44,3.78,0.13,0.04,0.09,0.26,1.65,1.69,0,0,0,0,0.3,31,67,3,36,63,1,22.32,19.99,0.96,101,-2.33,21.34,20.21
Roman Charles-Cook,Dover Athletic,2896,Right Back,Left Back,England,22,,0,0,0.01,0.09,0.12,0,25,0,,0,0.06,0.04,0.62,0.06,0.04,0.53,0,0,0.09,0.06,0.05,0.75,0.01,0.87,0.5,0.37,57,0.93,0,1.34,1.21,0.81,0.55,3.2,2.11,19.42,7.33,0.03,7.09,30.08,3.67,11.87,2.42,3.23,81,1.68,2.23,0.99,38,0.56,56,1.58,0,16,11.06,5.5,3.64,1.03,33.68,3.98,25,1.99,55,0.09,0,0,21.23,54,1.65,21,32,3.92,4.38,16,43,-11,53.4,3.29,0.15,0.18,14.82,89,7.53,4.57,0.87,0.56,0.31,0.09,0.53,1.09,0,25,0.34,22,0.19,45,46,8,30,55,15,22.26,18.28,0.88,97,-3.98,19.49,17.7
Ronan Silva,Hampton & Richmond,1873,Left Attacking Midfielder,Centre Forward,England,26,178,0.14,0.05,0.13,0.07,1.87,3,31,4,100,0.07,0,0.03,0.72,0,0.03,0.72,0,0,0,0.05,0.16,2.6,-0.11,1.83,1.25,0.58,68,1.68,0.05,3.17,2.79,0.48,0.35,0.38,0.31,26.14,10.48,0,7.69,53.18,4.23,7.02,1.44,1.92,65,1.3,1.65,1.92,36,0.77,25,1.25,0,22.78,18.74,6.82,7.3,2.31,54.12,12.4,54,5.96,82,0.24,0,0,20.47,65,0.91,25,48,0.62,1.68,24,59,-6,60.48,2.45,0.23,0.3,20.23,85,5.7,6.87,0.53,0.53,0,0,3.17,3.7,0.14,18,0.1,13,0.24,24,61,15,20,66,14,16.87,13.95,0.95,98,-2.92,16,13.61
Ronny Nelson,Ebbsfleet United,1742,Left Centre Back,,England,22,189,0.1,0.1,0.06,0.06,0.93,11,22,1,,0.06,0,0.01,0.05,0,0.01,0.05,0,0,0,0.1,0.07,0.98,0.03,0.52,0.31,0.21,60,0.52,0,0.05,0.26,1.6,1.94,4.39,5.29,9.5,3.87,0.07,5.17,27.44,2.32,11.72,1.24,2.84,89,1.64,3.59,1.08,75,0.15,63,2.84,0,7.23,9.17,3.15,1.81,0.88,32.08,1.55,21,0.72,40,0.31,0,0,43.54,76,3.87,75,43,5.84,7.54,14,58,-18,42.23,4.96,0.38,0.43,31.35,99,5,7.49,0.36,0.36,0,0.21,2.27,2.63,0.05,29,0.15,43,0.21,36,59,5,38,55,7,23.47,22.55,0.87,84,-0.92,20.4,18.94
Ross Crane,King's Lynn Town FC,2279,Right Attacking Midfielder,Centre Attacking Midfielder,England,23,178,0.24,0.24,0.13,0.07,1.97,12,40,4,,0.19,0.16,0.06,0.91,0.16,0.05,0.63,0,0.01,0.28,0.39,0.2,2.88,0.2,1.9,1.22,0.67,65,1.38,0,2.73,2.41,0.43,0.62,0.79,1,18.88,7.23,0.01,5.17,54.3,3.67,5.89,1.22,1.66,74,1.23,1.86,2.37,21,0.43,43,1.26,0,15.29,16.7,4.38,4.54,1.7,56.53,9.83,64,3.59,79,0.32,0,0.04,20.93,62,1.86,79,38,1.22,4.42,19,64,2,66.65,2.57,0.23,0.39,21.8,86,6.38,8.41,1.78,0.99,0.79,0.2,3.16,4.15,0.04,18,0.55,24,0.39,19,67,14,17,66,17,21.75,15.73,0.89,90,-6.02,19.33,14.18
Ruaridh Donaldson,Enfield Town FC,1211,Left Centre Back,Centre Attacking Midfielder,Scotland,32,176,0,0,0.06,0.12,0.52,0,29,0,,0,0,0.03,0.3,0,0.01,0.22,0,0.02,0.07,0,0.09,0.82,-0.09,0.07,0.07,0,100,0.22,0,0.37,0.52,1.11,0.62,5.28,3.95,11.52,6.09,0.06,5.05,27.45,3.79,13.6,1.78,2.9,80,1.38,2.01,0.89,44,0.45,68,3.34,0,8.84,6.26,3.12,2.01,0.59,30.06,1.34,15,0.82,41,0.15,0.07,0.07,30.4,62,3.27,81,39,6.09,7.58,17,54,-8,43.89,3.27,0.25,0.28,18.65,98,3.95,4.9,0.67,0.45,0.22,0.07,1.11,1.56,0,33,0.22,38,0.07,43,52,5,35,59,6,24.16,17.77,0.88,96,-6.39,21.34,17
Ruben Okemute Shakpoke,Slough Town FC,1142,Centre Forward,Left Centre Forward,England,22,178,0.47,0.47,0.23,0.14,1.65,29,57,4,,0.43,0.08,0.06,0.87,0.08,0.06,0.87,0,0,0,0.55,0.29,2.52,0.26,1.02,0.55,0.47,54,1.1,0,1.42,4.89,0.16,0.07,1.18,0.89,12.69,4.41,0.01,2.44,62.93,2.36,3.86,0.32,0.47,67,0.28,0.35,1.26,0,0.16,44,4.33,0,11.19,8.34,2.05,2.6,0.47,68.9,9.46,85,2.36,91,0.32,0,0,15.21,56,0.24,15,33,1.18,0.71,46,55,-2,66.57,1.42,0.3,0.45,13.79,71,5.57,5.83,0.24,0.24,0,0.39,4.57,4.81,0,0,0.24,43,0.63,26,59,15,19,65,16,15.52,13.27,0.96,99,-2.26,14.85,13.14
Ruben Soares Junior,Dover Athletic,1541,Centre Forward,Left Wing,Portugal,26,181,0.47,0.47,0.22,0.16,1.4,33,42,3,,0.42,0.06,0.06,0.58,0.06,0.06,0.58,0,0,0,0.53,0.28,1.99,0.24,1.05,0.58,0.47,56,1.87,0,1.4,3.27,0.18,0.11,1.58,1.15,14.31,4.09,0,3.04,57.97,3.04,4.21,0.58,0.76,91,0.48,0.59,1.58,50,0.06,52,7.13,0,12.15,9.28,2.69,3.33,0.64,64.27,8.88,73,2.8,84,0.18,0,0,21.79,57,0.41,54,41,1.75,0.82,42,56,0,64.91,1.23,0.37,0.48,15.3,82,4.59,7.48,0.29,0.29,0,0.58,5.14,5.43,0,40,0.12,9,0.76,28,62,9,27,61,12,14.13,12.36,0.95,106,-1.77,13.41,13.12
Ryan Bartley,Maidenhead United,1749,Right Back,Right Centre Back,England,22,187,0,0,0.02,0.04,0.41,0,38,1,,0.04,0,0.02,0.36,0,0.02,0.31,0,0,0.05,0,0.04,0.77,-0.04,0.87,0.46,0.41,53,0.87,0,1.03,0.72,0.82,0.86,3.24,3.47,13.28,5.92,0.03,5.4,35.41,4.73,15.08,1.9,2.73,84,2.04,2.9,0.98,30,0.36,62,2.26,0,10.45,10.76,4.07,2.83,1.24,38.72,3.29,32,1.7,60,0.15,0,0,39.32,68,2.26,12,33,3.76,6.33,12,63,-5,50.55,6.02,0.31,0.33,28.87,96,5.3,9.11,0.77,0.62,0.15,0.05,0.82,1.44,0,27,0.31,22,0.05,39,53,8,39,52,9,21.47,17.58,0.87,90,-3.88,18.66,15.82
Ryan Blackman,Bedford Town,987,Right Defensive Midfielder,Centre Defensive Midfielder,England,31,177,0,0,0.02,0.03,0.64,0,14,1,,0,0.18,0.12,0.36,0.18,0.1,0.27,0,0.01,0.09,0.18,0.14,1,0.05,0.27,0.18,0.09,67,0.18,0,0.36,0.55,1.82,0.89,2.92,1.53,21.89,13.23,0.04,6.75,38.13,7.66,14.78,2.74,4.56,70,1.56,2.45,2.01,13,1.19,53,1.46,0,17.15,8.25,4.47,4.83,1.55,43.29,6.2,36,2.19,45,0.18,0,0,24.17,56,2.01,23,39,3.1,4.93,13,71,15,53.07,2.19,0.29,0.3,11.77,96,4.16,5.29,0.64,0.46,0.18,0,0,0.46,0.09,14,0.09,33,0.09,43,53,4,40,60,0,23.39,17.81,0.9,84,-5.58,20.96,14.97
Ryan Colclough,Fylde,418,Right Wing,Right Midfielder,England,31,184,0.86,0.86,0.21,0.06,3.45,25,44,3,,0.57,0.43,0.19,1.29,0.43,0.19,1.29,0,0,0,1.29,0.4,4.74,0.89,2.8,1.51,1.29,54,2.8,0,2.59,3.88,0.65,0.98,0.86,1.4,15.73,6.46,0,5.82,49.64,3.88,7.33,1.08,1.72,50,1.86,2.84,1.72,0,1.08,0,0,0,12.93,21.23,4.74,3.45,1.72,49.43,6.46,50,1.94,56,0.43,0,0,31.24,79,2.59,27,46,1.72,4.74,12,72,-6,57.74,4.74,0.35,0.66,35.34,91,7.33,11.42,1.72,1.72,0,0.22,3.88,5.6,0,25,0.86,57,0.65,15,64,21,15,74,11,20.97,23.35,0.86,108,2.37,17.94,25.2
Ryan Cole,Bedford Town,704,Left Back,Left Wing Back,England,20,,0,0,0.01,0.03,0.26,0,0,0,,0,0,0.01,0.13,0,0.01,0.13,0,0,0,0,0.02,0.38,-0.02,0.77,0.38,0.38,50,0.9,0,1.15,0.9,2.05,1.16,3.07,1.76,20.08,9.08,0.04,8.57,31.95,3.07,11.77,2.43,4.48,73,1.33,2.49,0.77,57,0.9,65,1.92,0,16.88,10.48,6.27,3.2,1.15,34.72,4.35,26,1.66,52,0.26,0,0,24.17,53,2.3,64,33,3.45,6.65,17,53,0,47.51,3.07,0.03,0.04,17.52,95,7.1,4.22,0.26,0.26,0,0,0.38,0.64,0.13,0,0.26,13,0,52,41,8,27,55,18,24.84,17.98,0.85,91,-6.86,21.24,16.29
Ryan Doherty,Bedford Town,2264,Right Centre Back,Left Centre Back,England,17,,0.08,0.08,0.02,0.11,0.16,50,75,0,,0.04,0.04,0.01,0.2,0.04,0.01,0.2,0,0,0,0.12,0.02,0.36,0.09,0.08,0.08,0,100,0.2,0,0.32,0.08,1.15,0.79,7.55,4.88,10.61,4.45,0.08,6.28,22.21,1.39,13.87,1.39,2.54,85,0.86,1.65,0.56,54,0.24,65,4.89,0.04,8.67,5.29,3.78,1.55,0.68,27.15,1.15,13,0.56,36,0.04,0,0,23.54,59,2.19,12,33,8.51,5.76,21,45,-13,34,0.87,0.17,0.18,11.93,99,3.89,1.23,0.04,0.04,0,0.24,1.15,1.19,0,0,0,0,0.24,48,50,2,45,55,0,27.76,23.86,0.85,80,-3.9,23.65,19.2
Ryan Fryatt,Peterborough Sports FC,780,Centre Back,Left Centre Back,England,32,186,0,0,0.09,0.2,0.46,0,25,0,,0.1,0,0.05,0.23,0,0.05,0.23,0,0,0,0,0.15,0.69,-0.15,0.35,0.12,0.23,33,0.69,0,0.23,0.35,1.27,1.12,6.58,5.21,7.85,4.04,0.07,4.85,28.48,3.23,17.31,0.69,1.96,46,0.55,1.68,0.92,0,0.81,80,4.5,0.12,6.23,5.29,2.54,1.85,0.69,38.62,1.62,26,1.04,56,0.12,0,0,28.51,60,3.12,13,48,7.39,5.66,22,55,-5,39.57,2.19,0.3,0.38,12.12,97,3.71,3.12,0.12,0.12,0,0,0.92,1.04,0,0,0,0,0.12,43,51,6,33,48,19,23.16,19.63,0.94,103,-3.53,21.79,20.28
Ryan Hanson,Dover Athletic,1512,Right Centre Midfielder,Right Defensive Midfielder,England,25,180,0.12,0.12,0.03,0.09,0.3,40,60,0,,0.1,0.06,0.02,0.48,0.06,0.02,0.48,0,0,0,0.18,0.04,0.77,0.14,0.24,0.06,0.18,25,0.65,0,0.3,0.77,1.07,0.61,1.67,1.06,15.83,6.37,0.04,5.59,39.47,6.9,12.5,1.61,2.68,71,1.03,1.64,0.83,15,0.65,70,3.33,0,13.39,8.97,3.87,3.63,0.95,42.65,5.3,40,2.26,62,0.24,0,0,26.07,61,1.79,6,42,2.38,3.51,25,57,-5,53.16,2.92,0.23,0.24,13.87,97,3.12,6.37,0.42,0.36,0.06,0.18,1.01,1.37,0.06,0,0,0,0.3,41,49,10,32,60,8,20.92,16.77,0.88,92,-4.15,18.49,15.47
Ryan Huke,Farnborough,958,Centre Attacking Midfielder,Left Centre Midfielder,England,21,179,0.19,0.19,0.22,0.11,2.07,9,27,3,,0.28,0.19,0.21,1.03,0.19,0.21,1.03,0,0,0,0.38,0.44,3.1,-0.06,1.5,0.66,0.85,44,2.82,0,2.44,2.91,0.38,0.34,0.66,0.61,19.44,6.95,0,6.1,52.92,6.1,10.61,1.41,1.78,71,1.37,1.71,1.6,25,0.56,19,0.56,0,16.44,15.72,4.7,5.35,1.97,54.72,9.2,56,3.94,74,0.09,0,0,24.61,64,0.66,15,33,1.03,1.6,18,69,4,59.66,3.19,0.38,0.55,23.86,89,5.73,7.61,0.66,0.66,0,0.19,3.1,3.76,0,43,0.38,31,0.56,20,67,13,10,72,19,16.38,14.96,0.97,101,-1.42,15.85,15.13
Ryan Jackson,AFC Totton,1282,Right Back,Right Wing Back,England,35,175,0,0,0.02,0.05,0.35,0,40,0,,0.01,0.07,0.07,0.98,0.07,0.07,0.91,0,0,0.07,0.07,0.08,1.33,-0.01,1.19,0.63,0.56,53,1.05,0,0.98,1.4,0.42,0.48,1.4,1.59,13.41,5.19,0.03,4.91,39.62,3.09,8.84,1.68,2.11,83,1.99,2.47,0.98,50,0.35,50,0.63,0,10.88,11.08,3.58,2.74,0.63,43.93,4.21,39,2.11,77,0.07,0.07,0,29.76,68,2.32,10,42,2.11,4.84,13,57,-12,58.58,3.44,0.29,0.35,26.46,95,5.56,9.19,1.05,0.77,0.28,0.28,1.26,2.04,0.14,40,0.63,28,0.49,31,48,21,22,53,24,21.09,18.47,0.88,95,-2.62,18.6,17.6
Ryan McLean,Buxton,783,Right Wing,Right Midfielder,England,26,167,0.23,0.23,0.13,0.13,1.03,22,44,1,,0.13,0.34,0.2,1.38,0.34,0.2,1.38,0,0,0,0.57,0.32,2.41,0.25,1.49,1.15,0.34,77,1.38,0,2.18,2.3,0.69,0.75,0.57,0.71,15.06,6.32,0.01,3.56,47.7,2.41,4.83,1.95,2.64,71,1.93,2.68,0.69,14,0.8,20,0.34,0,12.41,12.35,2.87,3.79,0.8,48.99,5.75,46,2.87,76,0,0,0,24.83,58,1.26,25,35,0.69,3.45,18,59,1,65.23,2.18,0.5,0.69,25.52,90,9.2,8.51,1.38,1.26,0.11,0.46,3.33,4.6,0,100,1.61,33,0.69,19,65,15,14,62,24,19.14,13.73,0.91,108,-5.41,17.46,14.8
Ryley Reynolds,Kidderminster Harriers,1868,Centre Attacking Midfielder,Left Centre Midfielder,England,20,180,0.19,0.19,0.18,0.07,2.41,8,32,4,,0.27,0.1,0.2,1.83,0.05,0.14,1.3,0.05,0.06,0.53,0.29,0.38,4.24,-0.09,0.82,0.43,0.39,53,1.3,0,2.46,2.07,0.72,0.76,1.35,1.38,27.99,12.33,0.01,8.53,53.47,6.41,9.44,2.41,3.13,78,2.44,3.2,1.93,30,0.67,26,0.96,0,23.7,24.74,6.84,7.23,1.98,55.46,14.11,60,5.54,77,0.29,0,0,24.52,60,1.93,12,31,2.22,5.3,23,58,-2,61.28,2.99,0.32,0.51,20.62,87,4.95,7.8,1.54,1.01,0.53,0.24,3.18,4.19,0.19,31,0.53,35,0.58,23,63,14,20,67,14,22.38,18.93,0.86,102,-3.45,19.26,19.23
S.Adenola,Hemel Hempstead Town,2291,Right Back,Left Back,England,23,,0.08,0.08,0.06,0.08,0.79,10,20,1,,0.05,0.08,0.11,0.75,0.08,0.11,0.71,0,0,0.04,0.16,0.17,1.53,-0.01,0.98,0.67,0.31,68,0.55,0,0.51,0.86,1.41,1.49,4.79,4.84,11.04,3.97,0.03,4.16,31.92,5.3,16.93,1.22,2.63,76,1.3,2.78,0.63,33,0.39,56,2.24,0.04,9.19,9.33,2.99,2.71,0.86,36.97,2.67,29,1.57,58,0.16,0,0,35.59,64,3.54,13,39,5.85,7.97,15,58,-6,51.15,5.22,0.36,0.44,24.71,96,5.69,8.68,0.94,0.79,0.16,0.24,1.53,2.32,0,42,0.47,27,0.43,40,50,10,33,53,14,24.2,21.61,0.86,83,-2.59,20.85,17.9
S.McLintock,Peterborough Sports FC,1934,Left Defensive Midfielder,Right Centre Midfielder,England,25,178,0.05,0.05,0.11,0.07,1.49,3,22,2,,0.08,0.09,0.11,1.26,0.09,0.08,1.02,0,0.03,0.23,0.14,0.22,2.75,-0.08,0.93,0.6,0.33,65,0.65,0,0.6,1.16,0.51,0.53,1.49,1.39,20.52,10.38,0.01,7.82,44.9,6.37,12.28,2.05,2.56,71,2.16,2.69,0.98,45,0.84,37,1.07,0,17.49,17.08,6.1,4.7,1.86,46.45,7.3,42,2.93,62,0.14,0,0,39.83,76,3.82,21,58,2.19,5.91,21,76,0,56.06,5.26,0.51,0.57,30.66,97,5.39,12.93,1.21,0.84,0.37,0.28,2.28,3.12,0.05,15,0.23,19,0.51,22,65,13,25,63,12,21.09,17.61,0.94,100,-3.47,19.79,17.69
S.Youngs,Enfield Town FC,2492,Centre Attacking Midfielder,Right Centre Forward,England,35,,0.33,0.33,0.29,0.13,2.31,14,42,4,,0.38,0.04,0.05,0.47,0.04,0.05,0.47,0,0,0,0.36,0.35,2.78,0.02,0.51,0.36,0.14,71,0.79,0,1.63,2.64,0.47,0.28,1.3,0.81,18.71,7.33,0.03,4.59,50.64,4.7,7.8,1.3,1.77,64,0.84,1.12,1.73,27,0.72,50,4.84,0,15.82,9.83,3.5,4.08,1.26,53.45,9.07,57,3.58,88,0.14,0,0,20.55,60,0.69,17,34,1.66,1.66,40,57,-3,60.67,2.31,0.41,0.62,15.06,84,4.57,6.47,0.4,0.4,0,0.4,6.32,6.72,0.07,18,0.11,33,0.83,31,58,10,28,59,13,17.2,14.34,0.92,99,-2.86,15.86,14.13
Sam Avery,Weston-super-Mare AFC,1709,Left Centre Back,Centre Back,England,37,,0.05,0.05,0.05,0.47,0.11,50,50,0,,0.05,0,0,0.05,0,0,0.05,0,0,0,0.05,0.05,0.16,0,0.26,0.26,0,100,0.21,0,0.26,0.16,1,0.86,6.85,6.5,9.43,4.21,0.09,5.06,23.06,1.37,12.91,1.32,2.32,71,1.4,2.26,0.42,23,0.53,63,3.48,0.05,7.69,7.8,2.95,1.21,0.63,27.5,0.84,11,0.32,26,0.16,0,0,29.34,73,2.16,14,40,7.22,5,19,72,-1,36.78,1.47,0.27,0.27,17.44,99,4.51,1.95,0,0,0,0.05,0.63,0.63,0,,0,0,0.16,32,63,5,38,54,8,23.94,19.19,0.9,94,-4.75,21.47,17.97
Sam Barratt,Maidenhead United,607,Left Midfielder,Left Centre Forward,England,30,188,0.44,0.15,0.31,0.1,2.96,5,30,4,100,0.33,0.15,0.19,1.19,0.15,0.09,0.59,0,0.1,0.59,0.3,0.5,4.15,-0.2,1.04,0.44,0.59,43,1.19,0,1.63,2.52,0.59,0.39,1.93,2.11,22.97,8.74,0,8.15,50.96,5.04,8.45,2.22,2.82,79,2.28,2.67,0.89,33,0.59,43,3.41,0,19.86,20.55,6.08,5.48,1.33,55.77,11.86,60,4.15,76,0,0,0,34.83,50,1.48,76,17,3.11,7.41,25,46,-5,63.56,3.71,0.51,0.78,26.38,94,4.48,9.34,2.82,1.33,1.48,0.15,3.71,5.04,0.44,16,0.74,13,0.3,23,65,12,21,67,13,22.78,17.03,0.81,84,-5.75,18.4,14.29
Sam Beard,Worthing FC,1054,Left Centre Back,Left Back,England,28,,0.09,0.09,0.12,0.1,1.2,7,36,1,,0.1,0.17,0.16,0.68,0.17,0.16,0.68,0,0,0,0.26,0.27,1.88,-0.02,0.85,0.43,0.43,50,1.62,0,1.02,1.11,1.2,1.77,2.99,4.47,15.2,7.52,0.02,6.75,34.57,3.25,11.02,2.82,4.01,83,4.34,6.11,1.2,46,0.6,53,1.45,0,11.19,16.89,4.01,3.76,1.37,37.9,2.99,27,1.88,50,0.34,0,0,56.88,83,5.04,80,53,3.76,8.8,14,77,-6,40.06,5.47,0.49,0.62,48.08,97,5.04,11.1,0.94,0.77,0.17,0.17,1.96,2.73,0,18,0.34,25,0.43,28,62,10,29,55,15,21.63,18.11,0.9,97,-3.51,19.48,17.5
Sam Bird,Chorley,375,Left Centre Back,,England,23,188,0,0,0,,0,,,0,,0,0,0.03,0.24,0,0.03,0.24,0,0,0,0,0.03,0.24,-0.03,0,0,0,,0,0,0.24,0,0.96,0.82,6.24,6.07,9.84,6.24,0.08,5.76,26.87,3.36,13.69,1.2,2.16,83,1.25,2.07,0.48,100,0.24,54,3.36,0,8.16,7.03,2.88,1.68,0.48,36.79,2.16,26,0.96,57,0,0,0,28.81,75,2.88,12,55,6.72,4.8,15,67,-8,36.55,2.16,0.33,0.33,14.65,100,4.8,2.88,0.24,0.24,0,0.24,0.72,0.96,0,0,0,0,0.24,32,62,6,50,42,8,25.42,17.5,0.93,109,-7.91,23.58,19.13
Sam Brown,Bedford Town,931,Left Back,Centre Attacking Midfielder,England,30,,0.1,0.1,0.03,0.09,0.29,33,67,0,,0.09,0,0.05,0.87,0,0.03,0.68,0,0.03,0.19,0.1,0.08,1.16,0.02,0.39,0.29,0.1,75,0.68,0,0.77,0.39,2.22,1.33,3.09,2.13,10.93,5.41,0.06,4.83,27.59,4.06,13.83,2.13,4.35,69,1.2,2.53,0.29,47,0.97,60,2.32,0,8.51,4.86,3,2.03,0.68,33.21,1.74,20,0.77,38,0,0,0.1,25.53,51,2.51,76,22,3.96,10.35,11,50,-1,47.17,2.32,0.13,0.18,14.6,97,5.05,3.67,1.35,0.77,0.58,0,0.68,1.45,0,14,0.19,7,0,45,50,5,45,47,8,27.18,22.73,0.74,68,-4.44,20.05,15.51
Sam Collins,King's Lynn Town FC,1003,Right Centre Midfielder,Right Defensive Midfielder,Wales,22,180,0,0,0.02,0.08,0.27,0,33,0,,0.02,0.27,0.11,1.7,0.27,0.11,1.7,0,0,0,0.27,0.13,1.97,0.14,0.36,0.27,0.09,75,0.9,0,0.63,0.27,1.08,1.48,1.35,1.59,18.48,6.55,0.02,5.11,46.55,4.66,10.5,1.7,2.78,83,2.19,3.67,1.61,50,0.36,36,1.26,0,15.34,19.11,4.22,5.2,1.61,49.08,7.53,49,3.23,62,0.27,0,0,43.5,81,2.24,7,63,2.15,2.78,20,71,-10,57.24,5.11,0.49,0.56,32.47,99,3.81,17.22,1.26,1.26,0,0.27,1.79,3.05,0.09,21,0.63,78,0.72,22,65,13,23,63,15,19.08,17.84,0.99,101,-1.24,18.91,17.94
Sam Corne,Maidstone United,2557,Right Defensive Midfielder,Left Defensive Midfielder,England,29,178,0.07,0.07,0.04,0.08,0.56,13,31,1,0,0.08,0,0.05,0.7,0,0.04,0.56,0,0.01,0.14,0.07,0.09,1.27,-0.02,0.39,0.18,0.21,45,1.23,0.04,0.7,0.49,1.34,1.28,1.76,1.72,15.73,6.9,0.05,6.05,39.82,7.92,15.7,2.08,3.41,78,2.1,3.38,0.81,38,0.6,51,1.69,0.04,12.85,11.6,4.36,4.12,1.69,43.95,4.68,36,2.53,62,0.07,0,0,39.77,72,4.43,14,50,2.78,7.78,15,60,-12,53.6,5.6,0.49,0.54,28.54,97,5.5,11.19,1.2,0.92,0.28,0.07,0.95,1.87,0.11,18,0.28,38,0.21,28,58,14,28,66,6,24.13,20.36,0.93,99,-3.77,22.37,20.17
Sam Deadfield,Hampton & Richmond,1976,Left Defensive Midfielder,Centre Attacking Midfielder,England,29,,0,0,0.05,0.06,0.87,0,26,1,,0.04,0.05,0.09,1,0,0.03,0.59,0.05,0.06,0.41,0.05,0.14,1.87,-0.09,0.41,0.27,0.14,67,1.55,0,0.96,1,1.05,0.9,1.64,1.17,19.13,7.47,0.03,6.01,42.55,8.02,14.67,1.87,2.92,72,1.64,2.55,1.78,38,0.73,50,3.05,0,15.63,13.37,4.56,5.1,1.64,47.14,7.38,47,3.46,68,0.14,0,0,37.31,67,2.73,87,40,2.23,6.24,21,69,2,53.15,3.28,0.32,0.34,24.46,96,3.34,8.15,1.73,0.82,0.91,0.14,1.46,2.28,0.05,13,0.23,23,0.36,30,58,12,33,54,13,20.55,16.09,0.88,101,-4.46,18.16,16.21
Sam Dreyer,Torquay United,3107,Left Centre Back,Centre Back,England,21,182,0.06,0.06,0.04,0.11,0.38,15,23,0,,0.05,0.06,0.1,0.43,0.06,0.1,0.41,0,0,0.03,0.12,0.14,0.81,-0.03,0.12,0.06,0.06,50,0.78,0.03,0.2,0.14,1.07,1.24,8.23,10.16,9.76,4.26,0.09,6,23.05,2.11,15.99,0.81,1.88,74,1.05,2.29,0.81,47,0.29,76,4.4,0.06,8.14,10.14,3.36,1.82,0.58,29.53,1.36,17,0.78,43,0.14,0,0,45.77,77,3.3,22,43,9.44,6.46,15,61,-15,34.77,2.52,0.41,0.46,31.11,99,5.12,3.59,0.14,0.12,0.03,0.32,1.33,1.45,0,0,0,0,0.32,34,62,4,47,51,2,23.2,21.91,0.9,85,-1.29,20.85,18.64
Sam Fielding,Marine,2265,Left Defensive Midfielder,Right Defensive Midfielder,England,26,180,0.04,0.04,0.09,0.08,1.15,3,31,1,,0.07,0.08,0.06,0.79,0.08,0.06,0.75,0,0,0.04,0.12,0.15,1.95,-0.03,0.44,0.24,0.2,55,0.52,0,0.72,0.44,1.67,1.22,3.1,2.63,15.53,8.06,0.04,5.05,39.46,6.83,14.3,1.07,2.74,59,0.68,1.91,1.11,26,0.75,56,2.46,0.04,13.39,9.57,3.62,4.53,1.27,43.06,4.77,36,2.58,57,0.28,0,0,30.27,58,3.62,16,42,4.45,7.23,23,60,1,48.47,4.17,0.36,0.47,16.65,97,4.53,6.91,0.75,0.56,0.2,0.16,1.39,1.95,0.08,5,0.04,14,0.24,41,52,7,32,63,5,25.38,21.19,0.9,97,-4.19,22.72,20.56
Sam Folarin,Chelmsford City,687,Right Wing,Left Wing Back,England,19,,0.26,0.26,0.11,0.1,1.05,25,63,2,,0.23,0.13,0.18,2.1,0.13,0.18,2.1,0,0,0,0.39,0.29,3.14,0.1,0.79,0.52,0.26,67,0.92,0,2.1,2.36,0.65,0.37,0.65,0.67,19.91,9.3,0.01,6.94,48.11,3.67,7.6,2.1,2.75,55,2.13,2.5,0.79,21,1.7,48,1.7,0,17.03,17.21,5.37,5.5,1.7,50.72,9.17,54,4.58,83,0.26,0,0,23.57,66,0.65,10,50,0.65,1.31,26,63,-3,61.61,3.54,0.2,0.44,21.74,87,8.2,8.12,0.92,0.92,0,0.39,2.23,3.14,0,57,0.65,42,0.52,17,60,22,15,61,24,15.87,12.96,1.03,100,-2.9,16.38,12.99
Sam Graham,Dagenham & Redbridge,2999,Right Centre Back,Centre Back,England,25,191,0,0,0.05,0.1,0.51,0,24,0,,0.03,0.09,0.03,0.3,0.09,0.03,0.3,0,0,0,0.09,0.08,0.81,0.01,0.03,0.03,0,100,0.63,0,0.15,0.15,0.81,0.76,6.63,6.28,10.35,5.37,0.05,5.52,25.63,2.37,14.47,1.41,2.22,89,1.4,2.16,0.54,82,0.18,70,4.23,0.06,8.4,7.7,3.6,2.07,0.66,31.1,1.32,16,0.78,38,0.12,0,0,31.87,65,3.3,9,41,7.86,6.78,16,53,-12,37.42,2.82,0.29,0.34,18.46,99,4.28,3.27,0.3,0.27,0.03,0.15,1.53,1.8,0,60,0.21,39,0.24,44,53,2,43,51,6,26.03,22.43,0.88,91,-3.6,22.96,20.5
Sam Heathcote,Macclesfield Town,1876,Right Centre Back,Left Centre Back,England,28,188,0.05,0.05,0.03,0.04,0.77,6,19,0,,0,0.1,0.07,0.38,0.1,0.07,0.38,0,0,0,0.14,0.1,1.15,0.05,0.14,0.1,0.05,67,0.91,0,0.14,0.14,0.77,0.89,5.9,7.24,5.81,2.4,0.05,3.84,25.37,1.87,13.72,0.62,1.39,93,0.78,1.67,0.96,100,0.05,69,4.32,0.1,4.22,5.26,2.16,1.39,0.62,34.08,1.01,24,0.58,41,0.48,0,0,44.72,69,5.23,9,39,7.15,12,15,60,-10,36.46,4.32,0.33,0.4,31.43,100,5.5,4.46,0.38,0.38,0,0.14,1.34,1.73,0.05,13,0.05,33,0.19,40,58,2,52,47,1,29.32,23.42,0.84,87,-5.9,24.74,20.37
Sam Ling,AFC Hornchurch,584,Left Back,Left Wing Back,England,29,175,0,0,0.01,0.05,0.15,0,0,0,,0,0,0.05,0.62,0,0.05,0.46,0,0,0.15,0,0.06,0.77,-0.06,0.15,0,0.15,0,0.62,0,0.46,0.92,1.23,1.06,3.7,3.26,13.4,4.93,0.02,4.93,32.31,3.54,12.78,1.23,2.46,67,0.82,1.89,0.15,33,0.62,52,3.39,0,12.01,9.28,3.54,2.77,0.77,38.85,4.31,36,1.85,67,0,0,0,26.64,57,2.62,34,36,5.39,5.54,21,47,-10,51.84,2.93,0.28,0.28,14.17,96,3.46,6.31,1.39,0.62,0.77,0.31,0.77,1.39,0,22,0.46,50,0.46,47,44,8,34,54,12,22.54,20.32,0.85,90,-2.22,19.1,18.28
Sam Minihan,Southport,1778,Right Back,Left Back,England,32,185,0,0,0.02,0.04,0.46,0,11,0,,0,0.05,0.01,0.35,0.05,0.01,0.35,0,0,0,0.05,0.03,0.81,0.02,0.15,0.1,0.05,67,0.4,0,0.4,0.15,1.16,1.4,3.69,4.43,9.16,3.64,0.03,4.3,28.67,2.99,10.78,1.21,2.38,83,1.36,2.75,0.35,50,0.25,72,1.67,0,7.59,8.68,2.88,1.77,0.51,34.64,1.97,26,1.21,69,0.2,0,0,39.62,75,2.38,9,42,4.45,4.96,12,60,-15,47.85,5.06,0.2,0.22,28.69,99,4.38,8.3,0.4,0.4,0,0.15,1.06,1.47,0,38,0.3,40,0.3,35,53,12,40,52,8,20.62,20.35,0.9,90,-0.27,18.63,18.41
Sam Newell,Alfreton Town,328,Left Defensive Midfielder,Left Centre Midfielder,England,,,0,0,0.06,0.04,1.37,0,0,1,,0,0.27,0.26,1.1,0.27,0.26,1.1,0,0,0,0.27,0.31,2.47,-0.04,0.82,0.55,0.27,67,0.27,0,1.1,0.27,0.55,0.18,1.37,0.33,25.01,15.66,0,8.24,38.19,7.42,15.39,1.92,2.47,70,0.71,0.89,1.92,25,0.82,73,2.2,0,21.16,8.55,6.87,4.67,1.37,39.09,5.5,26,3.02,65,0.27,0,0,25.01,62,2.2,26,42,1.37,5.22,17,65,2,50.94,2.2,0.37,0.42,15.39,96,4.48,5.77,1.1,1.1,0,0.55,1.1,2.2,0,25,0.55,100,0.55,26,63,11,29,62,10,23.49,14.19,0.87,106,-9.3,20.39,15.04
Sam Osborne,Hereford FC,1167,Centre Attacking Midfielder,Left Midfielder,England,26,177,0.15,0.15,0.23,0.08,2.78,6,28,5,,0.22,0.15,0.07,1.16,0.15,0.07,1.08,0,0,0.08,0.31,0.3,3.93,0.01,3.39,2.31,1.08,68,1,0,4.4,4.09,0.23,0.23,1,0.88,21.82,9.79,0,5.24,46.97,5.71,8.94,2.54,2.78,75,2.52,2.75,2.47,48,0.85,40,0.62,0,16.81,15.41,3.78,4.47,1.16,48.83,7.56,45,2.93,66,0.39,0,0,22.05,66,1,17,45,1.31,1.93,25,64,-2,60.81,2.7,0.36,0.47,26.99,81,7.29,7.33,1.16,1.08,0.08,0.39,3.86,4.93,0,53,0.85,33,0.54,18,66,16,16,71,14,17.97,16.19,0.92,98,-1.78,16.6,15.94
Sam Packham,Worthing FC,2577,Left Defensive Midfielder,Centre Defensive Midfielder,England,24,180,0.03,0.03,0.01,0.05,0.21,17,33,0,,0.01,0.28,0.15,1.64,0.17,0.06,0.94,0.1,0.08,0.7,0.31,0.16,1.85,0.16,0.38,0.28,0.1,73,1.05,0,1.05,0.91,0.73,1.02,1.08,1.53,15.05,7.33,0.05,6.08,36.3,4.02,13.17,1.75,2.48,75,2.44,3.46,0.94,43,0.59,47,1.19,0.03,12.47,17.77,4.71,4.16,1.61,38.23,3.49,28,1.78,43,0.07,0,0,49.8,79,4.68,13,48,2.2,8.59,18,78,-2,48.15,5.45,0.56,0.6,39.57,97,4.51,11.39,2.1,0.84,1.26,0.14,0.59,1.43,0.03,27,0.7,40,0.28,23,69,8,28,64,7,22.14,19.14,0.91,92,-3.01,20.12,17.62
Sam Straughan Brown,Peterborough Sports FC,1640,Right Centre Midfielder,Right Defensive Midfielder,England,19,176,0.11,0.11,0.07,0.09,0.82,13,27,1,,0.07,0,0.09,0.93,0,0.08,0.66,0,0.01,0.27,0.11,0.16,1.76,-0.05,0.88,0.6,0.27,69,1.21,0,1.48,1.54,0.33,0.28,1.65,1.58,16.47,8.12,0.03,6.42,43.76,5.71,11.69,1.76,2.09,78,1.68,1.96,0.88,40,0.49,32,0.77,0,13.89,14.48,4.83,4.17,1.7,47.78,6.86,49,2.96,71,0.16,0,0,37.05,66,3.18,12,38,2.52,7.52,16,63,-3,54.05,4.61,0.5,0.55,30.35,95,6.25,8.95,1.32,0.88,0.44,0.22,1.32,2.2,0,25,0.44,24,0.16,26,57,17,25,61,13,22.41,18.23,0.88,102,-4.18,19.66,18.66
Sam Wedgbury,Worksop Town FC,567,Right Defensive Midfielder,Centre Defensive Midfielder,England,40,183,0,0,0,0.02,0.16,0,100,0,,0.03,0,0.03,0.48,0,0.03,0.32,0,0,0.16,0,0.04,0.64,-0.04,0.32,0.16,0.16,50,1.27,0,0.95,0.16,0.64,0.66,2.06,1.96,17.63,7.62,0.13,8.26,36.3,8.26,15.88,2.7,3.33,81,2.46,3.11,0.79,50,0.64,47,1.27,0.16,14.13,13.12,5.56,4.76,2.38,42.57,4.76,34,2.7,57,0.16,0,0,37.95,75,3.33,5,55,2.38,5.72,13,65,-11,50.84,5.4,0.23,0.24,22.87,97,4.08,8.89,0.48,0.48,0,0.32,0.95,1.43,0,33,0.32,50,0.32,27,63,10,27,66,7,21.98,20.52,0.92,96,-1.45,20.27,19.8
Samson Esan,Chesham United FC,1497,Left Centre Midfielder,Right Attacking Midfielder,England,27,178,0,0,0.06,0.05,1.2,0,25,2,,0.05,0.18,0.09,1.08,0.18,0.09,1.08,0,0,0,0.18,0.15,2.28,0.03,2.34,1.44,0.9,62,1.08,0,2.83,2.89,0.42,0.47,1.08,1.12,20.02,6.73,0,6.55,55.31,6.13,9.08,2.46,2.89,87,2.38,2.85,1.26,50,0.36,44,1.74,0,16.29,15.61,4.93,5.05,1.74,56.7,10.1,62,4.09,81,0.3,0,0,28.13,72,1.38,6,53,1.44,2.22,24,70,-2,60.7,3.79,0.33,0.43,27.05,88,5.46,10.76,1.5,1.38,0.12,0.48,2.22,3.61,0.12,12,0.54,38,0.66,24,57,19,29,55,16,17.37,14.38,0.97,106,-2.98,16.8,15.24
Samson Robinson,Buxton,2180,Right Back,Left Back,England,24,180,0,0,0.03,0.06,0.54,0,31,0,,0.03,0.08,0.05,0.5,0.08,0.04,0.37,0,0.01,0.12,0.08,0.08,1.03,0,0.5,0.45,0.04,92,0.87,0,0.78,0.66,1.24,1.39,2.81,2.98,14.2,6.11,0.05,5.86,32.91,3.51,11.72,2.11,3.34,78,2.19,3.58,1.49,59,0.58,62,1.69,0.04,10.61,11.6,3.59,2.97,0.87,39.04,3.67,35,2.11,71,0.29,0,0,36.86,74,2.48,13,39,3.88,5.2,14,64,-10,47.69,4.09,0.26,0.31,27.16,97,5.1,7.47,0.62,0.45,0.17,0.17,0.91,1.36,0.08,33,0.33,24,0.04,29,59,13,35,50,15,21.14,21.14,0.88,94,-0.01,18.55,19.77
Samuel Kuffour,AFC Hornchurch,540,Right Centre Back,Left Back,England,22,,0,0,0.01,0.02,0.33,0,0,0,,0,0.17,0.09,0.67,0.17,0.09,0.67,0,0,0,0.17,0.1,1,0.07,0.5,0.33,0.17,67,0.83,0,0.5,0.5,2,1.47,4.67,3.51,11.01,5.5,0.11,4.17,25.8,2.17,11.17,1.33,3.34,62,1.47,2.94,0.83,33,0.83,60,2,0,8.84,7.55,2.5,1.67,0.5,32.03,1.5,17,0.67,40,0,0,0,30.35,67,3,10,38,6.5,6.17,16,65,-2,43.48,2.84,0.24,0.25,21.35,100,6.24,4.67,1.17,0.33,0.83,0,0.67,1,0,29,0.33,17,0,39,56,5,43,50,7,26.7,26.7,0.86,88,0,22.9,23.5
Samuel Oguntayo,Maidstone United,328,Left Back,Left Wing,Republic of Ireland,23,177,0,0,0.02,0.06,0.27,0,0,0,,0,0.27,0.04,0.55,0.27,0.04,0.55,0,0,0,0.27,0.05,0.82,0.22,0.27,0,0.27,0,1.92,0,1.1,1.37,3.57,3.87,1.92,1.94,17.28,6.04,0,7.13,30.08,4.12,13.44,2.74,6.31,71,3.12,7,0.82,20,1.1,38,1.65,0,13.72,12.32,4.94,3.02,0.82,32.3,3.29,24,1.1,36,0.27,0,0,44.44,67,2.19,82,26,3.57,6.86,12,55,-13,52.3,6.58,0.1,0.13,36.21,95,5.11,13.44,1.65,1.65,0,0,0.55,2.19,0,17,0.27,11,0.27,38,54,8,33,51,16,22.53,26.2,0.85,74,3.67,19.05,19.39
Samuel Pearson,Weston-super-Mare AFC,765,Right Wing,Left Midfielder,Wales,24,181,0.59,0.59,0.28,0.1,2.94,20,44,5,,0.33,0.12,0.08,0.82,0.12,0.08,0.82,0,0,0,0.71,0.36,3.77,0.35,1.41,0.94,0.47,67,1.65,0,3.18,3.18,0.47,0.37,0.24,0.13,16.59,5.3,0,4.47,56.4,3.06,5.88,0.94,1.41,80,0.76,1.12,0.47,33,0.24,18,0.71,0,15.18,13.87,4.24,4.82,1.41,58.03,10,66,4.12,85,0.24,0,0,24,72,1.88,13,57,0.59,2.94,22,78,6,61.08,3.18,0.33,0.59,25.77,83,6.93,9.06,0.82,0.82,0,0.59,6.47,7.3,0.12,0,0.47,33,1.06,18,66,17,10,74,16,19.9,19.34,0.97,98,-0.56,19.29,19.02
Samuel Sanders,Worksop Town FC,1225,Left Centre Back,,England,24,179,0,0,0.02,0.08,0.22,0,0,0,,0,0,0.02,0.22,0,0.02,0.22,0,0,0,0,0.03,0.44,-0.03,0.22,0.22,0,100,0.07,0,0,0.07,0.81,0.6,6.69,4.64,9.77,5,0.08,4.92,24.14,2.35,13.88,1.03,1.84,70,0.79,1.4,0.88,45,0.44,65,4.55,0,7.86,5.42,2.94,1.54,0.66,30.28,1.4,18,0.73,48,0.15,0,0,22.26,58,2.94,56,41,8.15,5.73,25,54,-5,39.24,1.91,0.15,0.18,8.96,99,5.32,2.79,0.37,0.22,0.15,0.07,1.54,1.76,0,0,0,0,0.44,51,42,7,37,47,16,27.65,26.37,0.88,95,-1.28,24.41,24.95
Saul Kader,Hampton & Richmond,780,Left Centre Forward,Left Wing,England,22,,0,0,0.17,0.12,1.38,0,33,4,,0.18,0.12,0.08,0.92,0.12,0.08,0.92,0,0,0,0.12,0.25,2.31,-0.13,0.81,0.23,0.58,29,1.15,0,0.92,2.08,0.35,0.23,0.12,0.11,23.89,8.66,0,5.66,60.29,2.65,6,0.92,1.27,62,0.9,1.13,1.15,38,0.58,16,0.46,0,21.93,19.74,5.19,6,2.19,60.75,14.89,68,5.08,85,0.12,0,0,15.93,64,0.69,14,33,0.92,1.27,25,49,-15,62.16,0.81,0.27,0.37,14.77,84,4.5,5.54,0.35,0.35,0,0.23,3.23,3.58,0,33,0.35,38,1.04,18,60,23,6,73,21,17.48,18.97,0.84,72,1.49,14.61,13.72
Scot Andrew Bennett,Weston-super-Mare AFC,335,Centre Defensive Midfielder,Right Defensive Midfielder,England,35,178,0,0,0.02,0.06,0.27,0,0,1,,0,0,0,0,0,0,0,0,0,0,0,0.02,0.27,-0.02,0,0,0,,0.27,0,0.81,0.54,1.34,1.73,2.69,3.5,18.28,10.22,0.15,7.26,37.05,6.72,15.59,1.61,2.96,67,1.84,3.58,1.61,60,0.81,73,2.96,0,15.06,18.39,5.65,4.84,1.34,42.74,4.57,30,2.69,56,0.27,0,0,34.14,67,3.23,12,52,4.03,4.84,25,62,-5,49.55,3.76,0.38,0.4,20.16,97,5.14,6.99,0.27,0.27,0,0,0.81,1.08,0.27,100,0.27,50,0,34,58,8,35,62,4,20.26,17.52,0.96,98,-2.74,19.42,17.19
Scott Barrow,Darlington,2257,Left Centre Back,Left Back,Wales,37,183,0,0,0.04,0.03,1.2,0,23,1,,0.03,0.08,0.09,0.88,0.08,0.09,0.8,0,0,0.08,0.08,0.13,2.07,-0.05,0.32,0.2,0.12,63,0.48,0,0.36,0.44,0.68,0.68,5.14,5.14,9.45,4.31,0.06,4.9,24.34,4.15,16.47,1.67,2.35,74,1.67,2.34,0.36,52,0.6,53,1.87,0.04,7.42,7.33,3.07,1.08,0.56,28.76,1.04,14,0.48,44,0.08,0.04,0.04,44.86,65,7.38,77,43,8.13,14.16,16,58,-8,43.56,8.37,0.47,0.55,33.34,98,5.92,9.01,2.31,1.12,1.2,0,0.68,1.79,0.12,34,0.88,33,0,43,54,4,40,55,4,28.56,28.12,0.87,81,-0.44,24.71,22.68
Scott Davies,Slough Town FC,1220,Centre Back,Left Centre Back,England,39,183,0,0,0.02,0.04,0.52,0,0,0,,0,0,0.04,0.37,0,0.04,0.22,0,0,0.15,0,0.07,0.89,-0.07,0.44,0.44,0,100,1.11,0,0,0.37,0.96,0.5,5.02,3.15,5.46,2.73,0.08,4.06,21.25,1.99,12.91,0.81,1.77,69,0.5,0.99,0.22,29,0.37,56,1.03,0,4.43,2.91,2.29,0.74,0.44,27.48,0.66,15,0.22,30,0.07,0,0,28.18,63,6.2,13,44,6.56,12.47,14,70,7,37.61,4.5,0.32,0.33,18.59,98,4.97,3.98,0.74,0.22,0.52,0.07,0.22,0.44,0.07,0,0.07,33,0.07,42,54,4,43,56,2,33.81,27.81,0.86,93,-6,29.06,25.85
Scott Myles Davies,Slough Town FC,993,Centre Back,Right Centre Back,Republic of Ireland,38,182,0.09,0.09,0.03,0.03,0.91,10,10,0,,0.08,0,0,0.09,0,0,0.09,0,0,0,0.09,0.03,1,0.06,0.63,0.63,0,100,1.09,0,0.36,0.27,0.54,0.59,3.72,3.71,6.8,4.71,0.09,5.08,22.44,1.9,14.78,1.63,2.18,72,1.72,2.31,0.18,38,0.63,70,1.27,0.09,4.99,5.02,2.45,1,0.45,25.95,0.45,9,0.27,27,0.09,0,0,36.8,70,6.98,12,43,4.89,15.23,11,78,9,36.13,5.8,0.3,0.31,25.38,98,5.66,4.26,0.63,0.36,0.27,0,0.27,0.63,0,0,0,0,0,38,55,7,55,45,0,32.94,28.55,0.82,86,-4.4,26.94,24.62
Scott Rendell,AFC Totton,1627,Centre Attacking Midfielder,Centre Forward,England,39,185,0.22,0.11,0.13,0.12,1.11,10,30,2,100,0.07,0,0.06,0.66,0,0.06,0.66,0,0,0,0.11,0.18,1.77,-0.07,0.22,0.11,0.11,50,0.5,0,0.55,1,0.55,0.6,1.55,1.78,11.73,4.81,0.02,3.21,50.43,4.87,7.53,0.55,1.11,63,0.53,1.13,0.94,0,0.33,43,3.43,0.06,10.24,10.2,2.21,3.82,0.89,56.26,6.7,65,3.04,80,0.11,0,0,22.91,67,0.94,10,39,2.27,1.72,34,63,-4,58.72,2.27,0.35,0.43,11.45,94,2.68,6.92,0.55,0.55,0,0.39,3.76,4.32,0.06,10,0.06,20,0.55,25,58,17,24,62,14,17.71,15.98,0.9,85,-1.73,15.94,13.51
Scott Wagstaff,Tonbridge Angels FC,1238,Left Defensive Midfielder,Right Defensive Midfielder,England,36,175,0.07,0.07,0.08,0.12,0.65,11,22,1,,0.09,0.15,0.11,0.65,0.15,0.11,0.51,0,0,0.15,0.22,0.19,1.31,0.03,0.58,0.29,0.29,50,2.03,0,0.65,0.44,1.16,1.1,2.25,2.23,16.57,8.72,0.06,5.81,38.96,6.69,11.92,1.31,2.47,64,1.24,2.34,1.67,9,0.73,61,1.02,0,13.59,12.56,4.14,4.07,1.38,43.52,4.87,36,2.4,59,0.36,0,0,30.23,71,1.67,13,41,2.91,3.42,19,69,-2,50.67,2.47,0.33,0.43,21.44,98,5.18,7.05,0.44,0.29,0.15,0.15,1.16,1.45,0.15,50,0.36,36,0.22,28,59,12,24,61,15,21.07,17.42,0.9,102,-3.66,19.01,17.79
Scott Wilson,Weston-super-Mare AFC,566,Left Wing,Right Wing,England,33,182,0.16,0.16,0.4,0.21,1.91,8,33,6,,0.36,0.16,0.25,0.64,0.16,0.25,0.64,0,0,0,0.32,0.65,2.54,-0.33,0.79,0.16,0.64,20,0.32,0,0.95,3.34,0.48,0.21,1.27,1.06,17.33,5.4,0,5.25,56.65,3.5,6.36,1.27,1.75,67,1.13,1.34,1.11,40,0.64,14,0.48,0,14.94,14.2,4.13,3.66,1.11,62.46,9.86,66,3.02,83,0,0,0,15.42,59,1.11,15,64,1.59,1.43,32,58,-1,62.18,1.27,0.37,0.79,14.31,84,6.45,4.93,0.48,0.48,0,0.48,4.29,4.77,0,67,0.64,44,0.64,18,68,13,10,68,23,17.52,12.8,1.03,131,-4.73,18.11,16.82
Scott Wilson,Chorley,1221,Left Centre Back,Left Back,England,26,186,0.07,0.07,0.03,0.09,0.29,25,25,0,,0.05,0,0.01,0.22,0,0.01,0.22,0,0,0,0.07,0.04,0.52,0.04,0.29,0.15,0.15,50,0.44,0,0.29,0.74,0.74,0.64,6.34,5.19,7.81,2.8,0.08,4.35,25.54,4.5,19.31,0.66,1.4,56,0.5,1.14,0.66,44,0.52,60,3.1,0,6.49,5.16,2.58,1.4,0.44,31.58,1.47,23,0.74,53,0.29,0,0,29.63,61,2.28,84,40,7.22,4.79,19,64,3,42,2.65,0.24,0.24,13.93,95,5.24,3.83,0.44,0.37,0.07,0.15,1.18,1.55,0.07,17,0.07,25,0.29,42,53,5,42,52,6,23.5,20.07,0.89,87,-3.43,20.98,17.43
Scott Wilson,Bath City,649,Centre Forward,Left Centre Forward,England,33,182,0.14,0.14,0.17,0.13,1.25,11,56,4,,0.16,0,0,0,0,0,0,0,0,0,0.14,0.17,1.25,-0.03,1.11,0.69,0.42,63,0.28,0,2.22,3.05,0.42,0.3,0.55,0.34,24.4,8.87,0,4.71,68.42,2.36,3.6,0.42,0.83,75,0.23,0.53,1.66,50,0.14,17,1.11,0,22.32,15.76,4.3,4.71,1.25,70.11,18.99,85,4.3,91,0.14,0,0,13.03,51,0.28,14,29,0.83,0.69,41,54,3,66.55,0.55,0.12,0.25,14.42,78,4.59,3.74,0.28,0.28,0,0,3.74,4.02,0,0,0,0,0.14,16,67,17,11,70,19,14.52,12.99,0.8,76,-1.53,11.6,9.83
Sean Etaluku,Macclesfield Town,729,Right Midfielder,Right Wing,England,22,174,0.12,0.12,0.04,0.04,0.86,14,29,2,,0,0.25,0.18,1.36,0.25,0.18,1.23,0,0,0.12,0.37,0.22,2.22,0.15,3.58,2.1,1.48,59,0.86,0,2.72,4.07,0.86,0.69,0.49,0.5,22.1,9.26,0,5.8,48.02,4.2,7.78,1.61,2.47,68,1.97,2.66,0.99,50,0.74,33,0.86,0,19.51,22.43,4.69,3.83,0.99,49.39,9.26,47,2.84,74,0.25,0,0,23.21,61,1.11,80,27,1.23,3.33,23,51,-10,63.37,2.59,0.22,0.39,27.16,80,7.85,6.3,2.22,1.73,0.49,0.37,2.72,4.45,0.12,33,0.99,29,0.74,17,68,15,16,65,20,19.59,17.14,0.85,73,-2.45,16.73,12.55
Sean McGurk,South Shields,959,Left Midfielder,Left Wing,England,23,179,0.09,0.09,0.18,0.1,1.78,5,47,3,,0.16,0.28,0.24,1.97,0.28,0.22,1.69,0,0.02,0.28,0.38,0.42,3.75,-0.05,1.22,0.75,0.47,62,0.66,0,1.22,1.5,0.19,0.2,0.09,0.15,12.57,6.29,0,5.16,52.63,2.16,4.6,1.5,1.69,70,2.12,2.32,0.47,40,0.66,0,0,0,10.6,15.64,4.13,4.04,1.78,54.04,6.57,62,3.28,81,0.09,0,0,32.38,67,1.69,17,30,0.47,5.35,15,63,-4,61.73,3.28,0.52,0.8,31.06,95,5.38,10.98,2.82,2.16,0.66,0.38,4.69,6.85,0.19,13,0.47,14,0.84,17,62,21,26,50,24,21.04,17.42,0.86,100,-3.62,18.12,17.4
Sean Shields,Tonbridge Angels FC,532,Left Centre Forward,Centre Attacking Midfielder,Northern Ireland,34,177,0.51,0.51,0.13,0.05,2.71,19,50,6,,0.41,0,0.13,1.19,0,0.08,0.68,0,0.05,0.51,0.51,0.27,3.89,0.24,1.19,0.51,0.68,43,0.34,0,2.2,1.86,0.34,0.22,0,0,21.16,7.11,0.01,6.09,59.96,3.22,5.59,0.68,1.02,67,0.31,0.53,0.51,0,0.34,8,0.17,0,19.98,9.78,5.42,7.79,2.71,59.33,14.05,70,6.26,80,0,0,0,19.47,66,2.71,11,43,1.02,5.25,14,55,-11,60.45,3.72,0.29,0.53,20.15,92,5.33,7.45,2.03,1.19,0.85,0.17,4.06,5.25,0.17,17,0.34,13,0.34,22,63,16,34,57,9,25.54,27.87,0.92,91,2.34,23.59,25.27
Sean Tarima,Worksop Town FC,398,Right Back,Right Wing Back,England,21,,0,0,0,,0,,,0,,0,0.23,0.05,0.9,0.23,0.05,0.9,0,0,0,0.23,0.05,0.9,0.18,0.68,0.68,0,100,0.68,0,0.9,0.68,2.03,1.86,3.39,2.66,17.4,9.27,0,5.65,30.63,4.52,14.69,3.16,5.2,88,2.41,4.27,0.9,33,0.45,54,3.16,0,13.34,10.35,4.29,2.94,0.9,32.99,2.94,22,1.58,54,0.23,0,0,32.55,67,2.26,20,45,4.75,3.62,18,72,5,49.62,4.29,0.2,0.23,23.06,94,5.99,6.78,0.68,0.68,0,0,0,0.68,0,33,0.23,13,0,36,60,4,30,57,13,20.11,21.2,0.93,88,1.09,18.64,18.73
Seb Thompson,Leamington FC,958,Left Wing,Centre Forward,England,23,181,0.38,0.28,0.13,0.04,2.91,10,39,4,50,0.17,0.28,0.17,1.22,0.09,0.11,0.75,0.19,0.06,0.47,0.56,0.3,4.13,0.26,1.6,1.03,0.56,65,2.35,0,2.82,3.1,0.19,0.04,0.28,0.14,14.75,6.39,0,3.19,59.48,3.66,5.73,0.75,0.94,80,0.41,0.45,0.56,67,0.19,25,0.75,0,13.53,6.91,2.63,3.76,0.85,61.45,9.96,74,3.48,93,0.09,0,0,16.44,60,1.79,11,38,1.13,3.85,27,59,-1,60.47,3.19,0.19,0.35,20.01,86,9.03,4.23,1.6,0.56,1.03,0.19,1.88,2.44,0,35,0.56,43,0.38,18,67,15,18,67,16,23.54,21.32,0.89,92,-2.22,21.04,19.67
Seb Thompson,Kidderminster Harriers,566,Right Wing,Left Wing,England,23,181,0.16,0.16,0.16,0.08,1.91,8,33,3,,0.16,0.16,0.2,0.8,0.16,0.2,0.8,0,0,0,0.32,0.35,2.71,-0.04,1.59,0.8,0.8,50,2.39,0,2.71,2.55,0.16,0.2,0.32,0.24,14.96,5.09,0,3.66,65.52,3.66,4.93,0.8,0.95,71,0.86,1.07,2.07,33,0.32,30,1.11,0,12.1,13.93,3.18,3.82,1.27,67.15,9.39,78,3.66,96,0.16,0,0,24.99,66,1.43,17,53,0.95,2.07,32,71,5,64.99,2.55,0.38,0.63,24.99,92,5.74,9.23,0.95,0.95,0,0.32,3.66,4.62,0,50,0.48,23,0.64,16,63,21,14,59,28,19.1,15.93,0.94,101,-3.18,18,16.01
Shamir Fenelon,Horsham FC,1185,Centre Forward,Right Wing,Republic of Ireland,31,186,0.23,0.23,0.29,0.18,1.59,14,48,3,,0.31,0.15,0.09,0.68,0.15,0.09,0.68,0,0,0,0.38,0.38,2.28,0,0.61,0.3,0.3,50,0.53,0,1.67,2.43,0.84,0.85,1.37,1.22,15.41,5.77,0,4.02,57.09,3.49,5.62,0.99,1.82,76,0.75,1.6,0.84,50,0.3,23,1.29,0,13.59,11.47,3.42,3.11,0.76,61.52,9.72,72,2.43,78,0,0,0,17.08,69,0.61,13,50,1.59,0.99,29,66,-4,62.8,1.52,0.35,0.61,14.35,86,5.28,6.38,0.46,0.46,0,0.46,4.1,4.56,0,0,0.3,40,0.99,16,65,19,11,70,19,17.23,14.78,0.95,102,-2.45,16.32,15.14
Shaq Coulthirst,Peterborough Sports FC,1179,Left Centre Forward,Right Centre Forward,England,31,180,0.38,0.38,0.31,0.13,2.44,16,44,6,,0.32,0,0.07,0.92,0,0.07,0.92,0,0,0,0.38,0.39,3.36,0,0.53,0.38,0.15,71,0.99,0,2.52,2.52,0.31,0.39,0.53,0.59,15.27,5.35,0.01,2.9,59.23,3.82,5.35,0.92,1.22,67,1.2,1.59,1.76,14,0.46,28,2.98,0,12.6,12.5,2.21,3.97,1.07,62.01,8.71,69,3.59,90,0,0,0,19.24,65,0.76,18,53,0.76,1.22,32,56,-10,62.26,1.6,0.48,0.65,16.27,85,4.26,6.26,0.38,0.38,0,0.23,5.57,5.96,0,20,0.08,17,0.69,20,66,14,18,71,11,15.09,12,0.97,99,-3.09,14.6,11.92
Shaun Jeffers,Bedford Town,597,Centre Forward,Left Centre Forward,England,34,185,0,0,0.12,0.11,1.06,0,71,2,,0.04,0,0.02,0.3,0,0.02,0.3,0,0,0,0,0.14,1.36,-0.14,1.06,0.6,0.45,57,1.36,0,1.81,1.36,0.3,0.2,0.9,0.72,17.04,4.52,0,2.11,66.34,1.81,1.96,0,0.3,,0,0.2,2.11,,0,21,0.9,0,14.93,8.19,1.81,2.41,0.15,70.36,12.51,84,2.11,88,0.15,0,0,11.16,69,0.3,21,50,1.06,0.45,30,52,-17,64.18,0.3,0.2,0.25,11.16,81,4.2,4.22,0.3,0.3,0,0,2.26,2.56,0,50,0.15,50,0.15,16,61,23,11,64,25,14.6,12.75,0.99,82,-1.85,14.45,10.5
Shiloh Remy,Chelmsford City,747,Right Midfielder,Right Wing,England,25,170,0.24,0.24,0.26,0.14,1.81,13,33,3,,0.25,0,0.04,0.6,0,0.04,0.6,0,0,0,0.24,0.3,2.41,-0.06,1.93,1.08,0.84,56,1.81,0,2.29,2.17,0.12,0.15,0.96,0.83,19.03,6.75,0,6.14,54.09,2.89,7.11,0.72,0.84,55,0.58,0.74,1.2,0,0.6,0,0,0,17.11,15.19,5.06,5.06,1.81,56.62,11.08,65,4.22,83,0.12,0,0,26.74,69,1.57,70,46,1.57,2.77,18,69,0,62.85,3.49,0.3,0.5,27.23,92,7.53,10.12,0.72,0.72,0,0.36,3.13,3.85,0,33,0.36,21,0.48,21,55,24,20,51,29,18.98,16.05,0.96,111,-2.93,18.22,17.75
Shiloh Remy,Worthing FC,463,Left Wing,Left Midfielder,England,25,170,0,0,0.33,0.24,1.36,0,29,1,,0.05,0,0.11,0.78,0,0.11,0.78,0,0,0,0,0.44,2.14,-0.44,2.14,0.78,1.36,36,2.14,0,2.53,3.69,0.19,0.36,0,0,13.02,3.69,0,4.86,51.86,3.5,6.02,0.97,1.17,63,1.48,1.84,0.97,50,0.58,17,0.19,0,11.27,17.64,4.08,5.63,1.94,54.02,6.41,57,4.27,76,0.19,0,0,36.33,79,0.58,71,38,0.39,1.17,24,78,-2,59.72,2.91,1.09,1.27,35.55,92,6.96,15.15,1.36,1.17,0.19,0.19,3.5,4.66,0,14,0.19,11,0.58,14,58,28,10,51,38,18.39,19.99,0.96,93,1.61,17.72,18.65
Siju Odelusi,Dover Athletic,567,Right Defensive Midfielder,Right Centre Midfielder,England,27,173,0,0,0.07,0.06,1.11,0,14,1,,0.02,0,0.07,1.11,0,0.07,1.11,0,0,0,0,0.14,2.22,-0.14,0.95,0.48,0.48,50,0.95,0,0.95,1.91,0.79,0.39,1.91,1.48,18.26,7.62,0.01,4.92,40.55,5.4,11.59,1.75,2.54,85,1.43,1.82,0.95,60,0.32,40,1.91,0,15.56,12.68,3.81,5.24,1.11,44.26,6.83,44,3.49,67,0.16,0,0,26.35,69,1.11,27,29,2.38,3.33,19,66,-3,52.81,3.02,0.39,0.45,20.32,89,5.64,6.19,0.95,0.95,0,0.32,3.02,3.97,0,0,0,0,0.32,32,52,16,23,59,18,21.13,14.99,0.9,91,-6.15,19.1,13.67
Simone Troso,King's Lynn Town FC,1062,Left Wing Back,Right Wing Back,England,,,0.08,0.08,0.05,0.06,0.85,10,50,1,,0.09,0.08,0.1,1.02,0.08,0.08,0.85,0,0.02,0.17,0.17,0.15,1.86,0.02,1.02,0.51,0.51,50,0.76,0,1.78,1.36,1.36,1.35,1.7,2.29,23.82,11.19,0.01,8.48,38.98,3.64,8.98,2.29,3.64,64,2.89,4.24,0.93,36,1.27,55,1.44,0,20.68,22.96,6.44,4.75,1.61,41.73,7.2,35,2.88,61,0.25,0,0,33.65,78,1.78,66,57,1.7,3.14,15,74,-4,54.47,2.54,0.3,0.34,28.4,93,5.57,9.75,1.1,0.85,0.25,0.25,1.61,2.46,0,31,0.59,47,0.25,22,60,18,22,60,18,17.63,14.34,0.95,104,-3.29,16.76,14.84
Siyabonga Ligendza,Alfreton Town,2166,Right Wing,Centre Forward,South Africa,22,177,0.17,0.17,0.17,0.08,2.08,8,34,5,,0.26,0,0.04,0.42,0,0.04,0.42,0,0,0,0.17,0.21,2.49,-0.04,2.16,0.91,1.25,42,2.53,0,3.24,3.91,0.54,0.36,1,0.61,18.41,6.65,0.01,3.49,56.77,4.36,6.86,1.12,1.66,73,0.72,1.08,2.2,29,0.42,42,2.41,0,15.08,7.51,2.99,3.12,0.79,59.18,10.14,67,2.78,89,0.29,0,0,12.92,54,0.91,9,55,1.29,1.37,29,49,-5,60.85,1.7,0.27,0.33,16.12,73,8.19,3.53,0.79,0.75,0.04,0.04,3.66,4.4,0.04,32,0.25,30,0.33,27,53,20,21,62,16,18.12,16.08,1.05,95,-2.04,19.07,15.25
Solomon Wanjau Smith,Chippenham Town,1854,Right Back,Centre Forward,England,27,,0.05,0.05,0.15,0.12,1.26,4,46,3,,0.11,0.1,0.11,1.07,0.1,0.11,1.02,0,0,0.05,0.15,0.26,2.33,-0.11,1.65,0.92,0.73,56,2.52,0.1,2.14,2.43,0.49,0.43,1.31,1.19,15.34,5.48,0.02,5.29,46.96,2.82,6.31,0.73,1.21,47,0.59,1.02,0.92,29,0.83,31,1.41,0,13.74,12.77,4.42,4.08,1.31,51.49,7.47,54,3.4,83,0.05,0,0,21.7,62,1.02,15,29,1.75,3.06,21,58,-4,57.32,3.11,0.26,0.39,21.07,88,8.21,6.16,0.92,0.73,0.19,0.49,3.49,4.22,0.1,42,0.58,38,0.58,30,55,15,23,58,19,20.35,14.68,0.9,99,-5.67,18.37,14.5
Sonnie Davis,Chelmsford City,556,Right Wing Back,Right Back,England,21,,0,0,0.08,0.13,0.65,0,50,1,,0.1,0,0.1,0.81,0,0.06,0.32,0,0.04,0.49,0,0.19,1.46,-0.19,1.13,0.97,0.16,86,0.49,0,1.3,0.97,0.97,0.78,2.43,2.43,20.4,9.39,0,7.45,30.68,5.5,13.6,3.72,4.69,72,4.26,5.03,1.13,53,1.46,47,1.46,0,15.54,15.39,5.18,3.89,1.3,33.69,2.91,19,1.94,50,0.16,0,0,36.91,70,3.4,9,43,4.53,5.83,14,55,-15,54.77,6.48,0.41,0.42,30.11,95,4.78,8.26,1.3,0.32,0.97,0,0.65,0.97,0,38,0.49,25,0,31,54,15,39,31,29,22.22,26.23,0.89,93,4.01,19.73,24.38
Sonny Blu-Lo Everton,Torquay United,2212,Left Defensive Midfielder,Centre Attacking Midfielder,Scotland,23,171,0.12,0.12,0.09,0.06,1.55,8,39,2,,0.19,0.08,0.14,1.59,0.08,0.12,1.38,0,0.02,0.2,0.2,0.23,3.13,-0.03,0.73,0.45,0.28,61,0.81,0,1.18,0.98,0.41,0.45,1.79,2.42,11.51,4.76,0.03,5.29,41.48,5.86,10.9,1.42,1.83,73,1.9,2.35,0.53,35,0.53,33,0.57,0.04,9.6,11.69,3.62,2.85,1.06,48.41,4.43,46,1.63,57,0.16,0,0,40.32,78,2.89,6,50,2.56,5,16,78,0,56.43,3.7,0.35,0.46,33.49,96,4.78,12.74,1.59,1.14,0.45,0.33,3.01,4.15,0.2,10,0.2,19,0.53,19,66,15,19,69,12,19.69,17.88,0.91,92,-1.81,17.9,16.44
Sonny Finch,South Shields,468,Right Midfielder,Right Wing,England,20,,0.77,0.77,0.22,0.1,2.31,33,42,4,,0.45,0.19,0.26,0.58,0.19,0.26,0.58,0,0,0,0.96,0.48,2.89,0.48,2.12,1.15,0.96,55,0.96,0,1.54,3.27,0,0,0.96,1.57,12.31,4.81,0.02,4.04,49.23,1.92,5.96,1.92,1.92,100,3.08,3.08,1.15,100,0,50,1.92,0,9.24,14.69,3.27,2.69,1.15,53.22,5,54,2.12,79,0.19,0,0,25.78,65,0.96,11,45,1.35,1.73,22,44,-21,58.64,3.27,0.57,0.85,23.86,94,7.12,7.5,0.58,0.58,0,0.77,5.77,6.35,0,33,0.77,21,0.96,17,60,23,13,62,26,17.96,16.94,0.92,79,-1.02,16.57,13.46
Sonny Fish,Torquay United,365,Centre Forward,Right Centre Forward,England,22,187,0,0,0.08,0.05,1.72,0,43,4,,0.05,0,0.05,1.23,0,0.05,1.23,0,0,0,0,0.13,2.96,-0.13,1.72,0.74,0.99,43,0.25,0,4.43,3.94,0,0,0.49,0.58,17.74,5.67,0,6.41,57.84,1.72,3.94,1.97,1.97,80,3.13,3.13,1.97,0,0.49,13,0.49,0,13.8,16.34,5.42,3.7,1.97,60.57,9.85,71,3.45,93,0,0,0,19.95,80,0.25,10,100,0.49,0.25,28,70,-11,68.1,1.97,0.39,0.43,25.37,73,7.06,10.59,0.74,0.74,0,0.74,6.16,6.9,0,0,0.49,50,0.49,10,68,22,9,67,23,14.96,13.75,1.08,112,-1.21,16.15,15.34
Sonny Hilton,Southport,2432,Centre Attacking Midfielder,Right Centre Midfielder,England,25,166,0.15,0.15,0.09,0.06,1.48,10,30,2,,0.07,0.15,0.06,1.04,0.11,0.04,0.7,0.04,0.02,0.33,0.3,0.15,2.52,0.15,0.96,0.63,0.33,65,1.11,0.04,1.11,1.63,0.96,1.12,0.96,1.1,19.58,8.1,0.01,6.18,47.69,4.92,9.1,1.55,2.52,70,1.91,3.03,1.11,41,0.67,27,0.48,0,16.95,19.08,4.92,3.85,1.18,49.92,8.55,50,2.81,73,0.07,0,0,35.6,79,3.89,15,64,1.59,5.4,17,75,-4,55.48,5.18,0.33,0.39,32.16,95,5.7,10.95,1.33,0.67,0.67,0.07,2.04,2.7,0.07,19,0.41,32,0.37,18,66,16,25,68,7,21.31,17.5,0.97,108,-3.81,20.71,18.83
Sonny Sharples,Spennymoor Town,323,Left Defensive Midfielder,Left Centre Midfielder,England,21,,0,0,0.04,0.04,1.12,0,25,2,,0.02,0,0.04,0.28,0,0.04,0.28,0,0,0,0,0.08,1.4,-0.08,0.84,0.28,0.56,33,0.28,0,1.12,0.56,0.28,0.37,1.95,1.55,22.88,10.04,0.05,6.98,39.54,3.91,9.77,3.07,3.35,85,2.5,2.86,1.4,33,0.56,33,0.56,0,18.41,13.04,4.19,3.91,1.12,40.31,5.58,30,2.23,57,0.56,0,0,40.18,79,2.51,77,47,2.51,4.74,16,83,3,46.85,1.67,0.09,0.16,31.53,98,5.58,5.3,0.84,0.84,0,0,0,0.84,0,33,0.28,100,0,20,66,14,37,53,11,19.97,18.48,0.92,99,-1.5,18.34,18.33
Stanley Leech,Dagenham & Redbridge,602,Centre Forward,Left Centre Forward,,,,0.45,0.45,0.36,0.12,2.99,15,30,7,,0.29,0.15,0.08,1.05,0.15,0.08,1.05,0,0,0,0.6,0.44,4.03,0.16,0.15,0.15,0,100,0.15,0,1.2,1.94,0.15,0.16,0.9,1.03,11.36,2.54,0,2.09,67.64,2.99,4.18,0,0.15,0,0,0.16,1.34,0,0.15,42,6.72,0,10.16,10.45,1.94,2.39,1.05,71.11,9.26,91,2.24,94,0.15,0,0.15,17.78,49,0,14,0,1.05,0.6,45,42,-7,67.02,1.2,0.59,0.8,9.11,87,5.23,5.53,0.3,0.3,0,0.45,8.67,8.97,0,0,0.15,50,1.05,17,65,17,11,78,11,13.25,11.33,0.98,108,-1.93,13.03,12.27
Stephen Walker,Scarborough Athletic,2034,Centre Forward,Left Wing,England,25,181,0.58,0.44,0.27,0.14,1.95,23,41,5,75,0.43,0,0.06,0.44,0,0.06,0.44,0,0,0,0.44,0.33,2.39,0.11,1.64,1.33,0.31,81,0.8,0.04,1.81,2.7,0.18,0.13,0.44,0.52,15.31,6.11,0,3.5,66.36,3.63,5.35,0.58,0.75,72,0.54,0.67,0.4,17,0.22,26,1.46,0,14.34,11.98,2.88,4.03,0.88,67.73,12.12,85,3.58,89,0,0,0,18.41,63,0.8,28,53,0.84,1.11,30,62,-2,64.37,1.37,0.32,0.5,17.3,85,5.18,6.59,0.49,0.49,0,0.44,4.82,5.31,0,9,0.22,20,0.58,19,60,21,13,63,23,16.76,16.29,0.96,108,-0.47,16.05,17.55
Steve Brown,Chesham United FC,600,Right Centre Back,Centre Back,England,37,,0,0,0.08,0.18,0.45,0,33,0,,0.04,0.15,0.16,0.6,0.15,0.16,0.6,0,0,0,0.15,0.24,1.05,-0.09,0.3,0.3,0,100,1.2,0,0,0.15,0.9,1.03,4.65,4.83,10.5,3,0.13,6.9,26.78,2.4,12.45,1.35,2.25,69,1.44,2.48,1.35,67,0.6,51,3.9,0,7.8,8.75,3.9,1.8,0.75,29.96,1.2,15,0.6,33,0.15,0,0,33.9,74,3,7,50,5.85,4.8,16,47,-26,37,1.5,0.3,0.47,20.7,99,5.08,3.15,0,0,0,0.75,3.75,3.75,0.15,,0,,1.2,35,60,5,29,57,14,22.34,21.85,0.91,71,-0.49,20.36,15.57
T.Byron,Worthing FC,1686,Left Back,Left Centre Back,England,24,189,0.11,0.11,0.04,0.09,0.48,22,67,0,,0.08,0.21,0.09,0.8,0.21,0.09,0.8,0,0,0,0.32,0.13,1.28,0.19,2.46,1.87,0.59,76,1.17,0,2.88,1.49,1.44,2.07,2.88,4.06,12.54,5.23,0.02,6.62,34.88,4.06,14.14,1.97,3.42,80,2.75,4.82,1.01,70,0.48,49,2.08,0.05,9.55,13.44,4.11,3.58,1.6,38.9,3.31,35,1.65,46,0.16,0,0,42.43,72,2.67,80,40,4.06,5.44,17,57,-15,46.46,4.59,0.56,0.61,38.38,93,7.1,8.49,0.69,0.64,0.05,0.21,1.65,2.3,0.05,38,0.53,42,0.32,30,58,12,18,63,19,20.24,19.83,0.91,104,-0.41,18.36,20.53
Taelor O'Kane,Chorley,1179,Left Defensive Midfielder,Right Defensive Midfielder,England,20,,0.08,0.08,0.17,0.11,1.53,5,30,2,,0.17,0.08,0.07,0.46,0.08,0.05,0.31,0,0.01,0.15,0.15,0.23,1.98,-0.08,0.61,0.46,0.15,75,0.99,0,0.61,0.84,0.99,0.69,0.84,0.71,16.71,6.79,0,6.41,42.83,7.02,13.97,2.29,3.28,81,1.63,2.32,1.07,55,0.53,51,2.44,0,13.43,10.8,4.73,4.5,2.06,43.55,4.96,37,2.9,64,0.08,0,0,25.19,71,1.53,9,56,1.14,2.44,22,66,-5,52.59,3.43,0.34,0.47,15.95,95,5.32,6.41,0.84,0.69,0.15,0,2.52,3.21,0.08,9,0.08,17,0.15,31,59,10,38,57,5,18.61,15.65,0.95,96,-2.95,17.61,15.04
Tai McLean Fleming,King's Lynn Town FC,1328,Right Centre Back,Centre Back,Scotland,24,185,0,0,0.05,0.07,0.68,0,60,0,,0.1,0.07,0.05,0.54,0.07,0.03,0.27,0,0.02,0.27,0.07,0.1,1.22,-0.03,0.07,0,0.07,0,0.68,0,0.27,0.14,1.08,1.34,4.68,5.86,15.32,5.22,0.05,6.91,31.62,4.34,14.57,1.9,2.98,80,2.02,3.37,1.56,36,0.47,57,2.91,0.14,12.06,14.03,4.81,2.58,1.08,35.58,3.46,29,1.56,61,0.27,0,0,40.05,65,3.86,19,37,5.9,9.22,13,56,-9,48.51,5.42,0.37,0.43,25.14,99,5.01,8.34,0.88,0.34,0.54,0,1.02,1.36,0.07,54,0.47,25,0.14,43,51,6,44,48,8,24.85,21.39,0.85,87,-3.47,21.13,18.7
Tai Sodje,Buxton,1577,Centre Forward,Centre Attacking Midfielder,England,22,179,0.57,0.57,0.33,0.15,2.23,26,49,6,,0.49,0.11,0.11,0.86,0.11,0.11,0.86,0,0,0,0.69,0.45,3.08,0.24,0.51,0.17,0.34,33,2.17,0,1.71,2.23,0.23,0.28,0.74,0.97,18.44,7.31,0.01,3.82,63.24,2.45,3.77,0.57,0.8,67,0.54,0.82,1.77,44,0.29,42,2.4,0,16.1,17.52,3.54,4.11,0.91,65.88,12.5,78,3.48,85,0.51,0,0,14.27,63,0.74,25,57,0.91,1.14,32,56,-7,62.53,1.31,0.34,0.66,12.96,85,5.92,4.8,0.4,0.4,0,0.4,5.37,5.77,0.06,29,0.23,40,0.8,15,65,20,18,64,18,17.21,13.43,1,106,-3.78,17.22,14.2
Tarik Gidaree,Slough Town FC,1301,Right Back,Right Wing Back,England,23,176,0.07,0.07,0.07,0.09,0.76,9,18,1,,0.04,0,0.02,0.35,0,0.02,0.35,0,0,0,0.07,0.09,1.11,-0.02,1.24,0.9,0.35,72,1.18,0,1.18,1.38,1.04,0.79,1.94,1.77,12.17,4.08,0.03,5.12,35.99,3.11,9.61,1.24,2.28,82,1.01,1.8,0.83,56,0.28,40,1.24,0.28,10.1,7.98,3.46,3.18,1.04,41.09,3.94,39,2.21,70,0.14,0,0,25.38,71,1.38,11,31,2.56,3.8,15,61,-10,50.95,3.32,0.24,0.27,22.69,92,6.81,6.02,0.21,0.21,0,0.07,1.94,2.14,0,100,0.28,33,0.28,32,50,18,23,47,30,21.12,16.73,0.89,98,-4.39,18.73,16.34
Tate Campbell,Buxton,1881,Left Defensive Midfielder,Centre Defensive Midfielder,England,23,190,0.14,0.14,0.12,0.14,0.91,16,68,1,,0.23,0.19,0.09,0.62,0.19,0.09,0.57,0,0,0.05,0.33,0.22,1.53,0.12,0.53,0.38,0.14,73,1.53,0,1,1.15,0.67,0.62,1.34,1.67,13.97,6.75,0.02,4.98,41.01,4.59,10.29,2.11,2.77,88,2.25,2.87,1.24,71,0.29,52,1.2,0,10.67,12.43,3.78,4.02,1.39,44.44,3.73,35,2.11,52,0.14,0,0,42.2,83,3.78,12,72,2.49,4.11,20,78,-5,47.58,4.78,0.41,0.51,35.17,97,5.23,8.18,0.57,0.57,0,0.29,1.34,1.91,0,0,0.1,18,0.38,21,67,12,33,58,9,21.13,21.45,0.98,97,0.32,20.76,20.81
Tate Xavier-Jones,Merthyr Town FC,326,Left Centre Forward,Right Centre Forward,England,19,186,0.28,0.28,0.2,0.18,1.1,25,25,3,,0.25,0.28,0.28,0.83,0.28,0.28,0.83,0,0,0,0.55,0.48,1.93,0.07,1.1,0.28,0.83,25,0.83,0,3.04,2.48,0.28,0.32,1.66,1.96,17.94,4.97,0.04,2.76,54.5,3.04,4.42,0.83,1.1,60,0.85,1.17,1.1,0,0.55,33,0.83,0,16.01,19.32,2.21,3.86,0.55,59.44,10.76,67,2.76,71,0,0,0,19.04,74,0.83,16,38,1.93,1.93,21,73,-1,60.89,1.38,0.62,0.88,17.66,91,3.4,7.45,1.1,0.83,0.28,0,3.86,4.69,0.28,0,0.28,50,0.28,19,64,17,30,52,19,16.87,16.98,0.94,94,0.11,15.9,15.91
Taylor Anderson,Alfreton Town,482,Right Back,Right Wing,England,21,,0,0,0.01,0.03,0.37,0,0,1,,0,0,0.12,0.93,0,0.12,0.75,0,0.01,0.19,0,0.14,1.31,-0.14,0.75,0.75,0,100,0.56,0,0.37,0.19,0.75,0.33,1.87,1.33,13.63,4.67,0,2.43,36.1,4.29,8.96,0.75,1.49,100,0.58,0.91,0.75,,0,25,0.56,0,12.14,6.17,2.05,2.43,0.37,42.25,5.04,42,1.87,77,0,0,0,22.41,56,2.43,13,42,2.43,5.23,18,58,2,51.57,3.36,0.03,0.15,15.12,96,6.59,4.67,1.49,0.75,0.75,0,0.93,1.68,0,63,0.93,31,0,37,53,10,40,52,8,24.19,20.02,0.92,84,-4.16,22.3,16.73
Taylor Clark,Chelmsford City,1128,Left Defensive Midfielder,Right Defensive Midfielder,England,21,,0.08,0.08,0.07,0.05,1.28,6,19,2,,0.01,0,0.05,0.8,0,0.05,0.72,0,0,0.08,0.08,0.12,2.08,-0.04,1.36,0.8,0.56,59,0.88,0,2.23,1.6,0.96,0.87,2.47,2.28,19.32,8.62,0.02,5.91,40.84,7.18,12.69,2.23,3.19,76,2.41,3.28,1.28,25,0.72,37,2,0,15.8,15.15,4.31,4.23,1.36,43.2,5.91,37,2.95,70,0.24,0,0,29.85,73,2.47,14,57,3.27,3.51,18,62,-12,56.58,3.35,0.24,0.29,22.75,88,6.52,9.42,0.72,0.56,0.16,0.16,2.16,2.71,0,33,0.32,33,0.32,24,60,16,19,69,12,21.19,19.34,0.95,94,-1.85,20.12,18.13
Taylor Clark,Hampton & Richmond,609,Right Centre Midfielder,Right Defensive Midfielder,England,21,,0,0,0.03,0.03,1.18,0,13,1,,0.01,0.15,0.06,0.89,0.15,0.06,0.89,0,0,0,0.15,0.09,2.07,0.06,0.74,0.44,0.3,60,0.3,0,1.48,1.92,0.59,0.64,1.92,2.39,20.69,7.83,0.02,5.17,43.96,7.24,11.52,0.89,1.48,30,1,1.64,2.07,13,2.07,46,1.63,0,17.73,14.72,3.4,4.88,1.33,45.9,7.83,44,2.66,55,0.59,0,0,31.92,69,1.33,16,33,2.36,3.55,18,65,-4,53.65,3.55,0.22,0.28,24.08,94,6.57,8.27,0.74,0.74,0,0.3,1.18,1.92,0,0,0.15,33,0.15,22,66,12,25,68,7,20.01,18.95,0.86,93,-1.06,17.28,17.63
Taylor Foran,Maidstone United,1814,Right Centre Back,Centre Back,England,22,196,0,0,0.04,0.09,0.5,0,30,0,,0.01,0,0.02,0.15,0,0.02,0.1,0,0,0.05,0,0.06,0.64,-0.06,0.2,0.2,0,100,0.5,0,0.25,0.1,0.55,0.5,7.24,6.77,6.1,2.58,0.05,3.62,24.03,1.44,13.84,0.79,1.34,94,0.78,1.28,0.35,67,0.05,69,3.32,0,4.96,4.82,1.89,1.14,0.55,31.34,0.84,17,0.3,26,0.05,0,0,28.68,68,3.47,13,45,7.74,7.19,14,64,-4,35.79,2.23,0.33,0.36,16.97,99,4.58,2.43,0.2,0.1,0.1,0.15,1.39,1.49,0,25,0.05,50,0.2,40,56,3,51,45,4,27.49,20.43,0.89,94,-7.06,24.38,19.22
Taylor Foran,Salisbury,481,Right Back,Right Centre Back,England,22,196,0,0,0.02,0.05,0.37,0,50,0,,0.01,0,0,0.19,0,0,0.19,0,0,0,0,0.02,0.56,-0.02,0.56,0.19,0.37,33,0.56,0,0.94,0.37,1.5,2.22,3.37,5.17,11.04,4.3,0.02,5.99,31.12,1.87,8.42,1.68,3.18,82,2.28,4.5,0.75,60,0.37,60,1.68,0,8.6,12.72,3.93,2.62,0.94,39.25,2.62,30,1.68,64,0.19,0.19,0,34.61,73,2.81,9,38,4.12,6.55,13,83,10,42.24,2.81,0.24,0.26,27.12,98,4.3,4.49,0.94,0.37,0.56,0,0.75,1.12,0,20,0.19,25,0,26,66,8,29,58,13,24.18,20,0.9,100,-4.18,21.75,20
Tayt Trusty,Eastbourne Borough,3072,Left Centre Back,Right Defensive Midfielder,Cyprus,22,184,0,0,0.03,0.08,0.38,0,15,0,,0.01,0,0.02,0.29,0,0.02,0.29,0,0,0,0,0.05,0.67,-0.05,0.5,0.44,0.06,88,0.62,0,0.76,0.59,1.26,1.34,4.1,4.42,19.1,9.35,0.04,7.35,32.49,6.86,18.05,2.4,3.66,73,2.57,3.91,1.03,41,0.91,63,3.22,0.03,15.71,16.23,5.13,4.04,1.47,36.68,4.6,29,2.46,61,0.09,0,0,37.89,69,3.14,14,45,5.04,6.07,18,60,-9,43.86,4.31,0.21,0.24,23.18,96,5.69,6.04,0.32,0.26,0.06,0.09,0.59,0.85,0.09,18,0.09,16,0.09,35,60,6,37,56,7,23.05,20.35,0.92,95,-2.69,21.16,19.25
Teddy Collis,Farnborough,360,Right Wing,Left Midfielder,England,21,,0.25,0.25,0.07,0.06,1.25,20,60,2,,0.21,0.5,0.2,1.75,0.5,0.19,1.5,0,0.01,0.25,0.75,0.28,3,0.47,2.75,1.5,1.25,55,2.25,0,1.25,4.75,0.25,0.33,0.25,0.09,15.99,6.25,0,3.25,60.09,4.75,6.99,3.25,3.5,87,2.79,3.12,1,67,0.5,33,1.5,0,12.24,9.47,1.75,4,0.5,59.48,8.24,67,3.5,88,0,0,0,23.48,57,0.75,71,33,0.25,2.25,29,55,-2,63.2,1.5,0.47,0.7,24.23,82,5.16,6.25,0.25,0.25,0,0.5,5.75,6,0.25,0,0.25,13,1,20,56,24,16,48,36,15.28,11.69,0.9,97,-3.59,13.81,11.3
Teddy Jenks,Worthing FC,1967,Left Centre Midfielder,Left Attacking Midfielder,England,24,191,0.32,0.32,0.29,0.11,2.56,13,39,3,,0.49,0.18,0.2,1.28,0.18,0.2,1.28,0,0,0,0.5,0.49,3.84,0.01,1.19,0.69,0.5,58,0.96,0.05,2.06,2.24,0.55,0.86,0.69,1.04,17.71,6.77,0.03,6.22,51.4,5.31,10.3,1.1,1.65,69,1.72,2.58,1.33,38,0.5,26,0.69,0,15.29,22.34,5.03,4.85,1.74,53.4,8.74,57,3.52,73,0.23,0,0,36.47,76,1.74,21,59,1.33,2.29,23,71,-6,57.27,5.49,0.56,0.82,30.66,92,5.88,12.95,0.92,0.87,0.05,0.5,4.85,5.72,0.18,5,0.18,27,1.14,23,64,13,20,67,13,17.9,16.56,0.98,93,-1.34,17.46,15.48
Teddy Lavelle,Southport,2985,Left Defensive Midfielder,Centre Defensive Midfielder,England,20,189,0.06,0.06,0.06,0.06,1.03,6,35,1,,0.06,0.09,0.03,0.48,0.09,0.03,0.48,0,0,0,0.15,0.09,1.51,0.06,0.48,0.36,0.12,75,1.21,0,0.69,0.51,1,1.16,2.08,2.34,16.19,7.18,0.03,6,36.43,4.28,10.73,1.69,2.68,73,2.05,3.21,1.15,50,0.63,53,1.87,0,13.39,15.66,4.25,3.53,0.87,39.77,4.16,31,1.9,54,0.15,0,0,31.27,73,2.05,71,50,2.86,3.32,21,63,-10,49.31,3.26,0.26,0.32,23.01,98,5.14,6.12,0.24,0.21,0.03,0.03,0.78,1,0.09,13,0.03,20,0.12,26,64,10,20,71,8,20.57,19.1,0.94,99,-1.47,19.32,18.96
Teddy Tarbotton,Farnborough,1068,Right Defensive Midfielder,Right Centre Midfielder,England,18,,0,0,0.01,0.03,0.42,0,60,0,,0.01,0,0.03,0.59,0,0.03,0.59,0,0,0,0,0.04,1.01,-0.04,0.84,0.42,0.42,50,1.01,0,1.35,1.43,1.01,0.76,1.94,1.25,28.47,13.56,0.02,9.69,39.87,5.48,11.96,4.3,5.31,80,3.65,4.41,1.85,50,1.1,48,1.1,0,22.32,16.06,6.91,5.56,2.02,41.24,7.58,34,3.12,56,0.17,0,0,28.89,79,1.68,6,59,2.44,2.36,20,69,-9,48.9,2.86,0.17,0.19,24.68,91,6.57,5.48,0.34,0.34,0,0.08,0.59,0.93,0,25,0.08,33,0.17,18,64,18,18,68,14,19.91,17.43,0.96,95,-2.48,19.13,16.6
Temi Babalola,Worthing FC,681,Right Centre Forward,Left Centre Forward,England,25,194,0.4,0.4,0.43,0.18,2.38,17,28,4,,0.32,0.26,0.15,0.79,0.26,0.15,0.79,0,0,0,0.66,0.58,3.17,0.08,0.53,0.26,0.26,50,1.72,0.13,3.3,5.02,0.13,0.16,1.06,1.66,15.46,5.55,0.01,3.57,65.19,3.3,4.49,0.79,0.92,75,1.11,1.28,1.72,33,0.26,55,2.11,0,12.95,19.05,3.17,4.76,1.59,70.71,10.7,83,3.83,81,0.13,0,0,24.18,72,0.66,15,83,1.19,0.66,32,77,5,68.55,1.59,0.67,0.88,23.12,76,4.39,10.44,0.4,0.26,0.13,1.59,9.91,10.17,0,0,0.53,57,2.11,12,65,23,14,58,28,12.79,11.56,1.06,104,-1.23,13.57,12.03
Teo Kurtaran,Maidstone United,326,Right Defensive Midfielder,Centre Attacking Midfielder,England,24,180,0.28,0.28,0.05,0.06,0.83,33,33,1,,0.03,0,0.01,0.28,0,0.01,0.28,0,0,0,0.28,0.06,1.1,0.21,1.1,0.83,0.28,75,1.1,0,1.66,1.1,2.48,2.64,2.21,2,27.59,15.18,0.06,9.11,42.74,5.24,10.48,2.21,4.69,50,1.94,4.58,1.66,33,2.21,44,2.21,0,23.73,22.76,6.62,8,2.21,44.2,9.66,41,5.24,66,0,0,0,34.49,73,2.21,14,50,3.04,3.59,24,65,-8,49.96,3.86,0.2,0.2,26.49,96,5.19,7.73,0.83,0.55,0.28,0,0.83,1.38,0.28,0,0,0,0,29,58,13,21,68,11,20.66,16.26,0.94,87,-4.4,19.48,14.19
Thakgalo Leshabela,AFC Telford United,2764,Left Defensive Midfielder,Right Defensive Midfielder,South Africa,26,175,0.07,0.07,0.04,0.08,0.46,14,36,1,,0.04,0.13,0.08,1.01,0.13,0.08,1.01,0,0,0,0.2,0.12,1.47,0.08,0.78,0.49,0.29,63,1.01,0,1.24,1.17,0.81,0.83,0.65,0.59,19.54,10.29,0.02,6.35,45.76,4.2,8.56,1.6,2.41,72,1.81,2.64,1.66,41,0.62,25,0.46,0,16.31,15.81,4.98,5.05,1.82,47.9,7.2,44,2.96,59,0.23,0,0,32.98,86,1.53,13,64,1.04,1.99,18,81,-5,53.52,5.47,0.58,0.63,29.56,96,7.66,9.96,0.52,0.52,0,0.16,0.72,1.24,0.07,0,0.03,13,0.2,20,67,13,24,69,8,18.32,17.4,0.97,99,-0.92,17.78,17.27
Theo Chapman,Scarborough Athletic,435,Left Wing,Left Midfielder,England,21,178,0.21,0.21,0.24,0.23,1.04,20,60,2,,0.24,0,0.07,0.41,0,0.07,0.41,0,0,0,0.21,0.3,1.45,-0.1,4.14,2.69,1.45,65,2.69,0.21,3.52,2.28,0.21,0.2,0.62,0.88,14.5,5.18,0,5.59,52.31,3.93,6.01,1.45,1.66,78,0.87,1.07,0,33,0.41,11,0.21,0,13.05,10.33,4.14,4.56,1.86,50.31,6.01,46,2.28,50,0,0,0,22.57,76,1.45,10,64,1.24,1.66,19,67,-9,61.12,3.11,0.39,0.39,28.16,85,8.02,8.9,1.66,1.66,0,0.21,1.86,3.52,0,25,0.62,33,0.62,11,68,21,14,65,21,16.7,16.77,1,96,0.07,16.69,16.08
Theo Streete,Leamington FC,1471,Left Centre Back,Right Centre Back,England,38,185,0,0,0,,0,,,0,,0,0,0,0.06,0,0,0.06,0,0,0,0,0,0.06,0,0.24,0.18,0.06,75,0.73,0,0.12,0.24,0.86,0.61,9.67,6.3,8.81,4.77,0.09,5.32,20.32,1.04,10.28,1.77,2.63,91,1.03,1.64,0.61,67,0.18,65,2.63,0,6.49,3.87,2.14,0.98,0.18,23.71,0.55,8,0.12,13,0.06,0,0,19.21,63,2.02,16,37,10.71,4.47,21,47,-16,33.49,0.92,0.14,0.14,10.53,98,3.65,1.1,0.06,0.06,0,0.06,0.37,0.43,0,0,0,,0.06,43,52,5,61,39,0,28.52,26.3,0.87,84,-2.22,24.81,22.08
Theo Williams,Peterborough Sports FC,366,Right Centre Forward,Right Midfielder,England,22,175,0.25,0.25,0.07,0.05,1.47,17,33,5,,0.01,0,0.01,0.25,0,0.01,0.25,0,0,0,0.25,0.08,1.72,0.17,0.25,0.25,0,100,0.74,0,2.21,1.72,0,0,0.74,0.42,15.48,4.42,0.01,4.92,60.36,3.44,5.41,0.98,0.98,67,0.94,0.94,0.98,33,0.49,16,0.74,0,13.52,11.84,4.67,2.95,0.98,63.01,9.59,71,2.46,83,0.25,0,0,12.53,69,0,18,0,0.98,0.74,35,74,5,61.82,0.25,0.36,0.41,11.55,87,5.26,4.18,0,0,0,0,3.2,3.2,0,,0,0,0.49,22,48,30,6,47,47,16.5,15.36,0.84,71,-1.14,13.88,10.87
Thomas Carr,Chorley,2520,Left Centre Forward,Right Centre Forward,England,24,,0.21,0.21,0.32,0.17,1.93,11,41,4,,0.26,0.07,0.08,0.75,0.07,0.08,0.75,0,0,0,0.29,0.4,2.68,-0.12,1.07,0.64,0.43,60,2.11,0.04,2.39,3.79,0.21,0.13,0.29,0.14,18.11,6.14,0.01,3.93,63.18,3.46,4.75,0.93,1.14,68,0.72,0.85,1.89,21,0.43,32,2.5,0,15.36,11.86,3.29,3.57,0.82,64.84,11.86,77,3.21,90,0.11,0,0,16.61,64,0.61,20,71,0.61,0.54,36,63,-1,69.33,2.18,0.37,0.63,16.75,77,6.34,7.25,0.46,0.46,0,0.68,5.89,6.36,0.07,15,0.21,40,1.29,17,65,17,11,71,18,13.87,13.19,1.03,108,-0.68,14.32,14.31
Thomas James Everton Bramble,Maidstone United,3010,Left Defensive Midfielder,Right Defensive Midfielder,Antigua and Barbuda,25,187,0.09,0.06,0.1,0.11,0.87,7,31,1,100,0.08,0,0.03,0.69,0,0.03,0.69,0,0,0,0.06,0.13,1.55,-0.07,0.3,0.21,0.09,70,0.72,0,0.72,0.54,0.99,1.01,2.72,2.64,15.13,7.86,0.04,5.56,37.59,8.64,18.42,1.97,2.96,83,1.88,2.89,1.29,43,0.42,60,3.26,0,11.87,11.1,3.86,3.92,1.2,42.3,4.37,37,2.36,60,0.12,0,0,38.07,68,2.87,13,53,3.47,4.66,17,52,-16,51.35,4.25,0.44,0.5,22.22,97,4.45,8.07,0.6,0.6,0,0.03,1.38,1.97,0.06,25,0.15,42,0.21,33,56,12,30,61,9,21.51,19.59,0.94,98,-1.92,20.28,19.14
Tim Berridge,Leamington FC,1815,Left Wing,Right Wing,England,28,179,0.15,0.15,0.17,0.08,1.98,8,33,6,,0.26,0.05,0.1,1.24,0,0.07,0.79,0.05,0.03,0.45,0.2,0.27,3.22,-0.07,0.89,0.5,0.4,56,0.5,0,1.19,1.93,0.3,0.2,0.59,0.37,14.43,6.69,0.01,3.87,49.6,3.47,5.7,0.69,0.99,67,0.4,0.6,0.1,36,0.35,24,0.94,0.05,13.64,7.98,3.22,3.17,1.14,51.71,7.39,54,2.58,81,0.05,0,0,14.33,55,1.44,19,32,1.09,4.02,21,66,11,63.22,1.09,0.2,0.33,14.08,88,6.19,4.56,1.24,0.45,0.79,0.4,3.97,4.41,0.1,20,0.59,25,0.5,18,64,18,12,62,26,24.69,18.66,0.79,86,-6.03,19.43,16.13
Timothée Dieng,Dagenham & Redbridge,1805,Right Defensive Midfielder,Right Centre Midfielder,France,34,189,0.15,0.15,0.12,0.1,1.2,13,29,1,,0.15,0.1,0.07,0.55,0.1,0.07,0.55,0,0,0,0.25,0.18,1.75,0.07,0.3,0.2,0.1,67,0.5,0,0.6,0.8,0.95,0.83,2.19,2.2,14.41,5.93,0.02,4.74,41.26,6.08,12.62,1,1.94,61,0.93,1.76,1.05,33,0.65,59,3.34,0.05,12.42,11,3.79,3.14,0.85,47.2,5.58,45,2.09,67,0.05,0,0,35.55,74,2.04,20,53,2.39,3.69,21,63,-10,50.18,2.44,0.31,0.4,22.14,96,3.88,7.48,0.55,0.55,0,0.2,2.54,3.09,0.15,27,0.15,17,0.45,27,63,10,23,64,13,19.68,14.98,0.95,97,-4.7,18.61,14.6
Tobi Joseph,Worksop Town FC,301,Right Defensive Midfielder,Left Defensive Midfielder,England,33,182,0,0,0.03,0.03,0.9,0,33,2,,0,0,0.09,0.3,0,0.09,0.3,0,0,0,0,0.12,1.2,-0.12,0,0,0,,1.79,0,0.6,0.3,0.6,0.57,2.39,1.25,30.19,9.27,0,10.46,41.26,5.68,11.36,3.29,3.89,79,1.99,2.56,3.59,33,0.9,33,1.2,0,23.91,12.94,7.17,5.98,1.49,42.43,8.67,36,3.59,60,0.9,0,0,16.74,60,0.6,23,29,2.69,1.79,28,69,9,57.35,0.9,0.14,0.17,9.86,97,6.16,3.89,0,0,0,0.6,2.39,2.39,0,,0,0,0.6,23,60,18,23,77,0,19.92,18.2,0.91,89,-1.72,18.16,16.11
Tobi Omole,Tonbridge Angels FC,814,Left Centre Back,Left Back,England,26,189,0,0,0.09,0.77,0.11,0,100,0,,0.09,0,0.01,0.33,0,0.01,0.33,0,0,0,0,0.1,0.44,-0.1,0.44,0.33,0.11,75,0.33,0,0.22,0.44,0.33,0.24,4.2,2.84,6.97,3.54,0.06,4.53,26.36,1.33,9.95,1.11,1.44,91,0.86,1.1,0.33,67,0.11,45,1.44,0,5.53,3.83,2.43,1.44,0.88,29.76,1.33,24,0.66,46,0,0,0,37.59,76,3.1,78,39,4.75,7.41,11,72,-4,39.43,3.54,0.15,0.24,28.86,99,5.24,4.42,0.33,0.11,0.22,0.11,0.77,0.88,0,33,0.22,33,0.22,35,59,6,43,50,8,24.49,19.97,0.89,85,-4.52,21.87,17.05
Tobi Sho-Silva,Kidderminster Harriers,710,Centre Forward,Right Centre Forward,England,31,183,0.13,0.13,0.34,0.16,2.16,6,29,4,,0.25,0,0.07,1.52,0,0.07,1.52,0,0,0,0.13,0.41,3.68,-0.28,0,0,0,,1.14,0,0.89,2.16,0.38,0.31,1.01,1.01,14.58,3.93,0.05,3.68,63.16,2.41,3.3,0.38,0.76,75,0.32,0.63,1.52,0,0.13,41,6.09,0,12.68,12.51,3.42,3.93,1.27,68.11,10.02,79,3.68,94,0,0,0,17.25,55,0.13,8,100,1.14,0,43,57,2,69.3,0.63,0.42,0.55,8.62,76,2.74,5.96,0.13,0.13,0,0.51,6.85,6.97,0,0,0.13,25,0.89,25,57,17,13,57,30,13.02,11.55,1.08,113,-1.47,14.03,13.09
Toby Bower,Farnborough,2818,Left Back,Left Wing Back,England,21,176,0.03,0.03,0.04,0.05,0.93,3,31,1,,0.04,0.13,0.11,0.99,0.03,0.07,0.51,0.1,0.04,0.48,0.16,0.15,1.92,0.01,0.67,0.32,0.35,48,0.29,0,0.67,0.86,1.53,1.28,2.94,2.44,15.81,7.28,0.03,5.72,31.27,3.03,9.42,2.43,3.96,80,1.85,3.12,0.64,61,0.61,47,1.02,0,12.74,10.14,4.02,2.24,0.7,35.33,3.45,27,1.25,56,0.19,0,0,31.81,61,2.78,81,30,4.02,8.21,13,58,-3,51.88,4.54,0.21,0.25,24.66,97,4.44,8.66,1.79,1.02,0.77,0.1,0.86,1.88,0.03,34,0.73,28,0.1,37,55,8,27,61,11,24.47,21.37,0.82,85,-3.11,19.96,18.15
Toby Edser,Ebbsfleet United,2234,Left Defensive Midfielder,Right Defensive Midfielder,England,27,174,0.12,0.12,0.1,0.06,1.57,8,21,1,,0.08,0.16,0.12,1.17,0.16,0.12,1.13,0,0.01,0.04,0.28,0.22,2.74,0.06,0.77,0.6,0.16,79,1.89,0.04,0.97,1.13,0.44,0.54,1.41,1.52,17.6,8.54,0.02,6.57,47.78,5.28,10.84,1.57,2.01,71,1.86,2.4,1.09,29,0.64,47,1.01,0,14.95,16.84,5.16,4.63,1.61,50.41,8.18,55,3.38,73,0.16,0,0,39.6,82,1.69,80,48,1.69,3.22,19,76,-6,55.94,4.71,0.45,0.58,34.6,96,4.92,13.21,1.29,1.17,0.12,0.32,3.14,4.31,0.12,28,0.44,39,0.68,20,66,14,25,67,9,18.08,14.9,0.94,95,-3.18,17.01,14.16
Toby Lees,Darlington,2553,Centre Back,Right Centre Back,England,29,188,0.11,0.11,0.06,0.11,0.49,21,29,0,,0.09,0,0.02,0.25,0,0.02,0.25,0,0,0,0.11,0.08,0.74,0.03,0.11,0.11,0,100,0.56,0.04,0.18,0.11,1.2,1,7.97,7.95,7.97,3.17,0.08,4.72,22.29,2.15,16.96,0.99,2.19,88,0.88,1.88,0.74,70,0.14,68,6.49,0,6.28,5.75,2.47,1.66,0.67,29.47,0.92,15,0.56,34,0.21,0.04,0,32.51,66,4.05,9,44,9.45,7.76,21,52,-14,35.47,2.29,0.49,0.51,16.29,99,6.77,2.43,0.07,0.04,0.04,0.14,1.48,1.52,0,0,0,0,0.14,43,54,3,54,41,6,27.09,23.44,0.87,83,-3.64,23.67,19.48
Todd Alcock,South Shields,1153,Right Defensive Midfielder,Left Centre Midfielder,England,21,190,0.08,0.08,0.02,0.04,0.39,20,40,0,,0,0.08,0.08,0.7,0.08,0.08,0.7,0,0,0,0.16,0.1,1.09,0.06,0.08,0.08,0,100,0.31,0,1.09,1.41,0.86,1.24,0.86,1.32,17.65,8.04,0.07,5.93,43.82,5.39,9.13,1.8,2.65,82,2.61,3.85,1.64,56,0.39,40,0.62,0.08,14.21,21.69,4.84,5.62,2.03,45.38,5.93,42,3.75,67,0.08,0,0,44.03,84,2.34,9,63,1.72,2.89,20,84,0,50.98,4.22,0.65,0.67,35.68,96,4.22,11.56,0.94,0.94,0,0.08,0.62,1.56,0.16,17,0.16,40,0.31,20,66,13,26,66,9,17.93,16.89,0.96,103,-1.04,17.22,17.45
Tom Allan,Darlington,1631,Left Wing Back,Right Midfielder,England,26,173,0.17,0.17,0.25,0.14,1.82,9,24,3,,0.17,0.06,0.12,0.88,0.06,0.1,0.66,0,0.02,0.22,0.22,0.37,2.7,-0.15,0.94,0.28,0.66,29,1.32,0,1.82,2.26,0.39,0.27,2.04,1.95,13.36,6.18,0.02,3.92,44.57,2.98,7.17,0.94,1.32,57,1.01,1.28,1.21,20,0.72,35,1.49,0,11.2,11.34,2.59,2.59,0.5,49.58,5.85,52,1.99,77,0.17,0,0,21.3,62,1.21,19,41,2.48,2.54,25,60,-2,60.86,1.93,0.3,0.56,18.82,87,6.81,6.46,1.16,0.83,0.33,0.55,3.48,4.3,0,29,0.39,26,0.55,22,61,17,14,60,26,19.61,16.55,0.89,97,-3.06,17.36,16
Tom Broadbent,Spennymoor Town,338,Centre Back,Left Centre Back,England,34,191,0,0,0.05,0.07,0.8,0,100,0,,0.29,0,0,0,0,0,0,0,0,0,0,0.05,0.8,-0.05,0,0,0,,1.33,0,0,0.27,0.27,0.11,10.92,10.84,6.93,3.2,0.15,3.2,14.19,0.53,12.52,1.07,1.33,80,0.95,1.06,0.8,100,0.27,69,6.39,0,5.06,4.3,1.86,0.27,0,18.51,0,0,0,0,0,0,0,21.84,64,1.33,86,36,11.72,2.93,23,47,-17,30.92,0.8,0.3,0.3,11.72,100,2.58,0.53,0,0,0,0,1.33,1.33,0,,0,,0,32,61,7,50,50,0,23.83,25.32,0.94,90,1.49,22.37,22.89
Tom Dallison,Ebbsfleet United,1350,Left Centre Back,Centre Back,England,30,193,0.13,0.13,0.13,0.13,1.07,13,13,1,,0.12,0,0.01,0.13,0,0.01,0.13,0,0,0,0.13,0.14,1.2,-0.01,0.47,0.33,0.13,71,0.4,0,0.33,0.6,0.67,0.67,6.13,6.4,9.33,4.6,0.08,4.73,28.04,2.27,13.33,1,1.67,79,1.17,1.84,1.27,50,0.27,76,4.73,0,7.06,7.4,2.6,1.27,0.4,33.55,1.47,21,0.53,42,0.27,0,0,40.19,70,3.93,87,39,8.13,8.06,18,59,-11,41.13,4.73,0.59,0.63,27.59,98,4.25,5.07,0.47,0.4,0.07,0.13,2.53,2.93,0.07,14,0.13,50,0.13,38,57,4,47,47,5,26.41,25.11,0.85,76,-1.3,22.48,19.01
Tom Davies,Salisbury,1993,Right Centre Back,Left Centre Back,England,34,185,0.05,0.05,0.08,0.09,0.95,5,29,0,,0.09,0,0.04,0.36,0,0.04,0.36,0,0,0,0.05,0.12,1.31,-0.08,0.23,0.23,0,100,0.59,0,0.32,0.09,0.86,0.84,7.45,7.83,7.09,3.79,0.07,4.25,21.94,2.21,14.45,1.35,2.21,77,1.43,2.28,0.63,53,0.41,75,4.56,0,5.1,5.4,1.9,1.17,0.36,29.7,0.72,14,0.23,19,0.18,0,0,47.37,77,5.87,10,50,8.26,10.88,13,67,-10,36.23,3.84,0.34,0.39,35.27,100,4.69,4.61,0.41,0.32,0.09,0.09,2.12,2.44,0,11,0.05,50,0.32,33,62,4,27,72,1,27.07,19.96,0.88,90,-7.12,23.87,17.92
Tom Dickens,King's Lynn Town FC,2503,Left Centre Back,Centre Back,England,23,193,0.04,0.04,0.08,0.18,0.43,8,25,0,,0.06,0,0,0.04,0,0,0.04,0,0,0,0.04,0.08,0.47,-0.04,0.11,0.07,0.04,67,0.58,0,0.29,0.14,1.4,1.82,5.5,6.42,11.44,5.14,0.05,5.32,26.82,2.66,13.67,1.76,3.16,84,2.21,4.03,0.86,47,0.32,76,4.24,0.07,8.81,10.27,3.34,1.8,0.83,31.88,1.55,18,0.72,40,0.25,0,0,40.31,71,3.42,81,41,6.47,7.37,15,54,-16,39.33,3.96,0.32,0.34,26.83,99,5.36,4.6,0.04,0.04,0,0.07,1.04,1.08,0,0,0,0,0.25,37,58,5,44,51,5,24.8,21.03,0.9,97,-3.77,22.39,20.34
Tom Handley,Merthyr Town FC,2793,Right Back,Left Back,England,25,,0.19,0.19,0.18,0.09,2.03,10,37,2,,0.24,0.16,0.13,0.84,0.16,0.13,0.81,0,0,0.03,0.35,0.31,2.87,0.05,0.61,0.26,0.35,42,0.84,0,0.84,1.03,0.97,1.19,3.48,4.49,9.86,4.25,0.02,4.12,29.62,2.84,10.86,1.29,2.26,71,1.69,2.87,0.81,40,0.52,51,1.8,0.03,7.83,9.75,2.8,2.06,0.81,35.17,1.9,24,1.06,52,0.06,0,0,43.89,70,3.87,21,36,4.8,9.34,14,53,-17,44.6,3.83,0.42,0.59,34.03,97,3.83,8.09,0.93,0.81,0.13,0.16,2.87,3.67,0.03,28,0.42,31,0.23,34,52,14,32,48,20,23.32,20.32,0.84,87,-2.99,19.61,17.65
Tom Harrison,Chippenham Town,530,Left Centre Back,Right Centre Back,England,25,185,0,0,0,,0,,,0,,0,0,0.14,0.68,0,0.14,0.68,0,0,0,0,0.14,0.68,-0.14,0,0,0,,0.85,0,0.51,0,0.51,0.79,5.94,8.47,6.45,1.36,0,2.21,22.16,0.51,11.04,0.85,1.36,83,1.17,1.96,0.85,100,0.17,58,2.55,0,4.76,6.84,1.36,1.19,0.17,29.71,1.02,21,0.68,57,0.51,0,0,41.95,80,2.72,22,37,6.62,6.62,10,73,-7,35.94,2.38,0.43,0.43,29.21,98,4.1,4.76,0.34,0.34,0,0.17,0.51,0.85,0,0,0,0,0.17,30,66,5,39,57,4,23.32,22.25,0.85,87,-1.08,19.81,19.44
Tom Leahy,Tonbridge Angels FC,1451,Right Wing,Centre Attacking Midfielder,England,22,177,0.43,0.43,0.32,0.23,1.36,32,59,2,,0.49,0.12,0.07,0.62,0.12,0.07,0.62,0,0,0,0.56,0.39,1.98,0.17,1.12,0.74,0.37,67,1.05,0,1.55,3.1,0.62,0.39,0.62,0.41,20.47,7.69,0.01,6.02,54.72,3.23,6.33,1.12,1.74,72,0.59,0.98,0.93,13,0.43,25,1.36,0,18.54,10.22,5.15,4.84,1.86,57.37,11.54,62,3.72,77,0.06,0,0,18.11,59,0.62,24,34,0.81,1.61,23,59,0,65.81,1.86,0.37,0.59,16.93,86,5.92,6.64,0.31,0.31,0,0.5,4.53,4.84,0,40,0.19,23,0.81,24,61,16,15,69,16,17.16,13.97,0.89,98,-3.19,15.32,13.68
Tom Leak,Chester,2704,Right Centre Back,Left Centre Back,England,25,188,0.03,0.03,0.04,0.09,0.4,8,17,0,,0.02,0.03,0.01,0.1,0.03,0.01,0.1,0,0,0,0.07,0.04,0.5,0.02,0.03,0.03,0,100,0.5,0,0.27,0.2,0.8,0.76,7.19,6.94,8.59,3.69,0.05,5.06,25.05,1.73,12.15,0.9,1.7,63,0.76,1.52,0.53,16,0.53,61,3.06,0,7.16,6.46,3,1.56,0.77,31.59,1.3,18,0.43,28,0.13,0,0,34.72,75,3.23,32,44,8.39,6.09,14,66,-9,37.08,2.2,0.29,0.3,23,99,4.92,2.7,0.27,0.2,0.07,0.03,1.26,1.46,0,13,0.03,14,0.1,35,61,4,47,44,9,24.6,25.76,0.9,90,1.17,22.06,23.14
Tom Mark Tweedy,Darlington,542,Left Wing Back,Centre Attacking Midfielder,Wales,21,178,0,0,0.18,0.12,1.49,0,0,2,,0,0.17,0.35,2.33,0,0.24,1.83,0.17,0.11,0.5,0.17,0.53,3.82,-0.36,2.82,1.33,1.49,47,1.49,0,2.49,3.32,0.5,0.46,0.66,0.6,15.12,6.48,0.02,4.15,46.86,5.32,8.8,1,1.49,100,0.93,1.4,1.16,,0,21,0.5,0,12.96,11.44,3.49,3.32,0.83,48.83,6.48,50,2.66,80,0,0,0,26.74,56,2.33,72,40,1.99,4.48,21,39,-16,62.68,2.82,0.53,0.7,26.08,88,6.01,7.81,2.16,1.49,0.66,0.83,5.15,6.64,0,69,1.99,32,1,19,72,9,13,74,13,21.51,19.16,0.89,72,-2.35,19.12,13.79
Tom Mehew,Chippenham Town,2934,Left Defensive Midfielder,Right Defensive Midfielder,England,25,181,0.03,0.03,0.08,0.07,1.17,3,29,1,,0.05,0.03,0.11,0.95,0.03,0.1,0.89,0,0,0.06,0.06,0.18,2.12,-0.12,1.69,0.98,0.71,58,0.8,0,1.2,1.72,1.14,1.29,0.98,1.13,17.06,8.31,0.03,6.81,39.43,6.72,14.48,2.09,3.22,58,2.3,3.59,0.86,30,1.5,50,0.58,0,14.11,15.85,4.91,4.33,1.6,42.11,5.03,36,2.7,62,0.25,0,0,49.3,78,3.25,10,51,1.96,5.34,20,73,-5,52.25,7.15,0.51,0.59,41.48,96,5.4,12.89,1.29,1.2,0.09,0.37,2.02,3.22,0.03,7,0.21,41,0.61,23,65,11,30,62,7,20.38,17.63,0.95,102,-2.74,19.39,17.92
Tom Moore,Southport,3123,Left Centre Back,Right Centre Back,England,27,193,0.09,0.09,0.06,0.14,0.46,19,50,0,,0.15,0,0.02,0.35,0,0.02,0.32,0,0,0.03,0.09,0.09,0.81,0,0.37,0.32,0.06,85,0.49,0,0.29,0.26,0.95,1.29,7.41,8.18,8.7,4.29,0.08,4.67,22.45,2.33,15.93,0.95,1.9,79,1.06,2.35,1.07,31,0.26,67,3.8,0.09,6.69,7.51,2.65,1.84,0.78,29.72,1.04,16,0.63,34,0.2,0,0,47.2,77,6.45,11,56,8.96,10.06,12,66,-11,34.66,2.71,0.26,0.29,34.84,99,4.6,3.72,0.4,0.2,0.2,0.17,1.56,1.76,0,7,0.06,8,0.23,30,66,4,39,52,9,26.33,24.76,0.89,88,-1.57,23.44,21.76
Tom Owen-Evans,Chippenham Town,2134,Right Midfielder,Left Midfielder,England,29,180,0.21,0.17,0.17,0.09,1.77,10,45,3,50,0.21,0.08,0.14,1.18,0.08,0.14,1.1,0,0,0.08,0.25,0.31,2.95,-0.05,1.01,0.55,0.46,54,1.35,0,0.97,1.98,0.51,0.63,0.97,0.95,16.53,6.03,0.01,4.55,52.2,4.22,6.87,1.1,1.6,58,1.17,1.8,1.14,21,0.8,41,1.39,0.04,14.3,15.06,3.63,4.3,1.39,55.79,9.03,63,3.5,81,0.17,0,0,24.33,76,1.01,14,38,1.22,2.4,26,73,-2,57.64,2.49,0.35,0.5,19.32,90,4.68,7.68,0.84,0.59,0.25,0.38,3.84,4.43,0.04,30,0.46,48,0.76,19,59,21,19,64,18,17.32,13.77,0.92,92,-3.55,15.88,12.7
Tom Peers,Chester,1708,Centre Forward,Left Centre Forward,England,30,178,0.16,0.11,0.25,0.13,2,5,26,4,100,0.24,0.11,0.08,1.05,0.11,0.08,1.05,0,0,0,0.21,0.33,3.06,-0.12,0.63,0.26,0.37,42,0.74,0,1.95,3.9,0.11,0.03,0.42,0.45,19.55,6.59,0.01,4.37,62.78,3,4.37,0.74,0.84,74,0.63,0.66,1.42,17,0.26,30,2,0,17.55,14.34,4.06,4.37,1.26,63.97,13.39,76,3.9,89,0.21,0.05,0,20.08,64,0.53,14,56,0.53,0.84,31,57,-6,62.92,1.48,0.36,0.56,18.03,81,4.23,6.64,0.37,0.37,0,0.37,5.01,5.38,0,0,0.11,25,0.47,19,64,16,19,62,19,15.52,14.88,1,103,-0.64,15.48,15.29
Tom Platt,Darlington,2356,Left Defensive Midfielder,Right Defensive Midfielder,England,32,185,0.04,0.04,0.04,0.11,0.38,10,10,0,,0.04,0.08,0.08,0.73,0.08,0.08,0.73,0,0,0,0.11,0.12,1.11,-0.01,0.11,0.04,0.08,33,0.31,0,0.95,0.65,0.8,0.73,3.17,3.09,18.72,9.44,0.03,7.68,38.76,6.26,16.12,2.1,2.9,72,1.98,2.71,1.03,45,0.8,57,4.05,0.04,15.59,14.86,5.69,4.74,1.83,42.29,5.62,36,2.6,55,0.04,0,0,32.97,74,2.06,12,52,3.93,3.17,23,68,-7,49.56,3.29,0.52,0.55,18.76,95,5.2,6.76,0.38,0.34,0.04,0.5,2.18,2.52,0.04,30,0.23,50,0.61,32,60,8,32,62,7,19.5,17.61,0.94,95,-1.89,18.31,16.75
Tom Pugh,Spennymoor Town,1157,Right Defensive Midfielder,Centre Attacking Midfielder,Wales,25,169,0.08,0.08,0.14,0.08,1.79,4,26,3,,0.17,0,0.09,1.01,0,0.01,0.39,0,0.07,0.62,0.08,0.22,2.8,-0.15,1.24,0.54,0.7,44,1.17,0,1.17,2.02,0.16,0.1,1.71,1.32,23.42,12.61,0.01,7.55,44.61,8.17,12.61,1.95,2.1,69,1.54,1.64,1.87,31,0.86,49,1.4,0,19.61,15.05,5.68,5.45,2.18,47.6,8.4,43,3.11,57,0.16,0,0,29.41,70,2.96,12,49,2.26,5.45,21,67,-4,55.09,3.42,0.41,0.5,23.42,91,4.57,8.33,1.32,0.31,1.01,0.08,2.72,3.03,0,6,0.08,14,0.47,21,67,12,22,63,15,22.28,17.94,0.92,108,-4.34,20.44,19.37
Tom Scott,Oxford City,1753,Right Defensive Midfielder,Right Attacking Midfielder,England,22,182,0.26,0.26,0.2,0.13,1.59,16,42,3,,0.2,0.31,0.16,0.87,0.31,0.16,0.87,0,0,0,0.56,0.36,2.46,0.2,0.92,0.56,0.36,61,1.13,0,1.44,1.59,0.82,0.59,1.54,1.21,22.33,11.24,0.02,7.29,45.92,4.31,10.47,1.75,2.57,67,1.45,2.04,0.77,29,0.87,49,2,0.05,19.81,16.02,5.59,5.39,1.44,48.74,9.09,46,3.75,70,0.1,0,0,30.34,71,1.85,11,56,1.85,2.98,24,65,-5,53.14,3.44,0.22,0.47,23.15,92,4.96,8.32,0.56,0.56,0,0.31,3.13,3.7,0.15,18,0.36,54,0.36,29,58,13,30,57,14,18.55,14.97,0.99,109,-3.58,18.3,16.31
Tom Walker,Chorley,687,Right Midfielder,Right Wing,England,30,183,0.13,0.13,0.08,0.04,1.83,7,21,3,,0.03,0.13,0.11,1.18,0,0.06,0.79,0.13,0.04,0.39,0.26,0.18,3.01,0.08,2.36,1.83,0.52,78,0.79,0,2.1,2.1,0.39,0.35,1.05,1.05,17.55,8.91,0,4.85,41.66,6.03,9.43,2.1,2.49,67,2.02,2.37,0.52,27,1.05,40,1.57,0.13,14.93,13.53,3.01,3.41,0.92,44,6.03,40,2.36,69,0.13,0,0,24.49,57,1.57,84,26,2.1,4.98,23,50,-7,64.92,4.58,0.28,0.35,22.53,90,7.84,9.3,2.1,1.18,0.92,0,1.57,2.75,0,31,0.79,17,0,17,70,13,13,68,20,22.53,17.95,0.85,91,-4.58,19.17,16.27
Tom Whelan,Fylde,2320,Right Centre Midfielder,Right Defensive Midfielder,England,30,172,0,0,0.09,0.07,1.2,0,26,1,,0.04,0.27,0.26,2.75,0.19,0.16,1.9,0.08,0.09,0.85,0.27,0.34,3.96,-0.07,1.01,0.58,0.43,58,1.44,0,2.17,1.94,0.97,1.35,1.59,2.39,15.05,6.25,0.01,5.04,45.42,5.9,12.76,2.1,3.06,78,3.17,4.52,0.85,44,0.58,47,1.05,0.04,12.14,18.01,3.49,4.07,1.24,48.58,6.13,50,2.68,66,0.12,0,0,56.53,79,4.5,10,48,2.48,8.42,16,77,-2,52.38,6.94,0.63,0.7,46.79,95,4.71,13.97,1.9,1.01,0.89,0.39,1.71,2.72,0.19,8,0.27,21,0.47,21,65,14,28,62,10,20.69,18.28,0.9,92,-2.41,18.57,16.82
Tom Wilson,King's Lynn Town FC,2434,Right Centre Back,Centre Back,England,25,170,0,0,0.06,0.06,0.96,0,23,0,,0.05,0,0.05,0.44,0,0.05,0.44,0,0,0,0,0.1,1.4,-0.1,0.22,0.18,0.04,83,0.44,0,0.22,0.11,1.96,2.67,6.91,8.37,8.21,3.33,0.05,4.51,27,3.25,14.72,1.18,3.14,74,1.49,4.16,0.7,50,0.41,79,4.51,0.04,6.36,7.3,2.44,1.18,0.52,32.54,1.04,16,0.59,50,0.3,0,0,42.74,71,4.77,8,45,8.17,9.28,13,57,-14,42.69,5.84,0.41,0.44,27.66,99,4.54,7.21,0.59,0.55,0.04,0.15,2.07,2.63,0,6,0.11,20,0.33,40,56,4,53,43,4,26.6,23.21,0.88,86,-3.39,23.3,19.97
Tom Wraight,AFC Hornchurch,2835,Left Defensive Midfielder,Left Centre Midfielder,England,31,175,0.13,0.13,0.1,0.08,1.33,10,21,2,,0.11,0.06,0.15,1.24,0.03,0.06,0.48,0.03,0.09,0.76,0.19,0.25,2.57,-0.06,0.57,0.35,0.22,61,0.6,0,0.79,0.76,0.67,0.51,2.1,2.02,14.51,7.3,0.06,5.65,38.19,8.06,16.6,2.06,2.73,75,1.93,2.43,0.79,37,0.7,63,2.7,0,11.72,11,3.87,4.22,1.3,41.8,3.94,34,2.19,52,0.16,0,0,34.7,61,3.24,83,40,2.89,7.21,20,55,-6,53.87,3.68,0.48,0.55,20.35,96,3.67,7.27,1.97,0.79,1.17,0.19,1.52,2.32,0,11,0.22,27,0.25,32,58,9,31,62,7,23.13,18.37,0.91,98,-4.76,21.1,18.05
Tommy Buckwell-Willard,Salisbury,1500,Centre Attacking Midfielder,Left Attacking Midfielder,England,25,175,0.24,0.24,0.17,0.09,2.04,12,29,4,,0.21,0.06,0.09,1.56,0.06,0.05,0.9,0,0.04,0.66,0.3,0.26,3.6,0.04,1.32,0.54,0.78,41,0.6,0,2.76,2.4,0.24,0.26,0.24,0.25,13.56,4.8,0.01,4.2,59.21,3.72,5.46,0.72,0.96,86,0.73,1,0.36,33,0.12,16,0.3,0,12.48,12.68,3.9,4.14,1.14,59.78,8.7,70,3.36,81,0,0,0,19.86,73,1.5,8,51,0.48,2.7,19,73,0,64.16,2.64,0.26,0.42,22.68,86,6.63,7.74,1.8,1.02,0.78,0.12,3.72,4.74,0.06,30,0.66,41,0.24,14,64,22,15,61,24,19.16,17.13,0.95,98,-2.03,18.28,16.8
Tommy Wood,Enfield Town FC,657,Right Centre Forward,Centre Forward,England,27,188,0.14,0.14,0.29,0.24,1.23,11,44,3,,0.18,0,0.06,1.23,0,0.06,1.23,0,0,0,0.14,0.35,2.47,-0.21,0,0,0,,0.69,0,1.23,2.88,0.55,0.28,1.37,0.77,13.16,3.7,0,3.15,56.57,2.33,3.97,0.82,1.37,60,0.45,0.73,1.78,0,0.55,40,4.39,0,10.55,5.16,1.92,3.01,0.82,63.83,8.36,79,2.74,91,0,0,0,16.45,47,0.41,21,100,1.37,0.41,38,39,-8,61.46,1.23,0.21,0.44,9.18,73,2.95,4.11,0.27,0.27,0,0.27,4.8,5.07,0,0,0.14,33,0.41,32,59,9,30,57,13,13.45,11.38,1,102,-2.07,13.48,11.56
Tommy-Lee Higgs,Salisbury,399,Centre Forward,Centre Attacking Midfielder,England,21,176,0.23,0.23,0.32,0.12,2.7,8,8,7,,0.07,0,0.09,0.45,0,0.09,0.45,0,0,0,0.23,0.41,3.16,-0.19,0.23,0.23,0,100,0.45,0,0.9,2.03,0,0,0.9,0.96,20.96,8.79,0,6.31,65.21,2.93,4.51,0.9,0.9,67,1.22,1.22,1.58,50,0.45,17,0.45,0,18.48,22.3,5.18,4.06,1.58,67.99,16.45,89,4.06,100,0.45,0,0,13.97,64,0.68,7,38,1.35,1.35,27,53,-12,62.63,1.58,0.27,0.5,12.85,88,4.94,5.18,0.9,0.9,0,0,5.41,6.31,0.23,0,0,0,0.68,24,61,14,30,52,17,17.93,15.52,0.93,101,-2.41,16.71,15.73
Tony Craig,Dorking Wanderers FC,1179,Left Centre Back,Centre Back,England,41,184,0,0,0.03,0.14,0.23,0,33,0,,0.05,0,0.01,0.15,0,0.01,0.15,0,0,0,0,0.04,0.38,-0.04,0.08,0,0.08,0,0.76,0,0.15,0.15,0.76,1.03,7.17,8.86,7.94,3.97,0.07,4.73,22.99,2.6,14.04,1.45,2.21,63,1.9,2.93,0.61,31,0.84,68,3.05,0.08,5.88,7.76,2.21,0.76,0.23,26.67,0.69,12,0.23,30,0.15,0,0,42.13,79,4.73,83,60,8.01,7.02,11,52,-27,33.34,1.53,0.35,0.38,26.71,99,4.8,1.98,0.08,0.08,0,0.15,1.07,1.14,0,0,0.08,25,0.15,28,67,4,38,58,4,24.42,20.33,0.95,96,-4.09,23.16,19.6
Tony Lee,AFC Totton,2636,Centre Forward,Right Centre Forward,England,30,,0.41,0.41,0.39,0.14,2.9,14,38,6,,0.44,0.14,0.08,0.68,0.14,0.08,0.68,0,0,0,0.55,0.48,3.59,0.07,0.68,0.34,0.34,50,1.67,0.03,1.43,2.25,0.07,0.08,1.3,1.34,14.61,3.93,0.03,3.93,59.46,3.31,4.2,0.51,0.58,63,0.5,0.59,2.19,20,0.31,45,4.44,0,11.98,12.3,3.24,3.48,0.82,65.52,9.32,78,2.9,83,0.14,0,0.03,16.49,47,0.31,17,33,1.5,0.72,40,42,-5,63.73,1.26,0.36,0.64,10.45,78,4.51,4.54,0.44,0.41,0.03,0.27,5.84,6.25,0.1,8,0.03,8,0.61,28,64,8,30,59,11,16.36,15.12,1,94,-1.24,16.44,14.22
Trae Cook-Appiah,Hemel Hempstead Town,781,Centre Forward,Right Centre Forward,England,25,190,0.12,0.12,0.16,0.1,1.61,7,43,4,,0.16,0.23,0.05,0.46,0.23,0.05,0.46,0,0,0,0.35,0.21,2.08,0.14,0.81,0.69,0.12,86,1.5,0.12,3,4.15,0.12,0.11,0,0,19.6,5.53,0.01,4.96,70.71,2.54,3.46,0.69,0.81,86,0.73,0.84,1.61,50,0.12,22,1.84,0,17.29,17.25,4.27,5.19,1.38,71.51,15.22,88,4.73,91,0.12,0,0,10.15,54,0.58,4,63,0.12,0.81,40,50,-4,68.43,0.69,0.2,0.32,12.45,71,7.68,3.46,0,0,0,0.35,5.42,5.42,0,,0.12,20,1.04,14,73,12,10,73,17,15.94,12.69,1.09,103,-3.25,17.41,13.08
Trent Reagen Mahorn Rendall,Dagenham & Redbridge,1063,Right Centre Back,Right Back,England,24,190,0.08,0.08,0.03,0.07,0.42,20,60,0,,0.06,0,0.02,0.34,0,0,0.17,0,0.02,0.17,0.08,0.05,0.76,0.04,0.68,0.34,0.34,50,0.85,0,1.02,0.68,1.02,0.7,4.32,2.8,14.56,6.18,0.02,5.92,29.5,1.78,10.66,2.03,3.05,89,1.42,2.12,0.68,83,0.25,67,2.37,0.08,11.85,8.04,4.32,2.62,0.76,35.1,2.88,24,1.69,65,0.34,0,0,26.15,60,2.54,14,29,6.18,6.94,20,55,-5,45.5,3.55,0.15,0.17,19.13,93,5.26,4.91,0.76,0.34,0.42,0.17,1.27,1.61,0,22,0.17,13,0.17,41,52,7,31,55,14,28.48,27.67,0.8,82,-0.81,22.84,22.63
Tristan Gill,Buxton,358,Left Back,,England,19,,0,0,0.03,0.04,0.75,0,0,1,,0,0,0.02,0.25,0,0.02,0.25,0,0,0,0,0.05,1.01,-0.05,0.75,0.5,0.25,67,0.5,0,1.01,1.26,1.01,1.34,3.27,4.61,17.84,6.79,0.08,7.54,26.56,3.77,12.82,2.51,3.52,67,3.34,4.68,1.01,20,1.26,73,2.01,0,14.33,19.28,5.28,3.02,0.25,29.99,3.52,25,1.76,58,0,0,0,37.7,65,5.03,70,59,4.27,7.54,12,56,-9,48.22,5.53,0.52,0.53,27.14,95,4.84,8.8,0.5,0.25,0.25,0.25,1.26,1.51,0,50,0.25,11,0.25,37,52,11,31,66,3,23.07,22.98,0.99,110,-0.1,22.83,25.36
T'Sharne Gallimore,Enfield Town FC,2178,Centre Defensive Midfielder,Left Defensive Midfielder,British Virgin Islands,25,170,0.04,0.04,0.02,0.04,0.58,7,21,1,,0.01,0.04,0.02,0.45,0.04,0.02,0.45,0,0,0,0.08,0.04,1.03,0.04,0.87,0.41,0.45,48,0.91,0,0.79,1.12,1.32,0.8,1.65,1.09,26.4,11.32,0.04,10.04,38.16,7.07,15.29,3.55,4.88,79,2.18,2.98,1.9,44,0.95,50,1.53,0.04,20.95,13.08,7.6,6.4,2.23,39.53,6.53,31,3.14,49,0.37,0,0,26.49,67,1.98,14,50,2.48,3.14,23,66,-1,48.69,2.4,0.25,0.27,16.73,93,5.64,4.75,0.33,0.29,0.04,0,0.41,0.7,0.08,13,0.04,20,0,34,56,9,33,59,8,20.11,18.71,0.9,91,-1.4,18.05,16.99
Tye Barton,Darlington,568,Right Back,Right Centre Back,USA,21,178,0,0,0.01,0.02,0.48,0,0,1,,0,0,0.02,0.32,0,0.02,0.32,0,0,0,0,0.03,0.79,-0.03,0.79,0.48,0.32,60,0.95,0,0.95,1.43,0.95,0.93,3.17,3.4,11.25,5.39,0.04,4.12,31.96,4.76,11.89,1.11,2.06,64,1.16,2.1,0.63,33,0.63,25,0.48,0,9.51,10.29,2.85,2.06,0.79,35.31,2.54,27,1.27,62,0,0,0.16,30.75,70,2.54,7,39,3.96,5.71,11,61,-8,51.9,4.6,0.57,0.58,24.88,94,5.86,7.45,0.63,0.32,0.32,0.16,0.32,0.63,0,25,0.16,20,0.16,34,53,13,19,70,11,22.1,19.68,0.86,92,-2.42,18.97,18.08
Tyler Cordner,AFC Totton,2808,Left Centre Back,Right Centre Back,England,27,188,0.06,0.06,0.07,0.09,0.83,8,35,0,,0.08,0.06,0.04,0.42,0.06,0.04,0.38,0,0,0.03,0.13,0.11,1.25,0.02,0.48,0.26,0.22,53,0.26,0,0.48,0.54,0.99,1.22,5.32,5.95,8.04,3.24,0.08,4.23,23.02,2.02,14.29,0.96,1.96,83,0.99,2.21,0.58,60,0.19,64,3.24,0.06,6.51,7.02,2.66,1.22,0.45,28.71,0.87,13,0.45,37,0.22,0,0,40.83,77,5.67,20,54,6.31,9.42,15,67,-9,37.05,3.01,0.31,0.38,30.64,97,4.68,4.13,0.29,0.22,0.06,0.22,1.7,1.92,0.06,22,0.1,25,0.29,32,65,4,39,53,8,27.17,22.46,0.9,89,-4.72,24.43,19.88
Tyler Hill,Spennymoor Town,1542,Left Back,Left Centre Back,England,20,190,0,0,0,0.01,0.06,0,0,0,,0,0.06,0.01,0.23,0.06,0.01,0.23,0,0,0,0.06,0.01,0.29,0.05,0.35,0.12,0.23,33,0.64,0,0.58,0.88,1.34,1.08,4.38,3.95,14.12,5.37,0.05,4.38,27.63,3.21,11.96,2.57,3.91,85,2.61,3.69,0.93,70,0.47,59,2.04,0,10.68,9.73,2.92,2.45,0.82,30.63,2.22,21,1.23,50,0.23,0,0.06,36.82,63,3.33,87,31,5.95,8.99,16,63,0,44.22,4.84,0.37,0.38,27.31,96,4.77,6.48,1.05,0.88,0.18,0,0.06,0.93,0,11,0.12,11,0,46,49,5,48,47,5,25.77,22.53,0.83,88,-3.24,21.44,19.92
Tyler James,Radcliffe,320,Left Centre Forward,Left Wing Back,England,22,181,0.56,0.56,0.52,0.3,1.69,33,67,3,,0.74,0,0.06,0.28,0,0.06,0.28,0,0,0,0.56,0.58,1.97,-0.01,0.28,0.28,0,100,0.56,0,2.82,0.56,0.85,0.54,0.56,0.62,23.66,10.42,0,8.17,55.39,3.66,6.2,1.69,2.54,75,1.21,1.75,0,0,0.56,13,0.56,0,21.97,18.57,7.04,7.32,1.41,55.78,12.68,58,6.76,92,0,0,0,20,61,0.85,8,50,0.56,1.69,17,46,-14,65.61,1.69,0.47,0.82,16.62,92,6.21,7.04,0.85,0.85,0,0.28,4.51,5.35,0,0,0.28,33,0.56,28,59,13,28,44,28,17.77,11.05,0.93,113,-6.72,16.61,12.51
Tyrese Dyce,Slough Town FC,1752,Left Back,Left Centre Back,England,25,181,0.1,0.1,0.08,0.14,0.57,18,36,0,,0.06,0,0.03,0.46,0,0.03,0.46,0,0,0,0.1,0.11,1.03,0,0.77,0.46,0.31,60,1.44,0,0.92,0.92,0.72,0.53,6.52,6.58,14.08,7.55,0.06,7.35,26.98,3.08,15.05,2.26,2.98,90,1.95,2.48,0.82,50,0.26,61,3.65,0.1,10.99,9.16,4.37,2.52,0.87,30.4,1.95,18,0.98,39,0.36,0,0,32.42,65,2.05,76,38,7.14,4.78,16,46,-19,46.24,3.9,0.23,0.34,24.92,95,6.58,5.45,0.46,0.46,0,0.05,1.13,1.59,0,56,0.36,27,0.1,40,52,9,35,53,12,22.34,18.89,0.89,98,-3.45,19.98,18.55
Tyrique Clarke,Slough Town FC,2525,Left Defensive Midfielder,Right Defensive Midfielder,England,24,175,0,0,0.08,0.06,1.25,0,20,2,,0.05,0.14,0.07,0.82,0.14,0.06,0.71,0,0.01,0.11,0.14,0.14,2.07,0,1.35,0.89,0.46,66,1.18,0,1.35,1.53,1.03,0.68,1.03,0.77,23.91,10.76,0.02,9.09,45.17,6.66,11.8,3.21,4.24,82,2.43,3.11,1.46,35,0.71,28,0.75,0,19.35,14.1,6.77,5.56,2.07,46.75,9.05,47,4.03,72,0.25,0,0,26.66,73,1.57,11,49,1.35,2.85,20,68,-5,55.16,3.71,0.33,0.36,21.56,94,6.41,7.95,0.57,0.43,0.14,0.18,1.6,2.03,0.07,44,0.29,53,0.21,25,65,10,24,65,11,19.47,16.13,0.94,97,-3.34,18.25,15.64
Tyrone Marsh,Bedford Town,3296,Centre Forward,Left Centre Forward,England,32,180,0.71,0.55,0.33,0.14,2.38,23,49,4,100,0.46,0.11,0.06,0.87,0.11,0.06,0.82,0,0,0.05,0.66,0.39,3.25,0.26,0.93,0.57,0.36,62,1.37,0.05,2.13,2.51,0.3,0.13,0.6,0.36,16.63,5.63,0.01,4.12,61.21,3.44,4.7,0.49,0.79,62,0.27,0.4,1.45,9,0.3,33,1.88,0,14.75,8.29,3.85,3.28,0.93,63.87,11.11,75,2.87,88,0.22,0.03,0,16.33,67,0.87,20,55,0.79,1.39,27,62,-6,64.28,1.99,0.33,0.51,16.08,85,4.61,6.53,0.55,0.52,0.03,0.33,5.24,5.76,0.11,25,0.27,34,0.71,18,59,22,22,55,23,16.95,14,1,108,-2.95,16.91,15.12
Vaughan Redford,Worksop Town FC,2753,Right Defensive Midfielder,Left Defensive Midfielder,England,27,,0.07,0.07,0.12,0.14,0.85,8,19,1,0,0.06,0.03,0.06,0.59,0.03,0.06,0.59,0,0,0,0.1,0.17,1.44,-0.08,0.92,0.59,0.33,64,1.6,0.07,1.54,1.57,0.65,0.5,1.11,0.7,17.29,8.57,0.02,5.92,45.18,8.96,14.91,1.7,2.35,60,1.22,1.72,1.05,30,1.11,52,2.42,0,14.58,11.58,4.41,4.74,1.54,47.28,6.51,45,3.11,66,0.13,0,0,32.63,70,2.68,16,53,1.83,4.32,26,64,-5,53.08,3.89,0.35,0.42,23.08,93,4.23,8.37,0.88,0.82,0.07,0.23,1.83,2.65,0.03,7,0.07,29,0.39,27,60,13,27,66,8,19.97,16.85,0.94,97,-3.13,18.74,16.27
Victor Akinwale,Eastbourne Borough,317,Right Midfielder,Left Midfielder,England,21,185,0,0,0.14,0.05,2.55,0,44,5,,0.26,0,0.04,0.28,0,0.04,0.28,0,0,0,0,0.18,2.84,-0.18,0,0,0,,1.42,0,1.7,2.55,0,0,0.28,0.18,14.18,5.1,0,2.55,52.82,3.12,6.52,0,0,0,0,0,0.85,0,0.28,33,1.42,0,13.33,13.07,2.27,1.98,0.28,53.66,7.37,55,1.98,100,0,0,0,14.18,54,0.57,35,50,0.28,1.13,36,61,7,59.16,0.85,0.13,0.22,13.04,76,6.12,4.25,0.57,0.57,0,0.28,3.12,3.69,0,0,0,0,0.57,34,54,12,27,53,20,18.05,12.65,0.96,100,-5.4,17.33,12.72
W.Glennon,Leamington FC,398,Right Centre Back,,England,23,181,0.23,0.23,0.14,0.06,2.26,10,30,1,,0.26,0,0.01,0.23,0,0.01,0.23,0,0,0,0.23,0.14,2.49,0.08,0.45,0.45,0,100,0.68,0,0.9,0.23,0.68,0.66,7.69,8.28,7.47,4.3,0.07,3.85,21.53,3.85,18.1,0.9,1.58,80,0.92,1.58,0.9,100,0.23,62,4.07,0,5.66,5.74,1.81,1.36,0.9,27.56,0.45,8,0.45,33,0,0,0,36.88,61,5.66,8,41,7.92,13.57,12,55,-6,37.05,2.94,0.27,0.31,23.98,100,5.13,2.94,0,0,0,0,2.49,2.49,0,,0,,0,41,56,3,38,62,0,29.39,18.02,0.83,105,-11.38,24.51,18.85
W.Makowski,Slough Town FC,2261,Centre Forward,Right Wing,Poland,23,181,0.4,0.32,0.29,0.15,1.95,16,49,6,67,0.25,0.44,0.17,1.31,0.44,0.17,1.31,0,0,0,0.76,0.47,3.26,0.29,0.72,0.36,0.36,50,0.68,0.04,1.35,2.75,0.08,0.06,0.08,0.05,14.73,4.3,0,2.87,68.04,2.63,3.54,0.6,0.68,79,0.44,0.5,1.47,20,0.16,23,1,0,12.7,9.77,2.43,3.42,0.64,68.3,10.51,83,3.14,92,0.04,0,0,12.62,67,0.56,20,61,0.2,0.8,28,66,0,66.79,1.23,0.35,0.6,11.58,80,5.91,5.57,0.8,0.8,0,0.56,4.54,5.33,0.12,5,0.16,22,0.76,19,62,19,16,66,18,16.09,12.08,0.97,97,-4,15.53,11.68
Warren Clarke,Chorley,2709,Left Midfielder,Right Midfielder,England,28,172,0.07,0.07,0.09,0.09,1,7,37,1,,0.13,0.07,0.08,0.76,0.07,0.08,0.7,0,0,0.07,0.13,0.17,1.76,-0.04,1.13,0.7,0.43,62,0.9,0.03,1.83,1.63,1.03,0.84,1.83,1.69,19.74,8.57,0.01,6.28,46.87,6.31,11.33,3.26,4.29,82,2.55,3.38,0.86,41,0.73,53,2.53,0,15.72,11.64,4.52,4.42,1.36,48.35,7.34,47,3.36,76,0.07,0,0,26.25,58,1.4,59,37,2.16,3.42,21,57,-1,60.21,3.22,0.3,0.36,17.54,89,5.77,7.77,1.76,0.93,0.83,0.23,3.12,4.05,0,42,0.86,38,0.6,35,53,11,24,56,21,20.07,15.51,0.91,96,-4.55,18.32,14.94
Will Armitage,Eastbourne Borough,601,Left Centre Back,Right Centre Back,England,21,,0,0,0.03,0.11,0.3,0,0,0,,0,0,0,0,0,0,0,0,0,0,0,0.03,0.3,-0.03,0.75,0.3,0.45,40,0.6,0,0.9,0.75,0.6,0.87,4.2,5,16.63,8.24,0.1,8.84,23.66,2.1,17.53,1.8,2.4,63,2.16,3.03,1.65,33,1.05,72,6.44,0,13.49,16.55,5.54,2.7,1.05,26.01,1.35,10,0.9,33,0.6,0.15,0,39.86,75,3.45,14,48,5.1,6.29,21,64,-11,38.5,2.4,0.3,0.34,26.23,96,5.19,3.3,0.45,0.15,0.3,0,1.05,1.2,0,0,0.15,33,0,28,67,4,36,55,9,23.2,19.39,0.91,95,-3.81,21.21,18.52
Will De Havilland,Maidenhead United,2472,Right Centre Back,Centre Back,England,31,191,0.15,0.15,0.09,0.17,0.55,27,53,1,,0.1,0,0.03,0.15,0,0.03,0.15,0,0,0,0.15,0.13,0.69,0.02,0.15,0.11,0.04,75,0.44,0,0.22,0.29,0.95,1.12,6.66,7.66,10.88,5.24,0.1,6.12,26.41,2.91,14.16,1.78,2.73,78,2.02,3.14,1.16,54,0.51,71,4.77,0,7.94,9.1,3.13,2.04,0.84,32.08,1.2,15,0.66,32,0.15,0,0,30.5,70,2.62,13,45,7.32,5.17,17,52,-18,38.12,2.37,0.27,0.35,16.89,98,5.37,3.31,0.25,0.25,0,0.4,2.37,2.62,0.04,0,0.04,11,0.4,35,60,5,48,49,2,24.05,18.35,0.92,89,-5.71,22.02,16.26
Will Flint,Buxton,402,Right Centre Back,Centre Back,England,20,,0,0,0.02,0.08,0.22,0,0,0,,0,0,0.01,0.22,0,0.01,0.22,0,0,0,0,0.02,0.45,-0.02,0,0,0,,0.45,0,0.67,0,0.67,0.66,6.49,6.88,14.1,6.27,0.02,7.38,29.54,2.46,12.31,2.24,2.91,83,2.54,3.2,1.12,67,0.45,47,1.57,0,10.74,10.76,4.92,2.69,1.57,31.32,2.24,21,0.9,33,0.45,0,0,42.07,77,6.27,7,55,8.95,8.95,14,64,-13,32.31,2.46,0.15,0.17,31.55,100,5.89,2.69,0.22,0.22,0,0,0.67,0.9,0,0,0,,0,33,61,6,58,42,0,26.58,29.52,0.92,84,2.94,24.45,24.87
Will Greenidge,AFC Hornchurch,776,Left Back,Left Wing Back,England,24,194,0.12,0.12,0.13,0.16,0.81,14,14,2,,0.12,0,0.07,0.46,0,0.07,0.46,0,0,0,0.12,0.2,1.28,-0.08,1.74,0.81,0.93,47,2.09,0,1.74,2.09,2.43,2.18,2.09,1.74,11.59,5.22,0.01,4.52,36.79,5.22,12.17,1.51,3.94,72,1.33,3.51,0.93,29,0.58,50,1.62,0,9.16,8.06,2.9,2.32,0.58,42.7,3.25,35,0.93,40,0.12,0,0,24.46,68,2.43,19,38,3.25,5.33,18,57,-11,54.14,4.17,0.55,0.58,20.87,88,8.55,6.84,0.93,0.81,0.12,0.23,1.39,2.2,0,25,0.46,33,0.35,35,55,11,24,58,19,22.89,22.2,0.85,98,-0.7,19.48,21.8
Will Hatfield,Darlington,749,Right Defensive Midfielder,Right Centre Midfielder,England,34,173,0.36,0.36,0.17,0.07,2.52,14,38,2,,0.39,0.12,0.08,0.96,0.12,0.08,0.96,0,0,0,0.48,0.24,3.48,0.24,0.48,0.12,0.36,25,1.92,0,1.08,1.08,1.2,1.04,3.24,3.22,20.06,9.97,0.04,6.13,37.64,5.04,9.85,2.76,3.96,74,3.36,4.4,1.32,46,0.96,47,1.08,0,15.97,16.95,4.08,4.2,1.32,40.78,5.16,32,1.92,46,0.24,0,0,27.26,76,1.56,30,57,4.2,1.8,26,68,-8,58.29,2.76,0.43,0.53,21.5,96,4.5,9.73,1.08,1.08,0,0.24,3.24,4.32,0.12,11,0.24,50,0.72,20,64,16,15,67,19,17.74,18.34,0.96,95,0.6,17.08,17.36
Will Jenkins,South Shields,2878,Left Defensive Midfielder,Right Defensive Midfielder,England,24,176,0.19,0.19,0.1,0.07,1.31,14,36,1,,0.15,0.28,0.17,1.5,0.25,0.15,1.28,0.03,0.02,0.22,0.47,0.26,2.81,0.21,1.19,0.78,0.41,66,1.47,0,2.03,2.13,0.59,0.85,1.47,2.29,22.58,10.57,0.04,6.75,44.74,5.03,10.1,2.44,3.03,75,3.71,4.56,2.47,40,0.81,38,0.66,0.03,17.67,26.63,5.32,6.35,2.16,47.42,7.72,44,3.88,61,0.25,0,0,48.84,79,3.6,7,52,2.35,6.03,22,78,-1,51.55,5.94,0.66,0.78,41.31,95,4.95,12.1,2.1,1.72,0.38,0.19,2.03,3.75,0.31,12,0.25,21,0.38,19,67,14,28,61,11,20.92,18.05,0.93,97,-2.87,19.54,17.51
Will King,Chippenham Town,1900,Left Back,Left Centre Back,England,23,191,0,0,0.01,0.03,0.38,0,38,0,,0.03,0.05,0.04,0.52,0.05,0.04,0.52,0,0,0,0.05,0.05,0.9,0,0.71,0.47,0.24,67,2.04,0,0.71,0.66,0.76,0.91,2.46,2.6,13.08,6.11,0.03,5.83,29.16,3.36,10.38,1.61,2.37,65,1.74,2.65,0.71,45,0.85,53,1.47,0.09,10.75,12,3.84,2.84,1.09,32.96,2.7,25,1.56,55,0.24,0,0,38.23,71,2.75,79,41,3.6,5.54,15,60,-11,49.06,5.12,0.4,0.42,31.08,97,4.93,8.95,1.23,1.04,0.19,0,0.81,1.85,0.09,31,0.38,30,0.24,30,57,14,27,58,15,21.47,19.95,0.92,95,-1.52,19.67,18.98
Will Lancaster,Fylde,316,Right Centre Back,Left Centre Back,England,23,185,0,0,0,,0,,,0,,0,0,0.03,0.28,0,0.03,0.28,0,0,0,0,0.03,0.28,-0.03,0,0,0,,0.57,0,1.14,0.28,0,0,6.27,7.61,7.12,2.56,0.03,3.99,25.17,1.14,12.54,1.99,1.99,100,2.3,2.3,0.57,,0,54,4.27,0,4.56,6.03,1.71,0.57,0,34.3,0.85,19,0.57,100,0,0,0,55.28,87,3.7,12,59,7.12,5.41,20,78,-9,34.94,2.56,0.12,0.15,45.87,99,6.95,3.13,0,0,0,0,0,0,0,,0,,0,24,68,7,27,73,0,21.98,20.74,0.94,89,-1.23,20.58,18.51
Will McGowan,Darlington,2622,Centre Attacking Midfielder,Right Defensive Midfielder,England,23,171,0.24,0.24,0.16,0.1,1.58,15,37,2,,0.24,0.24,0.22,2.03,0.14,0.18,1.54,0.1,0.05,0.48,0.48,0.39,3.6,0.09,1.06,0.72,0.34,68,1.51,0,1.96,1.48,0.45,0.39,0.65,0.76,20.94,9.75,0.01,6.73,46.89,5.53,9.89,1.89,2.33,67,1.93,2.32,0.62,34,0.93,40,1.13,0,18.43,17.51,5.36,5.46,1.75,48.27,8.82,48,4.09,75,0.14,0,0,35.7,77,2.44,83,45,1.06,4.98,22,79,2,57.68,4.77,0.55,0.74,31.75,94,6.04,12.98,1.96,1.2,0.76,0.48,3.5,4.7,0.27,14,0.38,24,0.76,18,65,17,22,66,12,19.61,15.21,0.9,97,-4.4,17.69,14.75
Will Shorrock,Leamington FC,452,Left Wing,Right Wing,England,27,168,0,0,0.09,0.12,0.8,0,25,2,,0.11,0.2,0.05,0.99,0.2,0.03,0.4,0,0.02,0.6,0.2,0.15,1.79,0.05,0.2,0,0.2,0,1.39,0,1.19,0.6,0.8,0.35,0.6,0.32,15.12,4.97,0.01,3.78,44.81,3.38,7.96,1.79,2.59,64,0.86,1.22,1.19,29,0.99,23,1.19,0,12.33,8.39,2.98,3.18,0.2,45.38,5.17,42,1.79,56,0,0,0,19.3,53,2.79,13,44,0.99,5.97,18,52,-1,52.23,1.19,0.14,0.2,12.93,91,6.66,2.98,0.99,0.4,0.6,0.2,1.39,1.79,0,60,0.8,40,0.4,27,59,14,20,40,40,22.86,14.95,0.89,98,-7.92,20.4,14.63
Will Spiers,Merthyr Town FC,786,Right Back,Right Centre Forward,England,20,,0,0,0.06,0.06,1.03,0,33,1,,0.05,0.23,0.1,1.37,0.23,0.1,1.37,0,0,0,0.23,0.16,2.4,0.07,2.4,2.06,0.34,86,1.72,0,1.83,1.37,1.03,1.31,2.29,2.98,17.52,9.85,0.02,6.53,33.29,2.29,8.36,2.18,3.21,70,2.78,4.1,0.69,56,0.92,47,0.8,0.11,14.65,16.73,4.81,2.86,1.14,36.18,4.12,28,1.72,60,0.23,0,0,42.59,80,5.38,7,68,3.21,6.98,16,74,-6,45.7,4.92,0.55,0.66,41.79,95,7.13,9.73,0.69,0.69,0,0.69,2.52,3.21,0.11,33,0.23,15,0.69,24,62,14,28,53,19,21.67,17.31,0.94,98,-4.36,20.4,16.93
Will Trueman,Buxton,1617,Right Defensive Midfielder,Left Defensive Midfielder,England,23,179,0,0,0.04,0.09,0.5,0,33,0,,0.09,0,0.04,0.28,0,0.04,0.28,0,0,0,0,0.09,0.78,-0.09,0.67,0.39,0.28,58,1.5,0,1.28,0.95,1.39,1.85,1.34,1.48,20.32,10.47,0.03,7.07,41.74,4.51,10.41,2.23,3.62,69,2.87,4.71,0.78,28,1,42,1.39,0,17.37,20.75,5.29,4.95,1.56,45.06,6.96,40,2.95,60,0.11,0,0,36.41,79,2.06,7,54,2,3.12,19,79,0,51.86,3.34,0.39,0.41,27.72,97,4.92,8.85,0.45,0.45,0,0.22,1.5,1.95,0.06,13,0.22,67,0.17,21,63,16,16,70,14,19.24,16.79,0.95,101,-2.45,18.25,16.92
Will Van Lier,King's Lynn Town FC,307,Right Wing Back,Right Centre Midfielder,England,21,180,0,0,0,,0,,,0,,0,0.29,0.07,0.88,0.29,0.07,0.88,0,0,0,0.29,0.07,0.88,0.22,0.88,0.59,0.29,67,1.76,0,0.29,2.34,0.59,0.77,2.93,4.14,22.55,8.49,0,7.32,43.45,4.1,9.08,2.34,2.93,67,2.91,3.68,2.64,57,1.17,70,2.05,0,18.74,24.2,5.86,5.56,1.76,48.18,8.49,45,3.81,68,0.29,0,0,35.44,72,1.76,17,43,3.81,3.22,19,68,-4,56.25,5.27,0.49,0.49,32.51,93,7.44,10.25,1.17,0.88,0.29,0.29,0.59,1.46,0,25,0.29,10,0.29,21,66,13,26,49,26,20.37,18.98,0.93,98,-1.39,18.99,18.64
William Jenkins-Davies,Bath City,2006,Right Midfielder,Right Wing,Wales,21,172,0.31,0.22,0.14,0.09,1.53,15,29,3,100,0.19,0.18,0.17,1.44,0.09,0.12,1.03,0.09,0.05,0.4,0.4,0.31,2.96,0.09,1.39,0.72,0.67,52,0.63,0,2.02,2.2,0.49,0.32,1.21,0.85,23.2,10.68,0.02,7,51.6,5.92,9.65,1.48,1.97,66,0.86,1.19,0.81,43,0.76,32,1.03,0,20.91,13.47,5.61,6.96,2.11,53.88,11.8,56,5.34,77,0.18,0,0,22.21,53,1.35,18,29,1.57,4.35,21,48,-5,64.94,1.66,0.24,0.41,17.5,86,6.04,6.6,1.97,1.17,0.81,0.31,2.96,4.13,0.13,23,0.76,37,0.58,21,66,13,18,64,18,19.77,14.36,0.9,92,-5.41,17.74,13.21
William John Dawes,Weston-super-Mare AFC,1469,Right Midfielder,Centre Attacking Midfielder,England,25,170,0.18,0.18,0.23,0.15,1.53,12,32,2,,0.28,0.25,0.2,1.65,0.25,0.2,1.59,0,0,0.06,0.43,0.43,3.19,0,1.96,1.29,0.67,66,2.82,0.12,2.64,2.76,1.16,1.07,0.61,0.64,27.82,11.03,0.01,8.64,50.5,5.64,11.09,3,4.17,73,2.53,3.6,2.14,39,1.1,32,1.72,0,22.67,21.53,6.74,6.68,2.21,50.81,11.46,51,4.84,72,0.31,0,0,35.91,63,2.21,25,37,1.72,4.84,23,68,5,59.16,3.92,0.5,0.7,32.24,90,5.54,10.23,1.23,1.16,0.06,0.43,3.55,4.72,0.06,35,0.55,17,0.67,22,61,17,22,54,25,19.61,16.36,0.88,97,-3.26,17.2,15.94
William Thornton,Scarborough Athletic,3222,Left Centre Back,Centre Back,England,28,191,0.03,0.03,0.04,0.11,0.34,8,33,0,,0.05,0.03,0.03,0.14,0.03,0.03,0.14,0,0,0,0.06,0.07,0.47,-0.01,0.2,0.17,0.03,86,1.01,0,0.25,0.22,1.01,0.85,6.28,6.45,11.56,5.42,0.06,6.01,25.47,1.2,12.88,1.68,2.68,80,1.73,2.58,0.73,56,0.42,66,4.83,0.03,9.16,8.47,3.91,2.65,0.89,30.37,1.26,14,0.78,29,0.11,0,0,26.42,64,2.21,14,40,7.07,4.8,20,45,-19,34.81,1.26,0.19,0.24,15.06,98,5.69,1.84,0.14,0.14,0,0.14,1.7,1.84,0.03,0,0.06,67,0.22,39,56,5,50,45,5,24.82,20.16,0.92,90,-4.65,22.84,18.13
Xavier Benjamin,Enfield Town FC,2933,Right Centre Back,Right Back,England,22,183,0,0,0.01,0.03,0.21,0,0,0,,0,0.03,0.02,0.12,0.03,0.02,0.12,0,0,0,0.03,0.02,0.34,0.01,0.31,0.25,0.06,80,0.83,0,0.4,0.37,1.17,0.75,4.05,2.56,13.19,5.98,0.07,6.04,27.46,3.77,13.1,1.32,2.49,84,0.97,1.72,1.17,65,0.25,50,1.75,0,10.74,6.73,3.96,2.58,1.14,32.97,2.12,20,1.04,40,0.21,0.03,0,21.82,63,1.6,16,41,4.33,3.59,18,64,0,44.47,3.25,0.17,0.19,13.23,96,5.52,3.5,0.25,0.15,0.09,0.09,0.31,0.46,0.03,25,0.06,22,0.09,45,48,7,39,58,4,21.75,16.63,0.9,94,-5.12,19.51,15.69
Yacou Traore,Enfield Town FC,403,Centre Defensive Midfielder,Right Defensive Midfielder,Burkina Faso,21,183,0,0,0.02,0.07,0.22,0,0,1,,0,0.22,0.17,0.67,0.22,0.17,0.67,0,0,0,0.22,0.18,0.89,0.04,0.45,0.22,0.22,50,1.79,0,0.22,0.89,1.34,0.71,1.79,0.98,23.01,12.51,0.03,7.15,31.4,5.36,14.75,4.47,5.81,87,2.63,3.34,1.34,67,0.67,40,0.89,0,17.43,9.5,4.69,4.25,0.45,34.77,3.35,19,2.68,63,0.22,0,0,27.48,73,0.89,10,24,2.9,2.68,18,65,-8,49.17,1.79,0.31,0.31,20.11,97,5.56,3.8,0.45,0.45,0,0.45,0.67,1.12,0,0,0,,0.45,27,64,9,24,65,12,21.52,23.08,0.84,95,1.56,18.18,21.95
Zac McEachran,Oxford City,1417,Centre Attacking Midfielder,Left Wing,England,30,171,0.19,0.19,0.14,0.12,1.14,17,44,1,,0.21,0.32,0.17,1.21,0.32,0.17,1.21,0,0,0,0.51,0.32,2.35,0.19,1.33,1.14,0.19,86,2.03,0,3.3,1.52,0.57,0.31,0.7,0.48,25.85,13.59,0,5.91,48.43,3.81,7.37,1.78,2.35,74,1.14,1.45,1.46,25,0.64,24,0.44,0,22.61,14,4.83,5.15,1.33,49.95,11.5,51,3.24,63,0,0,0,31.95,80,1.78,13,58,1.4,2.35,27,80,0,55.94,3.56,0.4,0.5,32.27,92,5.65,11.18,0.83,0.83,0,0.32,2.41,3.24,0.25,8,0.19,38,0.51,21,62,16,23,62,15,17.44,16.73,0.95,99,-0.71,16.62,16.63
Zachary Willis,Peterborough Sports FC,892,Right Centre Back,Centre Back,Wales,20,,0,0,0.02,0.05,0.3,0,33,0,,0.03,0,0.01,0.2,0,0.01,0.2,0,0,0,0,0.03,0.5,-0.03,0.61,0.5,0.1,83,0.81,0,0.5,0.2,0.61,0.74,5.65,6.76,13.22,6.96,0,5.15,25.45,1.82,12.31,1.72,2.32,68,1.91,2.65,1.21,50,0.81,57,2.32,0,10.29,11.59,3.73,2.12,1.11,28.69,1.41,14,0.71,33,0.3,0,0,39.56,73,3.43,4,40,6.96,7.17,15,61,-12,38.56,3.33,0.35,0.38,30.38,99,4.85,4.34,0.3,0.3,0,0,0.3,0.61,0,33,0.1,33,0,34,62,4,44,51,5,24.17,22.26,0.88,82,-1.91,21.21,18.24
Zak Gilsenan,Buxton,507,Centre Attacking Midfielder,Left Centre Forward,Australia,23,177,0.36,0.36,0.36,0.2,1.78,20,50,4,,0.46,0,0.08,0.36,0,0.08,0.36,0,0,0,0.36,0.44,2.13,-0.08,1.42,1.07,0.36,75,1.24,0,3.02,2.49,0.36,0.41,0.53,0.39,12.07,5.33,0,1.95,54.82,3.02,6.92,1.42,1.78,89,1.29,1.71,0.89,50,0.18,21,0.71,0,9.94,10.22,1.24,1.95,0.36,55.86,6.04,61,1.24,64,0,0,0,17.75,60,1.24,24,25,0.89,4.62,19,54,-6,57.02,3.02,0.55,0.67,18.46,90,6.15,5.5,0.53,0.53,0,0.36,3.02,3.55,0.36,0,0.18,17,0.36,23,60,17,19,74,6,22.37,15.14,0.81,72,-7.23,18.03,10.96
Zak Joseph,Chesham United FC,529,Centre Attacking Midfielder,Left Centre Midfielder,England,33,,0.17,0.17,0.09,0.05,1.7,10,40,3,,0.06,0,0.14,1.02,0,0.14,1.02,0,0,0,0.17,0.23,2.72,-0.06,0.85,0.34,0.51,40,2.38,0,2.89,2.21,0.51,0.38,0.17,0.12,18.37,5.44,0.01,5.1,58.04,5.1,7.83,1.36,1.87,62,1.09,1.47,1.36,20,0.85,28,0.85,0,15.65,15.05,3.74,4.42,1.53,61.27,11.57,74,3.57,81,0.17,0,0,24.5,79,0.34,16,25,0.17,1.36,21,75,-4,65.11,3.23,0.25,0.42,25.69,90,7.61,9.53,0.85,0.85,0,1.19,5.27,6.12,0,40,0.34,50,1.7,20,65,15,25,70,5,15.35,11.71,0.97,108,-3.64,14.93,12.69
Zanda Siziba,Kidderminster Harriers,450,Right Wing,Left Wing,Zimbabwe,22,175,0.2,0.2,0.15,0.08,1.8,11,44,4,,0.27,0.2,0.12,0.6,0.2,0.12,0.6,0,0,0,0.4,0.27,2.4,0.13,2.4,1.2,1.2,50,1,0,2.4,4,0.2,0.17,0.8,1.15,16.42,6.21,0.03,4,53.26,4.8,6.41,0.6,0.8,60,0.62,0.79,0.4,67,0.4,17,0.8,0,15.42,16.54,3.4,5.01,0.6,56.77,9.41,61,4.2,84,0,0,0,20.82,65,1.4,15,58,1.2,2,17,68,3,67.17,1.6,0.2,0.35,22.02,80,7.85,8.41,1.2,1.2,0,0.4,4,5.21,0,67,1,63,0.8,15,67,18,12,71,17,17.35,16.22,1.02,117,-1.13,17.71,19.01
Declan Phillips,Bedford Town,337,Right Wing,Right Defensive Midfielder,England,,,0,0,0.02,0.02,0.8,0,33,2,,0.01,0,0.05,0.53,0,0.05,0.53,0,0,0,0,0.07,1.34,-0.07,1.6,1.34,0.27,83,1.34,0,1.07,1.87,1.6,0.38,0.8,0.18,20.84,10.95,0.02,6.41,38.59,3.21,6.41,2.4,4.01,64,0.77,1.15,0.8,17,1.34,60,1.6,0,17.63,5.37,4.81,2.67,1.34,40.41,5.88,33,1.6,60,0.27,0,0,19.23,57,1.34,57,36,1.07,3.47,22,53,-4,57.95,1.07,0.22,0.24,15.76,92,5.83,4.81,1.07,0.8,0.27,0.27,2.4,3.21,0,50,0.53,50,0.27,29,57,14,6,78,17,19.12,15.41,0.88,111,-3.7,16.89,17.05
Declan Rose,AFC Totton,2366,Right Back,Right Wing Back,England,24,,0,0,0.03,0.03,0.99,0,23,1,,0.01,0.19,0.15,1.48,0.08,0.1,0.8,0.11,0.06,0.68,0.19,0.18,2.47,0.01,0.91,0.61,0.3,67,0.53,0,0.46,0.65,0.99,1.08,3.39,3.49,8.6,3.96,0.04,3.69,30.25,4.07,11.68,0.99,1.98,62,0.99,2.07,0.91,26,0.61,58,2.02,0,6.69,6.64,2.02,1.64,0.34,37.49,2.17,32,0.99,60,0.27,0,0,38.91,63,5.71,7,43,4.64,12.13,13,61,-2,51.85,5.33,0.33,0.41,29.33,98,4.39,8.33,2.13,0.91,1.22,0.11,0.87,1.79,0.19,20,0.57,22,0.15,35,54,11,35,54,11,26.84,22.21,0.88,87,-4.62,23.53,19.41
Declan Weeks,Chester,2567,Right Centre Midfielder,Right Defensive Midfielder,Wales,30,,0.04,0.04,0.04,0.04,1.02,3,24,1,,0.03,0.18,0.17,2.17,0.14,0.12,1.65,0.04,0.05,0.53,0.21,0.21,3.19,0,0.67,0.42,0.25,63,0.95,0,1.26,0.84,0.67,0.65,1.68,1.35,18.79,8.66,0.02,6.73,43.71,7.82,13.85,2.1,2.77,63,2.14,2.79,0.98,26,1.23,46,1.33,0,15.71,14.25,5.05,4.7,1.47,46.66,7.5,48,3.44,73,0.14,0,0,47.02,73,5.22,9,52,2.28,9.47,14,65,-8,54.41,6.73,0.55,0.6,35.24,97,4.23,13.6,2.49,1.58,0.91,0.32,1.26,2.84,0.14,14,0.56,39,0.39,26,64,10,31,62,7,22.33,16.28,0.92,105,-6.05,20.54,17.05
Deegan Atherton,Worksop Town FC,1499,Right Back,Right Centre Back,England,27,,0,0,0.02,0.07,0.3,0,40,0,,0.01,0,0.02,0.54,0,0.02,0.54,0,0,0,0,0.04,0.84,-0.04,0.12,0.06,0.06,50,0.3,0,0.48,0.6,1.5,1.06,4.98,3.72,15.62,9.01,0.05,7.57,28.91,5.16,15.43,2.7,4.2,68,1.87,2.93,0.66,50,1.26,64,3.06,0.06,12.25,9.09,4.62,2.52,0.84,32.84,2.7,22,1.44,57,0.18,0,0,36.46,64,4.86,11,42,6.31,10.39,15,58,-5,47.77,6.37,0.34,0.38,22.16,96,3.78,8.05,1.32,1.02,0.3,0.06,0.36,1.38,0,50,0.66,33,0.06,43,49,8,43,49,9,25.91,22.36,0.88,97,-3.55,22.81,21.62
Demico Burton,Leamington FC,1601,Left Back,Left Wing,England,23,180,0,0,0.07,0.1,0.73,0,15,1,,0.02,0,0.04,0.28,0,0.04,0.28,0,0,0,0,0.11,1.01,-0.11,1.12,0.67,0.45,60,1.46,0,2.25,1.52,1.18,0.6,3.65,2.12,18.55,9.67,0.04,7.53,30.11,3.32,10.18,2.98,4.16,77,1.68,2.28,1.18,50,0.9,53,2.3,0.06,14.56,8.19,4.67,3.2,0.96,34.53,3.65,25,1.63,51,0.11,0,0,17.82,45,1.41,78,31,4.16,3.99,17,43,-1,48.11,2.42,0.13,0.19,13.21,86,7.67,2.59,0.45,0.22,0.22,0.06,1.69,1.91,0.06,38,0.17,21,0.11,44,49,7,13,78,9,22.22,15.96,0.89,105,-6.26,19.67,16.79
Deniche Hill,Buxton,867,Left Back,Left Wing Back,Bermuda,22,173,0,0,0.01,0.1,0.1,0,0,0,,0,0,0.05,0.21,0,0.05,0.21,0,0,0,0,0.06,0.31,-0.06,1.25,0.83,0.42,67,2.08,0,1.76,1.14,2.08,2.14,2.91,3.88,15.26,6.23,0.01,5.92,32.36,3.22,11,2.8,4.88,77,3.54,5.68,0.62,30,0.83,54,1.45,0,11.83,14.23,4.15,2.49,1.04,35.02,2.91,25,1.66,67,0.21,0,0,31.24,78,1.87,73,53,3.42,3.01,12,63,-16,48.5,3.84,0.31,0.36,24.91,93,6.36,7.37,0.1,0.1,0,0,0.31,0.42,0.1,0,0,0,0,30,52,18,28,54,18,18.83,19.91,0.95,88,1.08,17.8,17.45
Dennon Lewis,Dorking Wanderers FC,2969,Left Wing Back,Left Midfielder,England,29,178,0.12,0.12,0.16,0.09,1.76,7,47,3,,0.24,0.24,0.3,2.12,0.12,0.2,1.33,0.12,0.1,0.79,0.36,0.46,3.88,-0.1,1.15,0.58,0.58,50,0.39,0,1.61,2.12,0.33,0.38,1.06,1.27,9.06,2.67,0.01,3.09,50.56,3.15,5.76,0.79,1.12,81,1.04,1.42,0.42,45,0.18,56,1.24,0,7.88,9.91,2.46,2.82,0.88,55.59,4.64,59,2.36,84,0.12,0,0,28.04,56,2.49,18,33,1.76,6.88,19,53,-3,67.02,3.46,0.45,0.69,26.28,91,8.26,9.03,2.52,1.42,1.09,0.45,3.33,4.76,0.12,41,1.33,24,0.67,16,67,17,17,56,27,22.61,17.57,0.86,96,-5.04,19.49,16.84
Deon Moore,Maidstone United,2301,Centre Forward,Left Centre Forward,England,27,179,0.27,0.27,0.29,0.18,1.6,17,51,3,0,0.37,0.16,0.15,1.29,0.16,0.15,1.29,0,0,0,0.43,0.43,2.89,0,0.66,0.39,0.27,59,1.13,0.04,1.92,3.29,0.43,0.34,0.31,0.32,18.38,6.84,0,5.16,70.66,2.89,3.87,0.43,0.86,55,0.44,0.78,1.53,10,0.35,37,3.72,0,16.43,14.12,4.77,3.95,1.41,71.75,14.67,89,3.72,94,0.16,0,0,21.28,65,0.35,20,41,0.63,0.55,36,60,-5,69.36,1.72,0.53,0.72,16.39,79,5.97,9.11,0.47,0.47,0,0.7,5.51,5.98,0,0,0.16,24,1.13,14,67,18,11,65,24,15.23,14.61,0.99,97,-0.62,15.06,14.2
Dermi Lusala,Dagenham & Redbridge,1797,Right Wing Back,Right Back,England,23,185,0.15,0.15,0.09,0.12,0.75,20,27,1,,0.07,0,0.06,1.05,0,0.06,1,0,0,0.05,0.15,0.16,1.8,-0.01,1.2,0.55,0.65,46,1.3,0,1.65,1.35,0.9,0.83,2.35,1.9,20.03,10.47,0.02,6.66,36.84,4.51,11.27,2.3,3.21,72,2.1,2.93,0.85,59,0.9,51,1.9,0,16.88,13.66,4.86,2.75,0.95,40.84,5.86,35,1.9,69,0.1,0,0,27.94,70,2.65,7,51,3.36,4.21,19,63,-7,52.86,2.55,0.33,0.42,23.79,91,5.05,7.26,1.2,1.2,0,0.15,1.7,2.9,0,46,0.65,42,0.15,30,57,13,25,54,21,21.47,18.62,0.92,100,-2.85,19.81,18.58
Devante Stanley,Hemel Hempstead Town,2212,Right Back,Right Wing Back,England,29,,0,0,0.02,0.07,0.24,0,17,0,,0,0,0.09,0.49,0,0.09,0.49,0,0,0,0,0.1,0.73,-0.1,0.57,0.45,0.12,79,0.45,0,0.9,0.53,0.94,0.76,2.93,2.41,11.76,5.17,0.01,4.15,30.62,4.27,12.61,1.75,2.69,78,1.36,2.12,0.65,54,0.49,56,0.98,0,9.4,8.15,3.13,2.03,0.61,34.64,2.24,24,1.14,56,0.28,0,0,33.08,59,3.25,5,33,3.58,9.36,11,57,-2,53.42,6.35,0.33,0.35,24.37,96,6.73,8.3,1.38,1.06,0.33,0.12,0.41,1.46,0.08,26,0.45,32,0.08,44,49,8,35,54,11,25.28,19.94,0.84,92,-5.34,21.32,18.35
Dillon Morse,South Shields,1486,Right Centre Back,Left Centre Back,England,31,178,0.12,0.12,0.1,0.42,0.24,50,75,0,,0.16,0,0.03,0.24,0,0.03,0.24,0,0,0,0.12,0.13,0.48,-0.01,0,0,0,,0.79,0,0.12,0.12,0.61,0.98,4.72,7.73,8.9,4.54,0.04,4.6,25.27,1.27,10.66,1.15,1.76,83,1.87,2.85,0.73,60,0.24,53,1.7,0,7.03,11.22,2.73,1.76,0.73,30.3,1.27,18,0.55,31,0.24,0,0,70.98,90,5.03,14,63,5.51,7.15,14,83,-7,37.96,4.24,0.85,0.93,62.08,100,5.86,5.39,0.36,0.36,0,0,0.85,1.21,0.12,0,0,,0.06,23,73,5,40,57,2,21.68,20.06,0.95,97,-1.62,20.63,19.46
Dillon Senan De Silva,Dagenham & Redbridge,378,Right Wing Back,Right Back,Sri Lanka,24,176,0,0,0.01,0.02,0.71,0,33,1,,0.01,0,0.16,1.43,0,0.16,1.43,0,0,0,0,0.18,2.14,-0.18,1.9,0.48,1.43,25,1.43,0,1.9,2.85,1.19,1.3,1.43,1.51,16.88,5.71,0,5.47,49.5,4.04,9.27,1.19,2.38,83,0.89,2.19,1.66,50,0.24,53,2.38,0,14.03,13.92,4.76,3.09,0.95,55.2,8.8,63,2.62,85,0.24,0,0,26.16,47,1.66,11,29,2.85,4.28,28,41,-6,64.23,3.33,0.33,0.49,22.35,87,6.36,6.9,2.38,1.66,0.71,0.24,2.38,4.04,0.24,50,1.43,43,0.24,26,65,9,28,62,10,22.19,18.49,1.01,94,-3.69,22.36,17.31
Dion Kelly-Evans,Chester,1816,Right Back,Left Back,England,29,177,0.05,0.05,0.06,0.12,0.5,10,30,1,,0.02,0,0.03,0.59,0,0.02,0.45,0,0,0.15,0.05,0.09,1.09,-0.04,0.1,0.1,0,100,0.84,0,0.59,0.15,0.84,0.85,3.22,3.51,14.72,6.79,0.05,6.49,31.6,2.87,9.91,2.53,3.37,85,2.4,3.25,0.94,62,0.45,48,1.93,0,11.25,10.03,4.51,3.37,1.49,34.78,2.68,24,1.78,53,0.15,0,0,31.42,71,3.27,15,48,3.72,6.29,11,59,-12,51.27,4.36,0.32,0.34,22.9,98,3.47,7.38,1.04,0.84,0.2,0.15,1.19,2.03,0,43,0.45,39,0.2,33,55,12,32,53,15,21.94,17.62,0.89,97,-4.32,19.46,17.01
Djavan Pedro,Southport,490,Centre Forward,Right Centre Forward,England,23,182,0.18,0.18,0.34,0.13,2.57,7,36,6,,0.38,0.18,0.08,0.74,0.18,0.08,0.74,0,0,0,0.37,0.41,3.31,-0.05,0.92,0.55,0.37,60,0.37,0,1.29,3.13,0.18,0.2,0.18,0.2,24.08,8.09,0,4.04,67.71,3.49,4.78,0.92,1.1,83,0.6,0.8,2.76,50,0.18,47,3.31,0,20.41,16.47,3.86,4.78,1.1,69.15,17.1,84,3.86,81,0.37,0,0,17.1,52,0.18,21,50,0.37,0.18,33,45,-7,65.47,1.84,0.45,0.67,12.13,79,6.55,5.15,0.55,0.55,0,0.18,6.43,6.99,0,0,0.18,100,0.18,18,62,20,14,57,29,13.79,12.73,1.1,135,-1.06,15.22,17.18
Dom Tear,Scarborough Athletic,2736,Centre Attacking Midfielder,Left Centre Midfielder,England,26,180,0.16,0.16,0.23,0.18,1.25,13,29,2,,0.16,0,0.01,0.33,0,0.01,0.33,0,0,0,0.16,0.24,1.58,-0.08,1.02,0.56,0.46,55,1.18,0.03,2.07,2.17,0.72,0.59,1.45,1.43,19.08,8.13,0.01,5.2,47.1,6.42,11.02,1.15,1.88,58,1.03,1.62,1.28,23,0.82,35,2.04,0,16.68,14.31,4.05,5.13,1.48,49.66,7.93,48,3.65,71,0.16,0,0,23.88,68,0.95,25,51,1.74,1.58,27,62,-6,55.32,2.01,0.34,0.41,18.39,86,5.19,5.76,0.3,0.3,0,0.16,2.96,3.26,0.07,22,0.07,11,0.39,21,62,17,17,66,17,16.33,14,0.99,106,-2.33,16.17,14.85
Dominic Bernard,Weston-super-Mare AFC,687,Right Back,Left Back,Republic of Ireland,29,180,0,0,0,,0,,,0,,0,0,0.03,0.52,0,0.03,0.52,0,0,0,0,0.03,0.52,-0.03,0.66,0.39,0.26,60,0.79,0,0.92,0.79,0.79,0.49,1.05,0.82,13.63,6.03,0.02,5.5,40.15,3.8,11.14,1.44,2.23,69,1.46,1.95,0.79,57,0.66,61,1.44,0,11.53,10.27,4.06,3.28,0.79,42.68,4.46,39,2.75,84,0.39,0,0,32.23,76,1.57,14,46,1.44,3.01,17,65,-12,50.16,3.54,0.2,0.23,23.45,96,3.91,6.94,0.13,0.13,0,0.26,1.31,1.44,0,100,0.13,33,0.66,29,60,11,26,51,23,18.59,14.86,0.92,107,-3.73,17.12,15.83
Dominic Odusanya,Chelmsford City,1873,Left Defensive Midfielder,Centre Defensive Midfielder,England,27,169,0.05,0.05,0.06,0.12,0.48,10,30,0,,0.04,0,0.03,0.29,0,0.03,0.29,0,0,0,0.05,0.09,0.77,-0.04,0.38,0.29,0.1,75,0.67,0,0.14,0.62,0.58,0.53,2.11,1.91,11.44,4.71,0.04,3.6,36.95,5.86,12.21,1.11,1.68,72,1.23,1.76,0.96,43,0.43,62,2.5,0,9.37,9.62,2.64,3.03,0.91,42.32,3.41,36,1.97,65,0.19,0,0,34.36,69,3.84,23,46,3.32,7.16,23,67,-2,50.52,4.42,0.22,0.31,21.87,98,4.03,7.07,0.58,0.43,0.14,0.1,1.01,1.44,0.05,0,0,0,0.14,31,62,8,29,67,3,24.71,20.86,0.88,96,-3.85,21.67,20.06
Dominic Poleon,Farnborough,2078,Centre Forward,Left Centre Forward,St. Lucia,32,190,0.39,0.35,0.38,0.18,2.12,16,47,6,100,0.39,0.09,0.04,0.74,0.09,0.04,0.74,0,0,0,0.43,0.43,2.86,0.01,1.26,0.74,0.52,59,0.48,0,1.91,2.6,0.17,0.16,0.35,0.27,13.68,4.5,0,2.9,65.09,2.43,3.29,0.52,0.69,80,0.38,0.54,0.82,0,0.13,27,0.61,0.04,12.34,10.28,2.56,3.72,0.95,67.31,9.96,81,3.51,94,0.04,0,0,12.6,74,0.04,10,13,0.39,0.3,24,63,-11,65.61,0.91,0.35,0.63,14.46,83,5.99,5.2,0.35,0.35,0,0.22,4.94,5.28,0,13,0.13,23,0.69,9,62,29,8,62,31,14.16,13.89,0.96,108,-0.28,13.66,15.06
Dominic Revan,Salisbury,3051,Right Centre Back,Right Back,England,25,192,0.03,0.03,0.01,0.06,0.18,17,33,0,,0.01,0,0.02,0.21,0,0.02,0.21,0,0,0,0.03,0.04,0.38,-0.01,0.44,0.21,0.24,47,0.53,0,0.47,0.5,0.83,0.98,3.78,3.98,13.84,5.66,0.06,6.23,28.83,1.86,11.51,1.74,2.57,84,1.99,2.98,0.35,52,0.32,46,1.53,0,11.74,12.61,4.37,2.57,1,33.2,2.86,24,1.24,48,0.12,0,0,35.93,77,2.33,25,42,4.9,4.37,15,61,-15,42.08,2.95,0.19,0.2,28.44,98,6.2,4.96,0.3,0.27,0.03,0.03,0.59,0.86,0,40,0.15,21,0.03,29,64,7,27,64,9,22.02,22.16,0.9,87,0.14,19.87,19.28
Dominic Samuel,Ebbsfleet United,1845,Centre Forward,Right Centre Forward,England,32,182,0.73,0.63,0.51,0.16,3.12,20,45,7,100,0.59,0,0.03,0.39,0,0.03,0.39,0,0,0,0.63,0.54,3.51,0.1,0.29,0.15,0.15,50,1.22,0,1.56,1.66,0.29,0.32,0.78,1.03,10.44,3.46,0.03,2.2,61.91,2.93,4,0.24,0.54,56,0.26,0.58,0.88,40,0.2,35,1.95,0,9.37,10.96,1.81,1.95,0.44,67.09,7.71,82,1.81,93,0.1,0,0,17.81,74,0.49,14,59,1.12,0.49,37,70,-4,63.54,1.12,0.46,0.76,15.95,89,5.54,7.02,0.54,0.54,0,0.15,5.81,6.34,0,18,0.1,33,0.34,13,68,18,9,71,20,16.05,15.61,1.01,104,-0.44,16.25,16.17
Donovan Wilson,Dagenham & Redbridge,1112,Centre Forward,Right Centre Forward,England,29,180,0.16,0.16,0.13,0.08,1.7,10,33,5,,0.27,0,0.01,0.24,0,0.01,0.24,0,0,0,0.16,0.14,1.94,0.02,0.89,0.65,0.24,73,0.89,0,2.02,3.64,0.16,0.1,0.32,0.25,19.01,5.66,0.01,2.83,65.92,1.54,2.91,1.13,1.29,88,0.95,1.05,2.1,33,0.16,19,1.05,0,15.78,12.56,2.59,2.99,1.05,66.39,12.7,81,2.51,84,0,0,0,13.35,55,0.08,80,13,0.57,0.4,48,56,1,62.35,1.29,0.23,0.33,16.1,72,4.68,3.96,0.32,0.32,0,0.24,4.77,5.1,0.16,0,0.16,40,0.49,21,72,7,22,65,12,14.95,14.54,0.92,88,-0.41,13.81,12.75
Dylan Allen-Hadley,AFC Telford United,1341,Left Wing,Centre Forward,England,23,,0.6,0.6,0.38,0.18,2.15,28,56,4,,0.49,0.2,0.13,0.94,0.2,0.13,0.94,0,0,0,0.81,0.5,3.09,0.3,2.22,1.61,0.6,73,1.21,0,3.49,3.29,0.6,0.79,0.07,0.08,14.63,6.44,0,2.89,63.54,1.75,3.22,0.54,1.14,47,0.55,1.34,1.34,10,0.6,32,0.81,0,12.75,11.4,2.42,3.56,0.6,64.31,9.4,74,3.02,85,0.07,0,0,19.2,74,0.6,22,64,0.07,0.94,21,61,-13,59.96,2.82,0.45,0.73,24.97,84,8.18,6.38,0.2,0.2,0,0.67,6.44,6.65,0,33,0.27,27,0.94,14,58,28,11,60,29,16.4,12.61,1.02,109,-3.79,16.65,13.81
Dylan Cogill,Worksop Town FC,935,Left Centre Back,Left Back,England,28,191,0,0,0.11,0.12,0.96,0,40,1,,0.1,0,0,0,0,0,0,0,0,0,0,0.11,0.96,-0.11,0,0,0,,0.19,0,0,0.19,1.44,1.08,7.41,4.89,10.1,4.72,0.03,3.56,25.39,1.44,8.95,1.44,2.89,71,1.29,2.37,0.96,56,0.58,57,2.98,0,7.7,6.36,1.54,1.25,0.19,29.37,1.25,16,0.87,69,0.38,0,0,23,66,2.79,77,41,8.57,5.58,21,62,-3,36.91,2.21,0.21,0.25,11.74,99,4.23,2.6,0.19,0.19,0,0.19,2.31,2.5,0,0,0,0,0.19,42,55,3,56,41,4,28.01,23.62,0.82,102,-4.39,22.94,24.09
Dylan Dwyer,Southport,1167,Left Back,Centre Attacking Midfielder,England,22,181,0.08,0.08,0.01,0.03,0.54,14,71,0,,0.05,0,0.04,0.62,0,0.03,0.54,0,0,0.08,0.08,0.05,1.16,0.03,0.39,0.31,0.08,80,0.77,0,0.54,0.39,1.23,1.31,3.16,3.26,13.19,6.79,0.04,4.7,29.63,3.93,13.65,1.7,2.93,69,1.76,3.07,1.16,36,0.77,61,1.54,0,10.33,10.14,3.16,1.54,0.62,34.51,2.55,25,0.85,55,0.31,0.08,0,44.35,65,2.7,84,26,4.94,8.72,15,60,-5,48.52,6.02,0.22,0.24,32.01,98,4.58,8.72,1,0.77,0.23,0,0,0.77,0,38,0.39,11,0.08,39,50,10,41,46,13,22.84,21.61,0.82,83,-1.23,18.65,17.85
Dylan Mitchell,Leamington FC,838,Right Defensive Midfielder,Right Centre Midfielder,England,20,171,0,0,0.01,0.05,0.32,0,0,0,,0,0,0.05,0.75,0,0.02,0.43,0,0.03,0.32,0,0.07,1.07,-0.07,0.75,0.54,0.21,71,0.75,0,1.4,0.75,1.29,0.8,1.5,0.96,20.72,11.27,0.03,7.84,36.94,9.13,19,2.36,3.65,69,1.54,2.34,1.29,25,1.07,37,1.4,0,17.18,12.56,5.69,5.48,2.04,40.65,5.05,29,2.58,47,0.11,0,0,36.18,66,2.79,7,39,2.25,6.33,15,68,2,47.85,2.9,0.17,0.18,24.05,98,5.04,5.15,0.97,0.54,0.43,0.11,0.32,0.86,0,0,0,0,0.21,26,60,13,29,65,6,22.63,18.02,0.88,99,-4.61,19.91,17.9
Dylan Morgan,Torquay United,1237,Left Wing,Right Wing,England,23,175,0.44,0.44,0.17,0.07,2.4,18,36,3,,0.22,0,0.09,1.24,0,0.08,1.16,0,0,0.07,0.44,0.26,3.64,0.18,3.06,2.04,1.02,67,0.8,0,2.18,2.84,0.22,0.27,1.02,1.37,18.99,7.86,0.03,4.95,51.11,4.73,7.86,1.31,1.53,69,1.7,1.98,1.09,53,0.58,26,0.8,0,16.88,21.72,4,4.51,1.16,53.74,9.38,56,3.56,79,0.15,0,0,32.08,67,1.53,15,36,1.89,3.42,21,60,-7,68.15,3.86,0.41,0.52,33.17,90,6.95,14.33,1.67,1.6,0.07,0.58,5.02,6.62,0.07,26,0.58,17,1.31,21,58,20,19,54,26,19.41,16.97,0.86,81,-2.44,16.7,13.72
Dylan Mottley-Henry,Chester,2253,Right Centre Forward,Left Centre Forward,England,28,178,0.28,0.28,0.24,0.13,1.84,15,41,3,,0.33,0.12,0.11,0.84,0.12,0.11,0.8,0,0,0.04,0.4,0.35,2.68,0.05,0.84,0.16,0.68,19,1.6,0.12,1.96,2.84,0.56,0.57,1.16,1.12,12.14,3.36,0.02,3.8,56.52,3.16,5.11,0.56,1.12,70,0.62,1.18,1,14,0.24,50,4.87,0,10.59,10.16,3.16,3.08,1,62.32,7.55,71,2.68,87,0.12,0,0,20.45,55,0.48,12,36,1.44,1.04,33,47,-8,61.39,1.24,0.44,0.61,15.34,84,5.67,5.43,0.32,0.32,0,0.44,4.79,5.11,0.04,63,0.28,24,0.52,22,59,19,12,54,34,15.68,13.89,0.93,96,-1.79,14.52,13.31
Dylan Stephenson,Dagenham & Redbridge,1824,Right Centre Forward,Left Centre Forward,England,23,187,0.3,0.3,0.34,0.12,2.76,11,36,6,,0.36,0.05,0.12,0.89,0.05,0.12,0.84,0,0,0.05,0.35,0.47,3.65,-0.12,0.54,0.35,0.2,64,0.69,0,1.48,2.42,0.25,0.29,0.3,0.21,23.84,9.52,0,4.94,64.15,3.16,4.89,1.09,1.33,71,0.93,1.22,1.09,53,0.44,25,1.88,0,21.66,18.26,4.19,4.84,0.84,65.25,17.17,79,4.15,86,0.05,0,0,18.06,66,0.35,13,39,0.44,0.74,32,62,-4,62.82,1.48,0.35,0.64,15.94,86,5.44,6.32,0.49,0.49,0,0.39,6.22,6.71,0.05,20,0.25,31,0.74,12,64,24,9,60,31,14.86,13.01,0.95,108,-1.85,14.16,14
E.Simon,Tonbridge Angels FC,1027,Centre Forward,Right Centre Forward,England,29,,0.44,0.44,0.33,0.14,2.37,19,48,6,,0.33,0,0.03,0.61,0,0.03,0.61,0,0,0,0.44,0.35,2.98,0.08,0.35,0.18,0.18,50,0.79,0,1.14,2.37,0.26,0.32,0.7,0.77,15.86,5.26,0.03,3.68,60.97,2.8,4.64,0.35,0.61,44,0.33,0.65,0.96,0,0.44,26,0.88,0,14.55,14.48,3.15,3.68,1.23,64.91,10.95,75,3.15,86,0.18,0,0,16.65,77,0.53,8,60,0.79,0.79,26,75,-2,57.68,1.49,0.23,0.45,15.25,88,5.28,5.08,0.26,0.26,0,0.09,4.99,5.26,0.09,0,0.09,33,0.44,11,57,33,12,66,22,14.81,14.37,1.04,115,-0.44,15.35,16.45
Ed Palmer,Torquay United,1012,Right Centre Back,Right Back,England,34,186,0.18,0.18,0.11,0.14,0.8,22,44,1,,0.16,0.18,0.11,0.71,0.18,0.11,0.71,0,0,0,0.36,0.22,1.51,0.14,0.44,0.18,0.27,40,0.53,0,0.18,0.36,1.24,1.39,6.05,7.27,10.4,4.98,0.05,5.6,30.7,3.2,15.02,0.89,2.13,77,1.1,2.48,0.98,50,0.27,65,4.8,0,8.53,10.33,3.47,1.33,0.71,33.95,1.78,21,0.62,47,0.53,0,0,44.72,67,4.71,13,44,7.38,9.42,17,54,-13,40.53,4.45,0.46,0.61,28.54,99,6.6,7.11,1.07,0.89,0.18,0.71,3.2,4.09,0,8,0.18,25,0.89,36,58,6,23,64,14,24.9,21.26,0.87,82,-3.64,21.66,17.36
Eddie Panter,Bedford Town,551,Right Wing,Left Midfielder,England,,,0,0,0.06,0.07,0.98,0,0,2,,0,0.16,0.3,0.65,0.16,0.3,0.65,0,0,0,0.16,0.36,1.63,-0.2,0.98,0.49,0.49,50,3.1,0,1.96,2.61,0.49,0.13,0.82,0.31,21.88,7.51,0.02,4.9,54.76,3.27,4.9,2.12,2.61,93,1.04,1.16,1.47,80,0.16,18,0.49,0,18.29,9.35,4.57,5.39,1.14,54.95,10.94,60,4.08,76,0.16,0,0,16.98,54,0.33,13,20,0.98,1.47,29,56,3,64.12,1.63,0.34,0.58,17.31,82,7.48,5.39,0.98,0.98,0,0.49,3.76,4.73,0,33,0.65,20,0.33,18,62,20,24,52,24,16.52,12.04,0.93,109,-4.48,15.42,13.08
Eduino Vaz,Hampton & Richmond,723,Left Wing Back,Left Wing,Guinea-Bissau,22,190,0,0,0.06,0.05,1.37,0,27,2,,0.03,0.25,0.15,0.87,0.25,0.15,0.87,0,0,0,0.25,0.21,2.24,0.04,2.37,1,1.37,42,1.99,0,2.24,2.61,1.62,1.95,1.37,1.09,17.93,8.09,0.01,6.97,36.62,5.6,13.32,2.12,3.73,68,2.31,4.26,1.12,45,1,46,1.62,0,14.69,14.48,4.48,5.35,2.12,39.89,5.23,36,2.99,56,0.25,0,0,33.61,63,1.99,73,33,2.24,5.1,14,45,-17,56.79,4.36,0.33,0.36,28.63,89,6.14,9.34,1.37,1.24,0.12,0.5,1.87,3.11,0.12,36,1,29,0.62,30,58,12,24,57,19,21.52,19.33,0.85,61,-2.19,18.19,11.82
Eliott Whitehouse,Peterborough Sports FC,2094,Centre Defensive Midfielder,Right Defensive Midfielder,England,32,180,0.09,0.04,0.05,0.06,0.82,5,21,1,100,0.06,0.09,0.05,0.52,0.09,0.05,0.52,0,0,0,0.13,0.09,1.33,0.04,0.17,0.17,0,100,1.29,0,0.73,0.13,0.82,0.83,3.52,3.73,15.13,6.62,0.06,6.1,36.74,6.4,13.67,2.11,2.92,74,2.11,2.93,1.68,45,0.73,53,2.32,0,11.39,11.51,3.91,3.74,1.33,41.72,3.91,34,1.85,49,0.39,0,0,36.67,77,3.61,25,59,4.26,5.37,18,70,-6,48.62,4.13,0.39,0.46,22.7,99,3.55,6.62,0.52,0.43,0.09,0.04,0.73,1.16,0,33,0.17,50,0.09,26,64,10,27,68,5,22.3,19.29,0.95,101,-3.01,21.3,19.41
Elliot Forbes,Darlington,2082,Left Centre Back,Right Centre Back,England,27,194,0.04,0.04,0.04,0.07,0.61,7,14,1,,0.03,0,0.02,0.43,0,0.02,0.43,0,0,0,0.04,0.07,1.04,-0.02,0.86,0.65,0.22,75,0.65,0,0.39,0.69,0.69,0.68,4.8,4.45,10.68,4.71,0.05,5.49,27.83,3.2,15.65,1.3,1.99,79,1.31,1.99,0.43,63,0.35,64,3.85,0,8.95,9.11,3.37,2.38,0.95,33.08,2.03,23,1.04,44,0.13,0,0,34.23,68,3.8,9,44,6.57,6.92,23,66,-2,41.35,4.11,0.39,0.4,23.9,98,7.04,4.75,0.43,0.39,0.04,0.26,1.56,1.94,0.04,10,0.09,50,0.43,42,54,4,39,57,4,25.66,23.62,0.89,91,-2.04,22.73,21.58
Elliot Osborne,Macclesfield Town,648,Centre Defensive Midfielder,Right Defensive Midfielder,England,30,183,0,0,0,,0,,,0,,0,0,0,0,0,0,0,0,0,0,0,0,0,0,0.56,0.28,0.28,50,0.56,0,0.69,0.69,0.97,1.23,2.22,2.62,17.93,9.17,0.04,7.64,32.45,6.39,14.59,1.95,2.92,54,2.51,3.75,1.25,27,1.67,62,1.81,0,14.73,17.47,5.28,4.59,1.39,36.05,3.47,24,1.53,33,0,0,0,40.72,75,4.45,13,52,3.34,7.36,18,71,-3,53.3,7.92,0.49,0.49,26.4,97,4.75,13.34,1.95,0.97,0.97,0.14,0.42,1.39,0,0,0,0,0.14,34,59,7,38,59,3,22.79,16.97,0.89,96,-5.82,20.38,16.36
Ellis Brown,Bedford Town,1665,Left Wing,Left Midfielder,England,24,169,0.27,0.27,0.14,0.08,1.89,14,43,4,,0.22,0.11,0.13,0.97,0.11,0.11,0.7,0,0.02,0.27,0.38,0.28,2.86,0.1,1.89,1.19,0.7,63,2.27,0,2.86,2.86,0.76,0.48,0.38,0.27,19.62,7.13,0,5.51,52.08,4.22,7.73,1.46,2.22,82,1.04,1.52,1.51,45,0.32,26,0.59,0,16.65,10.24,4.43,3.68,1.08,54.74,9.67,58,3.08,84,0.32,0,0,19.35,64,1.62,21,42,0.92,3.35,22,61,-3,64.57,3.08,0.31,0.44,22.81,85,8.74,7.03,1.3,0.86,0.43,0.16,2.16,3.03,0,38,0.49,21,0.49,20,64,16,21,56,23,20,15.98,0.89,95,-4.02,17.74,15.19
Ellis Stanton,Darlington,1132,Right Defensive Midfielder,Centre Attacking Midfielder,England,21,,0,0,0.07,0.07,0.95,0,33,1,,0.04,0.64,0.21,1.83,0.56,0.2,1.67,0.08,0.01,0.16,0.64,0.28,2.78,0.36,0.64,0.48,0.16,75,1.11,0,1.19,0.87,0.95,0.85,1.51,1.47,22.5,10.17,0.04,7.15,47.88,6.76,10.49,2.07,3.02,76,1.93,2.78,1.35,38,0.64,38,1.43,0,19.08,18.1,5.25,4.85,1.59,51.58,10.33,54,3.5,72,0.24,0,0,29.49,74,1.75,18,43,1.83,3.74,21,82,8,58.45,4.37,0.43,0.59,22.18,96,4.8,11.37,1.67,1.19,0.48,0.48,2.46,3.66,0.24,10,0.32,44,0.64,21,67,11,20,70,10,19.64,15.6,0.93,99,-4.03,18.33,15.4
Emeka Obi,Kidderminster Harriers,2574,Right Centre Back,Centre Back,Nigeria,24,196,0.1,0.1,0.13,0.18,0.7,15,40,0,,0.13,0,0.02,0.21,0,0.02,0.21,0,0,0,0.1,0.15,0.91,-0.05,0.24,0.14,0.1,57,0.87,0.03,0.49,0.38,1.64,1.23,6.29,7.59,11.12,5.14,0.1,6.89,28.02,3.32,16.47,1.57,3.22,85,1.85,3.08,0.91,63,0.28,79,4.51,0.14,8.64,9.78,4.41,2.17,1.36,34.11,2.17,25,0.98,45,0.21,0.03,0,41.44,75,2.8,9,48,7.17,5,16,57,-18,39.36,3.04,0.34,0.42,26.5,98,5.06,4.55,0.45,0.42,0.03,0.21,2.1,2.52,0.03,8,0.03,25,0.24,34,62,5,42,52,6,22.59,19.55,0.93,99,-3.05,21.04,19.3
Emlyn Lewis,Weston-super-Mare AFC,2661,Right Centre Back,Centre Back,Wales,29,175,0.07,0.07,0.08,0.13,0.61,11,22,0,,0.04,0.03,0.03,0.27,0.03,0.03,0.24,0,0,0.03,0.1,0.11,0.88,-0.01,0.2,0.1,0.1,50,0.95,0,0.47,0.2,1.29,0.98,6.66,5.65,9.84,4.7,0.1,6.19,23.56,2.27,15.36,1.52,2.81,85,1.33,2.31,0.57,53,0.27,69,3.48,0,7.75,6.72,3.59,1.66,0.78,28.73,1.01,13,0.47,29,0.24,0,0,34.7,63,3.89,16,40,8.05,8.35,18,53,-10,38.08,3.15,0.43,0.49,20.56,98,6.35,3.59,0.14,0.14,0,0.14,1.72,1.86,0,0,0.07,20,0.17,41,55,4,41,56,4,27.33,22.02,0.86,86,-5.31,23.42,19
Emmanuel Maja,King's Lynn Town FC,316,Left Defensive Midfielder,Left Centre Back,England,25,173,0,0,0.06,0.05,1.14,0,25,1,,0.01,0,0.04,0.29,0,0.04,0.29,0,0,0,0,0.09,1.43,-0.09,0,0,0,,1.14,0,0.29,1.14,1.43,2.17,5.42,6.41,27.65,12.54,0,8.27,41.91,6.84,11.69,3.14,4.56,69,3.12,5.29,3.71,17,1.43,46,1.71,0,20.81,22.57,5.42,7.13,2,45.44,8.27,40,4.85,68,0.57,0,0,31.93,70,2,16,50,6.56,2.85,24,70,0,55.58,6.27,0.38,0.44,22.24,95,4.63,10.83,0.57,0.57,0,0,2.57,3.14,0,0,0.29,100,0,42,56,3,39,55,5,21.11,19.99,0.97,103,-1.13,20.4,20.55
Emmanuel Maja,Bedford Town,673,Left Defensive Midfielder,Right Defensive Midfielder,England,25,173,0,0,0.01,0.02,0.27,0,0,0,,0,0,0.01,0.13,0,0.01,0.13,0,0,0,0,0.01,0.4,-0.01,0.4,0.27,0.13,67,0.67,0,0.53,0.67,1.2,0.94,4.68,3.4,19.51,8.15,0.04,7.22,33.55,5.61,14.7,2,3.21,88,1.47,2.41,2.67,83,0.27,56,3.74,0,14.84,11.11,4.54,5.48,1.47,37.76,3.48,23,2.27,41,0.4,0,0,25.93,63,2.54,16,54,5.48,3.88,29,54,-8,48.24,4.01,0.22,0.22,14.44,97,3.27,5.08,0.27,0.27,0,0,0.27,0.53,0,0,0,,0,40,55,5,53,45,3,24.02,21.15,0.92,100,-2.87,22.21,21.16
Emmanuel Onariase,Maidenhead United,1800,Left Centre Back,Centre Back,England,29,188,0.05,0.05,0.12,0.15,0.85,6,29,0,,0.1,0.05,0.02,0.25,0.05,0.02,0.25,0,0,0,0.1,0.14,1.1,-0.04,0.15,0.15,0,100,0.6,0,0.35,0.35,1.85,2.1,6.8,7.85,13.95,6.25,0.1,6.65,26.26,2.65,15.65,2.4,4.25,98,2.66,4.76,1,88,0.05,84,5.35,0,10.6,10.87,3.95,1.7,0.65,30.58,1.55,15,0.6,35,0.25,0,0,34.94,76,2.35,23,49,7.15,4.45,17,64,-12,38.78,3.1,0.35,0.42,22.05,98,4.22,4.05,0.1,0.1,0,0.25,2.8,2.9,0.05,0,0.1,50,0.45,35,60,4,51,43,6,22.14,16.68,0.94,92,-5.47,20.82,15.36
Eno Nto,Hereford FC,624,Right Wing,Right Midfielder,England,23,180,0.14,0.14,0.12,0.09,1.3,11,33,2,,0.16,0,0.2,1.15,0,0.2,1.15,0,0,0,0.14,0.32,2.45,-0.17,3.03,1.44,1.59,48,2.31,0,3.03,4.18,0.29,0.33,0.72,0.72,11.83,5.05,0.01,2.89,56.23,1.59,3.17,0.29,0.58,22,0.18,0.52,0.87,0,1.01,28,1.01,0,10.68,12.72,2.16,2.89,0.58,57.66,6.35,59,2.16,75,0,0,0,19.34,58,0.72,23,28,1.01,2.31,20,54,-4,64.9,2.16,0.21,0.48,23.67,81,9.38,6.06,0.58,0.43,0.14,0.58,4.04,4.47,0,75,1.01,29,0.87,12,62,26,7,64,29,18.1,15.03,0.94,98,-3.07,16.99,14.79
Ethan Mann,South Shields,2352,Left Centre Back,Right Back,England,22,188,0,0,0,0.03,0.15,0,25,0,,0,0,0.01,0.23,0,0.01,0.23,0,0,0,0,0.02,0.38,-0.02,0.5,0.46,0.04,92,0.92,0,0.34,0.34,0.96,1.41,4.48,6.66,7.96,3.75,0.06,4.86,27.07,1.99,12.32,1.38,2.33,77,2.01,3.41,0.65,29,0.42,58,1.8,0,5.93,8.93,2.68,1.49,0.69,30.64,1.15,19,0.5,33,0.11,0,0,67.47,91,5.2,11,66,5.43,6.96,12,88,-3,37.76,6.74,0.59,0.6,56.94,99,6.51,7.81,0.27,0.27,0,0.04,0.5,0.77,0.04,0,0,,0.11,23,72,5,33,62,5,21.41,20.33,0.95,96,-1.08,20.26,19.52
Ethan Mitchell,Fylde,2444,Left Centre Midfielder,Right Defensive Midfielder,England,23,190,0,0,0.08,0.1,0.81,0,36,1,,0.07,0.15,0.09,1.18,0.15,0.09,1.18,0,0,0,0.15,0.17,1.99,-0.02,0.88,0.7,0.18,79,0.88,0,1.66,1.03,0.48,0.62,1.88,2.52,19.77,7.92,0.03,7,45.17,3.9,9.87,2.17,2.65,78,3.1,3.72,1.73,48,0.63,54,1.8,0.04,15.87,22.77,5.27,5.23,2.14,48.63,7.25,46,3.5,67,0.18,0,0,47.43,81,2.5,17,59,2.58,3.54,19,75,-6,52.19,3.72,0.53,0.61,36.82,96,4.53,10.94,0.85,0.85,0,0.22,2.21,3.06,0.04,4,0.11,20,0.44,19,67,14,18,71,11,18.08,16.42,0.95,96,-1.66,17.21,15.7
Ethan Robson,Spennymoor Town,677,Right Defensive Midfielder,Centre Defensive Midfielder,England,29,180,0.13,0.13,0.19,0.1,2,7,33,2,,0.25,0.13,0.06,0.53,0,0.04,0.4,0.13,0.03,0.13,0.27,0.26,2.53,0.01,0.4,0.27,0.13,67,0.93,0,0.93,0.67,1.2,0.83,2.66,2.45,18.09,8.91,0.02,8.38,42.22,8.51,17.69,2.26,3.46,71,2.12,2.94,1.33,33,0.93,63,2,0,14.5,12.75,5.72,3.72,2.13,44.81,5.19,36,2,54,0.13,0,0,42.7,78,3.19,62,53,3.46,5.19,19,75,-3,50.64,3.72,0.52,0.66,28.87,97,3.8,9.31,1.2,1.06,0.13,0,1.86,2.93,0,22,0.4,75,0,24,66,10,24,69,7,21.2,18.78,0.94,92,-2.42,19.86,17.19
Ethan Sutcliffe,Tonbridge Angels FC,1686,Right Centre Back,Centre Back,England,22,,0.05,0.05,0.08,0.3,0.27,20,60,0,,0.09,0.05,0.04,0.21,0.05,0.04,0.21,0,0,0,0.11,0.12,0.48,-0.01,0.21,0.11,0.11,50,0.43,0,0.53,0.37,0.85,0.55,5.92,3.52,12.44,6.14,0.04,5.92,25.01,1.39,11.85,2.14,2.99,82,1.14,1.69,0.64,50,0.48,59,3.58,0,9.71,5.2,4,1.65,0.64,28.71,1.49,15,0.69,42,0.16,0,0,20.23,60,1.49,16,31,6.67,4.06,20,48,-13,38.16,1.71,0.33,0.36,12.33,97,6.07,2.24,0.16,0.11,0.05,0.11,1.12,1.23,0.05,0,0,0,0.11,45,49,6,48,45,7,25.9,22.78,0.87,85,-3.11,22.57,19.35
Ethan Vaughan,Chippenham Town,2111,Left Back,Left Wing Back,Wales,22,178,0,0,0.05,0.09,0.55,0,38,1,,0.03,0,0.07,0.47,0,0.07,0.47,0,0,0,0,0.12,1.02,-0.12,1.11,0.55,0.55,50,1.28,0,0.77,1.79,0.6,0.6,2.05,2.34,15.56,5.84,0.02,5.46,34.58,2.13,9.38,1.88,2.47,81,1.98,2.58,1.36,58,0.43,65,1.7,0,12.4,13.54,4.01,3.2,1.28,37.5,3.62,29,1.7,53,0.21,0,0,34.74,69,2.22,32,33,2.64,6.05,15,62,-7,49.76,3.75,0.32,0.39,29.07,93,4.6,7.08,0.98,0.85,0.13,0.17,1.49,2.34,0.04,57,0.68,27,0.21,31,55,15,22,49,28,21.6,17.36,0.88,103,-4.25,19.02,17.79
Evan Humphries,Oxford City,445,Left Back,Left Centre Back,England,20,,0,0,0,,0,,,0,,0,0.2,0.08,0.4,0,0,0,0.2,0.08,0.4,0.2,0.08,0.4,0.12,0,0,0,,0.4,0,1.01,0.4,1.42,1.35,4.25,3.8,13.77,7.09,0.04,5.06,26.46,1.01,9.11,2.23,3.64,65,2.53,3.88,0.61,29,1.21,39,1.42,0,10.93,10.98,2.83,1.82,0.61,31.41,2.23,20,1.01,56,0,0,0,35.83,65,2.83,68,32,5.67,7.49,14,48,-16,48.5,4.45,0.08,0.08,24.9,98,4.07,6.07,0.61,0,0.61,0,0,0,0,0,0,0,0,46,46,8,53,37,10,20.64,18.98,0.84,43,-1.65,17.32,8.23
Evander Grubb,Salisbury,559,Left Midfielder,Centre Attacking Midfielder,England,21,171,0,0,0.14,0.11,1.29,0,38,2,,0.15,0,0.11,1.45,0,0.1,1.29,0,0.01,0.16,0,0.25,2.73,-0.25,4.99,3.54,1.45,71,0.64,0,2.57,3.38,0.8,1.09,0.8,1.19,15.12,4.67,0.02,4.34,50.1,3.06,5.31,1.45,2.25,60,2.18,3.27,0.64,38,0.97,17,0.48,0,13.19,17.46,3.22,4.67,1.45,54.88,7.88,60,4.18,90,0.16,0,0,28.96,75,1.45,4,45,1.13,2.9,18,65,-10,60.99,3.86,0.5,0.56,32.01,90,6.73,11.42,1.13,0.97,0.16,0.16,2.9,3.86,0,14,0.32,33,0.64,16,60,24,14,61,25,19.34,17.03,0.97,103,-2.31,18.7,17.54
