Name,Team,Minutes,Primary Position,Secondary Position,Nationality,Age,Height,All Goals,NP Goals,xG,xG/Shot,Shots,Goal Conversion%,Shooting%,Shot Touch%,Penalty Conversion%,PSxG,Assists,xG Assisted,Key Passes,OP Assists,OP xG Assisted,OP Key Passes,SP Assists,SP xG Assisted,SP Key Passes,Scoring Contribution,xG & xG Assisted,Shots & Key Passes,O/U Performance,Dribbles,Successful Dribbles,Failed Dribbles,Dribble%,Fouls Won,Penalty Wins,Dispossessed,Turnovers,Interceptions,PAdj Interceptions,Clearances,PAdj Clearances,Defensive Actions,Aggressive Actions,Blocks/Shot,Defensive Regains,Average DA X,Ball Recov. F2,Ball Recoveries,Tackles,Tack&Int,Tack/DP%,PAdj Tackles,PAdj Tack&Int,Fouls,Dribbles Stopped%,Dribbled Past,Aerial Win%,Aerial Wins,Errors,Pressures,PAdj Pressures,Pressure Regains,Counterpressures,Counterpress Regains,Average Pressure X,Pressures F2,Pressures F2%,Counterpressures F2,Counterpressures F2%,Yellow Cards,2nd Yellows,Red Cards,OP Passes,Passing%,Long Balls,L/R Footedness%,Long Ball%,Pr. Long Balls,UPr. Long Balls,Passes Pressured%,Pr. Pass%,Pr. Pass% Dif.,Average Pass X,Deep Progressions,xGBuildup,xGChain,Carries,Carry%,Carry Length,OP F3 Passes,PintoB,OP Passes Into Box,SP PintoB,Passes Inside Box,Touches In Box,PinTin,Throughballs,Successful Box Cross%,Successful Crosses,Crossing%,Deep Completions,Pass Forward%,Pass Sideways%,Pass Backward%,F3 Pass Forward%,F3 Pass Sideways%,F3 Pass Backward%,Pass Length,Pr. Pass Length,Pass Length Ratio,Pr. Pass Length%,Pr. Pass Length Dif.,Succ. Pass Length,Succ.Pr. Pass Length
A . Grout,Eastbourne Borough,2235,Right Centre Midfielder,Right Attacking Midfielder,England,,,2,2,1.66,0.06,26,8,27,2,,1.48,1,2.33,21,1,2.21,19,0,0.13,2,3,4,47,-1,23,15,8,65,13,0,35,47,17,19.35,16,18.32,531,216,0,159,49.95,188,288,32,49,74,35.79,55.14,16,44,11,44,30,0,484,499.33,136,155,42,51.45,264,55,117,75,1,0,0,654,69,44,12,50,35,69,23,62,-7,57.65,65,6.87,9.11,498,91,5.84,198,22,16,6,5,45,61,2,27,8,32,10,24,59,17,20,66,14,19.78,16.99,0.99,107,-2.79,19.53,18.18
A.Crowther,Leamington FC,1816,Right Centre Back,Left Centre Back,England,22,190,0,0,0.57,0.09,6,0,50,0,,0.36,0,0.33,4,0,0.33,4,0,0,0,0,0.9,10,-0.9,4,2,2,50,10,0,3,4,19,6.49,142,85.91,247,117,0.08,159,23.69,21,251,33,52,72,24.72,31.22,12,28,13,54,61,1,204,133.66,96,60,24,28.2,29,14,22,37,2,0,0,527,57,43,15,27,161,140,17,58,1,35.87,39,1.09,1.66,286,99,4.88,45,1,1,0,3,25,26,1,100,1,33,4,51,44,5,47,47,7,27.96,23.38,0.8,81,-4.58,22.47,18.95
A.Lafleur,Chesham United FC,1217,Left Wing Back,Left Centre Back,England,26,,1,1,0.66,0.05,14,7,7,1,,0.54,2,1,9,2,1,9,0,0,0,3,1.66,23,1.34,20,12,8,60,13,1,11,18,17,16.15,24,24.01,206,84,0.05,70,40.4,59,128,19,36,70,18.72,34.87,16,13,8,37,17,1,171,170.97,51,48,14,46.32,79,46,41,85,2,0,0,422,63,25,84,36,29,65,17,51,-13,57.62,42,4.16,5.39,365,96,5.22,118,17,16,1,2,32,48,1,35,9,24,3,31,54,15,21,59,19,20.45,13.27,0.88,102,-7.18,18.06,13.56
A.Young,Chesham United FC,2886,Centre Back,Left Centre Back,England,29,188,1,1,1.35,0.34,4,25,25,0,,0.99,0,0.23,4,0,0.19,3,0,0.04,1,1,1.58,8,-0.58,12,10,2,83,13,1,10,10,17,16.86,98,89.56,220,93,0.06,131,23.15,33,329,24,41,83,22.01,38.87,17,75,5,52,53,3,179,178.04,82,30,16,27.72,23,13,7,23,5,0,1,1174,89,63,8,61,106,96,15,84,-5,30.65,28,8.8,9.61,902,99,5.23,40,4,4,0,3,29,33,0,0,0,,5,25,71,4,25,70,5,19.69,16.94,0.96,102,-2.75,18.96,17.27
Ángelo Balanta,AFC Hornchurch,2370,Centre Attacking Midfielder,Centre Forward,Colombia,35,179,15,15,8.55,0.13,68,22,37,4,,10.75,2,4.07,30,2,4.07,30,0,0,0,17,12.63,98,4.37,10,6,4,60,13,0,48,69,9,6.66,20,18.41,349,109,0.03,115,58.16,133,213,10,19,59,6.5,13.16,12,22,7,35,68,0,327,280.12,94,98,26,62.26,232,71,84,86,0,0,0,783,66,31,15,49,39,44,31,63,-4,63.25,73,15.12,21.26,580,89,4.86,286,43,43,0,12,168,211,7,12,9,35,18,26,56,18,26,54,21,16.57,16,0.96,96,-0.58,15.96,15.4
Aaron Cosgrave,Ebbsfleet United,1407,Centre Forward,Left Centre Forward,England,26,185,2,2,3.47,0.17,20,10,35,3,,2.8,0,0.76,13,0,0.76,13,0,0,0,2,4.22,33,-2.22,13,8,5,62,20,0,48,71,1,0.95,1,1.58,401,142,0,89,67.99,31,49,8,9,42,9.05,9.99,22,8,11,5,3,0,374,443.49,80,82,24,68.14,317,85,77,94,2,0,0,207,78,5,21,63,3,6,38,75,-3,71.14,19,4.26,6.98,266,70,7.36,111,5,5,0,9,87,92,0,0,1,10,19,8,67,25,8,63,29,13.13,11.54,0.99,100,-1.59,13.05,11.53
Aaron Haper-Bailey,Oxford City,594,Left Centre Back,Centre Back,England,24,194,0,0,0.34,0.09,4,0,0,0,,0,0,0,0,0,0,0,0,0,0,0,0.34,4,-0.34,4,2,2,50,2,0,3,4,6,4.82,60,52.57,56,23,0.04,36,17.87,9,96,10,16,91,11.3,16.12,7,100,1,73,35,0,39,38.39,17,4,2,20.76,3,8,2,50,1,0,0,268,76,27,71,47,70,47,20,62,-14,31.63,6,1.51,1.65,197,97,5.85,6,0,0,0,0,6,6,0,,0,,0,36,61,3,67,33,0,24.98,22.08,0.91,92,-2.89,22.66,20.3
Aaron Henry,AFC Hornchurch,607,Right Defensive Midfielder,Centre Defensive Midfielder,England,22,175,1,1,0.46,0.03,14,7,21,2,,1.25,1,0.79,11,1,0.33,5,0,0.46,6,2,1.25,25,0.75,0,0,0,,2,0,5,2,10,9.09,13,12.92,118,52,0.01,41,38.64,42,96,10,20,63,8.47,17.56,4,50,6,45,10,0,104,84.14,31,31,9,40.77,34,33,16,52,1,0,0,268,63,42,15,37,28,98,13,55,-8,49.24,39,1.94,2.46,178,97,3.81,53,21,9,12,0,0,9,1,14,3,30,0,35,59,5,42,55,4,30.74,29.85,0.8,71,-0.88,24.7,21.34
Aaron Lacey,Hampton & Richmond,471,Right Back,Right Centre Back,England,19,187,2,2,0.24,0.05,5,40,60,1,,1.17,0,0,0,0,0,0,0,0,0,2,0.24,5,1.76,6,4,2,67,4,0,1,5,8,6.5,15,11.77,75,26,0.03,31,31.69,17,84,7,15,70,5.7,12.2,4,25,3,63,20,0,64,54.61,22,15,7,35.5,18,28,11,73,0,0,0,153,62,10,10,26,20,33,17,55,-7,41.08,11,1.23,1.27,96,95,4.27,20,4,2,2,0,13,15,0,0,0,0,1,40,54,6,35,50,15,24.64,17.94,0.81,90,-6.7,19.97,16.18
Aaron Martin,Worksop Town FC,1886,Centre Forward,Left Centre Forward,England,34,183,11,10,7.44,0.14,54,19,43,5,100,9.85,2,2.76,18,2,2.76,18,0,0,0,12,10.21,72,1.79,18,6,12,33,16,0,30,69,9,8.54,17,14.09,428,156,0.01,109,59.86,99,135,31,40,76,25.66,34.2,41,44,10,55,169,0,357,268.64,89,94,30,62.85,268,75,79,84,4,0,1,480,53,20,19,54,29,25,41,43,-9,66.94,40,11.09,16.36,279,80,6.08,174,14,14,0,12,169,183,1,43,10,48,23,25,63,12,14,67,18,16.81,16.03,1.04,109,-0.78,17.4,17.55
Aaron Pickles,Southport,931,Right Centre Back,,England,21,188,0,0,0.15,0.04,4,0,0,0,,0,1,0.13,2,1,0.13,2,0,0,0,1,0.28,6,0.72,3,1,2,33,5,0,3,5,4,5.73,78,102.68,98,50,0.08,49,21.77,12,101,7,11,78,9.57,15.3,13,33,2,45,29,1,78,103.59,33,18,4,26.12,4,5,2,11,2,0,0,426,80,36,6,51,88,61,10,52,-27,33.32,19,1.9,1.99,326,99,4.65,23,2,2,0,1,17,19,0,0,0,,3,28,69,3,43,48,9,25.21,25.71,0.92,83,0.5,23.29,21.46
Aaron Powell,Peterborough Sports FC,1868,Left Centre Back,Left Back,England,23,177,0,0,0.39,0.05,8,0,0,0,,0,1,0.67,10,1,0.67,10,0,0,0,1,1.06,18,-0.06,10,8,2,80,34,0,12,10,30,30.25,97,99.41,273,126,0.06,153,30.28,55,264,45,75,66,49.75,80,23,30,23,60,44,0,205,224.73,100,56,28,33.8,44,21,20,36,6,0,0,759,69,66,75,40,111,151,17,70,2,44.95,98,5.3,6.38,556,97,4.87,135,12,12,0,1,10,22,0,33,5,29,2,41,53,6,41,55,4,23.74,19.27,0.88,102,-4.47,20.78,19.58
Aaron Skinner,Hereford FC,2444,Right Back,Left Back,England,24,174,2,1,0.43,0.05,8,13,38,0,100,1,1,1.48,23,1,1.29,22,0,0.19,1,2,1.91,31,0.09,27,19,8,70,34,2,21,21,38,38.72,75,78.74,485,223,0.04,189,31.22,145,392,75,113,79,75.57,114.29,40,43,20,54,36,1,370,363.13,122,84,30,34.74,83,22,50,60,6,0,0,1010,74,93,17,54,98,149,15,70,-4,48.35,126,9.95,10.45,769,97,4.84,222,30,24,6,1,26,50,0,33,11,26,6,35,55,11,36,52,12,21.11,18.56,0.92,99,-2.55,19.38,18.3
Adam Anson,Alfreton Town,591,Right Centre Back,,England,29,183,1,1,0.73,0.15,5,20,40,1,,0.82,0,0.07,1,0,0.07,1,0,0,0,1,0.79,6,0.21,1,0,1,0,2,0,1,2,3,1.23,33,14.58,73,37,0.05,26,23.5,9,52,12,15,71,5.38,6.61,7,56,5,52,15,0,54,29.43,13,11,1,28.85,5,9,3,27,0,0,0,124,53,18,12,33,39,48,15,58,5,36.43,11,1.11,1.32,64,97,4.02,15,2,2,0,1,18,20,0,50,1,33,0,44,51,5,53,33,13,31.97,25.82,0.82,80,-6.15,26.17,20.65
Adam Anson,Marine,2108,Right Centre Back,Right Back,England,29,183,2,2,1.46,0.16,9,22,33,0,,1.34,1,0.6,4,1,0.6,4,0,0,0,3,2.06,13,0.94,7,5,2,71,14,1,5,10,31,21.66,171,116.8,298,166,0.08,142,23.11,56,335,55,86,82,36.85,58.51,21,59,12,78,107,1,222,164.37,83,36,14,27.14,30,14,14,39,7,0,0,513,52,45,25,32,190,121,22,50,-3,42.24,38,6.38,6.66,229,96,4.45,57,7,4,3,3,27,31,2,29,3,33,5,48,45,7,35,49,16,25.13,19.39,0.83,93,-5.73,20.92,18.07
Adam Barton,Curzon Ashton FC,1748,Centre Defensive Midfielder,Centre Back,England,35,190,2,2,2.41,0.16,15,13,40,1,,1.82,1,0.7,5,1,0.62,4,0,0.08,1,3,3.11,20,-0.11,4,3,1,75,6,0,7,8,9,5.79,57,43.95,227,117,0.05,90,33.73,77,238,30,39,73,24.23,30.01,17,33,11,53,21,0,180,145.35,62,48,16,39.08,55,31,28,58,2,0,0,573,80,40,13,61,66,57,15,78,-2,43.08,42,6.59,8.55,361,97,4.9,73,8,7,1,1,40,47,1,0,1,25,2,26,64,9,33,62,5,20.67,20.16,0.97,94,-0.52,19.96,18.9
Adam Blakeman,Chorley,1925,Left Back,Centre Attacking Midfielder,England,34,175,3,3,1.42,0.04,36,8,28,1,,2.06,5,3.91,47,3,2.09,23,2,1.82,24,8,5.33,83,2.67,7,7,0,100,14,0,6,4,16,11.04,73,60.43,217,107,0.02,92,33.37,105,243,34,50,69,21.04,32.08,12,39,15,53,32,0,171,117.04,48,41,15,37.32,53,31,31,76,4,0,0,754,53,181,84,38,107,443,10,51,-2,55.58,171,8.15,9.63,519,99,3.28,219,132,43,89,6,16,59,0,19,30,30,5,39,58,3,40,55,5,31.66,25.31,0.87,81,-6.35,27.49,20.46
Adam Crowther,Chelmsford City,626,Left Centre Back,Centre Attacking Midfielder,England,25,194,1,1,0.73,0.12,6,17,50,0,,1.07,1,0.53,2,1,0.53,2,0,0,0,2,1.26,8,0.74,0,0,0,,2,0,3,1,11,13.14,32,37.12,46,23,0.08,19,25.52,20,115,5,16,63,4.37,17.5,5,75,3,71,24,0,37,37.54,9,11,2,32.44,10,27,8,73,0,0,1,260,74,35,18,64,35,52,12,64,-10,41.6,31,2.24,2.95,164,98,6.05,33,11,1,10,2,19,20,0,27,3,43,2,34,62,4,42,58,0,24.45,18.79,0.99,114,-5.66,24.12,21.43
Adam Henley,Chorley,1680,Right Back,Left Back,Wales,31,179,2,2,0.79,0.13,6,33,33,1,,0.9,1,0.26,4,1,0.23,3,0,0.03,1,3,1.05,10,1.95,6,4,2,67,12,0,18,12,23,17.71,72,58.15,270,136,0.05,99,31.87,55,162,34,57,59,23.25,40.95,18,29,24,41,25,0,219,136.3,63,54,23,35.21,57,26,34,63,3,0,1,344,63,33,17,41,80,73,12,75,12,50.98,57,3.55,4.18,221,90,4.75,92,11,6,5,3,20,26,0,18,2,25,3,49,41,11,23,53,24,23.38,21.05,0.89,101,-2.33,20.84,21.36
Adam Lund,Alfreton Town,2760,Right Defensive Midfielder,Left Defensive Midfielder,England,27,180,1,1,1.55,0.06,25,4,20,1,,1.81,1,1.35,17,0,0.88,13,1,0.47,4,2,2.9,42,-0.9,4,2,2,50,41,0,19,24,16,6.44,126,81.17,538,247,0.04,200,36.43,212,484,63,79,74,36.93,43.37,31,33,22,73,140,0,448,245.43,143,116,46,41.04,151,34,66,57,7,0,0,843,55,85,20,31,149,251,20,55,0,52.58,83,9.52,10.4,418,94,3.72,163,65,16,49,6,70,86,0,42,29,23,10,35,58,8,33,58,10,24.47,18.26,0.87,89,-6.21,21.19,16.3
Adam Marriott,King's Lynn Town FC,887,Centre Forward,Right Centre Forward,England,35,175,2,2,3.67,0.13,29,7,28,5,,2.92,2,1.3,15,2,1.3,15,0,0,0,4,4.97,44,-0.97,14,8,6,57,10,0,22,20,2,3.5,8,11.77,174,57,0,37,58.69,36,54,4,6,57,4.65,8.15,16,50,3,34,14,0,154,171.65,32,38,10,60.64,107,69,32,84,3,1,0,173,72,3,16,30,9,9,29,68,-5,62.92,21,4.15,8.13,172,85,5.23,73,8,8,0,2,63,71,1,25,2,40,5,14,70,17,12,77,11,17.34,14.8,0.98,107,-2.54,16.96,15.88
Adam May,Eastbourne Borough,657,Centre Defensive Midfielder,Left Defensive Midfielder,England,28,182,2,2,0.9,0.04,20,10,40,2,,1.4,0,0.15,5,0,0.12,4,0,0.03,1,2,1.05,25,0.95,2,1,1,50,5,0,4,4,5,4.99,17,18.21,114,57,0.01,50,35.49,41,93,10,15,53,10.87,15.86,2,18,9,60,9,0,102,112.06,36,33,11,39.17,30,29,16,48,0,0,0,292,74,32,17,57,30,43,29,69,-5,47.27,34,1.75,2.57,230,98,5.21,49,5,4,1,0,9,13,0,20,1,33,0,22,65,12,33,67,0,23.83,21.08,0.97,107,-2.75,23.1,22.56
Adam Thomas,Marine,1700,Right Back,Left Back,England,32,191,2,2,0.74,0.12,6,33,83,0,,1.06,2,1.85,13,2,1.85,13,0,0,0,4,2.59,19,1.41,6,4,2,67,8,0,20,15,19,15.98,61,41.95,296,137,0.05,97,35.52,105,272,40,59,69,29.74,45.72,24,42,18,56,50,1,233,189.38,65,59,16,41.23,87,37,40,68,3,0,0,543,56,47,24,38,82,103,18,51,-5,52.47,74,5.23,6.23,299,95,6.01,128,10,7,3,3,25,32,0,50,6,18,5,42,48,10,38,45,18,22.28,20.29,0.85,85,-1.98,18.97,17.33
Adam Thompson,Enfield Town FC,2466,Centre Back,Right Centre Back,Northern Ireland,33,185,1,1,0.87,0.11,8,13,13,0,,0.76,1,0.57,7,1,0.57,7,0,0,0,2,1.43,15,0.57,2,2,0,100,34,0,1,4,27,17.52,210,137.77,291,146,0.05,160,24.96,58,458,37,64,77,26.31,43.82,21,44,11,69,112,0,235,155.44,96,48,17,31.47,38,16,15,31,8,0,1,695,62,41,17,28,227,132,21,58,-4,35.67,34,5.81,6.48,265,99,3.51,47,1,1,0,5,35,36,0,0,0,0,6,44,50,6,47,47,6,23.5,19.17,0.84,97,-4.33,19.71,18.59
Adam Walker,Leamington FC,2569,Left Defensive Midfielder,Left Centre Midfielder,England,35,168,0,0,1.29,0.05,24,0,8,2,,0.23,2,0.57,12,2,0.57,12,0,0,0,2,1.86,36,0.14,10,7,3,70,15,1,24,20,32,15.4,57,37.17,461,278,0.01,194,39.74,208,398,46,78,58,25.5,40.91,16,29,33,44,20,1,399,240.09,133,115,42,41.81,145,36,64,56,6,0,0,767,61,40,71,35,75,95,22,60,-1,53.4,92,5.93,6.52,521,96,5.51,169,12,11,1,1,25,36,3,0,0,0,6,39,53,8,37,54,9,21,19.18,0.9,87,-1.82,18.86,16.72
Adan George,AFC Telford United,1000,Centre Forward,Left Wing,England,23,179,7,7,4.78,0.16,30,23,53,7,,6.65,3,1.62,7,3,1.62,7,0,0,0,10,6.41,37,3.59,19,11,8,58,10,0,28,40,9,8.29,4,3.25,300,121,0,78,66.26,36,54,7,16,64,7.34,15.63,17,0,4,16,8,0,276,249.63,72,64,18,67.19,230,83,59,92,0,0,0,161,61,2,16,20,7,7,29,60,-1,63.71,15,4.46,8.57,202,83,6.31,55,5,5,0,2,62,67,2,20,2,18,3,17,61,22,13,64,24,15.81,15.58,0.9,93,-0.23,14.3,14.51
Adebayo Azeez,Hemel Hempstead Town,636,Centre Forward,Left Centre Forward,England,32,183,0,0,0.94,0.12,8,0,0,3,,0,0,0.06,1,0,0.06,1,0,0,0,0,1,9,-1,5,1,4,20,7,0,16,31,2,1.89,2,1.63,127,34,0,31,71.74,12,13,3,5,60,3.51,5.4,18,0,2,29,19,0,107,101.48,30,43,12,74.33,98,92,41,95,0,0,1,71,61,0,29,,2,0,44,56,-5,68.75,3,1.51,2.34,73,60,4.44,25,0,0,0,0,28,28,0,,0,0,2,17,58,25,8,52,40,11.56,9.91,0.96,89,-1.65,11.15,8.82
Adrien Thibaut,Southport,717,Centre Forward,,England,21,,4,4,2.68,0.21,13,31,46,6,,3.23,1,0.24,4,1,0.24,4,0,0,0,5,2.93,17,2.07,7,4,3,57,17,0,14,25,1,1.81,1,1.63,173,56,0,35,69.07,17,23,8,9,89,5.75,7.56,26,0,1,22,8,0,139,146.8,34,30,5,68.83,113,81,27,90,5,0,0,87,76,0,24,0,1,1,30,88,13,68.54,1,1.24,3.61,85,78,5.3,40,2,2,0,4,38,40,0,0,1,50,6,6,64,30,0,68,33,12.17,10.79,0.97,96,-1.37,11.75,10.38
Adulai Sambu,Merthyr Town FC,392,Right Wing,Left Wing,England,21,183,1,1,1.46,0.24,6,17,17,3,,1,0,0.06,2,0,0.06,2,0,0,0,1,1.52,8,-0.52,4,0,4,0,12,0,22,17,3,4.32,6,6.71,107,37,0,22,49.13,17,38,11,14,79,12.81,17.13,9,25,3,27,4,0,89,92.93,16,22,4,52.49,52,58,19,86,0,0,0,100,72,2,10,29,8,5,29,63,-8,58.36,1,1.66,2.97,109,76,4.73,29,1,1,0,1,21,22,0,0,0,0,3,20,60,21,14,59,28,16.27,13.67,0.87,92,-2.61,14.17,12.52
Aidan Rutledge,Darlington,1646,Left Centre Forward,Right Centre Forward,England,25,,7,6,5.48,0.1,53,11,34,6,100,6.59,3,1.77,17,3,1.72,16,0,0.06,1,9,7.26,70,1.74,33,22,11,67,20,1,24,57,3,2.97,26,27.51,290,117,0.02,81,55.03,66,102,15,18,68,15.26,18.23,23,30,7,34,73,0,253,257.9,70,70,27,60.27,170,67,61,87,2,0,0,368,61,13,15,48,31,22,39,54,-7,62.64,25,8.36,11.36,307,87,4.28,107,15,7,8,8,134,141,0,27,5,24,10,18,66,16,16,57,27,15.89,14.07,0.88,94,-1.81,14.03,13.29
AJ Warburton,Marine,318,Centre Forward,Right Wing,England,20,,0,0,0.46,0.09,5,0,20,3,,0.19,0,0.05,1,0,0,0,0,0.05,1,0,0.51,6,-0.51,4,1,3,25,2,0,8,10,0,0,1,0.49,70,24,0.02,16,58.8,10,19,3,3,50,2.18,2.18,5,40,3,15,4,0,62,52.32,15,16,4,59.74,41,66,14,88,1,0,0,88,65,2,4,50,1,4,33,70,5,66.63,3,0.54,0.96,88,86,5.73,33,4,2,2,0,13,15,0,0,0,0,1,20,52,28,9,42,48,13.69,12.8,0.99,90,-0.89,13.6,11.51
Alan Massey,Hampton & Richmond,2414,Centre Back,Left Centre Back,England,37,180,1,1,1.14,0.09,13,8,46,0,,2.42,2,0.76,8,2,0.76,8,0,0,0,3,1.9,21,1.1,5,3,2,60,9,0,4,7,20,14.68,237,187.46,265,135,0.1,155,22.11,43,408,29,49,63,26.94,41.62,23,46,17,63,100,0,213,177.25,79,46,17,28.73,28,13,17,37,3,0,0,858,67,73,88,41,271,145,17,50,-17,33.35,28,5.23,5.87,474,98,5.08,50,2,2,0,7,44,46,0,0,0,0,8,38,57,5,44,46,10,24.37,22.18,0.9,87,-2.19,21.9,19.38
Aleksandrs Starčenko,Worksop Town FC,2852,Centre Attacking Midfielder,Left Centre Midfielder,Latvia,25,,2,2,5.05,0.08,62,3,31,3,,5.06,1,2.76,24,0,2.27,22,1,0.49,2,3,7.81,86,-4.81,24,11,13,46,34,0,66,66,24,17.13,38,26.84,817,369,0.02,253,49.94,246,377,78,102,66,55.66,72.8,40,31,41,49,77,0,699,550.65,184,218,65,51.89,380,54,160,73,6,0,0,882,63,48,12,37,56,112,22,55,-8,59.33,105,12.31,14.9,649,88,6.05,298,41,34,7,15,128,162,1,15,13,31,17,28,58,15,24,63,13,20.23,17.81,0.9,93,-2.42,18.23,16.59
Alex Brown,Scarborough Athletic,2595,Left Back,Left Wing Back,England,27,176,0,0,0.43,0.03,13,0,8,0,,0.06,3,3.73,24,2,3.32,19,1,0.41,5,3,4.16,37,-1.16,46,29,17,63,41,0,35,38,52,46.56,109,110.57,346,148,0.03,156,31.61,100,336,57,109,70,51.17,97.72,15,47,24,48,33,1,275,237.71,92,74,27,34.95,75,27,44,59,3,0,0,1044,62,108,83,36,138,268,12,55,-8,51.06,162,9.77,11.9,825,94,5.44,242,59,25,34,5,28,53,0,46,32,42,9,39,53,8,38,49,14,24.7,22.08,0.87,95,-2.62,21.47,20.91
Alex Curran,Curzon Ashton FC,2432,Centre Attacking Midfielder,Left Centre Midfielder,England,27,178,9,9,6.65,0.12,57,16,40,3,,8.98,2,2.49,30,2,2.39,28,0,0.09,2,11,9.14,87,1.86,24,13,11,54,41,0,44,73,18,11.93,12,7.74,385,152,0,97,55.44,89,162,16,34,48,8.8,20.73,28,6,17,22,18,0,341,259.72,78,97,27,57.31,224,66,82,85,6,0,0,562,73,58,12,60,26,82,21,65,-7,59.72,70,11.32,15.41,542,86,6.69,197,24,22,2,10,123,145,5,25,10,48,16,17,62,21,17,68,15,19.32,16.56,0.95,97,-2.76,18.35,16.02
Alex Fisher,Bath City,609,Centre Forward,Left Centre Forward,England,35,190,1,1,1.61,0.16,10,10,60,2,,2.85,2,1.08,8,2,1.08,8,0,0,0,3,2.69,18,0.31,5,3,2,60,5,0,14,15,1,0.81,4,2,80,20,0,21,64.88,35,54,2,3,40,2.37,3.18,5,25,3,38,39,0,73,47.32,17,32,5,66.17,62,85,30,94,1,0,0,158,62,4,31,44,7,6,41,52,-9,61.19,13,2.98,4.45,112,85,5.5,44,5,5,0,8,40,45,2,20,2,40,9,21,64,16,18,73,9,15.76,13.46,1,107,-2.29,15.75,14.41
Alex Fletcher,AFC Telford United,2580,Right Defensive Midfielder,Left Defensive Midfielder,England,29,174,1,1,0.81,0.07,12,8,17,0,,0.88,1,1.93,25,1,1.93,25,0,0,0,2,2.74,37,-0.74,14,8,6,57,26,0,22,13,33,34.83,50,54.33,418,204,0.02,170,36.85,179,398,53,86,76,55.58,90.4,28,32,17,59,41,1,337,310.41,122,101,38,39.75,106,31,45,45,4,0,0,1589,85,147,20,67,85,183,17,80,-5,46.9,198,17.25,18.02,1209,99,4.81,336,17,15,2,4,18,33,1,6,2,50,6,24,67,9,29,69,2,21.25,20.25,0.97,98,-0.99,20.54,19.78
Alex Healy-Byrne,Fylde,2328,Right Back,Right Wing Back,Republic of Ireland,21,,1,1,2.12,0.19,11,9,45,0,,1.35,2,1.17,17,2,1.17,17,0,0,0,3,3.3,28,-0.3,26,19,7,73,29,0,20,22,41,59.08,88,124.18,289,117,0.02,123,33.75,100,302,40,81,74,59.61,118.69,23,32,14,52,28,0,227,328.78,80,47,14,38.45,70,31,30,64,4,0,0,1294,81,89,7,53,108,147,11,69,-11,49.78,126,12.83,13.24,1074,97,4.92,284,12,11,1,4,26,37,1,42,9,35,5,24,61,16,22,62,15,19.97,18.93,0.94,92,-1.04,18.81,17.44
Alex John,Merthyr Town FC,1343,Left Centre Midfielder,Right Centre Midfielder,Wales,25,170,0,0,0.65,0.05,13,0,8,1,,0.01,1,1.24,11,1,0.62,9,0,0.63,2,1,1.9,24,-0.9,7,4,3,57,12,0,19,16,5,5.45,28,35.63,247,133,0.03,80,40.27,64,161,32,37,78,44.31,49.76,21,36,9,37,15,1,194,260.13,53,51,9,43.54,65,34,22,43,6,0,0,701,80,47,14,63,40,63,21,78,-3,48.73,67,5.84,6.22,556,97,4.56,151,12,7,5,0,9,16,0,0,0,0,2,18,69,14,19,70,11,19.1,17.32,0.98,101,-1.78,18.64,17.43
Alex Penny,Kidderminster Harriers,422,Centre Back,Left Centre Back,England,29,185,1,1,0.27,0.07,4,25,50,0,,0.92,0,0.07,1,0,0.07,1,0,0,0,1,0.35,5,0.65,3,3,0,100,2,0,1,2,19,12.05,19,21.21,51,31,0.03,13,29.35,12,51,6,25,67,7.33,19.39,4,0,3,55,12,0,41,47.67,8,5,1,32.92,5,12,2,40,1,0,0,172,72,28,32,62,23,41,9,61,-11,38.09,7,1.64,1.71,109,99,3.96,12,0,0,0,0,11,11,0,,0,,1,29,67,5,33,58,8,27.34,25.54,0.95,87,-1.81,25.94,22.18
Alex Purver,Scarborough Athletic,2761,Left Defensive Midfielder,Centre Defensive Midfielder,England,30,177,1,1,0.3,0.04,7,14,29,0,,0.5,1,2.33,27,0,1.36,19,1,0.98,8,2,2.63,34,-0.63,6,6,0,100,29,0,19,15,52,52.12,95,97.61,883,425,0.02,318,37.68,291,554,128,180,76,127.98,180.11,65,37,40,60,75,0,692,645.89,220,210,69,40.06,200,29,116,55,12,0,0,1183,74,85,15,53,112,142,19,67,-7,51.65,131,10.17,11.09,631,97,3.35,260,31,14,17,2,20,34,0,10,3,19,8,25,64,11,30,63,7,19.66,17.16,0.96,102,-2.51,18.85,17.58
Alex Wiles,Scarborough Athletic,740,Right Defensive Midfielder,Centre Attacking Midfielder,England,29,170,1,1,0.56,0.08,7,14,29,1,,0.9,0,0.61,6,0,0.61,6,0,0,0,1,1.17,13,-0.17,4,3,1,75,4,0,12,8,5,4.15,9,8.93,173,78,0.04,62,43.58,62,111,19,24,79,17.03,21.18,8,55,5,57,12,0,146,115.67,48,44,15,45.01,52,36,26,59,1,0,0,273,81,5,13,33,10,14,15,72,-9,53.04,27,3.31,3.84,211,94,4.07,71,4,3,1,2,18,21,1,0,0,0,3,26,58,16,32,56,11,14.88,12.05,0.96,109,-2.82,14.32,13.12
Alex Wilkie,Hampton & Richmond,550,Right Centre Back,Right Back,England,20,,0,0,0.24,0.12,2,0,50,0,,0.15,0,0.11,2,0,0.11,2,0,0,0,0,0.36,4,-0.36,1,1,0,100,6,0,2,2,5,5.88,34,29.89,80,37,0.04,36,23.27,12,82,11,16,58,11.55,17.43,5,56,8,56,25,0,64,61.39,25,14,4,26.09,4,6,1,7,2,0,0,173,63,13,5,33,41,33,23,49,-14,43.1,8,0.85,0.9,112,96,3.53,16,5,0,5,0,7,7,0,0,0,,1,45,48,7,44,38,19,23.16,19.43,0.86,91,-3.73,19.96,17.72
Alexander Jon Babos,Chesham United FC,1926,Left Defensive Midfielder,Right Centre Midfielder,Wales,27,174,3,2,2.18,0.07,32,6,31,2,100,1.81,0,1.83,24,0,1.63,19,0,0.2,5,2,4.02,56,-2.02,17,11,6,65,17,0,23,22,31,33.82,37,35.23,320,149,0.02,108,45.67,139,272,21,52,68,18.66,52.48,19,38,10,50,31,0,280,276.72,81,86,31,50.44,138,49,52,60,2,0,0,830,64,74,18,36,59,186,16,64,0,51.82,111,7.44,10.17,579,96,4.87,195,34,19,15,3,38,57,3,9,4,20,11,31,59,10,34,55,11,23.19,20.54,0.84,86,-2.65,19.45,17.69
Alfie Jacob Matthews,Dover Athletic,1654,Left Centre Midfielder,Centre Attacking Midfielder,England,24,175,4,2,1.53,0.05,33,6,24,2,100,1.3,2,1.92,22,2,1.15,15,0,0.77,7,4,3.45,55,0.55,15,11,4,73,33,0,19,26,5,3.8,42,28.21,225,90,0.01,65,43.07,108,194,12,17,55,7.39,11.18,22,46,10,37,32,0,191,141.01,50,53,10,48.52,91,48,43,81,3,0,0,473,55,60,8,35,64,151,17,58,3,57.42,74,6.02,7.17,338,91,3.67,118,48,17,31,0,18,35,4,10,6,27,2,34,58,8,47,47,7,26.34,20.94,0.87,86,-5.4,22.84,18.07
Alfie Pavey,Tonbridge Angels FC,983,Centre Forward,Centre Attacking Midfielder,England,30,186,3,3,3.45,0.12,28,11,32,3,,4.37,2,1.16,9,2,1.12,8,0,0.04,1,5,4.62,37,0.38,3,2,1,67,23,0,19,30,4,2.67,15,7.93,158,54,0.03,34,48.04,56,75,4,8,50,2.14,4.81,22,25,4,44,59,0,132,72.87,27,40,7,53.63,80,61,30,75,4,0,0,218,57,11,13,46,22,17,39,50,-7,61.54,25,4.16,6.38,135,84,3.87,66,4,4,0,5,72,76,0,0,1,33,6,29,58,13,26,61,14,17.66,16.41,0.95,92,-1.24,16.75,15.05
Alfie Potter,Oxford City,1279,Right Wing,Left Wing,England,37,170,1,1,0.88,0.15,6,17,50,1,,1.14,0,0.69,9,0,0.69,9,0,0,0,1,1.57,15,-0.57,19,10,9,53,18,0,26,36,6,3.87,13,8.87,355,167,0.01,112,50.59,45,102,29,35,69,23.21,27.08,17,43,13,39,16,0,310,238.33,88,77,23,51.53,162,52,54,70,3,0,1,356,65,12,18,38,16,29,21,47,-18,58.56,38,4.2,4.98,308,90,6.12,113,15,14,1,2,26,40,0,27,5,45,4,21,59,20,17,63,20,17.42,16.17,0.97,105,-1.26,16.9,16.95
Alfie Rutherford,Dorking Wanderers FC,1698,Left Centre Forward,Right Centre Forward,England,27,180,7,7,6.87,0.15,47,15,36,5,,6.84,3,3.36,26,2,3.1,25,1,0.27,1,10,10.23,73,-0.23,19,8,11,42,10,0,43,50,3,4.88,14,19.87,194,49,0.02,60,62.32,51,72,11,14,79,15.47,20.36,12,40,3,47,29,0,171,225.44,50,43,16,65.4,137,80,37,86,1,0,0,344,59,17,16,44,30,23,29,56,-3,68.89,34,6.82,14.03,305,82,6.8,129,13,12,1,12,130,142,0,31,5,36,18,20,64,16,10,67,22,18.19,18.4,0.93,91,0.21,16.95,16.76
Alfie Tuck,Hampton & Richmond,592,Left Defensive Midfielder,Centre Defensive Midfielder,Wales,20,,1,1,0.2,0.05,4,25,75,0,,0.8,0,0.6,8,0,0.31,6,0,0.3,2,1,0.81,12,0.19,8,6,2,75,5,0,4,7,5,4.78,14,9.59,122,69,0.04,36,35.08,43,105,12,17,86,9.32,14.1,10,75,2,58,11,0,100,79.23,30,22,5,38.28,29,29,12,55,1,0,0,284,70,24,80,37,21,58,15,69,-1,48.07,24,1.93,2.05,218,97,4.25,39,6,2,4,0,1,3,0,0,0,0,0,24,67,8,28,67,5,23.52,20.75,0.88,90,-2.77,20.71,18.68
Alfie Williams,Chesham United FC,1980,Left Wing Back,Left Centre Midfielder,England,23,178,0,0,1.25,0.07,17,0,29,1,,0.78,3,3.04,29,3,2.56,25,0,0.47,4,3,4.29,46,-1.29,18,9,9,50,15,0,28,25,16,14.68,29,28,368,174,0,122,46.83,133,249,41,57,68,43.1,57.78,15,43,19,45,30,0,312,291.21,97,104,30,50.62,159,51,84,81,0,0,0,799,61,60,76,34,45,158,20,61,0,55.84,77,8.49,9.85,620,96,5.49,189,42,30,12,6,35,65,2,31,16,33,13,24,62,14,21,61,17,22.35,17.98,0.85,90,-4.37,19.03,16.26
Alfie-John Terence Allen,Tonbridge Angels FC,631,Left Centre Midfielder,Left Defensive Midfielder,England,23,181,1,1,0.21,0.11,2,50,50,1,,0.38,0,0.34,7,0,0.34,7,0,0,0,1,0.55,9,0.45,4,4,0,100,7,0,7,13,14,14.63,15,14.84,125,57,0.01,49,38.64,30,71,15,29,88,14.27,28.9,10,60,2,40,6,0,100,101.46,34,35,8,42.5,31,31,15,43,1,0,0,207,66,18,33,41,20,39,15,72,6,50.79,30,1.32,1.47,145,92,4.45,57,4,4,0,1,3,7,0,25,1,20,0,31,61,9,35,61,4,23.44,22.69,0.86,73,-0.75,20.09,16.49
Ali Omar,Farnborough,364,Left Centre Back,Left Back,England,26,191,0,0,0.36,0.18,2,0,0,0,,0,1,0.41,3,1,0.38,2,0,0.04,1,1,0.77,5,0.23,0,0,0,,11,0,3,1,12,10.36,31,32.32,40,23,0,18,26.98,12,65,8,20,89,7.89,18.25,3,75,1,67,14,1,29,28.12,10,2,1,30.65,4,14,0,0,1,0,0,135,58,18,75,42,37,37,12,55,-3,43.46,10,3.02,3.19,72,97,4.74,11,9,3,6,0,1,4,0,22,3,50,0,47,47,6,45,45,9,26.97,25.74,0.9,97,-1.24,24.19,24.99
Amari Aaron Morgan-Smith,Kidderminster Harriers,1564,Centre Forward,Right Centre Forward,England,37,183,3,2,3.91,0.17,23,9,26,3,100,0.63,1,1.12,11,1,1.12,11,0,0,0,3,5.03,34,-2.03,4,2,2,50,21,0,19,55,4,2.46,16,18.06,339,122,0.02,86,65.15,54,65,10,14,77,10.09,12.55,46,50,3,43,134,0,283,280.46,78,71,31,68.03,235,83,60,85,7,0,0,307,56,6,14,60,18,8,54,54,-2,67.27,17,4.44,7.48,183,77,4.34,102,7,7,0,10,84,91,0,14,3,75,16,25,56,20,13,58,29,13.54,12.75,0.97,99,-0.79,13.2,12.63
Amir Hadi,Farnborough,1132,Left Wing,Right Wing,England,23,187,2,2,1.12,0.07,16,13,19,2,,1.23,3,1.47,12,3,1.43,11,0,0.04,1,5,2.59,28,2.41,54,27,27,50,36,1,38,74,6,5.47,6,5.32,239,97,0.03,76,49.96,54,93,20,26,56,15.3,20.77,22,32,16,27,16,0,197,155.85,56,45,16,51.64,103,52,33,73,2,0,0,309,64,13,20,43,11,25,23,58,-6,62.8,40,3.41,5.44,368,81,6.89,106,10,8,2,2,35,43,2,20,5,19,7,21,62,17,17,63,20,18.67,16.82,0.91,90,-1.85,16.99,15.21
Ammar Dyer,AFC Telford United,2371,Right Back,Right Wing Back,England,22,174,3,3,1.3,0.08,16,19,44,1,,1.79,2,2.38,20,2,2.38,20,0,0,0,5,3.67,36,1.33,36,23,13,64,27,0,51,34,28,29.93,51,55.62,356,165,0.02,149,33.45,86,266,52,80,75,52.65,82.58,20,33,17,54,36,1,285,295.52,103,62,23,36.82,82,29,39,63,3,0,0,1066,78,40,9,37,65,94,14,68,-10,48.64,99,9.76,12.13,940,95,6.65,189,13,13,0,8,33,46,1,46,8,16,9,21,63,15,18,63,19,18.71,17.48,0.92,102,-1.23,17.13,17.78
Andrew Williams,Hereford FC,1627,Centre Forward,Left Centre Forward,England,39,188,6,6,7.3,0.15,49,12,37,7,,6.03,2,2.65,15,2,2.65,15,0,0,0,8,9.95,64,-1.95,12,6,6,50,22,0,18,42,5,4.54,16,13.21,291,119,0.01,73,65.38,48,71,11,16,79,8.41,12.95,10,40,3,38,53,0,270,238.6,65,61,22,69.85,227,84,56,92,2,0,0,259,55,7,28,35,20,16,38,47,-7,64.29,23,6.05,13.92,189,83,5.69,79,12,11,1,7,112,123,0,25,6,55,14,24,66,10,16,80,4,16.62,15.3,0.95,97,-1.32,15.85,14.81
Andy Carroll,Dagenham & Redbridge,1030,Left Centre Forward,Right Centre Forward,England,37,193,6,6,3.47,0.09,38,16,24,3,,3.36,2,2.01,17,2,2.01,17,0,0,0,8,5.49,55,2.51,8,7,1,88,27,0,20,40,4,3.9,28,28.69,151,52,0.01,38,55.09,55,87,8,12,80,6.44,10.34,18,33,2,66,115,1,125,100.79,28,37,12,66.24,107,86,30,81,1,0,0,362,66,18,70,53,38,24,44,62,-4,59.04,34,7.65,9.08,262,85,3.71,101,6,6,0,11,85,91,1,0,3,30,14,26,59,16,24,64,12,17.47,16.57,0.92,98,-0.91,16.07,16.17
Anjola Popoola,Chorley,778,Right Centre Forward,Centre Forward,England,18,185,4,4,3.75,0.17,22,18,23,7,,3.05,1,1.28,5,1,1.28,5,0,0,0,5,5.03,27,-0.03,9,6,3,67,9,0,25,47,4,2.98,0,0,165,57,0.01,40,67.67,23,33,3,7,60,1.98,4.96,8,0,2,10,3,0,157,100.33,36,33,4,68.22,132,84,31,94,1,0,0,94,71,4,34,100,0,4,34,81,10,63.31,9,3.66,5.54,136,72,3.72,35,6,6,0,2,57,63,2,0,0,0,5,17,66,17,17,66,17,14.45,15.79,1.06,94,1.35,15.32,14.83
Anointed Chukwa,Chippenham Town,1399,Right Centre Forward,Centre Forward,England,25,193,2,2,3.6,0.12,30,7,23,4,,2.33,0,1.47,11,0,1.47,11,0,0,0,2,5.08,41,-3.08,11,4,7,36,13,0,28,57,2,2.36,9,9.03,298,116,0,75,63.2,42,66,12,14,67,13.03,15.39,29,17,6,43,57,1,257,279.01,67,65,18,65.61,197,77,57,88,1,0,0,310,67,11,19,79,10,13,43,59,-8,62.96,20,4.49,8.49,271,79,4.13,110,2,2,0,4,63,65,1,50,2,40,11,14,67,20,6,68,25,14.33,12.92,1.02,104,-1.41,14.65,13.38
Ansu Jennah,Slough Town FC,479,Left Defensive Midfielder,Right Defensive Midfielder,Sweden,27,178,0,0,0.12,0.06,2,0,0,1,,0,1,0.19,5,1,0.19,5,0,0,0,1,0.3,7,0.7,9,5,4,56,5,0,10,7,3,2.22,10,7.27,75,36,0.02,30,35.65,39,92,12,15,92,9.29,11.5,5,67,1,56,10,1,61,42.93,20,24,5,42.97,26,43,18,75,0,0,0,149,62,8,10,57,10,14,21,55,-8,48.75,19,1.38,1.75,88,90,6.17,29,1,1,0,1,8,9,1,0,0,0,2,38,56,6,38,62,0,18.36,13.82,0.98,111,-4.54,18.02,15.34
Anthony Dudley,Radcliffe,1213,Centre Attacking Midfielder,Right Centre Forward,England,30,178,1,1,1.91,0.08,23,4,43,3,,1.87,1,1.69,14,0,1.15,12,1,0.54,2,2,3.59,37,-1.59,15,8,7,53,13,1,25,17,9,6.57,13,8.63,195,85,0.01,62,53.87,67,115,17,26,65,14.23,20.8,19,13,9,29,15,0,160,138.43,40,44,14,55.6,94,59,34,77,4,0,0,357,73,19,25,49,18,34,21,70,-3,60.49,41,6.13,7.63,277,93,6.68,131,12,8,4,8,57,65,0,25,4,44,12,19,62,19,20,65,15,19.06,17.52,0.92,101,-1.54,17.61,17.7
Anthony Lynn,Leamington FC,594,Centre Forward,Right Midfielder,England,23,,1,1,0.88,0.18,5,20,40,2,,1,1,0.95,6,1,0.95,6,0,0,0,2,1.83,11,0.17,0,0,0,,8,0,12,17,2,1.05,1,0.47,129,37,0.01,30,65.77,21,30,5,7,83,2.91,3.95,17,0,1,37,26,0,107,63.15,24,37,11,67.62,91,85,34,92,2,0,0,107,59,2,24,50,3,2,38,39,-20,64.67,3,2.68,3.49,61,77,2.92,33,1,1,0,5,24,25,0,0,0,,7,17,68,16,9,64,27,13.62,14.22,0.97,93,0.6,13.17,13.18
Anthony Stewart,Peterborough Sports FC,914,Right Centre Back,Left Centre Back,England,33,183,0,0,0.11,0.06,2,0,0,0,,0,0,0.24,1,0,0.24,1,0,0,0,0,0.35,3,-0.35,6,3,3,50,5,0,3,4,13,14.35,82,101.56,75,22,0.1,52,21.96,19,148,16,29,89,20.21,34.57,4,50,2,75,36,0,55,66.2,26,15,7,28.5,7,13,4,27,1,0,0,379,76,35,9,52,94,55,17,55,-21,34.45,16,2.27,2.29,258,98,3.99,17,2,2,0,0,3,5,0,50,1,100,0,32,64,5,41,53,6,24.44,21.79,0.95,91,-2.66,23.14,19.78
Anthony Weston,Curzon Ashton FC,2138,Right Centre Forward,Right Wing,England,22,170,10,10,6.31,0.1,63,16,37,6,,5.47,2,3.39,19,2,3.39,19,0,0,0,12,9.69,82,2.31,36,20,16,56,13,0,35,64,9,6.3,11,8.82,482,195,0,134,58.6,95,140,16,25,55,13.5,19.8,27,25,13,26,15,0,439,350.04,117,142,49,59.95,302,69,127,89,3,0,0,439,63,24,23,46,17,46,21,56,-8,65.08,47,11.58,16.02,459,88,6.33,162,14,14,0,10,121,135,1,57,17,31,22,17,66,17,15,67,18,18.25,15.53,0.93,102,-2.72,17.01,15.83
Antony Papadopoulos,Maidstone United,1500,Right Wing,Left Wing,England,23,178,2,1,1.84,0.05,35,3,31,3,100,2.53,5,5.06,34,5,4.37,24,0,0.69,10,6,6.9,69,-0.9,26,16,10,62,10,0,29,33,20,20.42,19,20.48,268,130,0.01,90,47.95,88,152,22,42,69,22.79,43.2,20,31,10,56,24,0,226,205.55,72,56,20,50.53,110,49,39,70,1,0,0,503,68,46,14,46,29,89,21,65,-2,65.75,56,8.06,11.85,472,91,6.55,198,35,19,16,13,60,79,1,17,16,31,16,22,59,20,18,58,24,20.88,16.32,0.93,102,-4.57,19.39,16.67
Anuerin Livermore,Merthyr Town FC,834,Left Centre Midfielder,Right Centre Midfielder,Wales,23,,0,0,0.43,0.05,9,0,22,1,,0.03,0,0.24,4,0,0.24,4,0,0,0,0,0.67,13,-0.67,21,14,7,67,16,0,13,23,5,5.56,19,24.62,221,91,0.02,83,40.84,57,141,23,28,56,28.26,33.83,27,26,18,68,13,1,171,217.51,62,59,22,43.44,64,37,34,58,4,0,0,498,70,25,13,33,35,60,19,64,-6,48.32,42,3.52,3.93,397,95,4.07,90,3,1,2,0,7,8,0,0,0,0,0,32,60,8,37,58,6,20.11,18.89,0.85,84,-1.22,17.05,15.95
Aramide Oteh,Dagenham & Redbridge,308,Left Centre Forward,Left Wing,England,27,175,1,1,1.31,0.26,5,20,40,4,,0.73,0,0.12,2,0,0.12,2,0,0,0,1,1.43,7,-0.43,8,4,4,50,5,0,5,14,1,1.49,2,2.54,58,18,0,20,54.88,7,14,5,6,100,5.87,7.35,5,100,0,40,6,0,48,49.19,17,12,5,57.48,30,63,9,75,1,0,0,54,75,4,18,67,2,6,29,59,-16,61.89,7,1.26,2.51,56,84,5.95,23,4,4,0,0,15,19,0,0,0,,1,12,66,22,26,61,13,17.01,11.99,1,95,-5.01,16.96,11.44
Archie Tamplin,Chelmsford City,1502,Left Defensive Midfielder,Right Defensive Midfielder,England,23,178,1,1,2.16,0.1,22,5,32,2,,0.95,1,2.1,13,1,2,12,0,0.09,1,2,4.25,35,-2.25,22,12,10,55,20,0,22,32,17,17.51,24,25.19,331,127,0.04,88,44.98,109,213,43,60,81,43.54,61.05,27,43,10,57,31,0,261,273.41,65,77,22,47.72,118,45,52,68,4,0,0,461,62,36,12,49,33,65,20,56,-6,56.47,50,6.72,8.34,361,91,4.52,121,15,11,4,6,28,39,0,27,5,33,5,27,59,14,19,64,17,20.81,16.81,0.97,100,-4,20.1,16.79
Archy Taylor,Eastbourne Borough,967,Right Wing Back,Left Wing Back,England,22,,1,1,1.27,0.11,12,8,17,1,,0.36,1,0.79,7,1,0.77,6,0,0.02,1,2,2.05,19,-0.05,4,1,3,25,12,0,11,13,7,7.72,14,15.92,198,86,0.01,66,41.69,41,116,20,27,61,21.23,28.95,12,31,13,46,27,0,166,193.84,49,54,14,43.61,67,40,34,63,1,0,0,367,66,26,26,41,18,60,17,54,-12,56.58,37,2.5,3.88,276,96,5.34,102,20,15,5,4,39,54,0,30,9,26,4,28,58,13,25,58,17,21.89,16.55,0.89,87,-5.34,19.53,14.37
Arthur Gnahoua,Southport,2011,Centre Forward,Right Wing,England,33,187,5,5,3.61,0.08,44,11,36,3,,4.48,2,2.72,30,2,2.72,30,0,0,0,7,6.33,74,0.67,50,36,14,72,29,0,68,81,12,15.39,16,17.89,383,134,0.02,107,59.64,93,158,20,32,69,21.7,37.09,14,43,9,36,53,0,349,398.9,82,116,30,63.07,254,73,94,81,1,0,0,505,69,22,64,58,30,24,36,65,-4,62.69,66,7.15,9.18,534,84,8.19,192,17,17,0,11,80,97,0,35,10,29,17,18,64,18,13,68,19,16.25,15.92,0.98,104,-0.32,15.99,16.59
Arthur Penney,Tonbridge Angels FC,2298,Left Centre Back,Centre Back,England,23,181,0,0,0.86,0.09,10,0,10,0,,0.06,0,0.05,2,0,0.05,2,0,0,0,0,0.91,12,-0.91,5,4,1,80,17,0,6,5,39,33.77,168,136.85,233,104,0.07,129,24.27,20,334,29,68,83,25.02,58.79,11,50,6,58,79,0,193,153.64,81,41,20,28.84,23,12,11,27,1,0,0,826,73,86,27,44,193,169,14,54,-18,31.11,43,3.34,3.56,519,100,3.82,48,1,0,1,1,35,35,1,0,0,0,2,33,64,3,48,50,2,25.96,23.05,0.88,88,-2.91,22.95,20.17
Asher Yearwood,Maidenhead United,1762,Right Defensive Midfielder,Right Centre Midfielder,England,28,,0,0,2.26,0.09,24,0,21,1,,1.23,1,2.92,23,1,2.26,18,0,0.66,5,1,5.18,47,-4.18,7,6,1,86,24,1,27,18,17,19.7,43,46.83,374,163,0.05,134,44.75,159,286,43,60,72,50.72,70.42,25,33,17,57,44,0,308,354.93,97,92,30,47.8,143,46,67,73,3,0,0,793,76,34,11,45,51,67,20,70,-6,56.22,76,9.55,11.48,580,96,3.91,249,23,14,9,6,56,70,1,26,9,50,11,24,61,14,24,65,11,17.91,15.48,0.95,94,-2.43,16.93,14.54
Ashley Clarke,AFC Totton,2065,Left Wing,Left Midfielder,England,20,,7,7,5.13,0.1,50,14,42,5,,5.78,6,2.65,21,6,2.65,21,0,0,0,13,7.78,71,5.22,49,21,28,43,26,1,63,86,16,18.28,5,5.05,518,160,0.01,121,58.29,94,137,40,56,78,38.24,56.52,34,44,11,20,12,0,444,433.86,104,147,36,59.84,297,67,131,89,6,0,1,459,63,27,8,54,20,35,28,59,-4,64.25,47,8.27,12.65,505,83,8.36,161,18,18,0,10,99,117,5,33,12,24,19,17,64,19,14,68,18,19.3,19.07,0.99,104,-0.23,19.1,19.8
Ashley Hunter,Marine,1092,Right Wing,Centre Attacking Midfielder,England,30,178,1,1,1.48,0.04,33,3,27,4,,1.82,3,4.32,34,2,2.78,21,1,1.54,13,4,5.8,67,-1.8,19,14,5,74,9,0,14,23,9,4.42,6,3.24,192,81,0.02,42,50.38,66,105,11,20,65,8.43,12.85,12,0,6,30,7,0,169,120.98,41,36,8,52.6,100,59,26,72,2,0,0,327,55,42,17,33,15,117,17,58,3,65.6,36,4.49,6.27,299,91,5.82,117,52,25,27,1,31,56,0,19,14,35,3,24,64,12,27,59,14,25.71,20.06,0.83,78,-5.65,21.44,15.71
Ashley Josiah Hemmings,Dagenham & Redbridge,1403,Right Centre Forward,Centre Attacking Midfielder,England,35,173,5,2,3.2,0.1,33,6,27,3,100,2.58,0,1.89,26,0,1.47,19,0,0.41,7,2,5.09,59,-3.09,14,8,6,57,11,1,20,27,6,4.48,10,5.35,246,111,0.02,58,53.42,61,90,20,26,83,15.32,19.8,18,43,4,39,29,0,208,161.34,53,48,9,56.63,134,64,43,90,0,0,0,350,64,35,86,43,24,68,31,66,3,64.5,41,4.83,7.99,315,89,5.1,109,31,15,16,6,61,76,6,29,12,40,14,17,69,14,19,64,17,21.42,17.71,0.91,96,-3.71,19.52,17.06
Ashley Josiah Hemmings,Kidderminster Harriers,721,Right Midfielder,Right Wing,England,35,173,0,0,2.25,0.1,23,0,30,4,,0.68,1,0.63,6,1,0.63,6,0,0,0,1,2.89,29,-1.89,5,5,0,100,4,0,14,12,2,2.92,7,10.16,109,32,0,32,59.94,26,38,4,6,57,4.76,7.68,13,0,3,50,18,0,92,107.07,28,28,10,62.29,65,71,18,64,0,0,0,205,68,15,87,44,16,25,35,71,3,59.98,26,2.73,4.32,202,88,4.72,61,2,2,0,5,35,37,2,100,4,25,5,18,67,14,15,67,18,21.13,18.95,0.87,94,-2.18,18.45,17.77
Ashton Fox,Peterborough Sports FC,1029,Right Centre Back,Right Back,England,22,192,0,0,0.03,0.03,1,0,0,0,,0,0,0.04,1,0,0.04,1,0,0,0,0,0.07,2,-0.07,3,3,0,100,8,0,2,0,11,10.21,81,71.87,87,33,0.06,60,24.56,28,159,12,23,80,10.17,20.39,12,25,3,75,44,0,63,65.6,29,13,5,31.28,10,16,5,38,3,1,0,357,65,33,11,40,92,72,17,62,-3,40.44,40,3.5,3.5,209,99,6.94,44,3,3,0,0,6,9,0,0,0,0,1,41,52,7,52,45,2,23.92,20.55,0.88,94,-3.37,20.98,19.3
Ashton Mee,Buxton,426,Left Defensive Midfielder,Right Defensive Midfielder,England,20,183,1,1,0.27,0.07,4,25,50,1,,1.22,0,0.19,3,0,0.19,3,0,0,0,1,0.46,7,0.54,1,0,1,0,3,0,6,6,4,3.5,11,10.2,61,33,0,26,45.12,25,51,3,7,60,4.25,7.74,3,0,2,29,4,0,55,65.89,19,11,6,50.41,27,49,8,73,1,0,0,125,73,10,10,59,14,14,16,62,-11,52.28,8,0.24,1.3,98,92,4.79,30,0,0,0,0,8,8,0,,0,0,1,22,63,16,13,63,23,20.88,17.07,0.95,80,-3.81,19.83,13.62
Avan Jones,Enfield Town FC,866,Left Wing Back,Right Back,England,24,179,0,0,1.18,0.08,15,0,7,2,,0.27,0,0.2,4,0,0.08,1,0,0.13,3,0,1.39,19,-1.39,2,1,1,50,3,0,1,12,7,3.94,50,28.52,160,59,0.01,56,31.06,34,91,16,23,73,8.83,12.77,10,43,6,35,9,0,134,71.1,40,28,11,36.9,38,28,18,64,3,0,0,189,46,14,23,23,55,55,14,41,-5,52.75,18,1.27,2.14,115,93,5.47,31,12,4,8,1,20,24,0,33,5,31,2,41,51,7,19,58,23,25.56,18.94,0.84,117,-6.62,21.56,22.17
B. Dolaghan,Worthing FC,2210,Centre Forward,Left Centre Forward,England,21,,20,19,14.85,0.24,61,31,46,5,100,17.84,5,2.33,21,5,2.33,21,0,0,0,24,17.18,82,6.82,26,15,11,58,35,2,48,64,6,9.69,5,6.28,554,188,0.02,167,69.15,78,101,8,14,57,12.1,21.79,16,17,6,24,18,0,531,769.26,159,170,53,69.79,459,86,156,92,1,0,0,448,74,16,27,84,6,18,32,69,-6,61.39,36,12.8,22.75,451,85,5.08,158,8,8,0,19,184,192,1,0,0,0,31,12,66,21,11,68,21,14.17,11.42,1.04,104,-2.76,14.77,11.87
B.Leonard,Enfield Town FC,2727,Right Wing Back,Right Midfielder,England,24,,4,4,1.87,0.07,28,14,32,2,,2.18,4,5.37,38,3,4.65,32,1,0.72,6,8,7.24,66,0.76,22,9,13,41,8,0,19,46,28,20.66,55,36,437,174,0.02,123,41.81,134,276,41,69,71,28.46,49.12,16,36,17,49,39,1,381,244.62,93,91,25,45.43,159,42,68,75,0,0,0,776,49,58,18,34,85,140,18,38,-11,60.85,73,10.57,14.19,574,94,6.94,178,63,43,20,7,52,95,1,48,41,33,9,27,63,10,22,63,14,22.02,20.6,0.93,92,-1.41,20.39,18.94
B.Marsden,Marine,1947,Left Defensive Midfielder,Right Defensive Midfielder,England,23,188,0,0,1.09,0.07,15,0,13,1,,0.83,2,1.83,22,2,1.83,22,0,0,0,2,2.91,37,-0.91,16,10,6,63,31,0,23,28,29,20.35,43,28.9,499,230,0.02,161,45.44,164,302,58,87,74,41.59,61.94,33,31,20,46,51,1,410,300.56,124,128,41,47.41,184,45,86,67,9,0,0,730,62,39,13,33,62,98,25,60,-3,55.75,74,8.24,10.01,489,94,4.3,202,20,19,1,5,42,61,1,15,4,13,5,29,62,9,28,62,10,20.56,18.17,0.89,91,-2.39,18.28,16.5
B.Roscoe,Radcliffe,3338,Right Centre Back,Left Centre Back,England,29,188,4,4,3.88,0.13,30,13,30,0,,4.35,0,0.84,16,0,0.75,14,0,0.09,2,4,4.72,46,-0.72,22,19,3,86,23,0,13,13,42,43.6,215,187.65,478,239,0.07,229,27.28,91,474,81,123,76,65.87,109.47,38,54,26,65,131,1,359,316.58,139,72,31,31.71,69,19,35,49,5,0,0,1199,68,110,6,36,272,245,15,58,-10,44.16,162,10.21,12.35,776,98,5.74,188,16,11,5,1,64,75,0,19,3,43,2,45,49,6,56,37,7,24.11,25.09,0.85,84,0.98,20.57,21.17
B.Williams,Tonbridge Angels FC,2205,Right Back,Left Defensive Midfielder,England,24,175,0,0,0.67,0.08,8,0,25,0,,0.43,0,1.01,11,0,1.01,11,0,0,0,0,1.68,19,-1.68,22,15,7,68,27,0,34,20,28,19.9,103,80.04,381,174,0.03,164,30.79,110,323,63,91,77,50.5,70.39,19,42,19,67,58,1,299,221.54,101,64,21,35.3,77,26,38,59,3,0,0,849,69,79,10,47,122,148,15,57,-12,45.19,124,7.33,7.93,659,96,5.25,171,14,9,5,1,10,19,2,0,2,13,1,36,56,8,45,49,6,22.58,19.66,0.92,92,-2.92,20.73,18.13
Bailey Akehurst,Tonbridge Angels FC,1997,Left Back,Left Wing Back,England,22,178,2,1,1.1,0.08,13,8,31,0,100,1.72,3,3.19,25,3,1.87,11,0,1.32,14,4,4.29,38,-0.29,29,14,15,48,27,0,21,29,42,32.31,101,91.7,397,186,0.02,171,30.34,77,236,49,91,71,41.94,74.25,26,39,20,58,40,1,322,279.43,111,76,20,33.2,83,26,43,57,2,0,0,721,58,83,82,31,129,237,14,48,-10,52.01,88,5.84,7.78,568,94,4.31,139,46,19,27,0,15,34,0,24,13,22,1,40,50,10,35,53,12,25.3,23.17,0.82,92,-2.13,20.7,21.26
Bailey Clements,King's Lynn Town FC,2085,Left Wing Back,Left Back,England,25,188,2,2,2.19,0.13,17,12,29,1,,1.49,3,2.3,23,3,2.21,22,0,0.09,1,5,4.49,40,0.51,21,15,6,71,24,0,11,12,39,48.39,88,117.76,313,133,0.04,109,35.23,94,285,36,75,78,41.7,90.08,20,53,10,63,53,0,257,311.57,74,80,27,41.43,92,36,52,65,2,0,0,890,67,84,79,43,119,165,13,47,-19,53.57,114,9.32,11.49,644,98,4.4,252,36,31,5,6,46,77,1,42,17,31,9,39,50,11,32,52,17,22.98,22.4,0.89,84,-0.58,20.42,18.92
Bailey Gooda,Worksop Town FC,1322,Left Centre Back,Right Centre Back,England,29,178,0,0,0.51,0.13,4,0,25,0,,0.86,0,0.29,5,0,0.29,5,0,0,0,0,0.8,9,-0.8,2,1,1,50,9,0,3,3,13,11.4,85,87.22,117,57,0.05,72,27.91,35,267,18,31,69,15.77,27.17,7,50,8,77,79,0,92,81.33,40,26,9,34.09,15,16,9,35,1,0,0,479,66,64,22,48,103,115,20,53,-14,36.97,37,3.5,4.1,247,99,5.04,45,6,5,1,3,15,20,0,0,1,100,5,40,54,7,58,38,4,27.15,23.33,0.91,98,-3.81,24.7,22.79
Bailey Sloane,Marine,773,Left Back,,England,23,191,0,0,0.08,0.02,4,0,25,0,,0.18,0,0.22,7,0,0.22,7,0,0,0,0,0.3,11,-0.3,6,5,1,83,9,0,3,1,17,17.28,41,35.23,155,72,0.02,63,32.42,33,114,25,42,81,20.24,37.52,8,71,6,61,14,0,122,107.98,39,34,14,37.88,42,34,20,59,2,0,0,233,59,18,78,30,51,50,13,57,-2,50.36,38,1.77,1.98,133,97,5.09,50,11,7,4,0,0,7,0,45,5,31,0,43,51,6,28,60,12,23.63,21.03,0.85,107,-2.6,20.17,22.4
Basil Tuma,Slough Town FC,635,Left Wing,Right Attacking Midfielder,Malta,21,,2,2,1.26,0.11,11,18,45,3,,2.12,0,0.3,6,0,0.3,6,0,0,0,2,1.56,17,0.44,31,16,15,52,19,1,14,36,8,6.28,6,5.54,130,47,0.01,37,53.4,32,63,13,21,76,8.49,14.76,8,20,4,41,18,0,109,79.06,28,25,7,57.06,64,59,19,76,0,0,1,190,64,9,16,56,8,14,27,51,-13,60.89,18,2.4,3.38,192,85,7.72,66,8,8,0,2,24,32,0,13,3,25,2,19,65,15,21,64,15,17.85,13.46,0.99,104,-4.4,17.6,14.02
Bayley Brown,Enfield Town FC,1310,Left Centre Midfielder,Left Defensive Midfielder,England,29,196,1,1,1.41,0.2,7,14,43,1,,1.66,1,0.18,2,1,0.18,2,0,0,0,2,1.59,9,0.41,11,9,2,82,14,0,23,31,15,9.72,34,20.96,264,122,0.03,80,41.09,79,153,22,37,79,14.21,23.93,26,0,6,61,65,0,216,123.7,60,57,17,44.15,87,40,34,60,1,0,0,363,64,9,43,35,39,21,36,59,-5,53.21,34,4.83,5.05,228,89,3.59,82,4,4,0,2,29,33,1,0,0,0,5,34,55,11,30,55,15,17.35,14.72,0.96,103,-2.63,16.65,15.2
Bayley McCann,Peterborough Sports FC,541,Left Wing Back,Left Back,England,20,182,1,1,0.2,0.03,6,17,50,0,,0.42,0,0.38,4,0,0.29,3,0,0.09,1,1,0.57,10,0.43,5,3,2,60,4,0,5,8,13,10.89,18,16.09,143,62,0,46,28.7,21,59,23,36,82,23.09,33.98,10,50,5,70,14,0,110,100.44,34,24,9,31.05,15,14,10,42,0,0,0,164,55,13,65,24,24,48,14,56,1,52.31,26,1.45,1.67,112,93,5.94,33,7,5,2,1,3,8,0,29,2,15,1,37,51,12,21,64,15,25.81,22.03,0.79,95,-3.78,20.49,20.89
Bayley McCann,Alfreton Town,1140,Left Wing Back,Left Wing,England,20,182,1,1,1.28,0.06,23,4,35,3,,1.54,1,1.15,18,1,0.82,12,0,0.33,6,2,2.42,41,-0.42,19,10,9,53,11,0,15,33,8,5.51,29,20.11,242,103,0.01,72,42.28,53,107,28,36,82,16.13,21.64,12,45,6,23,6,0,202,113.18,56,33,12,45.33,83,41,23,70,3,0,0,264,55,29,65,32,34,87,17,63,8,59.83,30,1.61,2.76,233,86,6.44,78,21,8,13,3,28,36,1,14,4,20,6,26,62,13,18,55,27,25.19,18.48,0.86,88,-6.71,21.54,16.27
Ben Beals,Spennymoor Town,1449,Left Centre Back,Right Centre Back,England,22,183,0,0,0,,0,,,0,,0,0,0.1,3,0,0.1,3,0,0,0,0,0.1,3,-0.1,0,0,0,,9,0,3,4,26,20.13,97,85.06,142,60,0.11,82,22.28,30,193,23,49,85,19.06,39.18,8,57,4,60,43,1,111,92.71,44,15,9,25.7,14,13,4,27,1,0,0,476,68,52,67,41,113,111,13,63,-5,34.08,42,1.98,1.98,281,98,3.8,39,4,2,2,0,2,4,0,0,0,0,2,41,53,6,54,44,3,26.97,25.43,0.87,98,-1.53,23.33,24.99
Ben Beresford,Peterborough Sports FC,948,Left Centre Forward,Centre Forward,England,21,188,3,3,3.31,0.25,13,23,31,3,0,2.8,0,0.06,2,0,0.06,2,0,0,0,3,3.37,15,-0.37,11,5,6,45,6,0,13,35,4,4.41,11,12.25,165,53,0.01,55,64.26,44,56,6,10,86,6.61,11.02,6,0,1,47,47,0,154,184.42,51,30,11,68.66,134,87,28,93,3,0,0,210,52,1,17,14,13,5,38,46,-6,61.84,11,5.44,6.08,136,79,3.47,51,2,2,0,2,33,35,0,0,0,0,4,26,58,16,16,65,20,16.33,16.22,0.93,103,-0.12,15.22,16.65
Ben Chapman,Ebbsfleet United,2878,Left Wing Back,Centre Attacking Midfielder,England,27,175,4,4,2.27,0.04,54,7,33,2,,3.39,4,4.19,37,4,3.97,36,0,0.22,1,8,6.46,91,1.54,50,28,22,56,59,0,50,59,14,15.42,45,53.81,561,228,0.01,189,45.22,185,340,58,72,69,70,85.42,26,39,26,38,29,1,481,538.85,150,110,39,48.59,214,44,71,65,5,0,0,1364,64,110,25,40,97,221,19,59,-5,60.42,170,15.81,19.83,1197,93,5.52,469,63,51,12,5,87,138,6,48,40,27,9,27,60,13,23,62,15,21.19,19.72,0.88,85,-1.47,18.56,16.74
Ben Coker,Ebbsfleet United,1628,Left Wing Back,Centre Attacking Midfielder,England,36,180,0,0,0.62,0.09,7,0,14,0,0,0.13,2,1.75,23,2,1.32,16,0,0.43,7,2,2.37,30,-0.37,6,4,2,67,16,0,12,8,7,7.6,36,41.61,190,81,0.01,59,35.53,56,159,21,28,78,25.09,32.69,14,54,6,57,24,1,156,176.96,41,31,8,38.82,48,31,16,52,6,1,0,685,73,53,76,39,49,124,12,62,-11,57.55,73,4.52,5.82,578,98,3.56,210,46,26,20,5,38,64,1,24,12,22,9,27,58,14,30,51,20,20.06,17.01,0.88,94,-3.05,17.73,15.93
Ben Collins,Southport,760,Left Back,Left Centre Midfielder,England,22,191,1,1,0.08,0.03,3,33,33,0,,0.88,0,0.04,1,0,0.04,1,0,0,0,1,0.11,4,0.89,24,17,7,71,12,0,12,12,13,13.99,20,24.16,155,76,0.01,51,34.83,24,79,16,29,64,17.05,31.04,13,40,9,59,10,1,126,146.82,36,37,11,38.03,38,30,20,54,2,0,0,323,73,17,77,47,25,31,16,65,-8,49.31,29,1.12,1.14,296,95,6.09,62,4,4,0,0,5,9,0,25,2,18,2,30,57,12,29,52,19,18.37,16.11,0.9,100,-2.26,16.61,16.05
Ben Darby,Curzon Ashton FC,2551,Right Centre Midfielder,Right Defensive Midfielder,England,22,,3,3,2.48,0.1,24,13,38,1,,3.4,2,1.65,20,2,1.65,20,0,0,0,5,4.13,44,0.87,8,4,4,50,20,0,19,24,44,32.08,54,39.88,560,258,0.03,185,43.28,146,299,55,99,65,42.01,74.09,36,29,29,50,38,0,470,339.14,141,122,40,46.57,207,44,87,71,9,0,0,721,66,35,8,41,70,70,21,68,2,54.32,80,6.91,10.43,472,94,4.56,191,20,19,1,4,48,67,0,25,6,33,7,30,56,14,21,63,15,19.65,17.46,0.91,99,-2.19,17.87,17.23
Ben Hedley,Darlington,2035,Right Back,Right Centre Back,England,27,178,1,1,0.43,0.03,14,7,14,1,,1.3,2,1.94,16,2,1.94,16,0,0,0,3,2.37,30,0.63,10,7,3,70,2,0,13,11,28,25.47,100,100.51,255,104,0.02,104,28.36,85,296,35,63,69,38.39,63.85,10,36,16,63,50,1,210,218.78,70,44,14,32.61,47,22,26,59,2,0,0,894,67,92,10,38,134,206,16,57,-10,50.24,126,9.5,11.25,644,98,4.58,191,28,26,2,1,5,31,1,43,13,24,2,36,57,8,32,59,8,24.78,20.92,0.86,88,-3.87,21.37,18.38
Ben Isaacson,Bedford Town,446,Right Back,Left Back,England,21,,0,0,0.22,0.22,1,0,0,0,,0,0,0.19,2,0,0.19,2,0,0,0,0,0.41,3,-0.41,4,2,2,50,4,0,4,3,11,6.93,13,10,81,32,0.04,30,25.45,7,57,10,21,77,4.72,11.64,3,40,3,60,12,0,68,40.5,21,14,2,28.26,10,15,6,43,0,0,0,111,47,11,17,22,20,42,15,29,-18,43.98,16,0.71,0.84,53,98,5.49,17,1,1,0,0,2,3,0,100,1,20,0,52,45,4,53,41,6,28.37,27.86,0.79,68,-0.51,22.35,19.05
Ben Pollock,Spennymoor Town,1596,Right Centre Back,Left Centre Back,England,28,183,0,0,0.33,0.11,3,0,0,0,,0,0,0.16,1,0,0.16,1,0,0,0,0,0.49,4,-0.49,3,2,1,67,8,0,4,3,13,10.74,134,123.17,132,72,0.08,93,24.19,24,222,21,34,72,19.01,29.75,10,43,8,76,84,0,101,88.68,45,25,8,31.65,15,15,6,24,1,0,0,502,66,45,15,36,147,112,17,46,-21,34.57,45,5.3,5.47,295,99,3.8,41,2,2,0,1,13,15,0,0,0,,1,46,51,3,61,39,0,25.82,21.51,0.84,89,-4.31,21.65,19.15
Ben Tompkins,Chelmsford City,2445,Right Centre Back,Centre Back,England,21,179,0,0,1.15,0.08,15,0,20,0,,0.97,0,0.27,3,0,0.27,3,0,0,0,0,1.42,18,-1.42,10,10,0,100,18,0,11,6,38,39.85,219,204.4,301,121,0.06,159,24.73,67,424,47,85,94,48.08,87.93,26,78,3,78,123,1,229,237.62,88,53,21,31.04,36,16,23,43,3,0,0,918,64,76,9,37,248,177,19,52,-13,38.89,81,7.52,8.04,533,98,5.37,88,2,2,0,3,44,46,0,0,0,0,6,48,48,4,48,47,6,24.92,21.25,0.88,86,-3.67,21.82,18.26
Benjamin Grist,Worksop Town FC,442,Right Back,Right Centre Back,England,21,188,0,0,0,,0,,,0,,0,0,0.54,4,0,0.45,3,0,0.08,1,0,0.54,4,-0.54,3,0,3,0,3,0,1,5,5,3.73,16,12.35,67,27,0.05,28,33.78,27,74,8,13,57,4.75,8.48,4,56,6,50,9,0,55,35.52,19,16,7,41.94,21,38,11,69,1,0,0,149,58,12,21,26,19,44,13,62,5,53.51,24,1.45,1.64,101,96,5.38,37,20,7,13,2,3,10,0,40,8,57,1,44,48,8,38,46,16,25,19.91,0.88,96,-5.09,21.96,19.09
Benjamin Jackson,Hampton & Richmond,388,Right Centre Back,Left Centre Back,England,22,190,0,0,0.03,0.03,1,0,0,0,,0,0,0,0,0,0,0,0,0,0,0,0.03,1,-0.03,2,2,0,100,3,0,0,0,4,2.71,20,14.75,60,32,0.03,23,22.17,7,69,7,11,100,5.41,8.12,3,100,0,57,13,0,51,38.73,18,5,1,25.02,4,8,1,20,2,0,0,144,73,2,26,15,22,11,20,59,-14,30.82,1,0.86,0.86,83,100,4.68,1,0,0,0,1,4,4,0,,0,0,1,37,60,3,0,0,100,21.58,19.52,0.89,87,-2.05,19.27,17.05
Benjamin Jackson,Worthing FC,332,Left Centre Back,Right Centre Back,England,22,190,0,0,0.06,0.06,1,0,0,0,,0,0,0.04,1,0,0.04,1,0,0,0,0,0.11,2,-0.11,0,0,0,,1,0,0,1,5,7.8,18,27.33,28,13,0,15,29.96,6,54,2,7,100,3.36,11.16,2,,0,79,15,0,24,38.22,11,5,1,35.21,6,25,4,80,0,0,0,158,86,7,25,70,19,9,12,86,0,36.69,15,1.86,1.86,109,99,6.09,20,2,2,0,1,4,6,0,0,0,,1,29,65,6,50,45,5,19.82,16.76,1,105,-3.05,19.73,17.63
Benjamin Mensah,Peterborough Sports FC,551,Right Wing Back,Right Centre Midfielder,Italy,23,181,0,0,0.18,0.09,2,0,50,1,,0.2,0,0.77,9,0,0.72,7,0,0.05,2,0,0.95,11,-0.95,10,6,4,60,12,0,6,10,8,6.58,10,8.95,127,59,0.03,53,39.88,32,60,16,24,89,13.85,20.43,5,50,2,50,7,0,106,88.11,42,34,15,43.81,45,42,26,76,2,0,0,164,67,13,13,50,11,25,19,77,10,60.73,23,1.59,2.21,122,93,5.84,54,14,11,3,3,10,21,1,36,6,43,3,25,58,17,15,61,24,19.22,14.31,0.93,104,-4.91,17.94,14.88
Berat Jonathan Ustabaşı,Fylde,1413,Left Wing,Right Midfielder,Turkey,32,180,13,13,8.75,0.18,49,27,55,5,,12.19,5,2.1,14,5,2.1,14,0,0,0,18,10.85,63,7.15,43,28,15,65,22,0,48,50,9,11.79,22,28.13,269,105,0.02,67,50.24,49,102,21,30,72,26.98,38.77,25,40,8,47,17,0,223,301.82,52,63,19,54.57,133,60,53,84,0,0,0,389,67,3,16,15,26,16,20,61,-6,64.16,31,8.57,15.07,440,87,7.84,128,8,7,1,10,80,87,0,25,6,19,15,18,53,29,13,40,47,15.62,14.65,0.89,90,-0.97,13.94,13.24
Billy Clifford,Farnborough,1812,Right Defensive Midfielder,Right Centre Midfielder,England,33,170,1,0,1.02,0.05,19,0,26,1,100,0.63,2,1.57,20,2,1.21,13,0,0.36,7,2,2.6,39,-0.6,28,16,12,57,24,0,37,42,30,28.25,27,17.84,343,150,0.02,109,41.91,119,242,37,67,74,28.7,56.95,20,38,13,35,11,0,286,224.74,83,81,26,46.02,126,44,59,73,7,0,0,876,72,80,4,41,44,180,16,74,2,53.76,132,8.24,9.4,786,94,6.8,252,47,31,16,2,24,55,1,15,8,33,5,24,66,10,30,64,6,22.95,18.27,0.9,98,-4.67,20.6,17.9
Billy Fewster,Alfreton Town,1551,Right Wing,Left Midfielder,England,22,178,4,4,2.99,0.15,20,20,35,2,,4.51,2,2.08,17,0,1.09,6,2,0.99,11,6,5.07,37,0.93,9,4,5,44,14,0,33,42,7,2.28,15,7.58,276,127,0.02,58,52.89,61,111,22,29,73,10.99,13.27,19,46,8,34,23,0,235,120.95,50,66,15,55.91,139,59,51,77,0,0,0,323,56,35,17,36,19,94,18,48,-8,64.15,41,3.15,6.14,279,85,7.71,104,30,6,24,5,45,51,0,20,10,24,7,18,58,24,22,44,34,22.81,14.39,0.9,100,-8.42,20.61,14.36
Billy Phillips,Chippenham Town,779,Left Midfielder,Right Midfielder,England,19,175,2,2,2.01,0.1,21,10,48,4,,3.31,0,0.39,8,0,0.39,8,0,0,0,2,2.4,29,-0.4,17,8,9,47,24,0,23,28,2,0.99,9,12.31,128,47,0.02,41,51.86,38,68,10,12,67,10.41,11.41,3,38,5,15,2,0,115,107.92,33,41,10,55.34,63,55,28,68,0,0,0,224,74,4,29,27,12,12,27,71,-3,62.22,11,3.52,4.86,250,88,5.81,82,9,7,2,2,44,51,1,11,3,50,7,17,61,22,16,59,26,16.65,14.15,0.98,101,-2.5,16.39,14.27
Bivish Gurung,Dover Athletic,1180,Left Centre Midfielder,Right Centre Midfielder,England,24,182,0,0,0.56,0.06,9,0,11,2,,0.02,1,0.47,10,1,0.47,10,0,0,0,1,1.03,19,-0.03,8,4,4,50,16,0,18,20,6,4.13,21,14.6,305,122,0.04,110,44.97,81,149,30,36,73,17.13,21.26,12,39,11,50,25,1,263,164.04,86,78,32,47.32,127,48,52,67,0,0,0,283,58,18,20,35,30,42,29,60,2,54.52,30,1.77,2.36,212,90,5.55,66,5,5,0,1,13,18,0,60,3,30,2,34,54,12,27,62,11,21.29,18.56,0.9,92,-2.73,19.16,17.08
Bobby Unwin,Tonbridge Angels FC,429,Right Wing,Left Wing,England,23,180,3,3,0.95,0.09,10,30,40,4,,2.14,0,1.09,4,0,0.9,2,0,0.19,2,3,2.04,14,0.96,10,6,4,60,2,0,7,16,4,5.84,6,7.33,77,25,0,20,44.55,15,31,6,10,86,8.46,14.29,7,75,1,71,5,0,64,69.64,15,16,4,49.46,27,42,9,56,1,0,0,110,59,8,76,47,10,13,26,63,4,61.47,11,1.85,2.77,97,89,6.25,31,4,2,2,2,15,17,1,25,3,33,3,22,65,14,19,68,13,19.29,17.94,0.91,102,-1.35,17.6,18.34
Boyd Beacroft,Farnborough,588,Right Back,Right Wing Back,England,20,,0,0,0.02,0.02,1,0,100,0,,0.3,0,0.69,5,0,0.69,5,0,0,0,0,0.72,6,-0.72,1,1,0,100,8,0,9,5,4,3.43,27,24.76,105,49,0.01,41,27.46,32,69,11,15,73,8.56,11.99,7,50,4,62,16,0,89,61.86,31,13,5,29.51,16,18,5,38,1,0,0,200,66,20,5,41,37,39,13,44,-22,56.57,34,1.69,1.82,153,93,6.15,58,9,6,3,2,5,11,2,0,1,8,4,38,53,9,31,52,17,22.87,22.56,0.88,72,-0.31,20.19,16.23
Bradley Ash,Bath City,2113,Right Centre Forward,Centre Forward,England,30,174,5,5,6.17,0.14,44,11,41,4,,4.77,2,1.29,8,2,1.29,8,0,0,0,7,7.47,52,-0.47,54,20,34,37,34,0,73,110,6,4.06,12,8.82,611,215,0,154,61.43,94,141,25,31,52,14.68,18.75,36,33,23,17,23,0,551,379.94,139,158,50,61.46,382,69,133,84,6,0,0,295,55,5,25,19,18,20,34,55,0,64.57,18,5.79,10.54,402,68,6.19,88,3,3,0,1,107,110,0,0,1,8,6,27,55,18,16,56,28,16.54,16.29,0.86,85,-0.25,14.21,13.87
Bradley Holmes,Curzon Ashton FC,1341,Left Centre Forward,Centre Forward,England,23,186,10,9,7.09,0.14,52,17,50,9,100,7.98,2,0.54,9,2,0.54,9,0,0,0,11,7.63,61,3.37,14,9,5,64,22,1,25,40,6,3.9,17,13.53,274,94,0.01,66,57.06,48,76,17,23,81,11.12,15.02,17,20,4,51,61,0,241,180.03,55,73,19,61.12,168,70,57,78,2,0,0,251,57,6,14,55,20,8,40,51,-6,63.76,19,5.86,9.7,212,81,6.44,83,3,3,0,2,92,95,0,0,1,11,7,21,62,17,17,59,24,15.72,15.38,1.03,98,-0.34,16.17,15.14
Bradley Jackson,Radcliffe,859,Left Wing Back,Right Wing Back,England,29,175,1,1,1.05,0.08,14,7,21,2,,1.03,3,1.66,15,3,1.57,13,0,0.09,2,4,2.71,29,1.29,12,5,7,42,3,0,13,14,10,9.36,19,17.58,121,48,0.01,50,39.82,55,82,12,22,57,8.64,18,14,50,9,45,9,0,95,77.53,31,21,6,43.92,41,43,16,76,1,0,0,270,61,25,13,36,32,56,18,54,-7,62.84,46,4.03,4.97,230,91,8.1,94,16,11,5,6,28,39,0,25,9,26,6,35,52,13,33,45,22,22.05,23.15,0.87,78,1.1,19.25,17.96
Brandon Haunstrup,AFC Totton,950,Left Back,Left Centre Back,England,29,172,2,2,0.76,0.06,12,17,33,1,,1.15,1,1.12,13,0,0.7,7,1,0.42,6,3,1.88,25,1.12,5,3,2,60,5,0,5,8,7,7.91,24,25.41,96,41,0.02,43,25.56,46,122,15,22,88,14.5,22.41,5,67,2,45,10,0,76,56.94,30,13,2,28.26,13,17,8,62,3,1,0,432,74,60,82,55,38,95,17,74,0,47.42,64,4.48,5.22,358,98,5.18,111,16,11,5,4,15,26,0,38,8,38,5,35,52,13,36,50,14,23.75,20.4,0.92,94,-3.35,21.87,19.19
Brandon Lee,Macclesfield Town,417,Left Back,,England,26,,0,0,0,,0,,,0,,0,0,0.12,2,0,0.12,2,0,0,0,0,0.12,2,-0.12,2,1,1,50,2,0,4,1,3,5.02,23,34.81,52,21,0.02,27,28.38,13,51,10,13,77,15.85,20.86,4,40,3,50,6,0,38,51.87,15,6,2,31.03,8,21,4,67,3,0,0,203,72,11,88,37,24,29,11,50,-22,52.44,24,1.08,1.2,171,97,5,55,1,1,0,1,2,3,0,100,2,20,1,32,55,13,27,47,25,19.77,15.48,0.87,115,-4.29,17.26,17.86
Brandon Leroy Pierrick Keutcha,Tonbridge Angels FC,431,Left Wing,Left Midfielder,England,24,182,1,1,0.08,0.04,2,50,50,1,,0.16,0,0.41,4,0,0.41,4,0,0,0,1,0.49,6,0.51,11,4,7,36,4,0,10,13,4,2.67,2,0.56,58,26,0,24,41.15,14,39,8,12,73,8.49,11.17,1,40,3,60,3,1,49,48.92,19,15,4,42.55,18,37,8,53,0,0,0,104,75,5,13,71,2,7,30,75,0,56.15,11,1.14,1.47,87,91,5.64,34,4,4,0,2,4,8,0,0,0,0,4,16,70,13,24,62,15,16.77,13.63,1.03,105,-3.14,17.32,14.33
Brandon Smalley,Merthyr Town FC,716,Left Wing,Right Centre Forward,England,28,,2,2,0.86,0.09,10,20,30,3,,1.42,1,0.82,8,1,0.82,8,0,0,0,3,1.68,18,1.32,8,5,3,63,6,0,14,16,4,5.91,7,9.26,121,39,0.02,31,57.14,21,33,3,7,60,3.25,9.17,6,0,2,22,4,0,112,149.74,27,29,6,60.84,75,67,19,66,0,0,0,138,64,5,21,36,10,11,31,58,-6,59.49,12,1.97,2.87,132,86,4.96,47,5,5,0,2,21,26,1,20,2,29,4,19,63,18,9,77,15,16.35,14.46,0.93,89,-1.89,15.2,12.84
Brayden Daniel,Oxford City,338,Right Wing,Right Midfielder,England,19,,0,0,0.51,0.17,3,0,33,2,,0.36,1,0.62,4,1,0.62,4,0,0,0,1,1.13,7,-0.13,5,4,1,80,3,0,8,7,3,2.16,5,3.69,84,43,0,20,43.58,9,30,9,12,75,6.2,8.36,6,50,3,14,1,0,69,62.6,18,24,3,46.54,27,39,18,75,1,0,0,87,63,1,85,14,6,6,26,57,-7,52.39,5,0.62,1.54,82,88,6.4,21,1,1,0,2,8,9,0,0,0,0,2,21,59,20,29,48,24,16.09,13.54,0.87,93,-2.55,14.05,12.63
Brendan Kiernan,Hampton & Richmond,654,Left Centre Forward,Centre Attacking Midfielder,England,33,175,2,2,1.94,0.13,15,13,40,3,,1.95,0,0.29,4,0,0.29,4,0,0,0,2,2.23,19,-0.23,13,8,5,62,5,0,10,33,4,3.4,2,1.8,107,20,0,30,58.65,37,55,3,7,75,2.46,5.86,7,0,1,32,6,0,97,90.97,27,31,11,61.44,68,70,26,84,0,0,0,155,66,4,37,50,4,6,31,58,-8,63.35,15,2.9,3.13,156,82,5.36,57,4,4,0,4,33,37,0,25,1,11,6,16,63,20,19,61,19,14.3,12.62,0.9,95,-1.68,12.86,11.99
Brennan Camp,Dorking Wanderers FC,2774,Right Centre Back,Right Back,Scotland,25,185,6,6,5.24,0.15,36,17,56,1,,7.86,4,3.21,23,4,3.21,23,0,0,0,10,8.45,59,1.55,13,7,6,54,37,0,29,27,44,57.41,124,152.44,447,177,0.05,186,33.97,122,444,65,109,77,79.72,137.14,56,41,19,59,91,2,329,405.84,127,87,30,39.18,104,32,51,59,8,0,0,1252,68,125,7,45,147,252,13,55,-13,43.98,160,13.91,17.86,854,96,5.18,212,33,27,6,5,86,113,1,36,16,32,11,45,47,7,39,46,15,23.29,18.84,0.92,97,-4.46,21.51,18.36
Brian Nelson,Slough Town FC,739,Left Defensive Midfielder,Right Defensive Midfielder,England,,,0,0,0.09,0.03,3,0,0,1,,0,0,0.63,4,0,0.63,4,0,0,0,0,0.72,7,-0.72,5,3,2,60,5,0,6,12,15,9.45,15,11.62,199,94,0.03,64,41.48,67,141,22,37,79,17.64,27.09,16,38,6,32,7,0,161,131.79,53,54,18,44.4,69,43,40,74,1,0,0,244,64,7,19,23,20,26,20,60,-3,48.8,15,1.9,2.13,147,95,4.18,41,6,6,0,1,4,10,2,17,1,25,0,36,57,7,34,63,2,20.96,17.48,0.88,85,-3.48,18.39,14.85
Brody Peart,Tonbridge Angels FC,1383,Right Wing,Right Attacking Midfielder,England,21,,5,5,2.36,0.09,27,19,48,3,,3.66,2,0.84,10,2,0.83,9,0,0.01,1,7,3.21,37,3.79,41,24,17,59,14,0,22,52,11,8.73,10,9.82,305,137,0.02,97,48.38,48,92,23,34,70,18.08,26.8,25,44,10,40,23,0,259,238.6,78,62,20,50.45,133,51,46,74,1,0,1,299,53,17,18,35,20,39,21,48,-5,61.85,38,4.18,5.8,298,85,7.14,80,12,12,0,3,29,41,0,58,10,27,5,25,59,16,25,57,18,20.76,20.95,0.91,83,0.19,18.94,17.29
Byron Wilson,Oxford City,346,Left Back,Right Centre Back,England,20,,0,0,0,,0,,,0,,0,0,0.04,1,0,0.04,1,0,0,0,0,0.04,1,-0.04,1,1,0,100,3,0,2,2,2,2,10,12.39,51,20,0.04,20,23.96,4,31,9,11,90,9.01,11.01,6,75,1,53,8,0,36,36.66,10,6,1,24.87,3,8,1,17,1,0,1,109,67,6,11,43,11,13,18,54,-13,44,7,0.74,0.78,83,98,3.06,12,0,0,0,0,0,0,0,,0,0,0,41,48,12,33,50,17,20.28,11.36,0.92,107,-8.92,18.6,12.11
C.Cook,Horsham FC,1613,Centre Attacking Midfielder,Right Centre Midfielder,England,26,182,4,4,5.93,0.17,35,11,46,3,,3.77,1,2.04,19,1,2.04,19,0,0,0,5,7.97,54,-2.97,31,16,15,52,32,0,48,62,17,15.65,18,17.26,520,242,0.01,167,50.14,109,184,55,72,73,53.02,68.67,37,20,20,43,44,0,428,414.4,120,115,33,51.64,212,50,81,70,7,0,0,497,67,32,17,51,29,52,27,65,-2,58.8,60,8.78,11.43,430,85,6.19,156,17,16,1,5,78,94,1,18,6,29,15,25,65,11,20,69,12,19.17,16.36,0.97,103,-2.81,18.68,16.91
Caden Kelly,South Shields,907,Left Midfielder,Left Wing,England,22,182,4,4,1.08,0.05,22,18,36,3,,1.79,1,1.47,15,1,0.83,11,0,0.64,4,5,2.55,37,2.45,26,15,11,58,6,0,23,34,6,9.68,7,10.63,140,65,0.01,39,50.24,27,55,15,21,68,24.24,33.92,7,33,7,38,3,0,118,188.23,30,32,11,53.41,71,60,28,88,1,0,0,277,65,32,12,44,14,66,17,71,6,61.17,33,2.75,3.61,286,86,7.13,88,16,8,8,3,28,36,1,19,5,20,7,11,66,23,16,52,32,23.57,18.82,0.87,92,-4.75,20.6,17.41
Cain Sykes,South Shields,2030,Right Back,Right Defensive Midfielder,England,23,178,1,1,0.49,0.06,8,13,63,0,,0.26,2,3.35,25,2,3.35,25,0,0,0,3,3.84,33,-0.84,7,5,2,71,10,0,15,10,16,24.6,64,97.66,196,79,0.03,94,34.16,79,196,26,42,76,39.45,64.06,10,54,8,53,35,0,160,247.11,65,45,13,39.05,46,29,22,49,2,0,0,1319,84,91,10,63,80,128,13,67,-17,50.15,156,15.32,16.6,1104,99,4.73,316,32,29,3,4,33,62,1,31,11,33,8,22,62,16,32,54,14,19.19,16.82,0.97,100,-2.37,18.52,16.74
Caine Bradbury,Chippenham Town,1796,Left Midfielder,Right Midfielder,England,25,175,3,3,2.62,0.1,27,11,48,1,,3.5,3,3.06,38,1,1.88,25,2,1.18,13,6,5.68,65,0.32,22,13,9,59,19,0,25,38,8,9.95,17,17.52,400,175,0.01,121,45.23,85,171,50,58,69,51.92,61.87,20,36,22,26,15,1,330,382.24,87,113,28,47.54,159,48,82,73,2,0,0,727,71,54,15,37,31,131,21,72,1,59.89,85,10.58,12.03,607,94,4.35,230,54,24,30,12,58,82,1,26,18,38,18,17,66,17,20,66,14,21.3,16.61,0.87,90,-4.69,18.46,14.87
Callum Adebiyi,Chesham United FC,2133,Left Centre Back,Left Back,England,32,191,4,4,2.2,0.1,21,19,33,0,,1.58,0,0.15,3,0,0.15,3,0,0,0,4,2.35,24,1.65,3,2,1,67,18,0,14,11,16,16.31,146,155.46,247,122,0.05,138,25.6,49,314,23,39,79,25.44,41.75,19,58,6,66,96,0,205,212.69,81,45,15,31.49,44,21,23,51,6,0,1,986,69,85,75,38,183,189,14,57,-12,37.35,98,7.95,8.81,676,98,5.02,104,8,6,2,2,54,60,0,0,1,13,5,44,53,3,48,47,5,24.6,25.56,0.87,84,0.96,21.36,21.52
Callum Dolan,Torquay United,855,Left Wing,Left Defensive Midfielder,England,25,,3,2,1.55,0.05,33,6,27,5,100,1.49,3,1.85,14,3,1.72,13,0,0.14,1,5,3.4,47,1.6,34,21,13,62,21,1,28,32,5,5.21,12,15.88,173,82,0.03,57,47.36,43,74,15,20,63,18.81,24.02,13,33,9,37,11,1,145,166.87,48,34,12,50.19,71,49,27,79,3,0,0,288,67,17,16,40,17,38,23,54,-13,60.85,35,3.74,5.27,329,86,7.54,100,13,10,3,3,36,46,1,46,8,24,1,23,62,15,23,61,16,20.52,17.95,0.9,96,-2.58,18.46,17.19
Callum Ebanks,Buxton,482,Centre Forward,Right Centre Forward,England,23,186,0,0,1.32,0.13,10,0,20,5,,0.76,1,0.78,5,1,0.78,5,0,0,0,1,2.1,15,-1.1,2,0,2,0,1,0,12,15,1,1.54,7,9.23,87,29,0,17,60.67,8,12,1,2,100,1.4,2.94,10,,0,52,14,0,76,99.77,16,20,8,65.01,62,82,20,100,1,0,0,71,63,2,19,29,11,3,47,60,-3,65.55,5,1.11,3.08,66,70,4.6,26,0,0,0,2,29,29,0,,2,40,4,13,68,19,12,69,19,18.11,15.43,0.97,98,-2.68,17.6,15.04
Callum Ebanks,Bedford Town,803,Right Centre Forward,Left Centre Forward,England,23,186,3,3,2.84,0.16,18,17,44,5,,2.12,0,0.22,7,0,0.22,7,0,0,0,3,3.06,25,-0.06,5,3,2,60,5,0,14,32,2,0.7,7,2.46,140,51,0.01,31,59.06,31,50,3,5,50,1.99,2.69,15,0,3,43,36,0,122,64.46,29,24,9,62.71,89,73,20,83,2,0,0,151,52,3,12,33,12,4,46,51,-1,67.18,16,1.23,3.77,127,76,5.93,47,5,5,0,0,41,46,0,0,0,0,6,23,68,9,15,72,13,16.24,16.98,0.96,98,0.74,15.55,16.6
Callum Edwards,Southport,989,Right Back,Left Midfielder,England,19,,0,0,0.49,0.05,10,0,50,1,,0.61,0,0.23,8,0,0.23,8,0,0,0,0,0.72,18,-0.72,10,4,6,40,2,0,12,16,2,2.74,44,46.65,142,57,0.02,57,30.23,26,115,23,25,64,22.88,25.62,5,33,13,59,10,1,114,135.75,40,26,6,34.53,29,25,12,46,2,1,0,407,67,29,8,27,59,92,15,62,-6,53.61,67,2.7,3.05,351,95,6.17,121,9,6,3,1,11,17,0,22,2,12,3,40,50,10,36,54,11,24.28,24.13,0.79,83,-0.14,19.19,20.13
Callum McFadzean,Radcliffe,1641,Left Centre Back,Left Wing Back,Scotland,32,181,0,0,0.22,0.07,3,0,33,0,,0.85,1,0.73,12,1,0.47,8,0,0.26,4,1,0.95,15,0.05,6,4,2,67,15,1,13,15,22,22.02,62,55.99,233,112,0.09,115,29.94,53,204,34,56,67,34.74,56.76,22,52,17,62,39,0,179,181.16,72,49,16,35.39,48,27,25,51,4,0,0,556,66,60,80,38,81,138,15,52,-13,49,77,4.17,4.58,387,96,5.04,109,14,8,6,3,15,23,0,21,3,20,4,44,52,5,50,43,6,25.23,21.93,0.85,100,-3.3,21.44,21.96
Callum McFarlane,Oxford City,336,Centre Attacking Midfielder,Centre Forward,England,22,185,0,0,0.89,0.13,7,0,29,3,,0.49,0,0.14,2,0,0.14,2,0,0,0,0,1.03,9,-1.03,5,4,1,80,2,0,1,11,1,0.86,0,0,104,27,0.03,23,60.85,6,15,4,5,67,3.62,4.48,4,0,2,41,21,0,98,100.52,21,33,10,62.58,71,72,28,85,1,0,0,106,66,3,38,100,1,2,38,65,-1,58.69,8,0.59,1.43,79,90,2.87,34,3,3,0,1,18,21,0,0,0,,1,17,57,26,12,50,38,14.51,13.78,1.05,115,-0.73,15.27,15.9
Callum Ryan-Phillips,Merthyr Town FC,3145,Left Centre Back,Right Centre Back,Wales,22,,1,1,0.54,0.09,6,17,17,0,,0.08,0,0.69,8,0,0.69,8,0,0,0,1,1.23,14,-0.23,11,10,1,91,35,0,11,6,20,27.74,182,228.07,310,132,0.08,175,21.67,37,377,37,57,70,47.7,75.44,20,36,16,53,82,0,253,325.59,103,58,20,27.6,31,12,13,22,3,0,0,1918,89,93,15,57,194,151,12,71,-18,31,88,14.8,15.17,1580,99,6.32,112,5,5,0,5,24,29,0,0,0,0,6,24,71,4,32,59,9,20.73,17.58,0.96,96,-3.16,19.93,16.91
Callum Tripp,Bedford Town,541,Right Back,Right Defensive Midfielder,England,19,190,1,1,0.2,0.07,3,33,33,1,,0.76,1,0.41,2,1,0.41,2,0,0,0,2,0.61,5,1.39,6,6,0,100,1,0,4,6,14,5.86,18,6.61,105,50,0.01,36,35.47,32,78,17,31,65,8.48,14.33,2,40,9,73,11,0,86,37.05,20,15,1,37.94,26,30,11,73,0,0,0,154,65,6,13,30,19,19,13,65,1,51.69,18,1.29,1.74,107,93,5.78,35,1,1,0,2,6,7,1,0,1,14,2,33,58,9,29,60,11,19.85,13.37,0.87,122,-6.48,17.21,16.3
Callum Wood,Chippenham Town,675,Left Centre Back,Centre Back,Wales,23,,1,1,0.76,0.19,4,25,50,0,,0.98,0,0.57,3,0,0.57,3,0,0,0,1,1.33,7,-0.33,2,2,0,100,4,0,3,0,6,3.83,39,34.94,51,21,0.09,31,23.1,10,97,7,13,88,6.75,10.59,4,0,1,67,20,1,42,35.25,21,9,3,28.75,5,12,3,33,2,0,0,346,76,33,97,43,44,72,9,63,-14,34.81,28,2.96,3.03,265,100,5.96,26,3,2,1,1,8,10,1,0,0,,1,37,60,3,77,19,4,25.64,19.72,0.88,78,-5.92,22.52,15.32
Callum Wood,Weston-super-Mare AFC,1217,Left Centre Back,Left Back,Wales,23,,0,0,0.33,0.11,3,0,0,0,,0,0,0.2,3,0,0.2,3,0,0,0,0,0.53,6,-0.53,8,7,1,88,7,0,8,3,30,22.18,73,68.44,125,53,0.03,66,26.09,27,168,22,52,85,17.25,39.43,6,50,4,63,38,2,97,83.06,39,18,5,28.83,17,18,8,44,3,1,0,451,65,41,87,38,84,98,14,54,-11,42.02,51,3.77,4.19,301,99,6.26,58,1,1,0,0,5,6,3,100,1,11,0,44,50,6,45,43,12,25.35,21.74,0.84,95,-3.61,21.3,20.55
Cameron Borthwick-Jackson,Macclesfield Town,403,Left Centre Back,Left Back,England,29,183,0,0,0.04,0.04,1,0,0,0,,0,0,0.06,3,0,0.06,3,0,0,0,0,0.1,4,-0.1,2,1,1,50,0,0,1,1,4,2.2,13,10.9,28,13,0.04,16,20.77,10,50,4,8,100,4.25,6.45,2,,0,57,13,0,23,27.15,9,5,1,25.63,2,9,1,20,1,0,0,151,79,24,85,60,14,39,12,86,7,42.67,16,2.86,2.87,102,98,5.43,22,3,3,0,0,2,5,0,33,2,40,0,30,68,3,9,86,5,26.35,17.13,0.91,93,-9.23,24.03,15.96
Cameron Salkeld,Spennymoor Town,813,Right Wing,Right Wing Back,England,27,183,2,2,1.71,0.11,15,13,33,2,,1.45,1,1.42,11,1,1.42,11,0,0,0,3,3.13,26,-0.13,8,5,3,63,10,0,14,19,2,1.68,4,3.71,210,111,0.01,73,42.51,21,45,20,22,71,16.73,18.4,7,11,8,23,5,0,183,150.15,53,39,14,43.86,73,40,27,69,3,1,0,224,70,12,34,43,8,24,20,65,-5,62.21,26,3.72,5.02,210,91,5.55,82,11,11,0,4,42,53,1,45,7,29,6,19,59,21,10,63,27,18.98,17.93,0.93,98,-1.05,17.7,17.57
Camron Gbadebo,Eastbourne Borough,1330,Right Centre Back,Centre Back,England,23,192,0,0,1.33,0.15,9,0,22,0,,0.61,0,0.02,2,0,0.02,2,0,0,0,0,1.35,11,-1.35,8,7,1,88,11,0,11,6,33,34.45,131,140.75,193,81,0.07,76,25.33,41,236,35,68,95,39.98,74.42,10,60,2,62,63,0,148,170.58,48,34,11,29.28,23,16,14,41,1,0,0,609,73,57,11,48,150,99,14,65,-8,38.3,42,2.82,4.37,423,98,5.16,55,3,3,0,0,20,23,0,67,2,29,0,36,60,4,53,44,4,25.31,24.23,0.93,91,-1.08,23.41,21.96
Camron Gbadebo,Salisbury,1609,Left Centre Back,Right Centre Back,England,23,192,0,0,0.41,0.04,11,0,27,0,,0.41,0,0.57,3,0,0.57,3,0,0,0,0,0.99,14,-0.99,7,6,1,86,19,0,11,4,18,19.46,142,147.18,161,75,0.07,92,22.91,42,260,17,35,89,21.73,41.19,16,75,2,68,72,2,128,139.27,66,31,19,28.55,16,13,6,19,2,0,0,796,78,63,13,46,171,108,14,56,-22,36.7,57,4.28,4.33,629,99,6.33,69,2,2,0,2,21,23,3,0,1,100,2,31,65,4,49,51,0,24.1,24.98,0.9,81,0.88,21.73,20.16
Canice Carroll,Chippenham Town,1470,Left Centre Back,Right Centre Back,Republic of Ireland,27,182,2,2,1.49,0.11,13,15,54,0,,2.17,0,0.13,4,0,0.13,4,0,0,0,2,1.62,17,0.38,9,9,0,100,26,0,10,8,9,10.98,65,71.9,174,82,0.05,97,28.55,36,225,29,38,81,35.32,46.3,15,42,7,54,35,0,130,158.56,59,32,12,35.65,34,26,16,50,4,1,0,790,80,83,15,53,80,141,11,57,-23,34.47,51,7.34,8.05,623,99,4.95,66,8,8,0,0,26,34,0,13,2,33,0,35,61,4,48,50,2,24.94,23.55,0.91,97,-1.38,22.62,22.73
Carl Mensah,Bedford Town,528,Right Centre Back,Centre Back,England,30,,2,2,0.61,0.09,7,29,29,0,,0.95,1,0.01,1,1,0.01,1,0,0,0,3,0.62,8,2.38,2,2,0,100,5,1,1,2,3,1.48,38,24.13,57,25,0.05,32,18.65,14,69,8,11,89,3.3,4.78,7,67,1,79,30,0,42,21.28,18,4,2,21.97,4,10,2,50,2,1,0,125,53,12,12,36,38,33,21,52,-1,35.85,6,1.36,1.39,63,97,4.12,7,0,0,0,2,15,15,0,,0,,2,38,61,2,43,57,0,27.01,17.84,0.9,91,-9.17,24.44,16.23
Cawley Cox,Merthyr Town FC,1703,Right Centre Forward,Left Centre Forward,England,21,,8,8,7.81,0.17,47,17,47,5,,9.02,4,2.62,20,4,2.62,20,0,0,0,12,10.43,67,1.57,38,17,21,45,14,1,31,71,4,5.51,16,20.35,412,141,0.01,108,62.04,57,85,14,18,50,16.35,21.86,15,13,14,27,14,1,383,470.26,95,114,24,64.55,276,72,93,82,3,0,0,308,69,11,23,42,19,23,25,72,3,59.41,29,11.48,16.32,342,84,5.01,98,11,11,0,6,88,99,2,27,6,29,11,15,68,17,15,72,12,17.13,15.17,0.94,100,-1.95,16.11,15.16
Cedric Julien Main,Darlington,2384,Left Centre Forward,Right Centre Forward,Suriname,28,180,14,12,11.12,0.14,79,15,43,6,100,12.57,5,5.41,46,5,5.41,46,0,0,0,17,16.53,125,0.47,28,20,8,71,27,0,54,90,4,3.79,1,1.44,382,96,0.01,87,66.19,67,97,15,19,79,15.16,18.95,23,33,4,39,46,0,344,338.39,79,115,32,66.52,268,78,99,86,1,0,0,500,68,26,18,53,16,34,34,67,0,67.6,45,14.61,26.04,535,86,6.11,216,29,29,0,16,192,221,3,28,18,46,39,14,69,17,13,70,18,17.2,14.9,0.96,97,-2.3,16.45,14.47
Cedwyn Scott,South Shields,2438,Left Centre Forward,Centre Forward,England,27,178,16,16,12.09,0.17,71,23,39,5,,13.86,5,5.14,33,5,5.1,32,0,0.04,1,21,17.23,104,3.77,43,28,15,65,60,0,47,56,6,7.78,4,6.6,288,119,0.01,89,63.34,67,108,11,17,69,17.03,24.81,12,20,5,27,9,0,266,403.51,80,76,29,64.9,211,79,64,84,2,0,0,545,70,38,15,52,20,57,22,66,-3,59.02,94,14.04,26.56,593,92,5.4,194,23,22,1,11,154,176,7,17,4,22,19,24,60,16,27,59,13,18.99,17.81,0.96,98,-1.17,18.25,17.41
Chae Whitman-Brown,Worksop Town FC,678,Right Wing,Right Midfielder,England,,,0,0,0.85,0.11,8,0,50,3,,0.2,1,0.8,9,1,0.79,8,0,0.01,1,1,1.65,17,-0.65,5,2,3,40,4,0,20,21,2,1.24,0,0,123,49,0,44,58.39,29,46,10,12,59,10.05,11.3,5,13,7,21,4,0,108,101.82,35,27,8,59.41,68,63,24,89,2,0,0,137,58,10,13,53,5,14,30,58,0,67,16,2.17,3.16,116,83,7.91,51,10,9,1,2,24,33,0,60,9,35,5,18,61,21,12,63,25,20.78,18.39,0.97,118,-2.39,20.1,21.63
Charlee Adams,Chelmsford City,606,Right Defensive Midfielder,Left Defensive Midfielder,England,31,181,0,0,0.19,0.05,4,0,50,1,,0.16,0,0.24,7,0,0.12,4,0,0.12,3,0,0.43,11,-0.43,2,2,0,100,2,0,4,7,7,5.45,15,12.54,63,27,0.05,32,34.26,61,108,12,19,75,14.1,19.54,3,60,4,58,15,0,48,52,20,19,6,40.44,14,29,10,53,1,0,0,240,63,30,12,45,21,61,18,58,-5,49.66,36,2.05,2.15,149,95,4.38,47,5,1,4,0,0,1,0,20,2,20,0,36,57,7,47,49,4,25.34,19.74,0.9,96,-5.6,22.9,19.03
Charlee Adams,AFC Hornchurch,361,Centre Defensive Midfielder,Right Defensive Midfielder,England,31,181,0,0,0.24,0.04,6,0,50,2,,0.5,0,0.56,8,0,0.2,5,0,0.36,3,0,0.81,14,-0.81,1,1,0,100,2,0,2,2,6,4.25,10,7.49,39,20,0.02,12,36.1,33,53,3,9,33,1.48,5.73,4,0,6,67,4,0,32,26.83,9,9,5,42.94,10,31,5,56,0,0,0,119,56,18,8,39,15,41,14,57,1,53.47,22,1.55,1.83,74,96,4.17,32,5,2,3,1,6,8,0,20,3,43,0,39,50,10,41,56,3,28.35,27.4,0.89,83,-0.95,25.13,22.73
Charlie Carter,Dorking Wanderers FC,1288,Left Centre Midfielder,Left Defensive Midfielder,England,29,188,7,7,4.64,0.12,40,18,45,3,,7.19,1,0.74,8,1,0.74,8,0,0,0,8,5.38,48,2.62,33,16,17,48,16,0,35,47,7,9.58,25,35.7,237,89,0.02,85,51.72,69,113,19,26,66,25.59,35.17,22,43,10,55,36,0,196,269.59,65,69,33,56.38,116,59,54,78,3,0,0,450,72,35,9,65,33,46,22,67,-5,55.15,64,8.08,11.06,417,88,6.93,137,10,10,0,7,71,81,0,10,2,18,6,24,63,13,23,68,9,19.27,16.75,1,104,-2.52,19.3,17.44
Charlie Cooper,Hereford FC,333,Left Defensive Midfielder,Right Defensive Midfielder,England,29,175,0,0,0.17,0.02,8,0,0,1,,0,0,0.05,3,0,0.05,3,0,0,0,0,0.22,11,-0.22,1,1,0,100,8,0,7,2,1,0.32,2,0.64,64,34,0.05,24,42.77,30,49,5,6,63,3.24,3.56,4,33,3,0,0,0,55,34.52,17,14,5,42.76,19,35,4,29,0,0,0,152,77,8,7,28,4,27,20,82,5,46.63,17,0.72,0.75,116,96,4.48,23,1,1,0,0,1,2,0,0,0,0,0,26,63,11,39,52,9,22.26,16.77,0.84,97,-5.49,18.75,16.18
Charlie Cooper,Kidderminster Harriers,933,Left Defensive Midfielder,Centre Defensive Midfielder,England,29,175,2,2,0.43,0.03,13,15,15,1,,1.26,0,0.21,7,0,0.21,7,0,0,0,2,0.64,20,1.36,2,2,0,100,19,0,7,1,12,15.78,23,35.93,159,63,0.06,67,39.21,70,150,17,29,74,24.35,40.13,17,44,6,58,19,0,125,164.44,51,49,21,43.97,50,40,26,53,3,0,0,454,74,60,9,54,39,96,17,67,-8,47.87,51,4.56,4.71,329,99,4.24,88,6,6,0,1,5,11,1,0,0,0,3,25,67,8,24,70,6,24.55,21.04,0.9,83,-3.51,22.18,17.38
Charlie Cummins,Weston-super-Mare AFC,1465,Right Defensive Midfielder,Centre Defensive Midfielder,Republic of Ireland,20,188,2,2,2.6,0.13,20,10,40,2,,2.91,0,2.09,21,0,2.09,21,0,0,0,2,4.7,41,-2.7,18,12,6,67,22,0,23,20,8,6.81,23,23.24,434,193,0.02,138,44.5,106,200,48,56,74,43.52,50.33,25,42,17,54,30,0,362,317.58,107,104,36,46.8,149,41,69,66,3,0,0,588,74,29,15,45,41,47,26,72,-2,54.7,68,5.9,7.95,472,95,6.01,147,8,8,0,3,34,42,1,25,2,29,7,23,63,14,20,67,12,19.02,18.28,0.93,91,-0.74,17.78,16.64
Charlie Hickingbottom,Peterborough Sports FC,1193,Left Centre Back,Right Centre Back,England,21,,0,0,0.39,0.08,5,0,20,0,,0.2,0,0.53,3,0,0.53,3,0,0,0,0,0.91,8,-0.91,2,1,1,50,13,0,2,5,14,11.18,94,98.95,170,92,0.08,75,28.18,50,205,23,37,68,26.29,37.47,20,56,11,63,55,0,127,128.04,42,33,10,37.42,33,26,15,45,1,0,0,511,69,63,13,49,106,117,16,51,-18,39.07,42,6.35,6.91,324,99,5.51,55,6,5,1,1,15,20,0,17,1,33,5,31,64,5,27,69,4,26.63,23.7,0.91,97,-2.94,24.12,22.99
Charlie Jolley,Fylde,730,Centre Forward,Centre Attacking Midfielder,England,25,180,1,1,2.19,0.11,20,5,30,6,,2.22,0,0.02,1,0,0.02,1,0,0,0,1,2.21,21,-1.21,5,4,1,80,23,0,9,23,2,3.3,4,4.85,167,50,0,44,68.13,14,25,4,6,80,4.5,7.79,13,50,1,39,15,0,151,215.54,43,42,14,69.34,126,83,38,90,1,0,1,116,65,2,59,40,7,2,33,67,3,65.07,8,1.55,3.36,114,84,4.8,41,1,1,0,2,46,47,0,0,1,50,6,14,58,28,7,61,32,12.96,12.91,1.04,104,-0.05,13.46,13.42
Charlie Jolley,Marine,1171,Right Midfielder,Centre Forward,England,25,180,5,5,3.33,0.13,26,19,50,6,,4.27,0,1.44,8,0,1.44,8,0,0,0,5,4.76,34,0.24,14,9,5,64,21,1,35,49,3,1.59,12,9.12,199,81,0.01,75,52.03,47,79,10,13,63,7.54,9.13,13,33,6,30,18,0,177,137.27,61,48,19,56.97,107,60,42,88,2,0,0,212,50,10,76,29,17,30,29,43,-7,63.21,18,4.16,7.46,198,77,6.49,62,8,8,0,4,44,52,1,38,3,14,6,25,64,11,16,69,15,19.55,17.55,0.9,94,-2,17.55,16.48
Charlie Lennon,Darlington,1199,Left Wing Back,Left Midfielder,England,20,,2,2,2.96,0.11,27,7,41,3,,2.72,7,3.48,32,6,2.78,27,1,0.69,5,9,6.44,59,2.56,50,25,25,50,18,0,46,60,5,4.11,12,11.71,219,84,0,64,47.05,48,98,25,30,74,23.13,27.24,6,47,9,29,7,0,188,171.7,55,47,10,48.68,87,46,37,79,0,0,0,312,60,13,22,25,20,45,25,58,-2,64.5,51,6.49,9.15,395,81,9.35,111,36,29,7,8,48,77,1,36,16,31,11,21,64,15,19,61,20,20.11,17.66,0.86,89,-2.44,17.38,15.71
Charlie Osborne,AFC Totton,784,Left Centre Midfielder,Left Defensive Midfielder,England,20,178,0,0,0.26,0.04,6,0,50,1,,0.29,3,0.51,5,3,0.51,5,0,0,0,3,0.76,11,2.24,4,4,0,100,5,0,14,13,4,3.8,11,9.07,206,91,0.03,77,43.54,45,96,19,23,76,17.62,21.43,8,44,6,57,13,0,179,163.47,59,54,21,46.53,80,45,37,69,1,0,1,252,83,17,14,52,14,30,18,84,0,51.01,32,3.17,3.36,203,93,5.33,65,3,3,0,0,4,7,1,0,0,0,0,23,65,12,31,57,12,20.76,17.57,0.91,99,-3.19,18.95,17.43
Charlie Pegrum,AFC Hornchurch,1770,Right Wing,Left Wing,England,21,170,1,1,2.18,0.09,23,4,22,2,,2.22,1,1.8,26,1,1.8,26,0,0,0,2,3.99,49,-1.99,31,18,13,58,29,0,42,48,24,18.29,22,20.63,384,160,0.02,109,48.26,128,225,40,64,75,32.97,51.25,11,50,13,28,13,1,333,279.16,78,102,23,50.18,182,55,83,81,0,0,0,655,68,23,12,36,31,55,23,70,2,60.93,69,10.48,12.41,564,91,6.17,215,24,24,0,8,68,92,1,21,8,27,16,20,65,15,18,66,16,18.67,16.36,0.92,99,-2.31,17.13,16.23
Charlie Rowan,Hemel Hempstead Town,1206,Centre Back,Right Centre Back,England,28,192,1,1,0.86,0.1,9,11,22,1,,0.61,0,0.09,1,0,0,0,0,0.09,1,1,0.96,10,0.04,3,1,2,33,8,0,3,9,7,7.32,67,68.13,210,102,0.1,86,31.3,57,215,23,30,82,20.79,28.11,25,58,5,59,63,1,162,154.14,64,53,22,34.92,44,27,25,47,3,0,0,386,59,28,9,35,78,68,18,38,-21,42,36,2.26,2.37,207,96,4.96,45,3,3,0,1,22,25,0,0,0,,2,42,53,5,49,44,7,25.32,20.99,0.89,79,-4.33,22.58,16.53
Charlie Ruff,AFC Hornchurch,801,Centre Attacking Midfielder,Centre Forward,England,26,171,2,2,3.05,0.16,19,11,47,2,,3.14,3,2.73,17,3,2.73,17,0,0,0,5,5.78,36,-0.78,16,11,5,69,13,0,23,33,5,5.52,6,6.23,152,57,0.02,58,52.11,43,63,9,14,75,10.3,15.83,7,57,3,28,7,0,136,145.18,50,41,18,53.91,78,57,31,76,1,0,0,252,72,21,6,57,13,30,22,82,10,59.66,35,7.75,11.09,246,84,5.06,87,13,13,0,6,37,50,3,0,3,50,10,22,61,17,20,72,8,19.17,17.12,0.95,97,-2.05,18.13,16.55
Charlie Sayers,Hampton & Richmond,2471,Left Centre Back,Left Back,England,22,183,1,1,0.64,0.05,12,8,33,0,,0.58,0,0.34,6,0,0.28,5,0,0.06,1,1,0.98,18,0.02,1,1,0,100,15,0,11,9,29,19.92,111,86.1,405,178,0.05,165,31.25,70,291,39,68,70,32.54,52.46,34,35,17,50,52,0,334,272,109,89,35,35.37,95,28,54,61,6,0,0,891,64,91,85,36,133,228,14,47,-17,42.83,124,4.76,5.25,668,98,4.97,133,14,14,0,0,17,31,1,36,5,16,3,45,49,5,44,47,8,25.71,20.61,0.85,84,-5.09,21.77,17.29
Charlie Seaman,Ebbsfleet United,2858,Right Wing Back,Right Back,England,26,173,2,2,1.79,0.04,41,5,24,1,,1.23,6,6.31,52,5,5.16,36,1,1.16,16,8,8.11,93,-0.11,51,26,25,51,15,0,63,58,17,20.95,60,67.18,379,137,0.01,134,41.9,134,297,38,55,75,45.03,65.98,23,35,13,59,52,0,318,373.39,96,109,35,49.23,153,48,86,79,2,0,0,1251,63,121,13,35,94,307,13,53,-10,62.79,131,13.9,17.59,1051,93,5.14,420,109,67,42,6,59,126,4,30,41,33,14,28,58,14,23,58,19,22.32,19.64,0.86,89,-2.69,19.15,17.41
Charlie Weston,Curzon Ashton FC,2411,Left Defensive Midfielder,Centre Defensive Midfielder,England,21,173,2,2,2.25,0.08,30,7,30,1,,2.7,3,3.67,31,3,2.71,19,0,0.96,12,5,5.93,61,-0.93,13,11,2,85,27,0,28,23,29,25.16,62,51.91,539,263,0.03,181,39.67,172,339,51,80,74,39.58,64.74,24,47,18,45,34,0,464,349.2,142,129,41,42.54,165,36,73,57,4,0,0,944,67,117,14,46,105,210,20,69,2,52.47,152,12.16,14.41,696,96,4.04,252,46,26,20,4,36,62,7,9,7,33,6,29,65,7,28,69,3,25.09,22.81,0.9,94,-2.29,22.54,21.42
Charlie Wiggett,Oxford City,2860,Right Centre Back,Centre Back,England,23,177,0,0,0.56,0.09,6,0,33,0,,0.77,0,0.16,4,0,0.16,4,0,0,0,0,0.72,10,-0.72,3,3,0,100,9,0,7,2,25,17.28,219,171.25,259,129,0.06,167,21.59,26,308,36,61,69,28.51,45.8,19,29,16,54,99,1,204,171.17,93,47,19,25.52,18,9,10,21,1,0,0,1169,77,137,5,44,258,274,16,65,-12,31.14,64,6.24,6.3,917,99,5.19,65,5,4,1,2,18,22,2,0,0,,2,35,63,3,65,35,0,27.51,25.75,0.84,77,-1.76,23.04,19.83
Charlie Williams,AFC Telford United,1192,Left Wing,Right Wing,England,21,173,1,1,1.64,0.07,25,4,48,3,,1.32,4,3.09,21,4,3.09,21,0,0,0,5,4.72,46,0.28,16,7,9,44,22,1,33,30,16,19.09,10,11.31,201,93,0.01,63,55.24,45,89,14,30,74,13.75,32.84,12,20,5,23,9,0,175,182.53,49,49,13,57.27,105,60,42,86,3,0,0,340,76,14,15,47,12,28,22,71,-6,60.24,42,4.86,7.73,353,90,7.26,116,12,12,0,5,45,57,3,42,10,31,13,14,62,24,18,60,22,18.26,13.44,0.95,106,-4.82,17.29,14.25
Chibuike Udogu Ezennolim,Curzon Ashton FC,1986,Left Wing Back,Left Back,England,24,183,1,1,1.17,0.15,8,13,25,1,,0.62,0,0.85,15,0,0.74,14,0,0.12,1,1,2.02,23,-1.02,21,10,11,48,19,0,26,33,16,11.4,69,54.43,356,141,0.02,150,31.23,73,213,53,69,74,46.26,57.66,17,44,19,52,36,0,287,227.06,95,58,20,35.39,75,26,40,69,2,0,0,602,61,43,71,30,96,116,18,58,-3,54.85,72,5.34,6.81,491,90,5.8,159,14,8,6,7,30,38,0,14,5,14,11,37,47,15,25,46,29,22.78,23.03,0.82,81,0.25,18.66,18.57
Chris Francis,Oxford City,791,Left Centre Back,,England,23,,0,0,0.04,0.04,1,0,0,0,,0,0,0.26,1,0,0.26,1,0,0,0,0,0.3,2,-0.3,1,1,0,100,7,0,3,1,3,3.12,49,48.4,75,32,0.05,52,20.75,7,100,8,11,80,8.93,12.04,4,33,2,58,11,1,63,67.91,30,6,3,28,9,14,1,17,0,0,0,415,80,45,74,55,68,63,13,67,-14,31.39,15,1.86,2.12,355,99,4.91,21,2,2,0,1,6,8,0,0,0,,3,35,61,4,52,38,10,24.85,28.82,0.9,80,3.98,22.45,22.98
Chris Merrie,Fylde,2013,Left Defensive Midfielder,Centre Defensive Midfielder,England,27,181,0,0,0.74,0.05,15,0,33,0,,1.08,2,3.07,28,2,2.6,22,0,0.46,6,2,3.81,43,-1.81,14,9,5,64,36,1,21,14,19,27.51,38,54.16,349,166,0.04,143,37.91,116,259,26,45,70,38.18,65.69,15,31,11,65,34,1,308,445.82,100,88,29,40.61,97,31,46,52,1,0,0,1399,87,72,70,63,55,98,18,82,-6,49.92,136,14.57,16.39,1135,99,3.63,336,27,18,9,4,19,37,1,19,6,46,7,23,68,9,26,68,5,17.92,16.62,0.96,97,-1.3,17.18,16.15
Chris Stokes,Curzon Ashton FC,822,Centre Back,Left Centre Back,England,35,185,0,0,0.35,0.06,6,0,17,0,,0.42,0,0.1,1,0,0.1,1,0,0,0,0,0.45,7,-0.45,0,0,0,,8,0,3,1,6,5.01,50,40.8,78,32,0.07,43,24.5,26,139,9,15,100,8.57,13.58,7,100,0,62,33,1,62,53.31,23,14,5,33.64,11,18,7,50,4,0,0,420,78,31,82,48,58,57,11,47,-32,34.46,22,4.38,4.86,285,99,6.2,29,2,2,0,0,13,15,1,0,0,0,0,32,64,4,41,55,3,23.31,21.96,0.92,82,-1.35,21.49,17.96
Chris Sze,Southport,906,Centre Forward,Centre Attacking Midfielder,England,22,185,6,3,3.38,0.12,28,11,57,6,100,5.14,0,0.9,8,0,0.9,8,0,0,0,3,4.28,36,-1.28,18,12,6,67,22,2,25,32,1,1.16,1,1.24,195,58,0,46,65.12,31,51,7,8,64,7.75,8.92,18,20,4,20,10,0,170,203.87,43,42,16,65.33,134,79,35,83,1,0,0,148,57,5,12,45,3,9,26,40,-18,59.19,21,2.68,5.06,151,80,5.1,37,8,6,2,2,49,55,0,0,0,0,3,16,61,23,11,68,22,16.11,11.9,0.99,116,-4.21,15.9,13.77
Christian Maghoma,Dagenham & Redbridge,2003,Centre Back,Left Centre Back,DR Congo,28,195,0,0,1.02,0.1,10,0,20,0,,0.49,0,0.17,2,0,0.17,2,0,0,0,0,1.19,12,-1.19,7,7,0,100,12,0,4,3,14,13.07,121,104.8,234,99,0.08,116,24.28,35,272,33,47,89,31.23,44.3,12,73,4,67,66,0,189,180.34,71,40,14,29.53,23,12,11,28,2,0,1,717,78,72,10,55,142,111,15,58,-20,32.98,31,5.9,6.1,489,99,5.42,41,3,3,0,2,35,38,0,0,0,,4,30,66,4,27,66,7,24.18,24.14,0.92,89,-0.04,22.17,21.57
Christian N'Guessan,Dagenham & Redbridge,1694,Left Defensive Midfielder,Right Defensive Midfielder,England,27,186,0,0,0.28,0.09,3,0,0,0,,0,0,0.99,8,0,0.99,8,0,0,0,0,1.27,11,-1.27,15,9,6,60,19,0,24,23,15,10.64,36,28.44,260,105,0.01,84,38.86,121,248,22,37,92,17.16,27.8,16,86,2,65,43,1,223,172.31,65,55,13,42.45,82,37,34,62,3,0,0,650,76,44,19,59,46,64,22,73,-3,48.8,69,6.21,7.03,471,93,5.08,138,9,6,3,3,10,16,2,0,1,20,3,24,67,9,25,68,7,19.51,17,0.97,103,-2.51,18.87,17.58
Christie Ward,AFC Totton,2111,Left Centre Midfielder,Right Defensive Midfielder,England,22,,3,3,3.44,0.09,40,8,38,2,,4.11,0,1.06,17,0,1.06,17,0,0,0,3,4.5,57,-1.5,20,13,7,65,30,0,30,28,11,10.16,41,45.09,362,135,0.01,134,45.21,141,249,31,42,76,33.17,43.32,20,9,10,55,35,0,311,306.25,103,111,43,48.12,152,49,83,75,1,0,0,730,72,51,13,50,62,81,25,67,-5,55.92,69,10.61,12.68,555,94,5.55,214,11,11,0,5,53,64,1,9,1,10,10,22,59,20,22,60,18,20.2,18.82,0.97,98,-1.38,19.62,18.47
Christos Batzelis,AFC Totton,2229,Left Back,Left Wing Back,Greece,21,180,1,1,0.23,0.04,6,17,33,0,,0.42,0,1.86,19,0,1.56,16,0,0.3,3,1,2.08,25,-1.08,36,28,8,78,28,0,44,23,36,42.63,62,74.45,436,204,0,140,33.08,79,213,56,92,69,57.62,100.25,20,36,25,33,18,0,360,366.61,104,71,18,35.87,89,25,33,46,2,0,0,727,69,57,75,40,82,121,15,58,-11,51.57,95,6.29,7.55,641,94,7.33,156,26,20,6,5,19,39,1,31,12,25,7,30,55,15,26,57,17,21.82,20.69,0.9,91,-1.13,19.57,18.86
Cian Dillon,Enfield Town FC,496,Centre Forward,Right Centre Forward,Republic of Ireland,20,,1,1,0.81,0.12,7,14,57,3,,1.54,4,1.65,9,4,1.65,9,0,0,0,5,2.46,16,2.54,6,2,4,33,4,0,8,24,1,0.65,4,2.94,101,20,0,19,62.71,23,32,0,1,0,0,0.65,6,0,1,14,7,0,95,68.25,18,31,6,64.98,75,79,29,94,0,0,0,97,66,1,14,20,4,5,32,50,-16,63.01,11,1.85,4.07,93,78,6.84,37,6,6,0,2,21,27,0,33,2,67,4,20,58,22,11,59,30,15.73,10.73,0.99,115,-5,15.5,12.3
Cian Eric Coleman,Buxton,977,Centre Attacking Midfielder,Right Centre Midfielder,Republic of Ireland,21,177,4,4,1.46,0.09,16,25,44,3,,2.92,3,0.91,10,3,0.91,10,0,0,0,7,2.37,26,4.63,11,7,4,64,16,0,17,17,4,4.41,7,9.06,178,68,0.01,54,50.14,53,81,14,18,61,15.46,19.87,9,18,9,17,5,0,155,179.07,44,57,14,51.56,82,53,40,70,1,0,0,283,79,16,19,64,10,22,30,82,4,58.71,34,3.13,5.15,251,95,4.9,110,13,12,1,3,42,54,0,8,1,17,9,20,62,18,16,68,15,17.38,14.36,0.96,97,-3.02,16.72,13.93
Claude Kayibanda,Bedford Town,457,Right Defensive Midfielder,Right Centre Midfielder,Rwanda,20,,0,0,0.02,0.02,1,0,0,0,,0,0,0.16,2,0,0.16,2,0,0,0,0,0.18,3,-0.18,4,4,0,100,4,0,5,5,8,6.06,16,12.09,115,61,0,33,36.75,19,52,15,23,63,8.78,14.83,13,0,9,63,5,0,87,49.03,20,24,7,41.39,24,28,12,50,1,0,0,130,59,8,35,33,18,22,17,57,-3,46.74,12,0.19,0.34,90,91,6.59,23,1,1,0,0,1,2,0,0,0,0,0,41,52,7,39,52,9,22.29,20.49,0.88,99,-1.81,19.61,20.21
Cody Cooke,Torquay United,1333,Centre Forward,Left Centre Forward,England,33,185,5,3,5.34,0.28,19,16,32,3,100,1.7,3,1.5,11,3,1.5,11,0,0,0,6,6.84,30,-0.84,3,2,1,67,21,0,22,33,3,2.13,4,5.08,206,58,0,42,65.36,25,42,7,10,78,8.69,10.82,22,50,2,49,115,0,177,205.99,39,53,15,66.34,138,78,48,91,2,0,0,298,50,5,12,38,7,10,56,48,-3,64.71,21,4.67,9.6,175,81,4.79,90,8,8,0,1,60,68,2,0,1,33,6,32,53,15,22,56,22,14.63,12.86,0.96,97,-1.77,14.03,12.48
Cole Jarvis,Merthyr Town FC,2493,Right Centre Midfielder,Right Centre Back,Wales,24,,6,6,5.5,0.13,41,15,44,1,,6.77,4,2.76,24,4,2.76,24,0,0,0,10,8.26,65,1.74,37,23,14,62,10,1,51,54,13,13.32,87,110.1,432,189,0.02,145,41.02,82,266,40,53,70,54.45,67.77,15,23,17,58,89,1,379,480.45,112,103,28,47.37,164,43,58,56,1,0,0,1093,76,52,17,58,99,77,22,64,-12,44.67,107,14.84,19.45,860,94,5.93,208,15,15,0,6,99,114,0,13,4,17,14,27,62,11,30,60,10,18.83,16.36,0.97,98,-2.48,18.21,16.03
Cole Kpekawa,Bedford Town,1067,Left Centre Back,Centre Back,England,30,191,0,0,1.09,0.18,6,0,33,0,,0.47,0,0.12,1,0,0.12,1,0,0,0,0,1.21,7,-1.21,0,0,0,,5,0,1,1,12,5.97,109,62.6,45,24,0.12,24,17.48,15,126,8,20,100,4.27,10.24,6,100,0,66,51,2,31,22.04,6,9,2,26.23,0,0,0,0,0,0,0,219,58,32,79,40,123,66,26,46,-12,36.13,27,2.24,2.57,102,99,3.01,21,2,2,0,0,12,14,0,50,1,100,0,48,48,4,52,43,5,30.42,24.92,0.89,83,-5.5,26.96,20.64
Connell Rawlinson,Chester,392,Left Centre Back,Centre Back,Wales,34,185,1,1,0.18,0.09,2,50,50,0,,0.48,0,0.91,1,0,0.91,1,0,0,0,1,1.08,3,-0.08,1,1,0,100,0,0,2,0,8,8.26,11,11.48,18,12,0.05,5,21.16,5,42,0,8,0,0,8.26,3,50,2,44,8,0,16,15.32,5,3,1,25.63,0,0,0,0,1,0,0,191,89,22,13,81,12,26,5,40,-49,36.71,6,2.08,3.14,146,99,4.35,8,0,0,0,2,9,9,0,,0,,2,22,74,4,25,63,13,23.33,19.64,0.99,128,-3.69,23.06,25.09
Connor Barratt,Bedford Town,392,Right Centre Back,Left Back,Republic of Ireland,22,189,0,0,0.49,0.16,3,0,67,1,,0.64,0,0.15,2,0,0.15,2,0,0,0,0,0.64,5,-0.64,0,0,0,,3,0,2,1,6,5.25,29,20.15,49,17,0.02,20,27.99,8,46,7,13,88,4.57,9.82,3,0,1,45,5,0,39,32.98,16,11,5,33.71,11,28,5,45,0,0,0,108,67,13,26,39,36,26,25,59,-8,45.4,13,0.69,0.96,70,97,4.62,24,2,2,0,1,7,9,0,50,1,100,0,42,53,5,29,67,4,26.61,23.66,0.8,73,-2.95,21.41,17.18
Connor Douglas,Buxton,683,Right Wing,Right Wing Back,England,20,178,1,1,0.64,0.07,9,11,11,2,,0.23,3,0.78,11,3,0.78,11,0,0,0,4,1.42,20,2.58,20,11,9,55,8,0,24,26,1,1.08,12,13.83,117,44,0,43,47.89,31,48,14,15,74,16.19,17.27,10,38,5,46,12,0,93,112.39,31,28,4,50.89,46,49,21,75,1,0,0,186,61,10,16,43,15,20,17,68,6,64.2,25,1.83,2.62,173,85,7.02,60,11,11,0,3,32,43,0,73,12,43,6,18,66,15,20,67,13,19.14,16.7,0.97,93,-2.43,18.63,15.6
Connor Kirby,Buxton,2805,Right Defensive Midfielder,Left Defensive Midfielder,England,27,169,3,3,1.73,0.04,41,7,22,1,,1.62,1,1.41,17,0,0.84,12,1,0.57,5,4,3.13,58,0.87,7,4,3,57,21,0,16,19,34,42.06,75,95.48,528,273,0.04,186,38.09,179,401,61,95,76,75.27,117.32,42,39,19,56,35,0,425,494.37,123,118,31,42.36,146,34,64,54,8,0,0,1339,74,141,14,47,96,279,14,71,-3,48.76,172,11.2,12.03,993,98,4.71,284,28,16,12,1,28,44,3,21,6,25,4,26,65,9,29,65,6,24.07,20.35,0.9,95,-3.71,21.54,19.27
Connor Lawless,Dagenham & Redbridge,1552,Left Wing Back,Left Defensive Midfielder,England,24,173,0,0,0.35,0.05,7,0,57,0,,0.7,1,1.45,16,1,1.34,15,0,0.11,1,1,1.8,23,-0.8,11,6,5,55,15,0,15,25,28,26.74,34,29.91,359,146,0.02,136,40.3,78,169,36,64,80,36.49,63.23,25,53,9,48,23,1,300,294.37,105,82,29,44.05,113,38,55,67,4,0,0,580,71,44,82,44,45,89,16,67,-4,50.16,62,7.1,8.23,435,94,4.08,118,21,18,3,0,16,34,2,24,5,25,0,27,65,9,31,60,9,21.37,17.27,0.92,97,-4.1,19.56,16.79
Connor Roberts,Chesham United FC,1517,Right Wing Back,Left Wing Back,England,29,181,1,1,1.89,0.07,26,4,15,2,,1.56,3,2.32,23,3,1.9,17,0,0.42,6,4,4.2,49,-0.2,11,7,4,64,22,0,10,16,16,14.17,41,38.34,239,119,0.04,103,34.18,72,159,29,45,62,24.23,38.4,12,38,18,52,17,0,201,189.97,65,40,10,39.14,65,32,26,65,3,0,0,509,64,54,7,39,52,126,13,63,-1,54.79,76,6.79,8.45,382,96,4.45,140,39,26,13,4,38,64,2,26,12,34,5,32,56,12,32,52,16,24.18,20.63,0.85,87,-3.55,20.49,18.01
Connor Stevens,Chesham United FC,2871,Right Centre Back,Left Centre Back,England,28,187,1,1,0.55,0.06,9,11,22,0,,0.83,4,3.32,12,4,3.32,12,0,0,0,5,3.86,21,1.14,9,4,5,44,28,0,11,16,25,26.82,122,123.79,297,141,0.08,173,28.86,90,428,39,64,75,37.37,64.19,11,62,13,63,95,2,247,253.2,108,58,28,34.56,63,26,30,52,3,0,0,1190,70,76,15,36,146,188,17,58,-12,40.31,87,9.84,10.93,811,98,4.24,146,13,13,0,17,97,110,1,15,3,30,28,38,56,7,33,58,9,21.8,18.42,0.86,87,-3.38,18.81,16.11
Connor Wood,Peterborough Sports FC,1746,Left Back,Left Wing Back,England,29,177,0,0,1.31,0.06,23,0,26,1,,1.45,3,1.93,23,2,1.62,19,1,0.31,4,3,3.23,46,-0.23,21,16,5,76,15,0,17,17,25,27.8,66,77.65,222,93,0.03,91,31.88,83,235,27,52,77,32.15,59.95,11,27,8,64,43,0,186,224.49,62,50,17,35.53,50,27,29,58,2,0,1,793,66,57,80,34,82,152,14,62,-4,53.32,95,8.86,11.56,610,97,4.44,184,36,26,10,4,31,57,1,31,17,37,7,35,54,11,32,51,17,22.05,19.11,0.85,92,-2.94,18.81,17.54
Connor Woods,Chester,1662,Left Wing,Left Midfielder,England,28,172,7,2,3.72,0.1,38,5,53,3,100,4.89,0,1.42,22,0,1.15,16,0,0.27,6,2,5.14,60,-3.14,52,36,16,69,15,0,45,46,23,18.54,16,13.55,276,97,0.01,68,49.99,74,133,20,43,77,18.64,37.18,14,33,6,47,32,1,242,204.8,52,55,16,52.75,135,56,47,85,5,0,0,498,67,31,13,44,26,61,25,64,-3,63.97,63,8.33,10.04,483,90,6.41,189,25,12,13,9,83,95,2,28,11,35,10,22,60,18,20,58,22,18.85,16.59,0.91,105,-2.26,17.08,17.42
Conor Harris,Farnborough,572,Left Defensive Midfielder,Centre Defensive Midfielder,England,,,1,1,0.34,0.07,5,20,40,0,,0.38,0,1.3,6,0,1.3,6,0,0,0,1,1.64,11,-0.64,3,1,2,33,4,0,4,5,10,6.92,14,9.88,97,53,0.03,42,35.62,42,86,10,20,77,8.65,15.57,6,25,3,50,9,0,81,70.64,26,25,9,37.95,23,28,13,52,1,0,0,189,67,14,18,47,17,27,15,55,-12,50.53,26,3.24,3.63,115,96,4.71,43,5,5,0,2,13,18,0,0,0,0,6,33,58,9,30,65,5,21.08,16.17,0.92,96,-4.92,19.36,15.55
Corey McKeown,Spennymoor Town,2197,Left Wing,Right Wing Back,England,24,173,0,0,2.49,0.09,29,0,34,2,,1.49,1,2.91,29,1,2.87,28,0,0.03,1,1,5.4,58,-4.4,51,40,11,78,31,1,40,50,24,16.55,18,15.97,441,194,0.02,137,45.71,94,195,29,53,56,20.15,36.7,17,26,23,34,15,0,395,306.85,116,95,33,48.6,187,47,79,83,2,0,0,671,75,30,17,49,31,48,24,69,-7,56.37,75,8.18,9.6,653,92,8.04,218,25,22,3,10,73,95,6,16,7,20,21,18,61,21,17,59,24,17.98,16.45,0.94,104,-1.53,16.97,17.06
Corey Panter,Dagenham & Redbridge,2696,Left Centre Back,Left Back,England,25,186,0,0,0.61,0.06,10,0,0,0,,0,3,1.87,17,1,0.9,9,2,0.97,8,3,2.47,27,0.53,3,1,2,33,13,0,5,6,32,30.69,151,137.81,350,167,0.07,171,27.35,63,410,43,75,78,35.47,66.16,24,57,12,62,78,0,287,261.99,108,80,29,33.51,57,20,32,40,6,0,1,1115,62,153,74,37,221,347,16,52,-10,40.11,129,8.82,9.5,752,99,4.42,144,34,15,19,2,17,32,3,41,15,25,4,44,52,4,44,47,10,28.44,27.35,0.83,83,-1.09,23.62,22.62
Corey Whelan,Fylde,2746,Left Centre Back,,Republic of Ireland,28,185,1,1,1.45,0.1,15,7,33,0,,1.73,1,0.99,7,1,0.99,7,0,0,0,2,2.44,22,-0.44,6,5,1,83,15,0,7,7,42,60.01,186,265.7,256,118,0.08,125,24.76,45,377,29,71,85,46.02,106.03,28,29,5,69,119,0,199,287.17,68,58,17,31.73,33,17,23,40,6,0,0,1713,89,148,9,73,205,183,11,72,-17,35.49,94,16.8,18.37,1366,99,6.58,125,1,1,0,4,38,39,1,100,1,17,6,21,74,5,26,66,9,21.48,18.23,0.98,101,-3.25,21,18.37
Corie Andrews,Enfield Town FC,385,Left Centre Forward,Centre Forward,England,28,180,1,1,0.23,0.08,3,33,33,1,,0.08,3,0.96,10,3,0.96,10,0,0,0,4,1.19,13,2.81,1,0,1,0,11,0,6,10,0,0,1,0.46,70,28,0,13,63.99,9,16,2,2,100,1.01,1.01,3,,0,10,3,0,68,37.91,12,15,4,65.3,52,76,14,93,0,0,0,69,69,1,24,100,2,0,37,58,-11,69.61,7,2.15,3.34,62,89,4.54,31,3,3,0,3,25,28,0,0,2,50,7,9,79,13,6,77,16,14.12,13.18,1.05,110,-0.94,14.84,14.51
Corie Andrews,Maidenhead United,400,Centre Forward,Left Centre Forward,England,28,180,0,0,0.94,0.19,5,0,80,3,,0.95,0,0.31,5,0,0.31,5,0,0,0,0,1.25,10,-1.25,2,0,2,0,8,0,15,21,0,0,1,1.4,91,32,0.05,25,68.55,13,17,1,1,25,1.27,1.27,8,0,3,11,6,0,82,87.92,25,14,5,67.9,69,84,13,93,1,0,1,64,68,3,25,75,1,4,31,75,7,76.98,3,1.94,2.29,73,70,3.43,34,1,1,0,2,23,24,0,0,1,33,6,9,60,31,3,59,38,13.04,10.52,1.06,115,-2.52,13.87,12.09
Cormac Daly,Hereford FC,566,Left Midfielder,Right Wing,Scotland,19,,2,2,1.67,0.1,16,13,38,5,,1.59,1,0.97,12,1,0.97,12,0,0,0,3,2.64,28,0.36,11,8,3,73,1,0,12,16,3,3.03,6,6.3,87,40,0,29,48.1,29,43,10,13,83,10.06,13.1,4,0,2,8,1,0,74,76.87,22,23,8,51.52,39,53,13,57,1,0,0,153,74,6,41,55,8,9,23,61,-12,62.42,17,1.89,3.89,153,90,9.78,61,6,6,0,4,22,28,0,33,6,46,6,13,66,21,13,69,18,16.94,14.24,1,88,-2.7,16.98,12.57
Craig Eastmond,Eastbourne Borough,1918,Centre Defensive Midfielder,Right Defensive Midfielder,England,35,183,0,0,0.98,0.05,19,0,26,1,,0.97,3,1.67,15,3,1.66,14,0,0.02,1,3,2.65,34,0.35,21,15,6,71,39,0,20,25,31,26.67,65,64.49,419,188,0.03,171,37.69,158,375,49,80,71,54.84,81.52,36,43,20,61,46,0,334,365.38,119,105,29,41.86,113,34,63,60,4,0,0,740,72,73,13,51,80,127,17,68,-4,48.02,92,6.47,7.62,458,93,4.51,139,17,15,2,2,20,35,1,6,2,22,2,31,63,6,32,65,4,23.47,19.84,0.93,96,-3.62,21.88,19.02
Craig Fasanmade,Hampton & Richmond,1950,Right Wing,Right Centre Forward,England,25,182,5,5,4.06,0.11,37,14,41,5,,5.95,1,1.07,14,1,1.07,14,0,0,0,6,5.14,51,0.86,14,5,9,36,17,0,29,60,8,7.36,16,11.76,426,148,0,99,54.71,50,104,18,26,72,12.2,19.56,16,40,7,25,32,0,393,325.5,89,96,28,56.84,242,62,79,82,1,0,0,310,65,10,21,36,19,25,29,56,-9,63.11,24,4.4,7.02,275,80,5.48,107,7,7,0,8,74,81,0,29,5,33,16,13,64,23,9,66,24,16.39,13.26,0.91,94,-3.14,14.85,12.51
Craig Hewitt,Chorley,798,Left Midfielder,Left Centre Midfielder,England,22,,5,2,0.69,0.05,13,15,54,2,100,0.96,0,1.2,11,0,1.2,11,0,0,0,2,1.89,24,0.11,22,16,6,73,11,0,36,24,2,2.01,6,4.57,120,44,0,39,48.94,38,68,10,12,91,5.95,7.96,3,50,1,23,3,0,107,72.67,32,28,9,50.8,58,54,23,82,0,0,0,227,65,6,20,33,9,15,21,62,-3,65.81,26,3.3,4.03,237,85,7.81,84,12,12,0,8,43,55,0,42,9,29,11,16,66,18,11,65,24,15.96,14.57,0.92,91,-1.39,14.64,13.28
Craig Tanner,AFC Totton,2448,Left Defensive Midfielder,Right Defensive Midfielder,England,31,171,1,1,0.5,0.04,14,7,21,1,,0.6,3,3.02,37,1,1.74,18,2,1.29,19,4,3.52,51,0.48,16,12,4,75,29,0,15,17,22,27.02,69,82.02,500,261,0.04,168,39.4,150,303,73,95,69,75.78,102.8,39,33,33,45,24,1,389,388.14,115,98,29,42.04,141,36,61,62,9,0,0,1004,72,176,86,52,106,299,17,74,1,53.72,144,8.32,9.42,779,98,5.34,243,56,18,38,3,16,34,3,14,10,27,6,21,66,13,25,68,7,25.97,22.5,0.91,93,-3.48,23.58,20.96
Crispin McLean,Curzon Ashton FC,961,Left Centre Midfielder,Left Midfielder,Scotland,19,170,0,0,0.57,0.08,7,0,14,1,,0.67,4,3.23,25,3,2.56,20,1,0.67,5,4,3.8,32,0.2,19,10,9,53,6,0,17,19,2,2.29,3,2.78,191,81,0.01,45,45.62,40,78,11,13,55,6.04,8.33,6,11,9,20,4,0,174,153.59,36,56,11,46.61,74,43,36,64,2,0,0,368,78,30,13,47,7,60,16,78,0,59.82,49,3.9,5.58,333,93,5.69,132,27,19,8,3,17,36,2,30,8,31,7,19,68,14,25,61,14,20.16,15.47,0.9,97,-4.7,18.17,15.08
D.Akyeampong,Torquay United,555,Right Back,Right Wing Back,England,22,183,0,0,0.01,0.01,1,0,0,0,,0,0,0.09,2,0,0.09,2,0,0,0,0,0.1,3,-0.1,2,1,1,50,10,0,9,5,9,7.09,27,23.05,81,43,0.02,25,34.28,20,56,12,21,80,9.95,17.04,7,50,3,60,9,0,62,51.2,17,14,5,38.27,17,27,7,50,1,0,0,152,68,15,15,43,30,32,16,71,3,49.66,15,1.48,1.57,116,91,4.42,24,4,0,4,0,3,3,0,25,2,33,1,39,48,13,29,54,17,23.61,17.75,0.87,95,-5.86,20.57,16.84
D.Dowrich,Hemel Hempstead Town,2878,Left Back,Left Wing Back,England,22,,0,0,0.83,0.08,10,0,20,1,,0.22,3,0.96,16,3,0.87,15,0,0.09,1,3,1.79,26,1.21,28,20,8,71,39,1,43,48,43,37.08,84,84.67,645,298,0.02,251,33.63,130,432,100,143,78,85.51,122.59,35,47,29,55,68,1,515,464.05,188,127,45,36.29,133,26,62,49,2,0,0,878,56,109,70,36,109,280,15,58,2,49.37,127,6.27,6.64,685,90,6.88,191,32,14,18,4,30,44,1,44,16,16,5,38,52,9,30,53,17,25.62,20.66,0.87,100,-4.96,22.33,20.6
D.Roth,Slough Town FC,1899,Right Back,Right Wing Back,England,26,,0,0,0.43,0.05,8,0,0,0,,0,0,0.5,7,0,0.5,7,0,0,0,0,0.93,15,-0.93,24,17,7,71,16,1,25,21,33,24.79,66,54.41,273,124,0.02,114,31.16,85,252,64,97,71,44.67,69.45,11,57,26,49,25,1,199,152.02,70,49,19,34.54,57,29,29,59,3,0,0,614,63,65,12,35,81,171,11,49,-14,49.95,85,5.9,6.25,480,94,5.16,120,10,4,6,2,13,17,1,20,3,13,4,40,48,11,38,47,16,25.15,21.71,0.84,92,-3.45,21.09,19.91
Dajon Golding,Maidstone United,1337,Right Wing,Centre Forward,England,28,178,4,4,3.26,0.13,26,15,31,3,,2.66,1,1.98,17,1,1.98,17,0,0,0,5,5.24,43,-0.24,16,9,7,56,15,0,33,35,13,15.07,5,5.01,276,108,0.01,89,58.68,67,108,14,27,48,11.07,26.14,18,22,15,35,25,0,245,202.67,75,71,25,59.7,167,68,61,86,3,0,0,374,67,10,21,33,10,25,27,61,-6,67.02,33,5.52,9.04,331,88,7.65,153,15,15,0,5,69,84,1,73,12,39,11,14,66,20,15,58,27,16.75,14.28,0.94,107,-2.47,15.82,15.21
Dan Ellison,Weston-super-Mare AFC,805,Left Centre Back,Right Back,England,21,185,0,0,0.55,0.18,3,0,33,0,,0.41,0,0,0,0,0,0,0,0,0,0,0.55,3,-0.55,0,0,0,,6,0,2,1,15,10.9,36,40.51,95,44,0.1,57,23.69,23,160,15,30,88,10.85,21.75,6,67,2,62,38,0,74,65.05,33,17,10,28.74,10,14,6,35,4,0,0,271,62,19,21,38,43,43,23,42,-20,37.18,13,1.19,1.74,135,99,5.08,16,0,0,0,0,7,7,0,,0,,0,39,57,4,44,50,6,23.54,19.5,0.92,95,-4.04,21.66,18.47
Dan Hayfield,Torquay United,2092,Right Defensive Midfielder,Left Defensive Midfielder,England,29,,0,0,1.39,0.07,21,0,24,1,,0.47,4,1.6,19,4,1.59,18,0,0.02,1,4,2.99,40,1.01,12,9,3,75,17,0,18,19,21,26.53,34,43.33,309,139,0.03,114,42.45,146,308,26,47,70,33.77,60.3,20,41,11,49,35,0,266,319.9,90,79,30,45.97,115,43,56,71,4,0,0,786,72,55,12,49,50,97,20,61,-11,55.13,81,10.32,11.48,563,96,5.74,221,17,17,0,8,38,55,0,18,4,33,18,30,60,10,24,67,10,20.43,17.91,0.92,99,-2.52,18.86,17.76
Dan Jarvis,Peterborough Sports FC,1405,Centre Attacking Midfielder,Centre Defensive Midfielder,England,27,182,3,3,2.64,0.09,31,10,42,3,,3.98,1,1.87,16,1,1.63,14,0,0.25,2,4,4.52,47,-0.52,14,9,5,64,25,0,12,17,21,22.87,23,28.38,263,140,0.03,117,45.9,77,155,22,43,55,22.05,44.92,15,36,18,38,38,0,227,247.78,91,67,26,49.25,112,49,42,63,3,0,0,471,66,23,14,52,33,34,25,55,-12,55.15,40,7.41,9.75,339,95,5.2,119,13,11,2,9,61,72,1,31,4,36,11,33,60,7,28,65,8,18.07,15.8,0.97,94,-2.27,17.5,14.88
Dan Meredith,Leamington FC,2969,Right Back,Left Centre Midfielder,Scotland,26,173,0,0,1.88,0.06,32,0,25,1,,2.02,0,2.66,25,0,2.34,20,0,0.32,5,0,4.54,57,-4.54,42,27,15,64,13,0,42,34,33,20.82,107,68.14,318,134,0.01,123,28.1,111,351,45,78,73,25.99,46.82,11,46,17,38,12,0,262,168.33,78,56,16,33.1,64,24,36,64,2,0,0,942,60,98,23,33,150,255,14,52,-8,51.37,186,6,8.99,757,94,7.03,212,48,35,13,2,33,68,0,42,22,31,2,41,51,8,32,58,10,24.25,22.91,0.83,82,-1.34,20.23,18.83
Dan Mooney,Kidderminster Harriers,659,Right Wing,Centre Attacking Midfielder,Wales,26,181,0,0,1.98,0.08,26,0,31,6,,1.66,0,1.2,15,0,1.18,14,0,0.03,1,0,3.18,41,-3.18,10,5,5,50,11,0,18,22,3,2.67,6,5.41,119,52,0,36,60.4,50,67,3,6,43,2.95,5.62,8,0,4,43,6,0,108,105.48,30,30,12,62.09,81,75,24,80,1,0,0,169,62,6,81,22,7,26,26,70,8,65.23,26,1.89,4.77,179,85,6.97,69,8,8,0,3,25,33,1,13,3,23,4,15,68,16,13,71,16,19.39,15.76,0.88,96,-3.63,17.01,15.07
Dan Pike,Southport,545,Right Back,Right Defensive Midfielder,England,24,175,1,1,0.34,0.04,8,13,38,2,,0.34,1,0.23,5,1,0.23,5,0,0,0,2,0.57,13,1.43,1,1,0,100,5,0,9,3,6,6.81,16,15.15,78,30,0.04,27,34.99,29,75,10,16,71,8.92,15.73,8,50,4,61,14,0,60,60.29,15,16,2,40.87,22,37,7,44,2,0,0,190,61,23,20,43,19,50,12,62,1,51.65,29,0.52,0.9,137,96,5.45,44,7,3,4,0,3,6,0,29,3,19,0,38,48,14,23,68,9,25.2,18.05,0.88,106,-7.14,22.25,19.2
Dan Pybus,Dorking Wanderers FC,569,Centre Defensive Midfielder,Left Defensive Midfielder,England,28,179,1,1,0.07,0.02,3,33,33,0,,0.11,1,0.39,4,1,0.39,4,0,0,0,2,0.46,7,1.54,4,2,2,50,6,0,4,6,5,6.87,11,13.04,157,57,0.03,77,39.28,25,99,18,23,56,23.43,30.3,6,28,14,63,10,1,133,170.88,56,44,19,40.88,44,33,22,50,2,0,0,308,69,41,10,45,16,86,13,71,2,47.53,46,2.96,3.02,212,96,3.58,68,5,4,1,0,2,6,1,40,2,29,0,31,59,10,35,53,12,25.08,16.76,0.87,98,-8.32,21.83,16.47
Dan Savage,South Shields,448,Right Midfielder,Left Wing Back,England,20,,0,0,0.66,0.13,5,0,60,1,,0.41,1,0.99,3,1,0.99,3,0,0,0,1,1.64,8,-0.64,4,1,3,25,4,0,6,11,2,3.37,6,10.14,104,34,0.02,28,43.56,24,40,4,6,100,6.7,10.07,13,100,0,20,1,0,87,146.41,23,33,11,47.05,47,54,22,67,2,0,0,178,85,8,7,57,8,12,17,85,0,56.02,13,1.42,2.41,151,95,4.84,55,4,4,0,3,12,16,0,50,3,60,3,12,63,25,9,67,24,16.46,16.58,0.98,110,0.12,16.06,18.16
Dan Ward,South Shields,1587,Right Midfielder,Left Midfielder,England,28,178,5,5,4.96,0.19,26,19,46,2,,4.62,5,3.61,27,5,3.61,26,0,0.01,1,10,8.57,53,1.43,29,15,14,52,16,0,40,42,6,9.29,14,20.22,278,129,0.01,118,50.61,90,139,30,36,73,46.11,55.41,17,38,11,24,5,0,231,354.3,97,72,35,52.76,131,57,57,79,2,0,0,619,73,17,16,41,23,32,21,71,-2,63.32,49,13.17,17.63,573,92,4.82,232,21,20,1,8,82,102,2,24,10,20,15,15,61,23,12,57,31,17,15.65,0.94,94,-1.36,15.92,14.76
Daniel Bayliss,Chesham United FC,585,Left Centre Back,Centre Back,England,27,193,0,0,0.36,0.07,5,0,20,0,,0.4,1,0.21,3,1,0.21,3,0,0,0,1,0.57,8,0.43,1,1,0,100,3,0,1,1,4,3.24,57,42.89,64,29,0.07,36,29.67,17,89,5,9,56,4.42,7.66,7,25,4,63,24,0,52,37.23,18,12,4,38.04,11,21,6,50,1,0,0,219,61,20,77,29,69,56,17,55,-7,35.72,13,1.34,1.58,123,99,3.36,18,2,2,0,2,25,27,0,50,2,67,6,54,40,5,39,50,11,25.9,25.62,0.81,83,-0.27,20.9,21.26
Daniel Dodds,South Shields,2626,Left Back,Right Back,England,25,178,2,2,1.99,0.09,22,9,41,1,,2.7,6,5.67,31,6,5.66,30,0,0,1,8,7.66,53,0.34,42,24,18,57,15,0,47,48,25,39.46,64,100.84,395,179,0.02,158,39.27,102,282,49,74,78,78.32,117.78,20,52,14,56,39,0,327,492.08,101,119,40,45.67,151,46,77,65,3,0,0,1393,80,72,25,49,80,132,16,71,-9,52.53,159,19.03,23.79,1207,96,5.8,373,28,27,1,12,66,93,0,50,27,40,19,22,61,16,21,59,21,19.05,17.92,0.93,97,-1.14,17.77,17.3
Daniel Elliott,Macclesfield Town,1870,Centre Forward,Left Centre Forward,England,30,183,10,8,7.76,0.14,56,14,39,8,67,7.47,2,1.41,11,2,1.41,11,0,0,0,10,9.17,67,0.83,18,12,6,67,21,2,47,62,0,0,8,11.53,349,113,0.02,87,70.38,61,84,16,16,80,18.47,18.47,29,50,4,34,48,0,304,363.4,79,81,22,71.63,268,88,77,95,2,0,0,258,57,2,70,15,13,8,42,46,-11,63.91,23,9.44,14,271,75,6.54,68,11,11,0,4,117,128,1,45,5,33,11,18,67,15,15,63,22,15.45,14.5,0.91,84,-0.95,14,12.21
Daniel Gallagher,Dorking Wanderers FC,1464,Centre Defensive Midfielder,Right Centre Back,England,28,184,0,0,0.24,0.12,2,0,50,0,,0.04,0,0.16,2,0,0.16,2,0,0,0,0,0.39,4,-0.39,3,2,1,67,14,0,7,7,20,26.71,51,59.12,245,118,0.04,109,33.36,74,237,23,43,55,28.4,55.11,23,22,19,64,48,1,200,245.28,76,51,23,36.28,49,25,21,41,5,0,0,550,75,35,23,58,62,49,18,67,-8,40.5,46,1.58,1.93,330,96,3.64,69,3,3,0,1,6,9,0,0,0,0,1,36,55,9,45,43,12,20.44,17.61,0.98,98,-2.82,20.05,17.23
Daniel Greenslade,Bath City,2130,Left Back,Left Wing Back,England,30,180,0,0,0.1,0.01,8,0,0,0,,0,0,2.14,24,0,1.11,10,0,1.02,14,0,2.24,32,-2.24,7,6,1,86,3,0,23,6,12,7.91,91,65.02,343,148,0.04,124,29.18,91,319,33,45,73,25.35,33.26,17,50,12,52,48,0,293,209.78,94,63,24,34.13,73,25,43,68,5,0,0,726,55,95,92,33,114,265,14,50,-5,54.98,138,3.04,4.1,490,96,3.99,175,58,19,39,3,6,25,2,21,13,27,2,45,49,5,47,47,6,26.6,20.72,0.85,96,-5.89,22.56,19.97
Daniel Jones,Spennymoor Town,2070,Left Centre Back,Left Back,England,31,183,1,1,0.97,0.14,7,14,29,0,,0.86,0,1.03,10,0,0.63,6,0,0.4,4,1,1.99,17,-0.99,2,1,1,50,19,0,7,5,28,21.1,140,114.99,234,126,0.07,108,24.07,45,321,29,57,73,24.76,45.86,34,41,11,72,73,0,171,138.39,63,38,10,29.49,28,16,15,39,11,1,0,795,58,135,84,40,170,311,16,57,-1,37.59,100,4.48,5.14,477,99,3.77,97,26,7,19,1,14,21,1,46,12,29,2,44,52,4,46,51,3,29.92,21.66,0.84,91,-8.26,25.16,19.77
Daniel Martin,Weston-super-Mare AFC,1128,Left Back,Left Wing Back,England,26,173,1,1,0.56,0.19,3,33,67,0,,1.23,0,0.58,7,0,0.2,4,0,0.38,3,1,1.14,10,-0.14,16,10,6,63,12,0,12,18,17,12.64,41,34.61,179,76,0.02,79,32.53,48,136,22,39,69,18.52,31.16,4,40,10,67,28,0,153,121.45,56,32,12,36.02,38,25,21,66,1,0,0,374,68,34,79,41,49,75,13,55,-12,54.43,62,3.98,4.18,297,93,7.91,89,12,5,7,0,7,12,1,42,7,33,1,35,54,11,30,52,18,21.92,19.25,0.89,105,-2.67,19.42,20.26
Daniel O'Connor,AFC Totton,544,Left Centre Back,Centre Back,Republic of Ireland,21,,0,0,0.34,0.34,1,0,0,0,,0,1,0.43,1,1,0.43,1,0,0,0,1,0.77,2,0.23,2,2,0,100,2,0,0,0,5,3.83,34,24.55,45,18,0.03,21,22.07,13,82,5,10,56,3.98,7.81,1,0,4,87,13,1,41,27.06,14,5,2,24.91,2,5,1,20,0,0,0,222,73,16,79,36,46,32,17,50,-23,35.45,8,1.25,1.68,158,100,3.66,12,0,0,0,1,7,7,1,,0,0,3,32,63,5,42,58,0,24.54,24.81,0.88,93,0.27,21.67,23.2
Daniel Quick,Eastbourne Borough,1563,Right Centre Back,Right Back,England,23,184,0,0,0.35,0.09,4,0,0,0,,0,0,0.97,12,0,0.97,12,0,0,0,0,1.32,16,-1.32,10,7,3,70,15,0,16,8,31,31.2,90,84.9,252,120,0.07,101,28.8,69,246,29,60,83,29.03,60.23,20,38,6,67,52,0,203,206.94,73,37,10,32.44,50,25,22,59,8,0,0,683,66,91,8,44,118,180,13,54,-13,43.81,88,5.51,5.79,497,96,6.21,117,23,20,3,1,12,32,0,43,10,30,2,39,56,6,37,51,12,26.66,23.29,0.91,91,-3.37,24.21,21.3
Danny Gardner,Radcliffe,1147,Left Defensive Midfielder,Right Defensive Midfielder,England,36,185,1,0,0.25,0.03,9,0,11,0,50,0.05,6,3.05,27,3,1.23,10,3,1.83,17,6,3.3,36,2.7,8,4,4,50,8,0,23,7,14,8.38,15,9.19,191,98,0.04,77,38.47,82,183,22,36,65,21.64,30.01,14,36,12,47,7,0,156,131.28,50,42,17,40.54,47,30,20,48,3,0,0,486,68,68,8,48,28,129,15,81,13,52.88,78,4.48,5.31,351,97,6,129,39,15,24,1,11,26,2,21,9,38,0,26,65,8,34,62,4,24.51,19.68,0.88,95,-4.83,21.46,18.73
Danny Greenfield,Radcliffe,2725,Right Defensive Midfielder,Left Centre Midfielder,England,25,176,4,4,4.15,0.06,68,6,28,3,,3.51,4,3.64,37,2,2.21,25,2,1.43,12,8,7.79,105,0.21,36,20,16,56,20,0,35,38,19,17.09,38,35.1,416,203,0.01,132,44.76,196,317,25,44,58,22.87,39.96,30,16,18,45,30,0,361,313.56,105,104,37,47.79,176,49,81,78,6,1,0,866,72,66,11,45,54,130,22,68,-4,58.83,137,10.66,15.04,742,93,7.26,292,37,20,17,4,50,70,0,11,9,31,8,23,63,14,24,62,14,20.61,17.49,0.91,100,-3.11,18.75,17.47
Danny Lloyd,Southport,1381,Right Wing,Right Midfielder,England,34,173,2,1,1.84,0.05,34,3,38,3,100,2.46,3,2.14,22,3,1.8,19,0,0.34,3,4,3.97,56,0.03,19,7,12,37,21,0,32,38,10,12.18,6,5.99,300,137,0.01,79,52.28,65,110,17,27,53,20.3,32.48,25,12,15,33,7,0,258,249.91,62,61,17,54.35,144,56,51,84,4,0,0,405,67,34,78,38,17,79,22,72,5,61.27,44,5.15,6.95,414,90,5.63,146,22,17,5,7,56,73,1,32,10,24,11,16,68,16,10,71,18,21.56,18.05,0.86,95,-3.51,18.59,17.2
Danny Mayor,Fylde,984,Left Centre Midfielder,Left Midfielder,England,35,183,6,6,3.14,0.14,22,27,59,2,,6.47,3,3.06,22,3,2.86,21,0,0.2,1,9,6.2,44,2.8,31,25,6,81,11,0,32,16,3,3.71,13,18.05,110,52,0.04,37,44.36,34,72,9,12,75,13.95,17.66,3,25,3,35,6,0,98,132.83,29,31,13,49.23,48,49,24,77,1,0,0,437,84,13,13,54,17,20,22,79,-5,61.81,83,7.89,11.76,428,94,7.83,198,26,22,4,4,34,56,2,4,1,8,7,19,66,14,18,67,15,16.13,15.05,0.96,99,-1.08,15.48,14.92
Danny Ormerod,Fylde,2318,Centre Forward,Centre Attacking Midfielder,England,20,,22,20,11.16,0.15,75,27,41,6,100,14.45,5,4.77,27,5,4.77,27,0,0,0,25,15.93,102,9.07,27,15,12,56,35,0,52,60,8,11.07,24,30.7,559,235,0.01,165,60.62,59,103,30,38,65,41.76,52.83,32,20,16,31,42,0,497,701.09,142,147,53,63.04,363,73,117,80,3,0,0,435,76,16,12,70,31,16,25,66,-10,60.4,47,14.61,23.13,424,86,7.12,151,15,15,0,12,134,149,1,7,3,30,18,16,59,25,18,63,19,15.01,14.68,1.01,99,-0.33,15.19,14.59
Danny Rowe,Spennymoor Town,2377,Right Centre Back,Right Back,England,30,188,3,3,0.79,0.07,11,27,45,0,,2.45,1,0.52,4,1,0.52,4,0,0,0,4,1.32,15,2.68,4,4,0,100,26,0,6,5,37,29.86,174,148.89,273,152,0.08,145,23.59,52,372,48,85,77,38.27,68.14,25,59,14,72,131,0,200,163.4,75,44,18,27.1,23,12,14,32,8,0,0,951,65,114,12,45,222,203,20,56,-8,36.42,74,6.79,7.51,591,99,4.74,87,11,6,5,2,33,39,0,18,4,44,3,46,49,5,53,43,5,25.45,24.18,0.9,95,-1.27,22.88,22.91
Danny Ryan Barker,Horsham FC,2342,Right Defensive Midfielder,Centre Defensive Midfielder,England,27,,1,1,0.65,0.08,8,13,25,0,,0.11,1,0.17,5,1,0.17,5,0,0,0,2,0.82,13,1.18,12,6,6,50,19,0,12,11,16,15.12,69,62.16,436,199,0.03,169,36.15,117,325,66,82,86,58.7,73.82,42,44,11,52,60,0,329,304.63,112,86,29,38.88,96,29,42,49,2,0,0,728,73,54,12,56,81,85,22,63,-10,44.79,65,5.35,5.41,441,98,4.19,106,6,6,0,0,8,14,0,0,0,0,1,26,64,10,24,73,4,21.5,18.4,0.98,101,-3.1,21.04,18.54
Danny Whitehead,Macclesfield Town,916,Left Defensive Midfielder,Right Defensive Midfielder,England,32,179,1,1,0.58,0.08,7,14,43,1,,1.53,1,0.49,6,1,0.49,6,0,0,0,2,1.07,13,0.93,4,3,1,75,9,0,11,8,10,11.63,29,33.45,139,57,0,44,40.17,64,128,19,29,76,23.77,35.4,7,50,6,45,15,0,113,141.64,32,33,12,44.09,49,43,26,79,0,0,0,470,80,21,13,48,36,37,20,72,-8,54.76,53,3.56,4.1,352,97,4.43,153,11,10,1,1,15,25,0,9,1,25,3,22,62,15,22,67,11,17.55,15.58,0.92,96,-1.98,16.19,14.93
Darnell Johnson,Oxford City,1941,Left Centre Back,Right Centre Back,England,27,185,3,3,0.94,0.13,7,43,43,0,,1.6,0,0.05,1,0,0.05,1,0,0,0,3,0.99,8,2.01,4,3,1,75,6,0,9,4,16,10.22,162,112.37,172,88,0.08,95,19.5,22,219,28,44,78,22.73,32.95,10,30,8,70,62,0,135,100.27,51,27,12,24.4,13,10,5,19,4,0,0,665,74,55,27,42,182,110,16,58,-16,31.73,25,2.63,3.26,499,98,4.67,26,0,0,0,1,21,21,0,,0,,1,36,60,4,54,46,0,24.41,20.79,0.88,98,-3.62,21.36,20.37
Darren McQueen,AFC Hornchurch,1445,Left Wing,Left Centre Forward,England,31,174,3,2,3.3,0.14,23,9,35,4,100,1.3,1,1.72,12,1,1.72,11,0,0.01,1,3,5.02,35,-2.02,11,4,7,36,28,0,14,29,5,4.56,13,13.44,215,62,0.01,61,57.64,57,88,8,13,67,8.08,12.65,9,33,4,29,14,0,198,203.27,49,63,22,61.56,149,75,54,86,2,0,0,294,66,6,69,29,20,14,24,60,-6,65.62,31,5.71,9.83,294,90,6.98,110,7,7,0,7,53,60,0,57,5,21,13,22,57,21,24,52,25,15.35,14.24,0.92,84,-1.1,14.17,11.97
David Agbontohoma,Maidstone United,703,Right Centre Back,Left Centre Back,England,24,189,0,0,0.07,0.07,1,0,0,0,,0,0,0.08,1,0,0.08,1,0,0,0,0,0.14,2,-0.14,0,0,0,,2,0,0,0,10,14.32,39,49.97,56,28,0.06,31,26.6,14,103,9,19,75,12.92,27.24,6,25,3,64,14,0,42,42.72,18,6,1,31.84,9,21,3,50,1,0,0,311,69,36,13,43,44,78,6,57,-12,37.53,13,3.54,3.86,204,100,5.6,16,1,0,1,1,8,8,0,100,1,14,1,39,58,3,44,44,13,25.71,26.07,0.86,75,0.37,22.19,19.6
David Ball,Radcliffe,1632,Centre Attacking Midfielder,Left Centre Forward,England,36,183,4,4,3.63,0.11,33,12,45,3,0,4.19,0,1.53,16,0,1.53,16,0,0,0,4,5.16,49,-1.16,17,10,7,59,24,2,29,55,6,4.14,16,13.02,265,117,0.01,81,60.46,87,120,9,15,69,8.99,13.13,23,0,4,28,23,0,233,202.4,71,70,30,63.71,174,75,61,87,6,0,0,400,75,15,15,50,19,27,28,64,-10,66.34,39,6.57,10.17,383,87,5.23,185,13,13,0,13,93,106,0,23,3,21,16,18,63,19,15,65,19,15.86,13.07,0.96,103,-2.79,15.24,13.4
David Carson,South Shields,946,Left Defensive Midfielder,Right Defensive Midfielder,England,30,178,0,0,0.08,0.04,2,0,0,0,,0,0,0.38,9,0,0.38,9,0,0,0,0,0.46,11,-0.46,2,2,0,100,25,0,14,6,4,6.08,14,20.62,177,77,0.04,73,41.6,50,101,27,31,84,40.92,46.99,14,64,5,40,4,0,136,212.91,50,48,16,43.3,55,40,24,50,3,0,0,584,85,34,5,64,25,42,16,82,-3,50.31,68,8.42,8.56,492,97,4.29,128,7,7,0,1,7,14,2,14,1,33,0,15,72,13,16,73,11,19.22,19.1,0.97,101,-0.11,18.59,19.3
David Davis,Kidderminster Harriers,1501,Right Defensive Midfielder,Left Defensive Midfielder,England,35,173,5,5,4.88,0.24,20,25,45,2,,3.93,2,0.42,11,2,0.42,11,0,0,0,7,5.3,31,1.7,13,8,5,62,19,0,11,18,21,23.37,35,39.7,335,129,0.03,129,48.75,133,209,34,55,74,44.7,68.07,40,27,12,68,45,0,261,302.45,93,83,35,52.83,151,58,65,78,5,1,0,545,69,36,32,49,46,62,25,68,-2,55.69,50,7.08,9.33,367,95,5.28,137,9,9,0,2,43,52,1,33,3,18,7,26,59,15,26,58,15,20.34,17.72,0.94,95,-2.63,19.22,16.8
David Longe-King,Hampton & Richmond,524,Left Centre Back,Right Centre Back,England,31,193,0,0,0.07,0.07,1,0,0,0,,0,0,0,0,0,0,0,0,0,0,0,0.07,1,-0.07,0,0,0,,8,0,0,1,6,7.11,17,17.21,61,31,0.03,42,27.95,9,69,7,13,78,7.48,14.59,1,33,2,79,11,0,53,55.15,33,11,9,31.35,9,17,6,55,1,0,0,168,64,10,37,31,20,29,16,75,11,36.04,14,0.77,0.77,96,100,6.93,16,1,1,0,1,6,7,0,0,0,0,1,41,54,5,38,63,0,22.17,18.96,0.88,91,-3.21,19.52,17.27
David Longe-King,Chelmsford City,1643,Left Centre Back,Centre Attacking Midfielder,England,31,193,1,1,1.11,0.11,10,10,50,0,,1.02,0,0.02,1,0,0.02,1,0,0,0,1,1.12,11,-0.12,1,0,1,0,10,0,3,3,14,14.38,87,84.75,156,59,0.07,80,26.8,25,233,9,23,82,8.4,22.78,19,33,2,79,66,0,128,143.11,56,27,13,32.41,25,20,8,30,2,1,1,537,78,49,26,58,99,72,17,64,-14,35.44,23,4.2,4.8,338,99,4.83,33,1,1,0,1,30,31,0,0,0,,2,28,67,5,30,61,9,22.58,18.37,0.96,100,-4.21,21.63,18.35
David Mantle,Maidenhead United,599,Left Centre Back,Centre Back,England,,,0,0,0.05,0.05,1,0,0,0,,0,0,0,0,0,0,0,0,0,0,0,0.05,1,-0.05,2,2,0,100,5,0,4,2,10,11.43,35,40.77,70,26,0.03,32,22.57,11,91,9,19,75,11.91,23.33,7,0,3,71,25,0,54,61.33,22,16,8,25.52,4,7,4,25,2,0,0,234,75,17,12,44,39,35,17,77,2,33.88,5,2.12,2.12,161,98,5.24,8,0,0,0,0,1,1,0,,0,0,0,37,58,5,50,25,25,22.39,16.98,0.92,104,-5.41,20.62,17.59
David Sesay,Maidstone United,2915,Right Back,Right Centre Back,Sierra Leone,27,184,1,1,0.72,0.04,17,6,35,1,,0.93,1,0.64,7,1,0.64,7,0,0,0,2,1.36,24,0.64,24,15,9,63,54,0,19,18,43,42.97,104,102.22,351,155,0.04,136,34.55,102,366,45,88,82,49.21,92.18,23,67,10,61,53,0,284,264.98,98,79,31,40.47,100,35,53,67,4,0,1,1008,63,100,7,40,136,218,13,52,-12,50.69,146,7.34,7.98,706,96,4.87,214,16,12,4,3,36,48,0,50,12,27,8,44,48,8,37,54,9,24.37,21.46,0.88,95,-2.91,21.56,20.4
Davide Rodari,Hampton & Richmond,783,Left Centre Forward,Centre Forward,Switzerland,26,178,4,4,1.4,0.08,18,22,28,3,,2.06,1,0.41,8,1,0.41,8,0,0,0,5,1.81,26,3.19,8,4,4,50,11,0,11,27,3,2.97,12,6.98,98,28,0.02,27,54.72,32,44,5,8,50,3.86,6.83,16,0,5,49,47,0,77,53.51,22,22,9,62.99,60,78,22,100,1,0,0,196,49,4,14,50,13,7,38,41,-8,63.4,14,1.4,2.29,118,80,4.17,48,4,4,0,2,44,48,0,25,1,25,4,27,57,16,19,67,15,14.78,12.95,0.99,89,-1.83,14.67,11.56
Decarrey Musi Sheriff,Dover Athletic,1658,Centre Forward,Left Wing,England,28,,5,5,5.69,0.17,33,15,39,5,,5,4,1.69,13,4,1.69,13,0,0,0,9,7.38,46,1.62,18,13,5,72,17,0,31,55,6,2.93,11,7.47,297,96,0.01,71,60.76,57,83,19,25,90,13.62,16.55,25,50,2,24,28,0,253,154.54,60,64,19,63.55,191,75,54,84,2,0,0,255,53,9,66,39,18,16,33,52,-1,67.19,17,3.42,8.85,261,79,6.59,83,10,10,0,6,62,72,0,80,12,33,10,20,67,14,7,75,18,16.17,13.9,0.98,99,-2.27,15.78,13.7
Declan Drysdale,Marine,1256,Right Centre Back,Centre Defensive Midfielder,England,26,196,1,1,1.11,0.11,10,10,30,0,,1.39,0,0.39,3,0,0.39,3,0,0,0,1,1.5,13,-0.5,3,2,1,67,9,0,4,5,11,6.89,91,62.91,117,57,0.05,60,26.38,39,225,12,23,80,6.94,13.83,10,50,3,62,54,0,95,68.4,32,27,7,35.68,28,29,15,56,3,0,0,340,59,31,7,40,99,70,20,55,-4,39.64,37,2.89,3.75,177,97,6.53,41,4,4,0,1,23,27,1,0,0,0,3,46,48,6,51,41,7,25.34,20.46,0.92,96,-4.88,23.37,19.59
Declan Phillips,Bedford Town,337,Right Wing,Right Defensive Midfielder,England,,,0,0,0.07,0.02,3,0,33,2,,0.02,0,0.17,2,0,0.17,2,0,0,0,0,0.24,5,-0.24,6,5,1,83,5,0,4,7,6,1.43,3,0.69,78,41,0.02,24,38.59,12,24,9,15,64,2.87,4.3,3,17,5,60,6,0,66,20.11,18,10,5,40.41,22,33,6,60,1,0,0,72,57,5,57,36,4,13,22,53,-4,57.95,4,0.82,0.91,59,92,5.83,18,4,3,1,1,9,12,0,50,2,50,1,29,57,14,6,78,17,19.12,15.41,0.88,111,-3.7,16.89,17.05
Declan Rose,AFC Totton,2366,Right Back,Right Wing Back,England,24,,0,0,0.67,0.03,26,0,23,1,,0.38,5,4.01,39,2,2.51,21,3,1.51,18,5,4.68,65,0.32,24,16,8,67,14,0,12,17,26,28.38,89,91.68,226,104,0.04,97,30.25,107,307,26,52,62,26.07,54.45,24,26,16,58,53,0,176,174.56,53,43,9,37.49,57,32,26,60,7,0,0,1023,63,150,7,43,122,319,13,61,-2,51.85,140,8.55,10.87,771,98,4.39,219,56,24,32,3,23,47,5,20,15,22,4,35,54,11,35,54,11,26.84,22.21,0.88,87,-4.62,23.53,19.41
Declan Weeks,Chester,2567,Right Centre Midfielder,Right Defensive Midfielder,Wales,30,,1,1,1.03,0.04,29,3,24,1,,0.79,5,4.85,62,4,3.4,47,1,1.46,15,6,5.88,91,0.12,19,12,7,63,27,0,36,24,19,18.48,48,38.62,536,247,0.02,192,43.71,223,395,60,79,63,61.02,79.5,28,26,35,46,38,0,448,406.42,144,134,42,46.66,214,48,98,73,4,0,0,1341,73,149,9,52,65,270,14,65,-8,54.41,192,15.67,17.24,1005,97,4.23,388,71,45,26,9,36,81,4,14,16,39,11,26,64,10,31,62,7,22.33,16.28,0.92,105,-6.05,20.54,17.05
Deegan Atherton,Worksop Town FC,1499,Right Back,Right Centre Back,England,27,,0,0,0.33,0.07,5,0,40,0,,0.08,0,0.36,9,0,0.36,9,0,0,0,0,0.69,14,-0.69,2,1,1,50,5,0,8,10,25,17.67,83,61.9,260,150,0.05,126,28.91,86,257,45,70,68,31.18,48.85,11,50,21,64,51,1,204,151.4,77,42,14,32.84,45,22,24,57,3,0,0,607,64,81,11,42,105,173,15,58,-5,47.77,106,5.58,6.39,369,96,3.78,134,22,17,5,1,6,23,0,50,11,33,1,43,49,8,43,49,9,25.91,22.36,0.88,97,-3.55,22.81,21.62
Demico Burton,Leamington FC,1601,Left Back,Left Wing,England,23,180,0,0,1.28,0.1,13,0,15,1,,0.34,0,0.7,5,0,0.7,5,0,0,0,0,1.99,18,-1.99,20,12,8,60,26,0,40,27,21,10.7,65,37.8,330,172,0.04,134,30.11,59,181,53,74,77,29.91,40.61,21,50,16,53,41,1,259,145.63,83,57,17,34.53,65,25,29,51,2,0,0,317,45,25,78,31,74,71,17,43,-1,48.11,43,2.32,3.33,235,86,7.67,46,8,4,4,1,30,34,1,38,3,21,2,44,49,7,13,78,9,22.22,15.96,0.89,105,-6.26,19.67,16.79
Deniche Hill,Buxton,867,Left Back,Left Wing Back,Bermuda,22,173,0,0,0.1,0.1,1,0,0,0,,0,0,0.46,2,0,0.46,2,0,0,0,0,0.56,3,-0.56,12,8,4,67,20,0,17,11,20,20.63,28,37.34,147,60,0.01,57,32.36,31,106,27,47,77,34.12,54.74,6,30,8,54,14,0,114,137.12,40,24,10,35.02,28,25,16,67,2,0,0,301,78,18,73,53,33,29,12,63,-16,48.5,37,3.01,3.47,240,93,6.36,71,1,1,0,0,3,4,1,0,0,0,0,30,52,18,28,54,18,18.83,19.91,0.95,88,1.08,17.8,17.45
Dennon Lewis,Dorking Wanderers FC,2969,Left Wing Back,Left Midfielder,England,29,178,4,4,5.24,0.09,58,7,47,3,,7.95,8,9.92,70,4,6.64,44,4,3.28,26,12,15.15,128,-3.15,38,19,19,50,13,0,53,70,11,12.44,35,42.01,299,88,0.01,102,50.56,104,190,26,37,81,34.43,46.87,14,45,6,56,41,0,260,327.02,81,93,29,55.59,153,59,78,84,4,0,0,925,56,82,18,33,58,227,19,53,-3,67.02,114,14.81,22.75,867,91,8.26,298,83,47,36,15,110,157,4,41,44,24,22,16,67,17,17,56,27,22.61,17.57,0.86,96,-5.04,19.49,16.84
Deon Moore,Maidstone United,2301,Centre Forward,Left Centre Forward,England,27,179,7,7,7.39,0.18,41,17,51,3,0,9.43,4,3.73,33,4,3.73,33,0,0,0,11,11.12,74,-0.12,17,10,7,59,29,1,49,84,11,8.81,8,8.28,470,175,0,132,70.66,74,99,11,22,55,11.18,19.99,39,10,9,37,95,0,420,361.03,122,101,36,71.75,375,89,95,94,4,0,0,544,65,9,20,41,16,14,36,60,-5,69.36,44,13.58,18.51,419,79,5.97,233,12,12,0,18,141,153,0,0,4,24,29,14,67,18,11,65,24,15.23,14.61,0.99,97,-0.62,15.06,14.2
Dermi Lusala,Dagenham & Redbridge,1797,Right Wing Back,Right Back,England,23,185,3,3,1.86,0.12,15,20,27,1,,1.41,0,1.25,21,0,1.24,20,0,0.01,1,3,3.11,36,-0.11,24,11,13,46,26,0,33,27,18,16.52,47,37.95,400,209,0.02,133,36.84,90,225,46,64,72,41.9,58.42,17,59,18,51,38,0,337,272.75,97,55,19,40.84,117,35,38,69,2,0,0,558,70,53,7,51,67,84,19,63,-7,52.86,51,6.57,8.35,475,91,5.05,145,24,24,0,3,34,58,0,46,13,42,3,30,57,13,25,54,21,21.47,18.62,0.92,100,-2.85,19.81,18.58
Devante Stanley,Hemel Hempstead Town,2212,Right Back,Right Wing Back,England,29,,0,0,0.39,0.07,6,0,17,0,,0.04,0,2.17,12,0,2.17,12,0,0,0,0,2.56,18,-2.56,14,11,3,79,11,0,22,13,23,18.59,72,59.12,289,127,0.01,102,30.62,105,310,43,66,78,33.43,52.02,16,54,12,56,24,0,231,200.25,77,50,15,34.64,55,24,28,56,7,0,0,813,59,80,5,33,88,230,11,57,-2,53.42,156,8.13,8.68,599,96,6.73,204,34,26,8,3,10,36,2,26,11,32,2,44,49,8,35,54,11,25.28,19.94,0.84,92,-5.34,21.32,18.35
Dillon Morse,South Shields,1486,Right Centre Back,Left Centre Back,England,31,178,2,2,1.69,0.42,4,50,75,0,,2.66,0,0.51,4,0,0.51,4,0,0,0,2,2.2,8,-0.2,0,0,0,,13,0,2,2,10,16.18,78,127.64,147,75,0.04,76,25.27,21,176,19,29,83,30.88,47.06,12,60,4,53,28,0,116,185.2,45,29,12,30.3,21,18,9,31,4,0,0,1172,90,83,14,63,91,118,14,83,-7,37.96,70,14.08,15.39,1025,100,5.86,89,6,6,0,0,14,20,2,0,0,,1,23,73,5,40,57,2,21.68,20.06,0.95,97,-1.62,20.63,19.46
Dillon Senan De Silva,Dagenham & Redbridge,378,Right Wing Back,Right Back,Sri Lanka,24,176,0,0,0.06,0.02,3,0,33,1,,0.05,0,0.68,6,0,0.68,6,0,0,0,0,0.74,9,-0.74,8,2,6,25,6,0,8,12,5,5.48,6,6.37,71,24,0,23,49.5,17,39,5,10,83,3.72,9.2,7,50,1,53,10,0,59,58.55,20,13,4,55.2,37,63,11,85,1,0,0,110,47,7,11,29,12,18,28,41,-6,64.23,14,1.41,2.05,94,87,6.36,29,10,7,3,1,10,17,1,50,6,43,1,26,65,9,28,62,10,22.19,18.49,1.01,94,-3.69,22.36,17.31
Dion Kelly-Evans,Chester,1816,Right Back,Left Back,England,29,177,1,1,1.24,0.12,10,10,30,1,,0.4,0,0.57,12,0,0.49,9,0,0.08,3,1,1.81,22,-0.81,2,2,0,100,17,0,12,3,17,17.14,65,70.88,297,137,0.05,131,31.6,58,200,51,68,85,48.42,65.56,19,62,9,48,39,0,227,202.47,91,68,30,34.78,54,24,36,53,3,0,0,634,71,66,15,48,75,127,11,59,-12,51.27,88,6.4,6.95,462,98,3.47,149,21,17,4,3,24,41,0,43,9,39,4,33,55,12,32,53,15,21.94,17.62,0.89,97,-4.32,19.46,17.01
DJ Campton-Sturridge,Oxford City,1214,Right Wing,Left Centre Forward,England,24,176,6,5,2.76,0.15,18,28,50,4,100,4.37,3,1.73,9,3,1.73,9,0,0,0,8,4.49,27,3.51,15,8,7,53,17,1,49,36,6,6.64,4,3.28,238,117,0.01,63,53.93,37,80,11,17,69,9.16,15.79,18,0,5,34,17,0,210,153.98,52,41,9,56.11,133,63,31,76,1,0,0,221,69,7,6,44,7,13,31,60,-9,61.53,20,3.66,6.8,229,84,7.27,75,6,5,1,6,40,45,1,0,2,22,9,19,59,22,9,65,25,15.76,13.56,0.96,113,-2.2,15.12,15.33
Djavan Pedro,Southport,490,Centre Forward,Right Centre Forward,England,23,182,1,1,1.83,0.13,14,7,36,6,,2.07,1,0.42,4,1,0.42,4,0,0,0,2,2.25,18,-0.25,5,3,2,60,2,0,7,17,1,1.11,1,1.11,131,44,0,22,67.71,19,26,5,6,83,3.24,4.35,15,50,1,47,18,0,111,89.6,21,26,6,69.15,93,84,21,81,2,0,0,93,52,1,21,50,2,1,33,45,-7,65.47,10,2.42,3.64,66,79,6.55,28,3,3,0,1,35,38,0,0,1,100,1,18,62,20,14,57,29,13.79,12.73,1.1,135,-1.06,15.22,17.18
D'Mani Bughail-Mellor,Macclesfield Town,2699,Centre Attacking Midfielder,Centre Forward,England,25,186,11,11,8.2,0.22,37,30,38,2,,9.52,2,3.28,23,2,3.28,23,0,0,0,13,11.48,60,1.52,25,17,8,68,27,0,53,78,13,15.62,24,30.43,548,219,0.01,162,56.84,131,216,27,40,64,31.53,47.15,17,22,15,43,72,0,505,585.72,136,144,49,59.77,339,67,117,81,1,0,0,713,77,32,16,71,31,38,25,66,-10,61.31,54,10.74,18.22,599,87,5.35,268,14,14,0,9,122,136,3,21,11,50,25,14,61,25,12,59,29,16.32,13.44,1,106,-2.88,16.36,14.25
Dom Tear,Scarborough Athletic,2736,Centre Attacking Midfielder,Left Centre Midfielder,England,26,180,5,5,6.99,0.18,38,13,29,2,,4.82,0,0.45,10,0,0.45,10,0,0,0,5,7.44,48,-2.44,31,17,14,55,36,1,63,66,22,17.97,44,43.54,580,247,0.01,158,47.1,195,335,35,57,58,31.26,49.23,39,23,25,35,62,0,507,434.9,123,156,45,49.66,241,48,111,71,5,0,0,726,68,29,25,51,53,48,27,62,-6,55.32,61,10.2,12.39,559,86,5.19,175,9,9,0,5,90,99,2,22,2,11,12,21,62,17,17,66,17,16.33,14,0.99,106,-2.33,16.17,14.85
Dominic Bernard,Weston-super-Mare AFC,687,Right Back,Left Back,Republic of Ireland,29,180,0,0,0,,0,,,0,,0,0,0.23,4,0,0.23,4,0,0,0,0,0.23,4,-0.23,5,3,2,60,6,0,7,6,6,3.76,8,6.22,104,46,0.02,42,40.15,29,85,11,17,69,11.12,14.88,6,57,5,61,11,0,88,78.4,31,25,6,42.68,34,39,21,84,3,0,0,246,76,12,14,46,11,23,17,65,-12,50.16,27,1.53,1.78,179,96,3.91,53,1,1,0,2,10,11,0,100,1,33,5,29,60,11,26,51,23,18.59,14.86,0.92,107,-3.73,17.12,15.83
Dominic Odusanya,Chelmsford City,1873,Left Defensive Midfielder,Centre Defensive Midfielder,England,27,169,1,1,1.23,0.12,10,10,30,0,,0.77,0,0.69,6,0,0.69,6,0,0,0,1,1.92,16,-0.92,8,6,2,75,14,0,3,13,12,10.92,44,39.65,238,98,0.04,75,36.95,122,254,23,35,72,25.65,36.57,20,43,9,62,52,0,195,200.07,55,63,19,42.32,71,36,41,65,4,0,0,715,69,80,23,46,69,149,23,67,-2,50.52,92,4.61,6.53,455,98,4.03,147,12,9,3,2,21,30,1,0,0,0,3,31,62,8,29,67,3,24.71,20.86,0.88,96,-3.85,21.67,20.06
Dominic Poleon,Farnborough,2078,Centre Forward,Left Centre Forward,St. Lucia,32,190,9,8,8.82,0.18,49,16,47,6,100,9.07,2,1.03,17,2,1.03,17,0,0,0,10,9.85,66,0.15,29,17,12,59,11,0,44,60,4,3.65,8,6.3,316,104,0,67,65.09,56,76,12,16,80,8.81,12.46,19,0,3,27,14,1,285,237.4,59,86,22,67.31,230,81,81,94,1,0,0,291,74,1,10,13,9,7,24,63,-11,65.61,21,8.06,14.46,334,83,5.99,120,8,8,0,5,114,122,0,13,3,23,16,9,62,29,8,62,31,14.16,13.89,0.96,108,-0.28,13.66,15.06
Dominic Revan,Salisbury,3051,Right Centre Back,Right Back,England,25,192,1,1,0.37,0.06,6,17,33,0,,0.43,0,0.84,7,0,0.84,7,0,0,0,1,1.21,13,-0.21,15,7,8,47,18,0,16,17,28,33.35,128,134.8,469,192,0.06,211,28.83,63,390,59,87,84,67.51,100.87,12,52,11,46,52,0,398,427.47,148,87,34,33.2,97,24,42,48,4,0,0,1218,77,79,25,42,166,148,15,61,-15,42.08,100,6.36,6.93,964,98,6.2,168,10,9,1,1,20,29,0,40,5,21,1,29,64,7,27,64,9,22.02,22.16,0.9,87,0.14,19.87,19.28
Dominic Samuel,Ebbsfleet United,1845,Centre Forward,Right Centre Forward,England,32,182,15,13,10.52,0.16,64,20,45,7,100,12.01,0,0.52,8,0,0.52,8,0,0,0,13,11.03,72,1.97,6,3,3,50,25,0,32,34,6,6.62,16,21.16,214,71,0.03,45,61.91,60,82,5,11,56,5.33,11.96,18,40,4,35,40,0,192,224.71,37,40,9,67.09,158,82,37,93,2,0,0,365,74,10,14,59,23,10,37,70,-4,63.54,23,9.43,15.63,327,89,5.54,144,11,11,0,3,119,130,0,18,2,33,7,13,68,18,9,71,20,16.05,15.61,1.01,104,-0.44,16.25,16.17
Donovan Wilson,Dagenham & Redbridge,1112,Centre Forward,Right Centre Forward,England,29,180,2,2,1.64,0.08,21,10,33,5,,3.32,0,0.14,3,0,0.14,3,0,0,0,2,1.78,24,0.22,11,8,3,73,11,0,25,45,2,1.22,4,3.12,235,70,0.01,35,65.92,19,36,14,16,88,11.77,12.99,26,33,2,19,13,0,195,155.22,32,37,13,66.39,157,81,31,84,0,0,0,165,55,1,80,13,7,5,48,56,1,62.35,16,2.8,4.09,199,72,4.68,49,4,4,0,3,59,63,2,0,2,40,6,21,72,7,22,65,12,14.95,14.54,0.92,88,-0.41,13.81,12.75
Dylan Allen-Hadley,AFC Telford United,1341,Left Wing,Centre Forward,England,23,,9,9,5.61,0.18,32,28,56,4,,7.24,3,1.89,14,3,1.89,14,0,0,0,12,7.5,46,4.5,33,24,9,73,18,0,52,49,9,11.75,1,1.18,218,96,0,43,63.54,26,48,8,17,47,8.16,19.91,20,10,9,32,12,0,190,169.78,36,53,9,64.31,140,74,45,85,1,0,0,286,74,9,22,64,1,14,21,61,-13,59.96,42,6.75,10.82,372,84,8.18,95,3,3,0,10,96,99,0,33,4,27,14,14,58,28,11,60,29,16.4,12.61,1.02,109,-3.79,16.65,13.81
Dylan Cogill,Worksop Town FC,935,Left Centre Back,Left Back,England,28,191,0,0,1.19,0.12,10,0,40,1,,1.03,0,0,0,0,0,0,0,0,0,0,1.19,10,-1.19,0,0,0,,2,0,0,2,15,11.18,77,50.85,105,49,0.03,37,25.39,15,93,15,30,71,13.43,24.61,10,56,6,57,31,0,80,66.12,16,13,2,29.37,13,16,9,69,4,0,0,239,66,29,77,41,89,58,21,62,-3,36.91,23,2.17,2.61,122,99,4.23,27,2,2,0,2,24,26,0,0,0,0,2,42,55,3,56,41,4,28.01,23.62,0.82,102,-4.39,22.94,24.09
Dylan Dwyer,Southport,1167,Left Back,Centre Attacking Midfielder,England,22,181,1,1,0.18,0.03,7,14,71,0,,0.68,0,0.47,8,0,0.44,7,0,0.03,1,1,0.65,15,0.35,5,4,1,80,10,0,7,5,16,17.01,41,42.28,171,88,0.04,61,29.63,51,177,22,38,69,22.79,39.81,15,36,10,61,20,0,134,131.46,41,20,8,34.51,33,25,11,55,4,1,0,575,65,35,84,26,64,113,15,60,-5,48.52,78,2.9,3.07,415,98,4.58,113,13,10,3,0,0,10,0,38,5,11,1,39,50,10,41,46,13,22.84,21.61,0.82,83,-1.23,18.65,17.85
Dylan Mitchell,Leamington FC,838,Right Defensive Midfielder,Right Centre Midfielder,England,20,171,0,0,0.14,0.05,3,0,0,0,,0,0,0.48,7,0,0.22,4,0,0.27,3,0,0.62,10,-0.62,7,5,2,71,7,0,13,7,12,7.42,14,8.93,193,105,0.03,73,36.94,85,177,22,34,69,14.34,21.75,12,25,10,37,13,0,160,116.96,53,51,19,40.65,47,29,24,47,1,0,0,337,66,26,7,39,21,59,15,68,2,47.85,27,1.61,1.66,224,98,5.04,48,9,5,4,1,3,8,0,0,0,0,2,26,60,13,29,65,6,22.63,18.02,0.88,99,-4.61,19.91,17.9
Dylan Morgan,Torquay United,1237,Left Wing,Right Wing,England,23,175,6,6,2.34,0.07,33,18,36,3,,3.09,0,1.19,17,0,1.13,16,0,0.06,1,6,3.53,50,2.47,42,28,14,67,11,0,30,39,3,3.78,14,18.81,261,108,0.03,68,51.11,65,108,18,21,69,23.43,27.21,15,53,8,26,11,0,232,298.54,55,62,16,53.74,129,56,49,79,2,0,0,441,67,21,15,36,26,47,21,60,-7,68.15,53,5.58,7.08,456,90,6.95,197,23,22,1,8,69,91,1,26,8,17,18,21,58,20,19,54,26,19.41,16.97,0.86,81,-2.44,16.7,13.72
Dylan Mottley-Henry,Chester,2253,Right Centre Forward,Left Centre Forward,England,28,178,7,7,6.05,0.13,46,15,41,3,,8.14,3,2.8,21,3,2.77,20,0,0.03,1,10,8.85,67,1.15,21,4,17,19,40,3,49,71,14,14.2,29,27.96,304,84,0.02,95,56.52,79,128,14,28,70,15.46,29.66,25,14,6,50,122,0,265,254.3,79,77,25,62.32,189,71,67,87,3,0,0,512,55,12,12,36,36,26,33,47,-8,61.39,31,10.94,15.32,384,84,5.67,136,8,8,0,11,120,128,1,63,7,24,13,22,59,19,12,54,34,15.68,13.89,0.93,96,-1.79,14.52,13.31
Dylan Stephenson,Dagenham & Redbridge,1824,Right Centre Forward,Left Centre Forward,England,23,187,6,6,6.96,0.12,56,11,36,6,,7.34,1,2.53,18,1,2.48,17,0,0.04,1,7,9.49,74,-2.49,11,7,4,64,14,0,30,49,5,5.8,6,4.2,483,193,0,100,64.15,64,99,22,27,71,18.93,24.74,22,53,9,25,38,0,439,370.11,85,98,17,65.25,348,79,84,86,1,0,0,366,66,7,13,39,9,15,32,62,-4,62.82,30,7.14,12.96,323,86,5.44,128,10,10,0,8,126,136,1,20,5,31,15,12,64,24,9,60,31,14.86,13.01,0.95,108,-1.85,14.16,14
E.Simon,Tonbridge Angels FC,1027,Centre Forward,Right Centre Forward,England,29,,5,5,3.73,0.14,27,19,48,6,,3.71,0,0.31,7,0,0.31,7,0,0,0,5,4.05,34,0.95,4,2,2,50,9,0,13,27,3,3.63,8,8.78,181,60,0.03,42,60.97,32,53,4,7,44,3.81,7.44,11,0,5,26,10,0,166,165.26,36,42,14,64.91,125,75,36,86,2,0,0,190,77,6,8,60,9,9,26,75,-2,57.68,17,2.62,5.13,174,88,5.28,58,3,3,0,1,57,60,1,0,1,33,5,11,57,33,12,66,22,14.81,14.37,1.04,115,-0.44,15.35,16.45
Ed Palmer,Torquay United,1012,Right Centre Back,Right Back,England,34,186,2,2,1.27,0.14,9,22,44,1,,1.85,2,1.2,8,2,1.2,8,0,0,0,4,2.46,17,1.54,5,2,3,40,6,0,2,4,14,15.61,68,81.73,117,56,0.05,63,30.7,36,169,10,24,77,12.32,27.93,11,50,3,65,54,0,96,116.19,39,15,8,33.95,20,21,7,47,6,0,0,503,67,53,13,44,83,106,17,54,-13,40.53,50,5.16,6.92,321,99,6.6,80,12,10,2,8,36,46,0,8,2,25,10,36,58,6,23,64,14,24.9,21.26,0.87,82,-3.64,21.66,17.36
Eddie Panter,Bedford Town,551,Right Wing,Left Midfielder,England,,,0,0,0.4,0.07,6,0,0,2,,0,1,1.82,4,1,1.82,4,0,0,0,1,2.22,10,-1.22,6,3,3,50,19,0,12,16,3,0.78,5,1.92,134,46,0.02,30,54.76,20,30,13,16,93,6.35,7.13,9,80,1,18,3,0,112,57.28,28,33,7,54.95,67,60,25,76,1,0,0,104,54,2,13,20,6,9,29,56,3,64.12,10,2.1,3.52,106,82,7.48,33,6,6,0,3,23,29,0,33,4,20,2,18,62,20,24,52,24,16.52,12.04,0.93,109,-4.48,15.42,13.08
Eduino Vaz,Hampton & Richmond,723,Left Wing Back,Left Wing,Guinea-Bissau,22,190,0,0,0.5,0.05,11,0,27,2,,0.25,2,1.17,7,2,1.17,7,0,0,0,2,1.67,18,0.33,19,8,11,42,16,0,18,21,13,15.68,11,8.78,144,65,0.01,56,36.62,45,107,17,30,68,18.55,34.23,9,45,8,46,13,0,118,116.33,36,43,17,39.89,42,36,24,56,2,0,0,270,63,16,73,33,18,41,14,45,-17,56.79,35,2.62,2.88,230,89,6.14,75,11,10,1,4,15,25,1,36,8,29,5,30,58,12,24,57,19,21.52,19.33,0.85,61,-2.19,18.19,11.82
Eliott Whitehouse,Peterborough Sports FC,2094,Centre Defensive Midfielder,Right Defensive Midfielder,England,32,180,2,1,1.09,0.06,19,5,21,1,100,1.34,2,1.08,12,2,1.08,12,0,0,0,3,2.18,31,0.82,4,4,0,100,30,0,17,3,19,19.25,82,86.69,352,154,0.06,142,36.74,149,318,49,68,74,48.99,68.24,39,45,17,53,54,0,265,267.87,91,87,31,41.72,91,34,43,49,9,0,0,853,77,84,25,59,99,125,18,70,-6,48.62,96,9.18,10.66,528,99,3.55,154,12,10,2,1,17,27,0,33,4,50,2,26,64,10,27,68,5,22.3,19.29,0.95,101,-3.01,21.3,19.41
Elliot Forbes,Darlington,2082,Left Centre Back,Right Centre Back,England,27,194,1,1,0.95,0.07,14,7,14,1,,0.79,0,0.56,10,0,0.56,10,0,0,0,1,1.51,24,-0.51,20,15,5,75,15,0,9,16,16,15.83,111,102.91,247,109,0.05,127,27.83,74,362,30,46,79,30.24,46.06,10,63,8,64,89,0,207,210.89,78,55,22,33.08,47,23,24,44,3,0,0,792,68,88,9,44,152,160,23,66,-2,41.35,95,8.96,9.33,553,98,7.04,110,10,9,1,6,36,45,1,10,2,50,10,42,54,4,39,57,4,25.66,23.62,0.89,91,-2.04,22.73,21.58
Elliot Osborne,Macclesfield Town,648,Centre Defensive Midfielder,Right Defensive Midfielder,England,30,183,0,0,0,,0,,,0,,0,0,0,0,0,0,0,0,0,0,0,0,0,0,4,2,2,50,4,0,5,5,7,8.89,16,18.83,129,66,0.04,55,32.45,46,105,14,21,54,18.07,26.96,9,27,12,62,13,0,106,125.73,38,33,10,36.05,25,24,11,33,0,0,0,293,75,32,13,52,24,53,18,71,-3,53.3,57,3.51,3.51,190,97,4.75,96,14,7,7,1,3,10,0,0,0,0,1,34,59,7,38,59,3,22.79,16.97,0.89,96,-5.82,20.38,16.36
Ellis Brown,Bedford Town,1665,Left Wing,Left Midfielder,England,24,169,5,5,2.65,0.08,35,14,43,4,,4.05,2,2.46,18,2,2.03,13,0,0.42,5,7,5.11,53,1.89,35,22,13,63,42,0,53,53,14,8.88,7,5.04,363,132,0,102,52.08,78,143,27,41,82,19.23,28.11,28,45,6,26,11,0,308,189.45,82,68,20,54.74,179,58,57,84,6,0,0,358,64,30,21,42,17,62,22,61,-3,64.57,57,5.8,8.21,422,85,8.74,130,24,16,8,3,40,56,0,38,9,21,9,20,64,16,21,56,23,20,15.98,0.89,95,-4.02,17.74,15.19
Ellis Stanton,Darlington,1132,Right Defensive Midfielder,Centre Attacking Midfielder,England,21,,0,0,0.9,0.07,12,0,33,1,,0.56,8,2.61,23,7,2.46,21,1,0.14,2,8,3.5,35,4.5,8,6,2,75,14,0,15,11,12,10.65,19,18.45,283,128,0.04,90,47.88,85,132,26,38,76,24.27,34.92,17,38,8,38,18,0,240,227.73,66,61,20,51.58,130,54,44,72,3,0,0,371,74,22,18,43,23,47,21,82,8,58.45,55,5.37,7.37,279,96,4.8,143,21,15,6,6,31,46,3,10,4,44,8,21,67,11,20,70,10,19.64,15.6,0.93,99,-4.03,18.33,15.4
Emeka Obi,Kidderminster Harriers,2574,Right Centre Back,Centre Back,Nigeria,24,196,3,3,3.7,0.18,20,15,40,0,,3.81,0,0.6,6,0,0.6,6,0,0,0,3,4.29,26,-1.29,7,4,3,57,25,1,14,11,47,35.31,180,217.07,318,147,0.1,197,28.02,95,471,45,92,85,52.87,88.19,26,63,8,79,129,4,247,279.68,126,62,39,34.11,62,25,28,45,6,1,0,1185,75,80,9,48,205,143,16,57,-18,39.36,87,9.6,12.02,758,98,5.06,130,13,12,1,6,60,72,1,8,1,25,7,34,62,5,42,52,6,22.59,19.55,0.93,99,-3.05,21.04,19.3
Emlyn Lewis,Weston-super-Mare AFC,2661,Right Centre Back,Centre Back,Wales,29,175,2,2,2.3,0.13,18,11,22,0,,1.08,1,0.87,8,1,0.86,7,0,0.01,1,3,3.17,26,-0.17,6,3,3,50,28,0,14,6,38,28.89,197,167.06,291,139,0.1,183,23.56,67,454,45,83,85,39.47,68.36,17,53,8,69,103,0,229,198.55,106,49,23,28.73,30,13,14,29,7,0,0,1026,63,115,16,40,238,247,18,53,-10,38.08,93,12.8,14.39,608,98,6.35,106,4,4,0,4,51,55,0,0,2,20,5,41,55,4,41,56,4,27.33,22.02,0.86,86,-5.31,23.42,19
Emmanuel Maja,King's Lynn Town FC,316,Left Defensive Midfielder,Left Centre Back,England,25,173,0,0,0.19,0.05,4,0,25,1,,0.02,0,0.13,1,0,0.13,1,0,0,0,0,0.32,5,-0.32,0,0,0,,4,0,1,4,5,7.61,19,22.5,97,44,0,29,41.91,24,41,11,16,69,10.93,18.54,13,17,5,46,6,0,73,79.17,19,25,7,45.44,29,40,17,68,2,0,0,112,70,7,16,50,23,10,24,70,0,55.58,22,1.32,1.55,78,95,4.63,38,2,2,0,0,9,11,0,0,1,100,0,42,56,3,39,55,5,21.11,19.99,0.97,103,-1.13,20.4,20.55
Emmanuel Maja,Bedford Town,673,Left Defensive Midfielder,Right Defensive Midfielder,England,25,173,0,0,0.04,0.02,2,0,0,0,,0,0,0.04,1,0,0.04,1,0,0,0,0,0.08,3,-0.08,3,2,1,67,5,0,4,5,9,7.05,35,25.47,146,61,0.04,54,33.55,42,110,15,24,88,10.99,18.04,20,83,2,56,28,0,111,83.1,34,41,11,37.76,26,23,17,41,3,0,0,194,63,19,16,54,41,29,29,54,-8,48.24,30,1.63,1.63,108,97,3.27,38,2,2,0,0,2,4,0,0,0,,0,40,55,5,53,45,3,24.02,21.15,0.92,100,-2.87,22.21,21.16
Emmanuel Onariase,Maidenhead United,1800,Left Centre Back,Centre Back,England,29,188,1,1,2.49,0.15,17,6,29,0,,2,1,0.34,5,1,0.34,5,0,0,0,2,2.82,22,-0.82,3,3,0,100,12,0,7,7,37,41.95,136,156.94,279,125,0.1,133,26.26,53,313,48,85,98,53.17,95.12,20,88,1,84,107,0,212,217.53,79,34,13,30.58,31,15,12,35,5,0,0,699,76,47,23,49,143,89,17,64,-12,38.78,62,7.05,8.36,441,98,4.22,81,2,2,0,5,56,58,1,0,2,50,9,35,60,4,51,43,6,22.14,16.68,0.94,92,-5.47,20.82,15.36
Eno Nto,Hereford FC,624,Right Wing,Right Midfielder,England,23,180,1,1,0.82,0.09,9,11,33,2,,1.12,0,1.37,8,0,1.37,8,0,0,0,1,2.19,17,-1.19,21,10,11,48,16,0,21,29,2,2.32,5,4.98,82,35,0.01,20,56.23,11,22,2,4,22,1.26,3.58,6,0,7,28,7,0,74,88.12,15,20,4,57.66,44,59,15,75,0,0,0,134,58,5,23,28,7,16,20,54,-4,64.9,15,1.44,3.31,164,81,9.38,42,4,3,1,4,28,31,0,75,7,29,6,12,62,26,7,64,29,18.1,15.03,0.94,98,-3.07,16.99,14.79
Ethan Mann,South Shields,2352,Left Centre Back,Right Back,England,22,188,0,0,0.11,0.03,4,0,25,0,,0.01,0,0.38,6,0,0.38,6,0,0,0,0,0.49,10,-0.49,13,12,1,92,24,0,9,9,25,36.78,117,174.04,208,98,0.06,127,27.07,52,322,36,61,77,52.43,89.21,17,29,11,58,47,0,155,233.46,70,39,18,30.64,30,19,13,33,3,0,0,1763,91,136,11,66,142,182,12,88,-3,37.76,176,15.51,15.62,1488,99,6.51,204,7,7,0,1,13,20,1,0,0,,3,23,72,5,33,62,5,21.41,20.33,0.95,96,-1.08,20.26,19.52
Ethan Mitchell,Fylde,2444,Left Centre Midfielder,Right Defensive Midfielder,England,23,190,0,0,2.16,0.1,22,0,36,1,,1.94,4,2.38,32,4,2.38,32,0,0,0,4,4.53,54,-0.53,24,19,5,79,24,0,45,28,13,16.81,51,68.42,537,215,0.03,190,45.17,106,268,59,72,78,84.18,100.99,47,48,17,54,49,1,431,618.4,143,142,58,48.63,197,46,95,67,5,0,0,1288,81,68,17,59,70,96,19,75,-6,52.19,101,14.45,16.64,1000,96,4.53,297,23,23,0,6,60,83,1,4,3,20,12,19,67,14,18,71,11,18.08,16.42,0.95,96,-1.66,17.21,15.7
Ethan Robson,Spennymoor Town,677,Right Defensive Midfielder,Centre Defensive Midfielder,England,29,180,1,1,1.46,0.1,15,7,33,2,,1.91,1,0.49,4,0,0.28,3,1,0.21,1,2,1.94,19,0.06,3,2,1,67,7,0,7,5,9,6.23,20,18.43,136,67,0.02,63,42.22,64,133,17,26,71,15.91,22.14,10,33,7,63,15,0,109,95.84,43,28,16,44.81,39,36,15,54,1,0,0,321,78,24,62,53,26,39,19,75,-3,50.64,28,3.89,4.95,217,97,3.8,70,9,8,1,0,14,22,0,22,3,75,0,24,66,10,24,69,7,21.2,18.78,0.94,92,-2.42,19.86,17.19
Ethan Sutcliffe,Tonbridge Angels FC,1686,Right Centre Back,Centre Back,England,22,,1,1,1.5,0.3,5,20,60,0,,1.65,1,0.67,4,1,0.67,4,0,0,0,2,2.17,9,-0.17,4,2,2,50,8,0,10,7,16,10.24,111,65.93,233,115,0.04,111,25.01,26,222,40,56,82,21.34,31.58,12,50,9,59,67,0,182,97.38,75,31,12,28.71,28,15,13,42,3,0,0,379,60,28,16,31,125,76,20,48,-13,38.16,32,6.19,6.76,231,97,6.07,42,3,2,1,2,21,23,1,0,0,0,2,45,49,6,48,45,7,25.9,22.78,0.87,85,-3.11,22.57,19.35
Ethan Vaughan,Chippenham Town,2111,Left Back,Left Wing Back,Wales,22,178,0,0,1.15,0.09,13,0,38,1,,0.72,0,1.74,11,0,1.74,11,0,0,0,0,2.89,24,-2.89,26,13,13,50,30,0,18,42,14,14.04,48,54.81,365,137,0.02,128,34.58,50,220,44,58,81,46.4,60.44,32,58,10,65,40,0,291,317.76,94,75,30,37.5,85,29,40,53,5,0,0,815,69,52,32,33,62,142,15,62,-7,49.76,88,7.48,9.15,682,93,4.6,166,23,20,3,4,35,55,1,57,16,27,5,31,55,15,22,49,28,21.6,17.36,0.88,103,-4.25,19.02,17.79
Evan Humphries,Oxford City,445,Left Back,Left Centre Back,England,20,,0,0,0,,0,,,0,,0,1,0.4,2,0,0,0,1,0.4,2,1,0.4,2,0.6,0,0,0,,2,0,5,2,7,6.65,21,18.78,68,35,0.04,25,26.46,5,45,11,18,65,12.49,19.14,3,29,6,39,7,0,54,54.26,14,9,3,31.41,11,20,5,56,0,0,0,177,65,14,68,32,28,37,14,48,-16,48.5,22,0.42,0.42,123,98,4.07,30,3,0,3,0,0,0,0,0,0,0,0,46,46,8,53,37,10,20.64,18.98,0.84,43,-1.65,17.32,8.23
Evander Grubb,Salisbury,559,Left Midfielder,Centre Attacking Midfielder,England,21,171,0,0,0.86,0.11,8,0,38,2,,0.95,0,0.71,9,0,0.65,8,0,0.07,1,0,1.57,17,-1.57,31,22,9,71,4,0,16,21,5,6.76,5,7.43,94,29,0.02,27,50.1,19,33,9,14,60,13.54,20.3,4,38,6,17,3,0,82,108.53,20,29,9,54.88,49,60,26,90,1,0,0,180,75,9,4,45,7,18,18,65,-10,60.99,24,3.09,3.48,199,90,6.73,71,7,6,1,1,18,24,0,14,2,33,4,16,60,24,14,61,25,19.34,17.03,0.97,103,-2.31,18.7,17.54
Ewan Clark,Oxford City,1815,Left Wing,Left Midfielder,England,22,173,3,3,1.8,0.09,19,16,32,1,,3.45,0,1.32,15,0,1.17,12,0,0.15,3,3,3.12,34,-0.12,36,18,18,50,25,0,37,61,17,10.73,24,16.37,306,159,0.01,88,43.64,63,161,24,41,60,17.71,28.44,14,29,16,15,6,1,268,240.22,60,56,13,46.36,119,44,43,77,6,0,0,616,72,44,23,45,35,87,17,70,-1,56.45,81,4,5.78,610,90,6.39,190,23,19,4,6,47,66,1,17,5,17,10,25,55,20,29,53,18,19.99,18.16,0.91,96,-1.83,18.17,17.47
Ewan Williams,Leamington FC,2575,Centre Attacking Midfielder,Right Defensive Midfielder,England,22,,4,4,2.54,0.09,27,15,33,1,,3.5,1,0.81,19,1,0.81,19,0,0,0,5,3.35,46,1.65,16,11,5,69,38,0,19,36,29,21.52,70,48.08,539,270,0.03,174,38.75,185,338,52,81,66,32.98,54.5,26,36,27,53,81,1,462,295.44,123,122,35,41.54,149,32,66,54,1,0,0,723,68,43,16,51,89,66,24,54,-14,52.92,89,7.58,8.76,453,93,5.92,169,12,11,1,7,64,75,0,8,2,40,14,29,60,12,28,59,13,19.1,16.99,0.95,98,-2.12,18.18,16.61
Ezio Touray,Chippenham Town,1621,Left Centre Forward,Centre Forward,Italy,22,194,2,2,6.1,0.18,33,6,55,4,,6.64,2,1.79,15,2,1.79,15,0,0,0,4,7.89,48,-3.89,12,5,7,42,22,1,36,53,2,2.93,19,24.31,332,126,0.01,99,59.32,56,86,14,16,67,13.08,16,17,14,7,44,72,0,301,330.32,86,108,38,62.5,225,75,95,88,6,0,0,356,64,2,16,29,24,2,35,60,-4,62.56,31,7.35,11.27,273,83,5.59,112,5,5,0,13,91,96,0,0,1,20,20,18,60,21,12,64,24,13.26,13.24,0.97,94,-0.02,12.87,12.42
Faal Muhammadu,Maidstone United,818,Centre Forward,Right Centre Forward,England,28,196,2,1,3.4,0.11,32,3,44,8,50,3.89,2,1.29,11,2,1.29,11,0,0,0,3,4.69,43,-1.69,11,5,6,45,8,0,21,39,3,1.68,3,2.98,162,69,0.01,54,61.95,35,66,4,7,57,3.4,5.08,11,0,3,25,14,0,147,131.99,46,47,16,62.9,105,71,40,85,0,0,0,157,58,4,25,40,4,9,23,58,0,61.58,15,4.13,7.6,163,81,6.69,47,9,9,0,1,51,60,0,11,1,25,2,25,66,9,26,64,11,16.12,13.95,0.98,93,-2.18,15.77,12.9
Felipe Rodriguez-Gentile,Fylde,329,Right Wing,Right Midfielder,Argentina,19,177,2,2,1.13,0.13,9,22,44,5,,2.21,3,1.51,7,3,1.51,7,0,0,0,5,2.65,16,2.35,5,2,3,40,4,0,7,8,1,0.67,1,1.74,59,26,0,16,50.77,11,25,7,8,78,10,10.68,3,33,2,36,4,0,49,73.14,13,16,3,54.36,28,57,11,69,0,0,0,80,73,3,16,75,2,3,25,60,-13,58.38,7,2.23,3.79,71,92,6.76,27,1,1,0,0,13,14,2,0,0,0,0,20,64,16,11,74,15,14.4,14.94,1.02,101,0.54,14.71,15.04
Festus Arthur,Chester,882,Left Centre Back,Centre Back,Germany,25,187,0,0,0.35,0.06,6,0,17,0,,0,0,0.14,2,0,0.14,2,0,0,0,0,0.49,8,-0.49,0,0,0,,4,0,2,3,6,5.39,81,83.92,66,36,0.06,42,21.83,14,192,12,18,92,16.39,21.78,6,67,1,71,42,0,48,55.79,18,10,6,26,3,6,1,10,1,0,0,409,68,44,41,43,88,96,11,68,0,33.26,24,2.87,2.97,232,99,4.7,25,0,0,0,3,20,20,0,,1,33,3,39,56,4,44,52,4,27.63,19.67,0.9,96,-7.95,24.84,18.83
Festus Arthur,King's Lynn Town FC,392,Centre Back,Left Centre Back,Germany,25,187,0,0,0.29,0.07,4,0,25,0,,0.01,0,0.1,1,0,0.1,1,0,0,0,0,0.39,5,-0.39,0,0,0,,0,0,1,0,3,1.98,39,20.95,22,8,0.15,17,20.26,4,45,4,7,100,2.47,4.44,2,,0,84,16,0,16,9.83,5,2,0,26.44,2,13,1,50,0,0,0,109,66,13,38,37,42,32,17,68,2,33.85,8,0.33,0.56,64,98,4.73,8,2,1,1,0,6,7,0,0,0,,0,37,56,7,0,100,0,29.65,23.49,0.84,98,-6.16,24.93,23.07
Fin Roberts,Chester,870,Left Centre Forward,Centre Forward,England,20,185,2,2,3.08,0.11,29,7,31,5,,2.84,0,0.08,2,0,0.08,2,0,0,0,2,3.16,31,-1.16,20,6,14,30,10,0,15,42,4,5.75,6,5.66,196,71,0.01,42,59.86,23,36,10,14,67,7.59,13.33,11,17,5,40,27,0,178,139.36,33,39,13,61.74,120,67,31,79,3,0,0,161,70,3,7,43,8,5,33,65,-5,65.74,10,2.89,4.61,177,78,5.95,63,1,1,0,5,59,60,0,0,0,0,10,12,63,25,19,51,30,14.66,12.89,1.05,97,-1.77,15.32,12.53
Finlay Barnes,Ebbsfleet United,1066,Right Attacking Midfielder,Centre Attacking Midfielder,England,25,176,5,5,2.33,0.11,22,23,45,2,,4.5,0,2.6,22,0,2.6,21,0,0,1,5,4.93,44,0.07,29,19,10,66,22,1,31,31,7,7.72,2,2.67,278,111,0,100,56.56,51,88,11,18,58,13.82,21.54,13,22,8,33,9,0,254,334.45,91,67,24,57.66,161,63,56,84,2,0,0,436,79,16,83,47,9,27,22,74,-5,64.2,59,8.01,10.33,432,93,5.89,195,15,14,1,8,67,81,2,27,7,47,12,16,64,21,14,66,21,17.17,14.87,0.93,96,-2.3,16.05,14.32
Finlay Sinclair-Smith,Marine,2926,Left Wing,Left Midfielder,England,26,167,6,4,9.77,0.09,103,4,41,6,100,10.17,5,3.5,37,2,2.64,26,3,0.85,11,9,13.27,140,-4.27,52,29,23,56,39,0,68,82,27,21.91,26,19.77,693,257,0,181,51.38,138,213,47,74,70,31.58,53.48,37,26,20,22,23,0,610,430.49,151,154,50,54.02,341,56,119,77,4,0,0,617,59,33,11,29,34,104,23,63,4,65.78,86,14.12,21.66,632,87,8.1,236,47,29,18,12,154,183,1,34,24,30,18,19,67,14,17,63,21,19.49,15.21,0.87,92,-4.28,16.92,13.95
Finley Shrimpton,Chester,2060,Left Centre Midfielder,Right Back,England,23,159,3,3,1.95,0.08,25,12,36,1,,2.96,3,1.79,18,3,1.79,18,0,0,0,6,3.74,43,2.26,17,12,5,71,17,0,23,23,17,13.85,59,58.79,363,171,0.04,123,38.6,164,337,45,62,78,41.25,55.1,22,41,13,53,39,0,298,262.74,87,77,19,42.07,99,33,50,65,3,0,0,826,72,52,14,48,71,97,16,64,-8,53.48,102,9.02,10.5,608,96,5.53,225,9,9,0,5,35,44,0,56,6,32,6,33,55,12,27,62,11,20.64,17.46,0.92,88,-3.17,18.94,15.4
Finley Wilkinson,Hemel Hempstead Town,1037,Left Wing,Centre Forward,England,23,187,1,1,2.06,0.12,17,6,41,4,0,1.88,1,0.72,6,1,0.72,6,0,0,0,2,2.78,23,-0.78,5,3,2,60,10,0,16,18,9,8.2,6,5.97,199,86,0,50,50.17,43,70,13,22,72,11.02,19.22,14,38,5,22,11,0,172,165.11,44,40,11,51.67,90,52,32,80,2,0,0,210,64,15,15,56,9,24,25,62,-2,59.79,24,3.96,5.02,189,89,6.02,69,5,5,0,4,28,33,0,20,2,29,5,23,67,11,17,71,12,19.72,14.77,0.96,94,-4.95,18.92,13.95
Francis Mampolo,Dover Athletic,1311,Left Wing,Left Midfielder,England,23,184,1,1,1.4,0.07,21,5,38,3,,2,6,2.39,16,6,2.39,16,0,0,0,7,3.78,37,3.22,52,25,27,48,15,0,52,84,4,2.42,10,7.78,322,121,0.02,86,47.03,62,119,31,35,78,18.28,20.7,23,36,9,29,12,0,268,181.49,70,55,16,47.76,118,44,36,65,0,0,0,288,64,13,16,46,13,25,28,53,-11,60.82,38,4.67,7.09,372,74,8.05,98,16,15,1,7,46,61,3,44,9,33,12,22,62,16,15,60,24,18.45,15.01,0.94,94,-3.44,17.34,14.12
Frank Tattum,Leamington FC,632,Centre Forward,Right Wing,England,20,,0,0,0.8,0.09,9,0,33,3,,0.43,0,0.07,3,0,0.07,3,0,0,0,0,0.87,12,-0.87,4,3,1,75,11,0,11,19,3,1.39,0,0,145,67,0,32,59.94,23,34,6,9,60,4.49,5.88,11,0,4,29,21,0,128,84.63,28,26,8,59.63,94,73,22,85,1,0,0,135,59,3,22,38,1,7,45,63,4,63.33,9,0.62,1.14,110,87,5.17,42,2,2,0,3,21,23,0,0,1,20,4,16,65,19,10,79,12,16.19,13.62,0.96,99,-2.57,15.55,13.49
Frank Vincent,Dorking Wanderers FC,2334,Left Centre Midfielder,Left Centre Back,England,27,176,2,2,1.82,0.07,25,8,32,1,,2.2,6,4.24,45,3,3.05,35,3,1.19,10,8,6.06,70,1.94,19,11,8,58,10,0,28,34,22,29.92,57,73.99,465,201,0.03,181,36.64,137,341,51,73,69,66.67,96.58,24,27,23,37,25,0,390,514.28,136,109,45,40.36,135,35,71,65,4,0,0,1015,66,104,77,40,90,224,15,57,-9,49.99,122,9.11,10.6,778,95,5.2,241,46,31,15,2,32,63,2,41,23,42,7,35,57,9,32,60,8,24.13,23.18,0.87,89,-0.95,21.1,20.7
Frankie Baker,Tonbridge Angels FC,686,Centre Forward,Right Centre Forward,England,20,,2,2,2.4,0.3,8,25,63,3,,2.3,2,1.51,8,2,1.51,8,0,0,0,4,3.9,16,0.1,5,2,3,40,9,1,24,25,0,0,1,0.58,160,45,0,45,64.72,32,42,6,6,86,3.23,3.23,17,50,1,15,10,0,139,81.83,41,39,15,65.35,111,80,36,92,0,0,0,82,61,0,21,,1,0,32,54,-7,68.2,7,4.12,4.96,91,67,6.9,32,7,7,0,6,26,33,1,0,1,33,6,18,72,10,13,78,9,12.47,11.48,1.02,117,-0.98,12.68,13.45
Frankie Edwards,AFC Hornchurch,1401,Right Centre Back,Centre Back,England,20,195,0,0,1.05,0.15,7,0,14,0,,0.04,1,1.41,5,1,1.41,5,0,0,0,1,2.46,12,-1.46,1,0,1,0,5,0,3,5,15,12.38,111,106.8,174,81,0.06,96,25.28,46,238,22,37,79,22.05,34.43,12,64,6,52,51,3,142,125.9,59,39,13,30.19,23,16,9,23,1,0,0,477,62,52,8,40,139,102,21,60,-1,42.23,43,6.79,7.59,270,97,4.71,59,5,5,0,4,25,30,0,0,0,,5,47,49,4,49,46,5,26.4,26.28,0.88,84,-0.13,23.24,22.04
Freddie Carter,Eastbourne Borough,1627,Left Centre Back,Right Centre Back,England,21,184,3,3,2.32,0.21,11,27,55,0,,3.8,0,1.28,6,0,1.15,5,0,0.13,1,3,3.6,17,-0.6,2,2,0,100,11,0,4,3,24,24.91,139,142.39,216,96,0.06,108,26.48,34,269,28,52,64,26.37,51.28,15,32,16,72,80,1,175,179.61,66,30,11,31.46,39,22,15,50,2,0,0,608,62,104,18,47,167,195,14,62,-1,36.8,59,5.24,6,364,99,4.39,59,12,5,7,4,33,38,0,42,7,26,4,46,52,2,58,41,2,28.71,26.03,0.9,88,-2.68,25.95,22.82
Freddie Grant,Chippenham Town,740,Left Centre Back,Right Centre Back,England,29,180,0,0,0.14,0.04,4,0,0,0,,0,1,0.48,5,1,0.48,5,0,0,0,1,0.62,9,0.38,1,1,0,100,14,1,5,2,8,9.24,67,68.74,89,41,0.15,43,22.43,23,116,15,23,79,14.66,23.9,9,70,4,63,29,0,65,65.01,20,18,4,31.07,11,17,6,33,2,0,0,334,74,59,62,59,79,88,11,67,-8,38.27,50,3.71,3.95,235,98,4.67,55,3,3,0,2,11,14,0,33,2,67,3,37,59,4,62,35,4,28.2,26.73,0.93,101,-1.47,26.13,26.87
Fuad Sesay,Dover Athletic,1022,Left Back,,England,22,178,0,0,0.03,0.03,1,0,0,0,,0,0,0.44,4,0,0.44,4,0,0,0,0,0.47,5,-0.47,7,4,3,57,7,0,12,8,23,16.35,39,28.52,196,87,0.03,83,27.72,61,170,29,52,69,22.4,38.75,7,35,13,44,14,1,161,125.96,52,26,6,32.26,39,24,19,73,0,0,0,309,52,27,72,30,55,74,12,54,2,45.76,51,3.88,3.99,206,94,5.66,53,6,6,0,0,1,7,0,17,1,9,0,59,37,5,53,45,2,25,26.04,0.86,81,1.04,21.61,21.22
Gene Kennedy,Ebbsfleet United,1880,Right Defensive Midfielder,Left Defensive Midfielder,England,23,,1,1,2.39,0.1,25,4,28,1,,1.95,0,0.8,10,0,0.8,10,0,0,0,1,3.18,35,-2.18,6,5,1,83,17,0,17,12,21,21.63,48,54.82,291,115,0.03,121,39.76,151,308,33,54,77,34,55.63,24,38,10,65,53,0,234,256.89,86,76,24,43.79,94,40,47,62,2,0,0,842,77,51,9,53,58,86,22,72,-5,51.91,103,12.27,13.65,604,97,3.87,213,10,10,0,3,51,61,2,10,1,13,7,26,66,8,28,68,4,19.34,15.69,0.96,100,-3.66,18.56,15.7
Geneiro Maragh,Oxford City,319,Left Wing Back,Left Back,England,23,182,0,0,0,,0,,,0,,0,0,0.23,2,0,0.23,2,0,0,0,0,0.23,2,-0.23,2,2,0,100,2,0,6,5,2,2.69,13,13.32,72,33,0.02,24,29.72,14,35,10,12,91,11.42,14.12,6,0,1,56,9,0,56,56.08,19,11,7,34.2,13,23,6,55,0,0,0,99,68,11,69,58,14,18,17,52,-15,49.9,13,1.37,1.52,87,92,5.5,22,2,2,0,1,1,3,0,50,2,25,1,35,48,17,36,36,27,21.12,16,0.9,79,-5.12,19.1,12.66
George Alexander,Eastbourne Borough,1430,Right Centre Forward,Left Centre Forward,England,25,176,5,5,4.88,0.24,20,25,35,3,,5.5,1,0.67,10,1,0.6,9,0,0.08,1,6,5.55,30,0.45,16,8,8,50,8,0,22,48,3,3.46,13,15.58,269,92,0,63,62.95,48,78,6,9,43,8.04,11.51,19,30,8,22,17,0,244,252.52,59,66,18,65.72,187,77,56,85,1,0,0,293,61,15,12,56,17,23,22,62,1,62.61,28,6.62,9.24,243,85,5.14,97,12,9,3,7,79,88,0,8,4,22,13,21,61,18,13,68,19,17.78,15.55,1,103,-2.23,17.84,16
George Birch,Weston-super-Mare AFC,308,Right Wing,Centre Attacking Midfielder,England,19,162,0,0,0.12,0.06,2,0,100,1,,0.28,0,0,0,0,0,0,0,0,0,0,0.12,2,-0.12,8,4,4,50,5,0,14,15,3,3.16,2,0.91,104,44,0,33,47.69,18,26,8,11,67,4.82,7.98,2,20,4,40,2,0,94,55.22,26,22,8,50.65,48,51,17,77,0,0,0,73,73,1,17,33,3,2,23,72,0,60.8,9,0.32,0.45,86,80,7.77,20,1,1,0,1,10,11,0,0,1,17,5,14,57,29,15,50,35,15.81,14.54,0.97,107,-1.27,15.32,15.61
George Burroughs,Oxford City,2819,Right Back,Right Centre Back,Scotland,23,191,2,2,0.84,0.14,6,33,50,0,,1.2,1,1.39,8,1,1.39,7,0,0.01,1,3,2.24,14,0.76,17,11,6,65,30,0,19,22,39,29.07,158,127.7,449,235,0.04,175,27.79,59,322,80,119,85,60,89.07,24,59,14,58,52,1,345,279.68,110,57,19,30.99,62,18,28,49,7,0,0,1025,66,84,8,38,197,183,14,58,-8,45.04,117,5.29,6.18,780,96,4.41,158,21,15,6,1,14,29,0,29,7,23,1,41,48,11,32,51,17,22.52,21.83,0.88,94,-0.69,19.89,20.56
George Cantrill,Alfreton Town,2420,Right Defensive Midfielder,Left Defensive Midfielder,England,26,178,0,0,1.41,0.1,14,0,14,0,,0.92,1,1.77,18,1,1.77,18,0,0,0,1,3.18,32,-2.18,10,6,4,60,16,0,22,25,36,17.25,54,30.5,609,287,0.03,202,44.48,194,336,63,99,76,39.06,56.32,42,41,20,65,62,0,504,288.97,156,146,48,48.17,245,49,101,69,12,0,0,553,64,16,15,34,64,37,27,63,-1,53.64,49,6.44,7.99,303,91,5.05,139,10,9,1,11,54,63,0,0,2,25,22,35,53,12,31,56,13,17.83,15.53,0.91,94,-2.3,16.16,14.56
George Cox,Worthing FC,656,Left Back,Left Wing Back,England,28,171,1,1,0.48,0.06,8,13,25,1,,0.49,1,1.33,8,1,1.25,6,0,0.08,2,2,1.81,16,0.19,4,2,2,50,3,0,8,12,4,6.4,9,15.18,103,40,0.04,33,48.3,27,54,16,20,76,24.02,30.42,3,57,5,43,9,0,84,130.77,26,27,10,49.68,40,48,17,63,1,0,0,301,69,26,82,47,12,52,14,63,-5,55.81,31,6.38,7.16,257,96,4.13,81,14,9,5,3,27,36,0,21,5,25,4,24,56,20,23,46,31,20.49,16.18,0.91,103,-4.31,18.66,16.71
George Fowler,Maidstone United,2942,Right Centre Back,Left Centre Back,England,28,183,0,0,1.55,0.07,22,0,45,0,,1.17,0,1.06,8,0,1.04,7,0,0.02,1,0,2.61,30,-2.61,3,3,0,100,20,0,12,12,42,40.44,168,152.53,208,93,0.06,119,25.46,73,470,17,59,74,14.27,54.71,18,45,6,64,112,1,173,158.64,77,47,22,33.31,39,23,20,43,2,0,0,1117,68,104,13,43,188,222,12,55,-14,40.63,99,12.49,13.26,665,98,5.25,132,15,15,0,5,63,78,0,33,5,28,9,41,53,6,46,41,13,25.08,20.63,0.89,87,-4.45,22.31,17.97
George Francomb,Dorking Wanderers FC,685,Left Centre Back,Left Back,England,34,180,0,0,0.26,0.04,6,0,50,1,,0.88,0,0.39,4,0,0.39,4,0,0,0,0,0.65,10,-0.65,5,2,3,40,3,0,4,6,4,5,18,22.58,137,55,0.02,52,32.35,32,98,20,24,74,28.33,33.34,5,25,7,58,22,0,112,149.02,35,27,6,33.91,22,20,15,56,0,0,0,331,73,41,13,47,24,81,11,72,-1,48.52,58,4.51,5.02,249,97,5.44,90,11,7,4,0,5,12,0,36,4,44,0,38,55,7,39,51,10,24.71,17.75,0.88,109,-6.96,21.81,19.34
George Glendon,Radcliffe,1641,Centre Defensive Midfielder,Left Defensive Midfielder,England,31,177,0,0,0.9,0.13,7,0,71,1,,1.04,1,0.63,11,1,0.55,9,0,0.07,2,1,1.53,18,-0.53,5,1,4,20,9,0,14,10,21,18.14,34,31.9,277,145,0.03,104,43.4,86,198,21,42,72,18.85,36.99,8,38,8,40,18,1,249,218.86,79,62,19,47.63,117,47,43,69,3,0,0,533,71,28,3,40,45,59,17,60,-11,50.82,71,4.91,5.5,337,96,4.68,125,12,10,2,1,22,32,2,8,1,11,4,30,60,10,37,58,5,19.93,17.5,0.91,92,-2.43,18.11,16.13
George Horbury,Chorley,375,Right Defensive Midfielder,Centre Attacking Midfielder,England,21,180,0,0,0.2,0.07,3,0,0,1,,0,1,0.35,4,1,0.35,4,0,0,0,1,0.55,7,0.45,7,5,2,71,2,0,14,4,7,5.84,12,7.93,126,64,0.04,29,46.39,38,61,11,18,65,3.85,9.69,5,44,6,57,12,0,110,68.28,23,32,6,46.96,48,44,23,72,0,0,0,121,68,7,29,47,15,12,29,57,-11,59.81,15,1.72,1.85,94,86,4.61,41,8,7,1,1,9,16,0,0,1,25,5,28,59,13,27,73,0,18.83,17.67,0.98,98,-1.16,18.54,17.36
George Marsh,Dagenham & Redbridge,810,Left Defensive Midfielder,Right Defensive Midfielder,England,27,177,0,0,0.08,0.02,4,0,0,1,,0,0,0.76,7,0,0.36,4,0,0.41,3,0,0.84,11,-0.84,3,1,2,33,16,0,4,7,3,3.59,19,20.68,165,69,0.04,48,38.25,58,129,22,25,81,20.69,24.28,16,50,5,60,12,1,127,125.67,35,37,8,41.88,43,34,22,59,5,0,0,323,76,21,13,40,25,46,14,67,-9,49.9,27,3.12,3.15,201,98,4.28,49,12,5,7,0,0,5,3,8,1,20,0,22,63,16,39,57,4,21.82,20.54,0.91,88,-1.29,19.94,17.97
George Moncur,Ebbsfleet United,647,Centre Attacking Midfielder,Left Centre Midfielder,England,32,175,0,0,0.57,0.04,13,0,23,2,,0.16,3,1.04,13,3,1.04,13,0,0,0,3,1.61,26,1.39,9,5,4,56,3,0,10,7,0,0,4,4.61,85,46,0,19,52.27,31,54,5,5,56,5.78,5.78,3,50,4,23,3,0,77,83.18,17,18,2,53.56,42,55,13,72,0,0,0,284,86,9,12,60,7,12,27,80,-6,60.36,22,3.18,3.53,254,94,5.9,121,5,5,0,4,22,27,0,40,2,29,5,10,71,19,7,78,15,16.47,14.67,0.97,101,-1.8,16.02,14.89
George Moncur,Bedford Town,346,Centre Attacking Midfielder,Left Wing,England,32,175,0,0,0.12,0.04,3,0,0,1,,0,1,0.19,3,1,0.19,3,0,0,0,1,0.31,6,0.69,2,1,1,50,3,0,6,10,3,1.2,4,2.31,60,26,0,24,43.5,11,25,8,11,100,3.77,4.96,4,,0,14,1,0,48,29.65,18,6,1,47.15,17,35,5,83,0,0,0,87,84,5,19,56,4,9,25,82,-2,55.63,11,0.59,0.84,80,91,4.88,36,4,3,1,2,11,14,0,0,0,0,1,19,61,19,17,69,14,19.52,17.75,0.92,99,-1.77,17.93,17.62
George Munday,Hereford FC,354,Centre Forward,Right Centre Forward,England,19,,2,1,1.75,0.15,12,8,33,5,100,1.59,1,1.84,6,1,1.84,6,0,0,0,2,3.6,18,-1.6,0,0,0,,3,0,14,13,0,0,3,3.03,68,27,0.02,16,62.26,17,23,6,6,75,6.18,6.18,4,33,2,40,10,0,58,55.88,13,15,6,66.85,50,86,15,100,0,0,0,85,52,2,49,25,6,5,33,43,-9,68.57,7,2.3,5.37,76,82,6.03,29,6,6,0,2,26,32,1,33,3,33,3,27,62,11,14,72,14,17.49,16.42,0.88,89,-1.07,15.41,14.65
George Newell,Marine,1573,Centre Forward,Left Centre Forward,England,29,184,6,6,4.17,0.14,29,21,34,3,0,3.85,0,1.9,12,0,1.9,12,0,0,0,6,6.07,41,-0.07,7,5,2,71,16,0,25,60,6,4.11,9,5.22,347,111,0.02,91,64.88,65,95,11,17,65,6.9,11,36,43,6,39,75,1,300,193.52,79,70,18,67.06,250,83,63,90,4,0,0,382,61,11,21,28,19,29,37,58,-3,62.49,37,9.04,12.45,267,82,4.97,126,8,8,0,7,88,96,0,13,1,11,15,24,61,15,20,65,15,16.92,15.55,0.89,84,-1.36,15.01,13.06
George Nikaj,Dover Athletic,2919,Right Wing,Right Midfielder,England,23,,10,9,7.32,0.09,82,11,33,6,100,8.22,2,4.29,29,2,4.29,29,0,0,0,11,11.61,111,-0.61,71,41,30,58,25,2,83,102,14,8.95,24,17.64,682,294,0.01,161,55.52,129,205,39,53,59,27.85,36.8,31,13,27,31,60,0,613,451.29,141,162,47,57.02,388,63,143,88,2,0,0,582,49,26,73,34,53,47,34,47,-2,65.18,77,11.39,17.08,598,82,7.47,186,19,18,1,13,184,202,1,21,9,17,36,29,61,11,24,59,17,18.96,18.31,0.9,89,-0.65,17.15,16.38
George Peter Penn,Salisbury,312,Left Defensive Midfielder,Left Centre Midfielder,England,18,,0,0,0.09,0.05,2,0,0,1,,0,0,0.07,2,0,0.07,2,0,0,0,0,0.16,4,-0.16,0,0,0,,0,0,5,3,2,2.57,7,7.61,68,19,0.03,22,41.77,24,51,9,11,75,9.38,11.96,6,0,3,75,12,0,53,60.56,16,21,5,46.77,23,43,13,62,1,0,0,126,75,3,10,30,8,9,17,83,8,50.1,13,0.56,0.7,87,95,5.34,24,1,1,0,0,3,4,0,0,0,,0,31,61,8,46,50,4,17.95,15.77,0.91,107,-2.18,16.31,16.8
George Pratt,Chorley,359,Left Centre Back,,England,22,193,1,1,0.45,0.09,5,20,20,1,,0.82,0,0,0,0,0,0,0,0,0,1,0.45,5,0.55,0,0,0,,2,0,0,1,3,1.41,34,28.2,47,18,0.13,26,22.49,6,48,9,12,90,4.84,6.25,5,50,1,60,9,0,33,20.27,10,6,1,27.59,6,18,4,67,1,0,0,122,69,15,80,45,41,26,18,55,-15,34.75,7,0.72,1.14,77,100,5.27,9,0,0,0,1,13,13,0,,0,0,2,34,61,5,44,44,11,27.74,31.42,0.9,81,3.69,24.84,25.35
George Walker,Kidderminster Harriers,819,Right Midfielder,Right Wing,England,22,172,0,0,0.75,0.08,9,0,22,2,,0.11,1,0.39,4,1,0.39,4,0,0,0,1,1.14,13,-0.14,13,5,8,38,5,0,29,29,3,3.6,2,2.21,134,39,0,44,59.36,41,56,12,15,67,14.97,18.56,8,29,6,16,3,0,114,138.08,34,42,19,60.4,76,67,35,83,1,0,0,188,54,5,25,45,2,11,26,53,-1,65.43,18,2.95,3.6,208,78,9.39,57,8,8,0,2,18,26,0,63,7,21,1,15,66,18,12,58,30,15.35,12.5,0.99,97,-2.85,15.25,12.14
George Ward,Buxton,2288,Right Centre Back,Left Centre Back,England,24,,4,4,1.42,0.09,15,27,40,0,,2.7,0,0.69,6,0,0.69,6,0,0,0,4,2.11,21,1.89,7,6,1,86,26,0,15,10,27,31.2,151,178.85,237,112,0.06,152,25.63,62,399,42,69,89,50.33,81.53,23,50,5,64,104,0,172,196.4,74,50,21,32.22,29,17,15,30,4,1,0,1216,76,134,16,55,185,210,16,67,-9,35.52,100,6.9,8.19,895,99,7.56,111,7,7,0,5,42,49,1,0,0,0,7,34,63,3,54,44,2,25.16,23.69,0.92,87,-1.47,23.14,20.68
George Wilkinson,Dover Athletic,811,Left Centre Midfielder,Right Centre Midfielder,England,22,171,0,0,0.43,0.09,5,0,40,1,,0.44,1,0.89,8,1,0.67,5,0,0.23,3,1,1.32,13,-0.32,2,1,1,50,4,0,12,13,5,3.9,10,8.89,154,54,0.02,45,44.26,43,76,11,16,61,9.65,13.56,11,0,7,30,11,0,133,114.76,35,34,9,44.79,58,44,25,74,2,0,0,214,58,20,15,38,17,46,25,56,-2,57.59,22,2.42,3.63,142,92,3.15,52,14,5,9,4,26,31,2,14,4,25,7,36,52,12,37,56,8,22.26,18.57,0.86,97,-3.69,19.2,18.09
George Williams,Hemel Hempstead Town,2065,Right Wing,Left Wing,Wales,30,172,1,1,3.61,0.11,34,3,41,2,,2.94,3,3.88,37,1,1.91,19,2,1.96,18,4,7.48,71,-3.48,28,15,13,54,29,0,29,44,14,11.63,20,18.38,303,118,0.01,102,53.44,131,195,24,38,71,23.14,34.77,23,17,10,36,20,0,257,235.03,80,87,30,56.79,165,64,77,89,2,0,0,637,58,55,15,41,26,128,18,66,8,65.08,57,8.61,11.37,537,91,5.27,227,58,27,31,2,72,99,3,33,23,23,13,20,61,19,18,55,27,21.42,15.45,0.91,99,-5.97,19.42,15.27
George Wilson,Fylde,1131,Centre Attacking Midfielder,Centre Defensive Midfielder,England,25,181,1,1,1.82,0.07,27,4,15,2,,1.78,2,0.79,10,2,0.74,8,0,0.05,2,3,2.61,37,0.39,14,8,6,57,9,0,25,24,4,5.04,14,19.6,208,89,0.02,80,47.22,53,121,20,24,71,29.24,34.28,15,22,8,29,9,0,173,243.58,61,65,26,50.6,89,51,46,71,1,0,0,528,85,26,16,57,20,40,17,83,-2,51.99,54,8.02,9.36,447,94,5.5,135,10,9,1,3,31,40,0,30,3,43,5,14,68,18,16,66,18,17.85,16.06,0.95,98,-1.78,16.91,15.8
Georgio Rasulo,Chesham United FC,2358,Centre Defensive Midfielder,Right Defensive Midfielder,England,29,177,1,1,0.87,0.05,16,6,25,0,,1.15,0,1.15,18,0,1.06,17,0,0.09,1,1,2.02,34,-1.02,15,11,4,73,24,0,23,19,27,27.75,46,46,453,220,0.02,151,41.83,188,392,34,61,63,37.84,65.58,31,17,20,46,35,0,391,382.97,115,124,44,43.76,146,37,62,50,4,0,0,1094,74,65,13,43,62,135,18,70,-5,49.11,96,8.44,9.36,795,98,4.4,211,24,22,2,2,25,47,1,13,3,14,5,27,60,14,36,55,9,20.25,17.03,0.92,100,-3.22,18.57,17.07
Gerry McDonagh,Alfreton Town,651,Centre Forward,Left Centre Forward,Republic of Ireland,28,193,0,0,0.49,0.1,5,0,20,1,,0.13,1,0.46,4,1,0.46,4,0,0,0,1,0.95,9,0.05,0,0,0,,11,0,19,19,1,0.15,3,1.97,101,32,0.01,17,62.47,23,34,4,5,67,1.87,2.02,9,0,2,33,30,0,88,34.96,15,13,3,64.57,67,76,12,92,3,0,0,109,57,4,5,57,5,5,45,49,-8,64.83,10,2.51,2.62,77,71,4.66,37,2,2,0,3,32,34,0,50,3,60,8,15,69,15,8,76,16,15.17,13.39,1.07,86,-1.78,16.23,11.54
Giles Phillips,AFC Hornchurch,1188,Left Back,Right Centre Back,USA,28,190,1,1,0.77,0.19,4,25,25,0,,0.75,1,0.67,2,1,0.67,2,0,0,0,2,1.44,6,0.56,5,2,3,40,7,0,3,6,5,4.83,94,95.09,170,64,0.06,89,25.2,32,196,24,29,77,21.98,26.81,10,46,7,83,74,0,136,132.78,57,30,18,29.03,23,17,16,53,2,0,0,373,60,23,23,32,106,60,18,50,-10,45.51,39,4.92,5.56,195,96,5.65,56,4,3,1,2,11,14,0,0,0,0,2,48,46,6,45,50,5,22.49,20.33,0.89,89,-2.16,20.11,18.19
Glen Taylor,Spennymoor Town,2630,Centre Forward,Left Centre Forward,England,36,191,16,11,12.53,0.13,100,11,44,5,100,14,5,4.12,26,5,4.12,26,0,0,0,16,16.64,126,-0.64,17,8,9,47,46,1,27,85,7,6.23,21,19.65,381,150,0.01,93,61.95,81,111,15,22,79,11,17.23,27,20,4,55,152,0,339,270.31,84,104,30,65.6,272,80,84,81,3,0,0,706,62,27,16,49,32,44,38,58,-4,61.74,69,13.15,21.77,510,90,5.01,229,25,25,0,13,194,219,5,12,7,39,23,20,64,16,17,72,11,16.64,14.74,0.99,100,-1.9,16.41,14.71
Gold Omotayo,Eastbourne Borough,384,Left Centre Forward,Right Wing Back,Switzerland,32,193,0,0,0.86,0.14,6,0,50,3,,0.58,0,0.31,5,0,0.31,5,0,0,0,0,1.17,11,-1.17,3,3,0,100,4,0,12,11,0,0,5,6.53,72,22,0.03,26,51.07,21,27,4,4,67,5.34,5.34,5,0,2,67,39,1,63,82.94,19,19,10,55.75,39,62,15,79,1,0,0,102,64,2,22,50,7,2,61,60,-4,66.64,7,2.25,3.07,66,79,5.18,42,1,1,0,5,28,29,1,0,0,,7,17,72,12,14,71,14,15.19,14.73,0.97,95,-0.46,14.71,13.97
Gold Omotayo,King's Lynn Town FC,1088,Right Centre Forward,Centre Forward,Switzerland,32,193,2,2,3.32,0.17,19,11,26,2,,1.9,2,2.68,19,2,2.68,19,0,0,0,4,6,38,-2,10,5,5,50,8,0,29,39,2,2.61,17,21.27,191,53,0.01,54,60.72,41,59,7,9,100,7.93,10.53,21,100,0,63,97,0,163,210.85,47,55,17,65.59,133,82,44,80,2,0,0,291,59,4,25,50,18,7,47,47,-11,68.88,12,7.11,8.97,181,79,4.58,110,7,7,0,11,95,102,1,0,1,100,20,14,67,19,6,72,22,13.9,13.68,0.98,99,-0.21,13.66,13.52
Greg Sandiford,Bedford Town,2522,Right Back,Left Back,England,21,178,0,0,0.23,0.03,8,0,25,0,,0.2,3,2.07,24,1,1.01,10,2,1.06,14,3,2.3,32,0.7,8,4,4,50,24,0,16,12,46,26.04,91,52.02,422,190,0.03,171,29.26,73,268,49,95,83,23.37,49.41,12,40,10,47,42,0,361,196.52,122,55,20,32.22,77,21,31,56,3,0,0,590,55,90,16,36,114,225,12,47,-7,53.86,106,3.38,4.97,400,96,4.77,127,50,15,35,2,18,33,0,30,21,29,2,47,47,6,29,60,11,26.17,20.14,0.86,91,-6.04,22.54,18.3
Greg Taylor,Bedford Town,3283,Left Centre Back,Left Defensive Midfielder,England,36,186,1,1,1.93,0.07,26,4,8,1,,0.35,2,1.93,14,2,1.93,14,0,0,0,3,3.86,40,-0.86,21,14,7,67,33,0,21,23,28,17.59,166,102.03,375,170,0.04,180,26.24,98,495,59,87,78,33.37,50.96,21,53,17,66,114,0,295,169.26,105,56,15,32.11,60,20,24,43,7,0,0,984,57,131,53,40,212,282,19,44,-13,42.02,111,7.76,9.67,619,97,5.24,143,18,17,1,4,50,67,4,17,5,36,8,50,47,3,51,45,4,27.75,23,0.85,88,-4.75,23.61,20.31
Gregory Roland Luer,Horsham FC,2017,Right Wing,Centre Forward,England,31,180,2,2,2.05,0.1,21,10,38,2,,3.65,2,2.9,22,2,2.78,20,0,0.12,2,4,4.95,43,-0.95,20,12,8,60,21,0,23,43,17,14.66,24,18.15,315,159,0.01,100,48.35,95,165,19,36,66,16.12,30.78,8,9,10,47,40,0,290,237.84,82,63,18,52.25,155,53,52,83,1,0,0,662,60,27,23,32,38,71,22,60,0,59.11,55,10.07,13.09,522,94,6.24,181,25,19,6,11,62,81,0,32,10,16,16,24,57,19,18,54,28,19.66,18.2,0.9,100,-1.45,17.71,18.15
Gus Mafuta,Hereford FC,1208,Left Defensive Midfielder,Centre Defensive Midfielder,England,30,177,1,1,1.21,0.08,15,7,33,1,,0.99,0,0.39,7,0,0.39,7,0,0,0,1,1.6,22,-0.6,10,9,1,90,11,0,13,2,6,3.76,23,20.33,193,98,0.03,81,36.06,88,160,25,31,86,20.84,24.59,18,0,4,63,19,0,150,115.06,53,35,15,40,53,35,22,63,2,0,0,450,77,17,13,43,31,32,20,69,-8,48.53,28,5.45,6.1,343,97,4.97,77,3,3,0,0,16,19,1,0,1,25,6,24,64,12,30,62,8,18.41,17.93,0.93,93,-0.47,17.2,16.66
H.Sparks,Horsham FC,2520,Left Back,Left Wing,England,30,176,0,0,0.88,0.05,19,0,37,1,,1.4,5,2.43,21,2,1.21,13,3,1.22,8,5,3.31,40,1.69,7,3,4,43,9,0,17,20,26,26.07,83,82.29,421,216,0.03,148,31.71,71,269,54,80,71,51.01,77.08,19,44,22,42,23,0,349,315.07,102,82,23,35.92,95,27,42,51,5,0,0,986,69,84,87,35,113,210,13,66,-3,46.98,120,8.09,9.66,758,96,4.68,196,31,17,14,1,21,38,1,35,15,31,2,34,54,12,39,48,13,23.08,21.63,0.85,89,-1.46,19.7,19.26
Hakeem Sandah,Farnborough,1696,Left Wing,Left Wing Back,England,21,176,2,2,1.69,0.06,29,7,17,2,,1.26,2,1.74,23,2,1.66,22,0,0.08,1,4,3.43,52,0.57,70,40,30,57,50,1,50,78,17,13.73,12,7.93,357,165,0,117,47.55,71,130,43,60,72,33.25,46.97,18,35,17,39,19,0,297,236.31,87,72,24,50.01,153,52,59,82,0,0,0,458,72,9,18,33,16,23,22,73,0,57.77,50,5.19,7.14,549,85,7.19,138,23,21,2,8,47,68,1,35,11,27,12,16,67,18,14,64,22,17.39,16.27,0.95,104,-1.13,16.56,16.92
Hallam Hope,Radcliffe,526,Right Centre Forward,Left Centre Forward,Barbados,32,179,0,0,1.61,0.12,13,0,46,5,,1.22,0,0.06,2,0,0.06,2,0,0,0,0,1.67,15,-1.67,4,0,4,0,8,0,11,15,2,1.98,2,1.95,96,38,0,30,61.58,20,27,5,7,100,3.66,5.63,5,,0,24,10,0,86,70.08,27,22,7,62.56,64,74,22,100,1,0,0,108,69,2,11,67,2,3,31,69,-1,67.8,8,2.98,3.9,82,84,5.93,47,2,2,0,3,40,42,0,0,2,50,7,18,53,29,11,57,32,12.59,11.21,1.02,110,-1.38,12.8,12.37
Hamza Bencherif,Worksop Town FC,525,Right Centre Back,Centre Back,Algeria,38,191,1,1,0.48,0.24,2,50,100,0,,1.06,0,0.3,3,0,0.3,3,0,0,0,1,0.78,5,0.22,0,0,0,,3,0,0,2,5,3.29,48,38.1,67,28,0.02,39,29.08,15,90,4,9,67,3.93,7.22,13,0,2,88,23,0,50,50.39,24,10,3,35.3,10,20,4,40,3,0,0,172,62,16,16,39,57,32,18,42,-20,40.64,9,0.9,1.38,76,100,5.05,19,1,1,0,3,14,15,0,0,0,0,4,43,51,6,47,37,16,25.16,24.2,0.84,84,-0.96,21.03,20.39
Hamzad Kargbo,Maidstone United,565,Centre Forward,Left Centre Forward,England,24,198,4,4,2.92,0.19,15,27,47,5,,3.68,1,0.71,5,1,0.71,5,0,0,0,5,3.63,20,1.37,4,3,1,75,5,0,11,13,1,1.59,4,3.27,117,47,0,26,64.26,28,39,4,5,67,4.04,5.64,17,0,2,54,59,0,97,87.1,23,30,9,66.71,82,85,25,83,2,0,1,134,50,2,55,29,6,5,48,51,1,62.96,19,3.92,4.64,63,79,4.74,44,2,2,0,5,34,36,0,0,2,67,6,33,62,5,25,66,9,17.11,15.3,1,110,-1.81,17.1,16.87
Harley Hamilton,Hereford FC,869,Right Centre Midfielder,Right Defensive Midfielder,England,22,,1,1,0.99,0.08,13,8,62,2,,1.05,2,1.79,10,2,1.79,10,0,0,0,3,2.78,23,0.22,8,3,5,38,8,0,21,19,8,4.94,13,12.11,175,80,0.02,46,48.39,28,71,16,24,84,11.21,16.16,18,50,3,47,23,0,141,120.51,34,43,14,52.19,77,55,36,84,0,0,0,245,71,10,15,50,19,14,31,70,-1,56.8,24,3.7,4.41,203,89,6.59,66,5,5,0,5,41,46,2,20,2,17,13,17,67,16,17,64,20,17.58,16.77,0.93,95,-0.81,16.39,15.87
Harrison Sodje,Dover Athletic,2116,Left Back,,England,22,177,3,3,0.21,0.02,11,27,36,1,,0.63,1,0.92,16,0,0.3,8,1,0.62,8,4,1.13,27,2.87,32,25,7,78,21,0,18,23,25,16.04,68,52.37,469,219,0.03,173,30.71,80,291,67,92,83,43.75,59.79,19,48,14,47,30,0,384,261.68,126,88,23,32.28,93,24,50,57,4,0,0,602,58,68,84,34,90,176,12,50,-8,50.27,121,2.38,2.72,470,95,5.61,132,28,8,20,1,3,11,1,29,10,28,1,48,45,7,42,45,14,24.01,22.88,0.86,82,-1.13,20.54,18.69
Harry Alfie Beadle,Dover Athletic,1645,Left Centre Back,Right Centre Midfielder,England,23,185,0,0,0.59,0.06,10,0,10,0,,0.02,0,0.43,8,0,0.37,6,0,0.06,2,0,1.02,18,-1.02,2,1,1,50,16,0,6,6,16,11.51,137,105.15,176,76,0.05,95,26.79,58,266,19,35,86,16.35,27.86,13,67,3,76,81,1,144,111.7,59,43,19,36.04,43,30,21,49,6,0,1,421,57,54,16,43,152,110,18,48,-9,43.2,32,3.45,3.71,188,95,6.07,51,22,3,19,5,27,30,0,59,16,43,4,37,56,7,41,53,6,26.44,20.68,0.92,100,-5.76,24.33,20.74
Harry Gardner,Hampton & Richmond,2396,Right Defensive Midfielder,Right Centre Midfielder,England,25,183,3,3,1.07,0.04,24,13,25,1,,2.77,4,3.05,30,2,2.09,17,2,0.96,13,7,4.12,54,2.88,29,18,11,62,33,0,42,29,28,25.17,40,31.77,576,286,0.01,190,40.74,131,291,59,87,66,45.88,71.05,31,40,31,46,31,0,486,382.66,144,139,45,42.7,175,36,88,63,6,0,0,801,62,82,10,34,62,217,17,69,7,54.23,90,3.78,5.35,646,93,5.47,161,39,17,22,2,21,38,2,23,10,21,7,26,64,10,22,71,7,24.53,19.32,0.83,91,-5.21,20.41,17.62
Harry Gibbs,AFC Hornchurch,3154,Left Centre Back,Left Back,England,28,,5,5,2.2,0.1,22,23,50,0,,4.82,3,1.66,19,2,1.06,16,1,0.6,3,8,3.86,41,4.14,10,9,1,90,18,0,14,11,60,58.61,322,308.48,300,135,0.06,179,23.74,84,644,33,93,61,32.47,91.08,22,42,21,72,138,2,246,230.94,87,50,16,29.5,39,16,23,46,1,0,0,1299,58,203,22,42,376,435,16,57,0,40.41,148,15.05,15.8,735,98,5.11,147,22,13,9,5,62,75,3,9,2,4,7,46,51,3,42,49,9,30.08,24.16,0.88,95,-5.92,26.41,22.95
Harry Green,Scarborough Athletic,2371,Left Wing,Right Wing,England,24,178,2,2,5.54,0.09,61,3,21,3,,2.65,2,1.39,17,1,1.3,16,1,0.09,1,4,6.93,78,-2.93,89,48,41,54,48,2,71,91,9,9.17,11,12.53,380,178,0,119,54.67,150,223,23,32,45,18.02,27.19,25,26,28,36,28,0,332,285.52,98,93,29,56.62,197,59,77,83,4,0,0,775,61,57,11,46,36,99,24,58,-3,61.67,111,10.01,14.51,813,87,6.84,276,32,30,2,6,71,101,4,28,12,25,14,24,60,16,28,56,17,19.14,17.95,0.93,100,-1.2,17.86,18.03
Harry Hawkins,Alfreton Town,517,Left Defensive Midfielder,Left Centre Midfielder,England,20,,0,0,0.12,0.04,3,0,0,1,,0,0,0.01,1,0,0.01,1,0,0,0,0,0.13,4,-0.13,1,1,0,100,1,0,4,4,5,2.15,12,7,163,84,0.08,65,36.82,36,76,20,25,80,12.01,14.16,7,62,5,48,10,0,137,78.5,52,40,16,39.8,45,33,23,57,2,0,0,143,64,6,72,55,15,8,21,60,-4,47.67,6,0.28,0.28,57,100,4.84,22,0,0,0,0,0,0,0,,0,,0,31,59,10,9,82,9,18.14,17.57,1.03,110,-0.57,18.63,19.31
Harry Ibbitson,Chorley,1313,Right Centre Forward,Left Centre Forward,England,20,,4,4,4.59,0.16,29,14,38,3,,5.66,1,1.21,15,0,0.85,14,1,0.36,1,5,5.8,44,-0.8,11,7,4,64,24,1,38,38,2,1.17,6,2.83,404,172,0.02,96,66.34,54,72,9,11,53,8.73,9.89,11,11,8,28,41,0,384,272.7,92,111,31,67.01,312,81,98,88,1,0,0,250,56,6,16,50,9,9,39,53,-3,65.95,30,5.45,8.69,207,82,5.53,84,5,4,1,5,80,84,0,20,1,13,13,17,68,14,15,62,23,14.25,12.85,1,105,-1.4,14.2,13.52
Harry Lee,Salisbury,921,Left Back,Right Wing Back,England,19,,0,0,0.17,0.06,3,0,33,1,,0,0,1.12,7,0,1.05,6,0,0.07,1,0,1.29,10,-1.29,5,2,3,40,6,0,7,5,12,11.04,31,28.38,164,72,0.01,68,36.44,29,101,12,24,55,11.5,22.54,13,40,10,29,9,0,140,125.6,50,31,15,40.91,47,34,20,65,3,0,0,279,57,15,22,24,41,53,14,49,-8,50.41,38,1.91,2.88,197,95,6.13,53,7,5,2,3,17,22,0,14,2,14,3,45,46,9,40,51,9,22.84,21.74,0.81,79,-1.1,18.42,17.17
Harry Parsons,Chippenham Town,1197,Centre Attacking Midfielder,Right Centre Forward,England,23,185,7,4,2.56,0.08,33,12,27,4,100,2.91,0,0.67,11,0,0.67,11,0,0,0,4,3.22,44,0.78,11,7,4,64,11,0,37,39,3,3.57,1,0.2,262,111,0,59,57.37,72,102,14,17,52,12.79,16.36,22,13,13,23,10,0,226,213.96,49,82,19,57.81,144,64,72,88,2,0,0,309,69,12,29,57,7,15,28,80,11,61.94,28,5.81,6.97,287,85,3.83,119,12,12,0,6,54,66,0,8,1,33,11,17,69,14,14,67,18,18.23,17.23,0.94,101,-1,17.15,17.39
Harry Perritt,Alfreton Town,2332,Right Back,Right Wing Back,England,25,185,0,0,0.9,0.08,11,0,18,0,,0.28,0,0.53,7,0,0.4,6,0,0.13,1,0,1.42,18,-1.42,4,2,2,50,25,0,16,8,32,19.18,93,51.49,360,174,0.05,125,30.82,123,295,47,79,76,29.23,48.41,22,38,15,62,41,2,293,152.41,81,54,20,35.84,77,26,32,59,3,0,0,568,56,87,10,41,113,190,17,57,0,44.41,75,3.67,4.47,349,97,3.97,105,28,20,8,2,18,38,0,11,5,31,2,45,46,9,40,54,6,27.58,21.94,0.87,94,-5.63,24.12,20.64
Harry Phipps,Eastbourne Borough,1070,Centre Back,Right Centre Back,England,27,174,2,2,0.86,0.09,10,20,30,0,,0.48,0,0.12,3,0,0.12,3,0,0,0,2,0.98,13,1.02,2,1,1,50,3,0,5,3,16,15.6,66,71.28,187,98,0.06,88,25.31,26,216,29,45,91,31.31,46.91,12,67,3,62,59,0,146,154.95,63,31,16,30.13,23,16,7,23,0,0,0,488,70,63,16,51,75,115,15,63,-7,34.53,31,3.46,3.96,268,99,5.45,45,3,3,0,1,32,35,1,0,0,,6,39,58,3,47,49,4,26.65,18.47,0.9,109,-8.19,24.1,20.19
Harry Ransom,Worthing FC,3062,Left Centre Back,Centre Back,England,26,190,2,2,1.27,0.13,10,20,50,0,,2.04,0,0.58,7,0,0.58,7,0,0,0,2,1.85,17,0.15,1,1,0,100,11,0,8,3,40,63.32,203,298.06,248,101,0.07,143,24.3,54,499,29,69,73,44.15,107.47,20,27,11,75,141,0,199,293.22,81,63,28,30.48,39,20,23,37,2,1,0,1987,83,210,39,56,254,326,12,70,-13,30.81,117,14.31,15.35,1452,99,5.93,145,10,10,0,3,30,40,2,10,1,20,5,29,68,3,41,54,4,23.63,23.28,0.91,90,-0.35,21.4,20.85
Harry Sidwell,Dorking Wanderers FC,459,Centre Defensive Midfielder,Left Centre Midfielder,England,19,182,0,0,0.19,0.04,5,0,40,2,,0.1,0,0.15,1,0,0.15,1,0,0,0,0,0.33,6,-0.33,1,0,1,0,6,0,9,5,4,5.74,12,10.88,101,52,0.02,28,35.72,29,59,10,14,91,8.83,14.57,8,0,1,76,13,0,83,81.5,20,29,5,37.75,24,29,13,45,1,0,0,154,68,23,7,66,13,34,13,48,-21,47.5,17,1.28,1.55,111,92,4.04,33,4,3,1,0,0,3,1,25,1,100,0,35,56,9,27,70,3,24.3,17.03,0.99,105,-7.27,24.01,17.88
Harry Sidwell,Dagenham & Redbridge,1405,Centre Defensive Midfielder,Right Defensive Midfielder,England,19,182,0,0,0.43,0.04,12,0,42,1,,0.27,0,0.52,14,0,0.46,12,0,0.06,2,0,0.95,26,-0.95,7,5,2,71,20,0,15,6,9,7.27,25,22.14,330,156,0.06,100,39.29,77,176,33,42,85,29.55,36.82,14,62,6,48,20,0,283,239.04,83,67,22,41.95,93,33,43,64,1,0,0,475,79,40,11,65,32,55,22,83,4,49.65,54,4.68,5.35,375,95,4.19,97,10,5,5,1,6,11,0,30,4,40,1,21,68,11,16,77,6,21.56,19.14,0.98,102,-2.42,21.1,19.51
Harry Thomas,Hampton & Richmond,2097,Right Centre Back,Left Centre Back,England,20,185,0,0,0.92,0.1,9,0,22,0,,0.15,0,0.72,6,0,0.72,6,0,0,0,0,1.64,15,-1.64,12,11,1,92,9,0,9,6,26,20.89,158,135.57,266,118,0.04,149,25.31,59,362,29,55,73,23.91,44.8,19,33,11,63,83,3,218,184.77,82,53,19,29.04,30,14,15,28,3,1,0,843,66,80,17,36,174,207,13,59,-7,36.01,78,4.62,5.3,542,98,6,87,4,3,1,3,23,26,2,0,0,0,5,43,55,2,45,51,5,26.37,21.37,0.84,88,-5,22.15,18.78
Harry Thomas Barbrook,Chelmsford City,2857,Left Back,Left Wing Back,England,21,181,2,2,3.08,0.12,25,8,40,1,,4.67,0,1.7,23,0,1.17,16,0,0.53,7,2,4.78,48,-2.78,19,13,6,68,37,0,35,23,31,30.23,96,87.95,439,175,0.02,176,34.62,136,388,50,81,75,51.58,81.81,22,43,17,63,107,0,368,361.57,125,104,40,38.86,111,30,58,56,5,0,0,932,69,74,76,45,119,141,17,58,-11,50.91,104,10.54,11.89,676,96,5.04,206,25,16,9,7,62,78,0,36,10,36,13,39,54,7,35,53,12,21.24,18.7,0.92,96,-2.54,19.58,17.94
Harry Tustin,Salisbury,807,Right Defensive Midfielder,Right Centre Midfielder,England,19,170,0,0,0.09,0.04,2,0,0,1,,0,2,0.87,9,2,0.87,9,0,0,0,2,0.95,11,1.05,2,2,0,100,7,0,11,5,8,7.53,23,22.3,208,92,0.01,73,41.67,48,103,25,33,71,23.69,31.22,11,17,10,35,11,0,172,155.22,56,48,22,44.85,67,39,33,69,1,0,0,226,66,8,17,40,25,18,21,57,-9,52.35,28,1.4,2.15,137,93,4.61,53,2,2,0,1,3,5,0,0,0,0,1,29,62,9,34,60,6,17.42,15.62,0.98,112,-1.79,17.06,17.45
Harvey Broad,Dagenham & Redbridge,1466,Left Wing Back,Left Back,England,20,,2,2,1.34,0.11,12,17,25,1,,1.41,3,2.01,21,3,1.68,17,0,0.33,4,5,3.35,33,1.65,10,4,6,40,6,1,11,21,26,24.89,56,47.74,264,117,0.05,77,33.07,56,149,39,65,80,37.29,62.18,18,64,10,40,20,1,210,184.67,49,29,5,37.79,63,30,21,72,3,0,0,475,61,34,83,37,71,77,18,57,-4,55.58,55,5.42,7.54,351,95,4.88,138,19,15,4,10,42,57,0,53,15,52,8,36,50,14,17,57,26,21.6,20.11,0.87,86,-1.49,18.8,17.35
Harvey Frederick Sutcliffe,Spennymoor Town,393,Right Back,Left Back,England,22,193,0,0,0,,0,,,0,,0,0,0,0,0,0,0,0,0,0,0,0,0,0,3,2,1,67,2,0,6,3,8,4.33,16,11.86,73,28,0.03,25,27.02,16,59,17,25,94,9.54,13.88,4,67,1,63,5,0,52,33.59,14,6,0,30.29,10,19,4,67,0,0,0,137,54,12,12,26,23,39,11,35,-19,49.42,14,0.44,0.44,98,97,6.32,26,3,2,1,0,1,3,0,0,0,0,0,45,43,12,38,46,15,24.81,22.21,0.78,128,-2.61,19.4,28.34
Harvey Gregson,Marine,1197,Right Defensive Midfielder,Right Centre Midfielder,England,23,183,0,0,0.86,0.06,14,0,21,2,,0.18,1,0.81,8,1,0.81,8,0,0,0,1,1.67,22,-0.67,8,3,5,38,25,0,18,17,16,10.02,38,24.69,255,105,0.03,80,43.24,101,186,16,32,76,9.98,20,17,29,5,49,38,0,222,157.77,59,40,12,47.82,108,49,30,75,1,0,0,318,61,16,16,43,46,29,31,56,-5,52.23,32,4.57,5.07,211,91,6.2,62,5,4,1,3,29,33,1,40,2,18,6,27,62,12,19,68,13,18.49,17.53,0.96,99,-0.96,17.69,17.35
Harvey Lintott,Eastbourne Borough,1547,Right Back,Right Wing Back,England,23,189,0,0,0.26,0.04,6,0,17,1,,0.11,1,0.59,9,1,0.59,9,0,0,0,1,0.85,15,0.15,10,6,4,60,11,0,13,10,14,11.26,41,37.18,199,77,0.04,49,35.03,52,135,19,33,70,19.21,30.46,15,27,8,61,25,0,165,172.79,36,33,6,40.31,59,36,22,67,3,0,0,473,54,55,5,35,61,136,13,50,-4,53.1,69,2.57,2.95,335,96,5.91,109,14,13,1,1,16,29,1,64,11,23,2,47,44,9,54,33,13,25.6,22.55,0.9,100,-3.05,23.07,22.64
Harvey Smith,Chorley,1791,Left Centre Back,Right Centre Back,England,27,185,1,1,1.06,0.09,12,8,42,0,,0.44,1,1.54,8,1,1.54,8,0,0,0,2,2.6,20,-0.6,8,6,2,75,5,0,10,8,20,19.33,127,122.75,151,75,0.08,87,24.65,43,283,21,41,81,15.91,35.24,20,38,5,62,83,1,110,92.9,48,28,12,32.21,22,20,15,54,3,0,0,555,62,48,27,36,152,107,22,57,-5,38.32,37,5.2,6.13,294,97,5.43,55,8,6,2,5,54,60,0,13,1,14,9,46,50,4,45,51,4,25.28,22.61,0.88,93,-2.66,22.18,21.05
Harvey Walker,Slough Town FC,1598,Left Wing Back,Left Wing,England,24,176,1,1,0.76,0.08,9,11,44,1,,1.43,0,2.01,19,0,1.93,17,0,0.08,2,1,2.77,28,-1.77,37,19,18,51,19,0,47,53,9,6.59,20,15.79,347,157,0.02,111,39.85,58,147,37,46,73,30.72,37.31,33,37,14,31,12,0,279,222.65,85,55,19,42.61,110,39,35,64,5,1,0,408,53,30,58,35,31,74,17,45,-8,56.09,78,3.57,5.06,400,83,10.36,91,14,10,4,1,11,21,0,71,12,19,2,30,59,11,21,63,16,21.61,18.15,0.91,96,-3.46,19.69,17.44
Hayden Bullas,Enfield Town FC,2657,Right Centre Midfielder,Right Defensive Midfielder,England,20,,3,3,3.01,0.11,27,11,19,1,,2.49,0,2.28,26,0,2.26,25,0,0.02,1,3,5.29,53,-2.29,26,22,4,85,38,0,27,36,37,18.26,35,18.43,619,284,0.02,202,42.71,181,322,45,82,67,23.67,41.93,26,29,22,35,34,0,550,320.67,164,131,41,44.21,203,37,88,67,3,0,0,834,72,50,17,42,54,101,21,68,-5,54.61,107,9.05,12.4,652,94,5.53,255,36,36,0,6,54,90,2,28,14,41,12,28,56,16,25,64,11,19.84,16.94,0.89,87,-2.9,17.68,14.74
Hayden Carson,Chester,920,Left Centre Back,Left Back,England,20,,0,0,0.18,0.18,1,0,0,0,,0,0,0.09,1,0,0.09,1,0,0,0,0,0.27,2,-0.27,1,1,0,100,3,0,1,0,11,9.35,34,30.02,79,38,0.04,39,22.2,15,142,6,17,60,3.71,13.06,7,20,4,50,11,0,66,46.81,29,8,5,25.98,9,14,4,50,3,0,0,362,71,38,79,43,42,81,10,66,-6,35.21,23,3.31,3.31,234,100,5.64,22,1,1,0,0,2,3,0,0,0,0,1,41,55,5,68,23,9,26.53,24.06,0.9,99,-2.48,23.82,23.77
Hayden Muller,Salisbury,629,Left Centre Back,Right Centre Back,England,24,193,0,0,0.03,0.03,1,0,0,0,,0,0,0,0,0,0,0,0,0,0,0,0.03,1,-0.03,0,0,0,,6,0,3,4,11,15.09,32,38.96,64,31,0.07,39,27.75,11,91,9,20,75,9.85,24.94,3,50,3,64,16,0,52,62.25,22,12,5,31.93,8,15,6,50,0,0,0,301,77,32,9,46,39,62,15,58,-18,36.18,36,2.19,2.19,229,99,6.31,37,0,0,0,0,2,2,0,,0,0,0,30,66,3,38,59,3,25.46,23.49,0.9,97,-1.97,22.82,22.82
Henry Hawkins,Enfield Town FC,2340,Left Centre Back,Centre Back,England,22,,4,4,2.33,0.12,19,21,26,0,,2.09,2,1.02,7,2,1.02,7,0,0,0,6,3.35,26,2.65,3,3,0,100,11,0,3,2,27,15.69,187,113.11,295,139,0.06,167,22.35,51,333,34,61,64,19.1,34.79,26,41,19,58,95,0,236,129.29,97,42,13,26.95,22,9,11,26,8,0,0,650,60,65,69,38,206,151,19,53,-6,36.65,49,6.34,7.72,331,99,4.48,61,9,8,1,6,58,66,0,11,1,25,9,51,46,3,57,36,7,24.99,21.06,0.86,99,-3.93,21.6,20.76
Henry Hearn,AFC Hornchurch,1528,Centre Forward,Left Centre Forward,England,21,,8,7,8.45,0.2,43,16,58,6,50,7.94,4,1.64,13,4,1.64,13,0,0,0,11,10.09,56,0.91,18,9,9,50,25,1,34,47,3,2.65,3,3.13,310,108,0,76,69.88,42,58,14,17,74,11.9,14.55,30,29,5,34,36,0,267,240.4,70,73,24,70.89,233,87,67,92,2,0,0,244,69,5,19,50,4,9,33,64,-4,66.6,14,9.92,13.92,232,83,6.08,95,3,3,0,12,131,134,0,0,2,20,19,12,62,26,11,61,28,13.77,10.76,1,107,-3.01,13.78,11.51
Henry Ochieng,Slough Town FC,877,Right Defensive Midfielder,Left Defensive Midfielder,Kenya,27,179,0,0,0.2,0.04,5,0,0,1,,0,0,0.06,3,0,0.06,3,0,0,0,0,0.26,8,-0.26,6,4,2,67,18,0,7,8,10,6.25,12,8.69,148,68,0.04,70,35.75,57,116,23,33,88,16.13,22.37,6,57,3,38,8,1,120,88.16,48,29,11,37.93,35,29,15,52,2,0,0,266,74,19,24,46,16,37,20,72,-2,46.51,29,2.64,2.8,182,95,6.04,48,5,4,1,0,2,6,0,0,0,,0,31,59,10,31,67,2,22.46,17.24,0.97,102,-5.22,21.68,17.67
Henry Sady,Chippenham Town,945,Left Midfielder,Right Midfielder,England,18,,2,2,1.15,0.1,12,17,42,2,,0.9,0,1.03,8,0,0.88,7,0,0.15,1,2,2.18,20,-0.18,11,7,4,64,24,1,16,22,3,3.93,5,6.56,208,80,0,57,50.36,29,58,11,14,58,13.67,17.6,7,30,8,17,4,0,190,231.64,43,52,14,50.43,88,46,35,67,1,0,0,283,71,20,15,50,10,35,26,69,-1,58.48,32,3.92,5.05,246,91,5.83,92,13,10,3,2,26,36,3,0,0,0,6,17,66,17,14,72,14,20.01,15.76,0.94,109,-4.25,18.75,17.22
Henry Sandat,AFC Hornchurch,1333,Left Wing,Left Midfielder,England,21,,5,4,5.06,0.11,48,8,29,4,100,5.55,2,1.48,15,2,1.48,15,0,0,0,6,6.54,63,-0.54,25,8,17,32,56,1,38,46,18,12.6,14,12.28,288,142,0,85,49.45,62,118,23,41,72,18.89,31.49,19,36,9,18,10,0,246,181.55,71,52,19,52.36,133,54,40,77,5,0,0,345,66,22,6,47,26,35,30,64,-2,61.39,45,6.88,11.04,386,88,6.89,121,11,9,2,2,77,86,1,9,4,36,7,24,61,15,18,67,15,19.4,16.43,0.97,101,-2.97,18.78,16.56
Hisham Kasimu,AFC Totton,352,Left Wing,Left Centre Forward,France,28,175,2,2,1.54,0.22,7,29,57,5,,1.01,0,0.29,5,0,0.29,5,0,0,0,2,1.83,12,0.17,5,3,2,60,3,0,6,11,2,1.35,1,1.52,86,29,0,24,56.7,14,21,7,9,70,8.08,9.44,5,25,3,21,3,0,74,79.54,21,22,9,57.91,48,65,22,100,1,0,0,53,62,1,59,100,1,1,26,50,-12,71.9,1,1.2,2.22,52,79,7.38,21,1,1,0,2,26,27,0,0,3,100,5,11,68,21,5,71,24,11.41,9.6,1.1,126,-1.82,12.56,12.08
I.Murray,Chester,1701,Left Centre Midfielder,Centre Attacking Midfielder,Wales,25,,1,1,2.07,0.07,29,3,17,2,,1.14,1,1.18,15,1,1.11,14,0,0.07,1,2,3.25,44,-1.25,20,13,7,65,43,1,41,28,3,1.67,14,16.14,439,195,0.01,146,48.1,148,234,31,34,74,34.46,36.14,20,35,11,22,15,0,391,347.12,117,121,41,49.42,183,47,75,62,2,0,0,527,66,17,9,32,17,50,18,64,-2,58.56,70,7.92,8.93,442,94,5.76,162,10,8,2,4,29,37,0,20,3,14,4,22,62,16,27,59,14,17.69,13.29,0.9,98,-4.39,16,13.06
I.Williams,Hemel Hempstead Town,1484,Centre Attacking Midfielder,Left Centre Midfielder,England,23,,4,4,3.15,0.14,23,17,35,3,,2.5,1,1.65,13,1,1.65,13,0,0,0,5,4.8,36,0.2,28,19,9,68,29,0,43,54,13,12.21,5,4.3,445,183,0.01,125,56.3,84,145,29,42,71,27.23,39.44,46,8,12,28,21,0,370,314.13,101,111,31,57.51,238,64,90,81,5,0,1,342,61,14,21,45,16,20,26,51,-11,60.25,41,7.66,9.24,323,84,6.13,114,10,10,0,7,70,80,0,0,2,17,12,25,65,11,20,73,7,17.19,15.25,0.97,96,-1.95,16.62,14.66
Ilani Edwards,Hereford FC,862,Centre Attacking Midfielder,Right Centre Midfielder,England,20,,1,1,2.82,0.1,29,3,38,6,,2.92,1,0.51,8,1,0.51,8,0,0,0,2,3.33,37,-1.33,27,16,11,59,6,0,25,27,6,6.56,9,7.97,190,75,0.03,49,48.83,44,70,13,19,50,11.22,17.77,8,24,13,37,11,0,170,122.07,39,49,13,51.28,81,48,37,76,1,0,0,180,74,12,21,67,13,14,22,60,-14,59.33,30,3.18,4.86,211,88,7.76,70,7,7,0,1,37,44,0,0,4,50,3,20,60,20,24,60,16,17.57,13.96,1.02,119,-3.61,17.88,16.66
Isaac Buckley-Ricketts,Macclesfield Town,1266,Right Wing,Right Midfielder,England,28,178,4,4,4.28,0.18,24,17,38,3,,4.12,1,2.3,17,1,2.3,17,0,0,0,5,6.58,41,-1.58,33,15,18,45,29,0,37,48,4,5.36,7,7.39,241,114,0.01,89,50.69,69,114,24,28,60,26.6,31.96,15,16,16,43,18,0,202,225.66,68,48,18,51.78,111,55,37,77,1,0,0,352,74,13,11,57,10,20,21,64,-10,64.17,42,5.28,9.87,388,86,6.62,149,17,17,0,2,60,77,2,18,4,14,5,16,62,22,16,54,30,16.18,13.8,0.97,104,-2.39,15.68,14.35
Isaac James Millar Pitblado,Eastbourne Borough,1669,Left Back,Left Wing Back,Scotland,24,169,1,1,0.31,0.05,6,17,17,0,,0.03,2,2.74,22,1,1.79,13,1,0.95,9,3,3.05,28,-0.05,6,4,2,67,3,0,14,9,16,12.48,53,54.53,293,127,0.03,95,32.73,55,166,31,47,76,29.75,42.24,13,57,10,50,24,0,249,241.94,74,59,20,35.58,67,27,35,59,1,1,0,548,57,71,84,37,71,172,12,57,0,54.35,68,4.62,5.74,382,96,3.35,125,35,17,18,1,11,28,0,23,10,26,1,41,50,10,39,42,18,26.19,21.84,0.86,93,-4.35,22.57,20.37
Isaac Philpot,Horsham FC,2304,Left Centre Back,Right Centre Back,England,31,190,0,0,0.12,0.12,1,0,0,0,,0,0,0.3,5,0,0.3,5,0,0,0,0,0.42,6,-0.42,6,5,1,83,10,0,7,5,19,16.57,146,151.41,227,95,0.04,115,23.28,25,275,31,50,91,29.25,45.82,17,25,3,52,48,0,179,169.88,74,37,11,27.27,21,12,15,41,3,0,0,1058,83,98,15,59,165,147,11,64,-19,32.94,54,8.52,8.59,815,99,4.35,83,8,4,4,1,15,19,1,13,3,60,6,26,67,6,41,53,6,22.71,21.38,0.93,94,-1.33,21.09,20.04
Isaac Westendorf,Oxford City,1146,Centre Forward,Right Centre Forward,England,25,173,3,3,3.18,0.13,25,12,56,5,,4.95,4,2.67,14,4,2.67,14,0,0,0,7,5.85,39,1.15,13,10,3,77,18,1,27,38,1,0.32,9,6.5,329,136,0,65,60.28,30,57,18,19,78,14.63,14.95,37,0,5,23,21,0,275,206.89,56,63,16,62.19,192,70,49,78,5,0,0,200,68,0,10,0,9,3,39,71,3,66.98,22,2.91,7.19,219,79,7.62,82,7,7,0,4,56,63,1,14,2,40,9,12,68,21,9,65,27,13.27,11.47,0.99,112,-1.8,13.11,12.89
J.Abbey,Alfreton Town,543,Centre Attacking Midfielder,Right Centre Midfielder,Netherlands,24,191,2,2,0.88,0.08,11,18,27,3,,0.67,0,0.17,3,0,0.17,3,0,0,0,2,1.05,14,0.95,6,4,2,67,5,0,7,14,5,2.46,7,4.88,84,27,0.01,26,51.8,25,52,1,6,50,0.52,2.98,8,50,1,31,4,0,75,44.5,24,19,4,55.92,43,57,13,68,0,0,0,116,69,7,20,54,8,12,30,61,-8,58.4,8,1.88,2.14,101,87,4.6,37,4,2,2,0,17,19,0,0,0,0,2,21,63,16,22,51,27,17.12,12.26,0.9,94,-4.86,15.41,11.56
J.Alves,Bath City,1148,Right Midfielder,Right Wing,England,26,,1,1,1.1,0.06,19,5,26,3,,0.91,0,1.05,9,0,0.69,7,0,0.36,2,1,2.15,28,-1.15,26,13,13,50,17,1,28,33,3,1.8,17,11.87,198,80,0.03,62,40.83,46,97,15,18,65,6.56,8.36,17,42,8,53,19,0,167,101.84,47,31,11,43.24,68,41,25,81,4,0,0,247,61,7,77,19,24,29,28,63,2,60.35,34,3.08,4.16,251,87,6.98,79,8,6,2,2,25,31,0,0,2,11,6,26,61,13,24,59,16,19.61,16.79,0.79,76,-2.82,15.54,12.71
J.Bartolo,Chesham United FC,305,Centre Forward,Right Centre Forward,Gibraltar,20,184,1,1,2.04,0.23,9,11,33,7,,1.44,0,0.12,1,0,0.12,1,0,0,0,1,2.16,10,-1.16,9,7,2,78,4,0,14,16,4,4.79,1,0.36,106,34,0,21,65.7,10,11,5,9,100,4.68,9.47,4,100,0,0,0,0,97,94.43,19,30,9,66.36,75,77,27,90,0,0,0,35,79,2,10,40,1,5,26,80,1,63.26,6,1.58,2.05,65,72,8.44,13,2,2,0,0,13,15,0,0,0,0,0,16,66,18,15,69,15,17.74,11.45,0.88,106,-6.29,15.69,12.18
J.Brivio,Horsham FC,2353,Left Centre Back,Right Centre Back,England,33,,1,1,1.33,0.15,9,11,56,0,,2.83,0,0.79,11,0,0.79,11,0,0,0,1,2.12,20,-1.12,11,9,2,82,11,0,13,16,11,11.01,129,126.84,284,161,0.06,149,27.89,57,332,35,46,71,34.26,45.27,17,48,14,51,67,0,232,221.16,91,65,22,35.75,53,23,25,38,0,0,1,1147,80,115,15,54,157,184,13,70,-10,35.02,76,8.47,9.79,890,98,4.94,114,7,7,0,2,24,31,1,14,1,50,2,29,66,5,35,56,9,23.33,21.32,0.93,88,-2.01,21.59,18.67
J.Butler,Marine,421,Right Centre Back,,England,26,,0,0,0.18,0.06,3,0,33,0,,0.19,1,0.05,2,1,0.05,2,0,0,0,1,0.23,5,0.77,0,0,0,,2,0,1,1,13,8.63,29,20.33,54,25,0.13,33,25.96,9,57,7,20,78,4.63,13.26,4,67,2,56,10,1,43,22.51,17,7,3,31.19,10,23,3,43,1,0,0,97,56,12,33,32,33,33,12,50,-6,35.15,7,0.99,1.65,43,98,3.47,8,1,1,0,0,6,7,0,0,0,0,0,67,30,3,75,25,0,31.77,27.46,0.81,77,-4.32,25.68,21.27
J.Gilbert,Maidstone United,2450,Centre Attacking Midfielder,Right Wing Back,England,25,181,7,7,8.28,0.15,56,13,38,3,0,8.1,3,4.19,36,3,3.52,27,0,0.66,9,10,12.47,92,-2.47,20,12,8,60,14,0,40,57,19,16.83,20,14.86,770,369,0.02,224,56.49,116,193,57,76,75,49.51,66.34,53,36,19,27,29,0,660,588.69,188,198,59,57.95,416,63,155,78,7,0,0,675,59,43,19,30,38,124,22,56,-3,66.89,59,11.76,18.81,537,90,6.09,264,37,20,17,9,116,136,3,35,17,23,20,19,62,19,14,61,25,21.34,18.55,0.87,89,-2.78,18.54,16.59
J.Hedges,Salisbury,2189,Left Wing,Right Wing,England,22,,5,4,5.14,0.08,65,6,34,4,100,5.96,3,5.39,59,2,3.67,39,1,1.72,20,7,10.53,124,-3.53,61,38,23,62,25,1,70,79,4,2.83,18,17.74,363,129,0.01,110,55.12,107,182,16,20,55,13.64,16.47,17,24,13,32,19,1,331,329.77,92,97,31,57.01,211,64,80,82,2,0,0,638,55,51,11,32,27,148,18,53,-2,65.21,92,8.47,14.55,673,88,6.86,210,58,31,27,14,101,132,2,16,17,29,19,24,67,9,25,63,12,22.36,17.28,0.86,96,-5.09,19.24,16.52
J.Hicks,Weston-super-Mare AFC,813,Right Defensive Midfielder,Centre Attacking Midfielder,England,20,,0,0,0.78,0.09,9,0,11,2,,0.01,1,1,6,1,1,6,0,0,0,1,1.78,15,-0.78,9,7,2,78,5,1,17,13,13,9.05,19,14.67,197,88,0.02,69,44.11,47,101,17,30,55,12,21.05,11,30,14,38,12,0,170,147.56,53,59,20,47.37,69,41,42,71,1,0,0,263,71,9,14,36,24,20,23,67,-4,55.51,28,2.75,3.65,182,91,5.8,66,7,7,0,1,13,20,1,0,2,33,2,19,68,13,21,64,15,18.48,16,0.95,88,-2.48,17.48,14.12
J.Johnston,Buxton,1331,Right Wing,Centre Forward,England,22,,1,1,3.32,0.12,28,4,18,5,,2.11,2,1.88,8,2,1.83,7,0,0.05,1,3,5.2,36,-2.2,33,14,19,42,24,1,41,56,4,4.03,4,5.17,203,74,0,47,60.69,41,62,11,15,92,15.08,19.1,23,75,1,30,13,0,169,187.89,43,32,12,61.71,118,70,29,91,4,0,0,182,59,5,16,33,6,13,28,54,-5,64.59,18,3.87,7.08,245,80,9.24,57,7,6,1,6,53,59,0,14,5,24,9,15,65,20,12,65,23,16.12,14.29,0.96,89,-1.83,15.49,12.72
J.Keeya,Salisbury,2590,Left Defensive Midfielder,Right Centre Midfielder,Republic of Ireland,22,,3,3,1.87,0.05,40,8,30,2,,1.75,0,1.93,24,0,1.77,23,0,0.16,1,3,3.81,64,-0.81,48,33,15,69,40,1,61,64,24,22.28,63,64.66,568,238,0,190,40.88,173,370,71,95,77,76.29,98.57,40,47,21,44,47,1,457,488.99,137,147,53,44.04,183,40,83,56,4,0,0,1122,76,49,11,48,78,88,25,70,-6,51.75,123,9.14,10.74,980,93,4.05,256,15,14,1,3,37,51,2,20,4,33,5,22,64,14,21,70,9,18.05,15.07,0.94,99,-2.99,16.89,14.98
J.Maskell,Darlington,1951,Right Centre Forward,Centre Forward,England,21,178,10,10,9.21,0.15,60,17,48,4,,11.28,1,2.15,17,1,2.15,17,0,0,0,11,11.36,77,-0.36,19,12,7,63,29,0,34,60,7,6.13,24,25.38,347,91,0.03,78,60.86,83,126,11,18,92,9.53,15.66,44,50,1,53,117,0,294,304.2,62,103,23,65.79,232,79,90,87,2,0,0,532,58,10,8,29,33,25,36,52,-6,62.31,40,15.5,19.89,371,87,4.27,163,13,13,0,12,154,167,2,8,3,20,20,22,60,18,18,63,18,15.54,14.52,0.92,91,-1.02,14.26,13.16
J.Meddows,AFC Telford United,1903,Right Wing,Left Back,England,23,180,5,5,3.08,0.1,31,16,48,2,,3.21,6,3.35,24,6,3.33,23,0,0.01,1,11,6.42,55,4.58,32,22,10,69,13,0,37,37,17,14.18,30,29.13,487,256,0.02,171,43.26,85,166,60,77,67,57.82,71.99,21,33,30,33,9,0,406,393.73,130,91,25,45.61,182,45,63,69,3,0,0,677,76,31,74,36,36,79,17,81,5,56.14,75,10.84,14.31,633,93,5.39,209,21,16,5,8,62,78,1,29,8,29,18,24,57,19,20,53,27,19.8,15.94,0.87,94,-3.86,17.16,15
J.Poffley,Chippenham Town,716,Left Centre Back,Right Centre Back,England,20,,1,1,0.83,0.41,2,50,50,0,,0.94,0,0,0,0,0,0,0,0,0,1,0.83,2,0.17,2,2,0,100,4,0,1,1,3,4.04,37,28.7,80,37,0.05,29,24.2,7,73,10,13,71,10.35,14.4,6,20,4,60,21,0,64,64.96,17,20,2,30.44,16,25,8,40,2,0,0,255,83,17,5,53,38,31,13,66,-17,30.4,4,2.72,2.72,183,100,4.14,6,0,0,0,1,6,6,0,,0,,1,25,72,4,33,50,17,21.68,17.24,0.94,107,-4.44,20.46,18.49
J.Sommerton,Salisbury,2326,Left Back,Left Centre Back,England,25,,1,1,1.46,0.13,11,9,36,0,,2.26,1,1.75,18,1,1.68,17,0,0.07,1,2,3.21,29,-1.21,28,17,11,61,31,0,23,20,28,34.25,105,108.83,299,122,0.05,136,28.42,77,352,47,75,82,54.29,88.53,15,50,10,62,77,1,237,267.89,82,52,16,33.32,55,23,29,56,0,0,0,1067,74,55,84,38,137,112,16,57,-17,45.21,98,10.83,13.02,852,97,6.01,176,21,18,3,1,24,42,0,43,9,50,1,34,56,10,31,56,13,20.24,20.72,0.89,87,0.48,18.07,18.13
J.White,Hemel Hempstead Town,2299,Left Defensive Midfielder,Centre Attacking Midfielder,England,27,,4,2,2.6,0.12,22,9,32,1,67,2.77,4,1.65,16,4,1.63,15,0,0.02,1,6,4.25,38,1.75,13,11,2,85,27,1,34,21,23,21.88,41,37.6,347,147,0.03,116,47.24,210,364,31,54,72,29.31,51.19,24,42,12,46,39,0,292,288.87,84,106,34,51.97,152,52,71,67,5,0,0,814,70,46,22,38,57,106,22,66,-4,54.37,74,8.57,11.25,600,95,4.43,220,22,19,3,6,48,67,1,9,4,33,9,28,60,12,27,61,11,21.05,17.65,0.91,96,-3.4,19.18,16.92
Jack Bainbridge,Chester,2182,Centre Defensive Midfielder,Left Defensive Midfielder,England,28,183,0,0,3.23,0.11,30,0,37,2,,2.53,0,1.11,20,0,1.11,20,0,0,0,0,4.33,50,-4.33,17,10,7,59,27,0,18,30,19,15.36,57,54.53,378,179,0.03,161,38.37,129,335,46,65,73,44.95,60.31,24,38,17,64,50,0,308,277.1,119,87,38,43.54,118,38,57,66,4,0,1,653,71,14,22,29,63,42,20,65,-7,51.46,54,10.37,12.7,407,93,5.5,131,10,10,0,2,54,64,0,10,2,100,5,31,58,11,24,66,9,17.74,15.38,0.93,102,-2.36,16.42,15.76
Jack Barham,Chelmsford City,1018,Centre Forward,Left Wing,England,30,177,1,1,2.37,0.12,20,5,35,4,,2.17,0,0.73,9,0,0.73,9,0,0,0,1,3.1,29,-2.1,10,6,4,60,9,0,16,30,13,11.41,13,10.17,142,58,0,31,55.23,40,62,13,26,76,14.73,26.14,18,50,4,48,50,0,111,116.35,20,23,5,61,76,68,19,83,1,0,0,221,45,9,8,26,19,29,32,42,-3,68.26,19,4.07,4.71,163,85,6.28,67,8,8,0,4,36,44,0,38,6,19,7,25,64,11,16,64,19,20.8,16.05,0.87,75,-4.75,18.02,12.04
Jack Bateson,Hemel Hempstead Town,1630,Right Centre Back,Left Centre Back,England,21,,0,0,0.7,0.12,6,0,33,0,,0.68,1,0.6,5,1,0.6,5,0,0,0,1,1.3,11,-0.3,0,0,0,,2,0,2,4,18,18.45,88,80.71,173,87,0.09,82,28.19,38,282,17,35,74,15.48,33.93,7,33,6,67,76,0,149,138.65,56,34,13,33.18,22,15,8,24,2,0,0,498,64,48,19,42,109,94,20,50,-13,39.26,43,3.55,3.67,255,99,4.97,53,1,1,0,4,30,31,0,0,0,0,5,46,49,5,42,58,0,25.88,23.9,0.92,92,-1.98,23.88,21.94
Jack Batten,Bath City,2411,Right Centre Back,Centre Back,England,30,191,0,0,0.93,0.07,14,0,43,0,,0.25,1,0.58,8,1,0.54,7,0,0.04,1,1,1.51,22,-0.51,4,1,3,25,12,0,2,10,34,23.22,206,138.44,272,139,0.06,131,24.04,46,432,40,74,80,25.72,48.94,21,55,10,66,139,0,211,144.53,76,43,19,28.47,24,11,10,23,8,0,0,730,66,53,12,37,229,122,21,58,-8,36.06,39,4.73,5.09,341,98,4.39,42,3,2,1,1,47,49,1,0,0,,5,42,54,4,55,38,7,23.98,21.4,0.88,87,-2.59,20.99,18.53
Jack Bearne,Oxford City,852,Right Wing,Right Midfielder,England,24,171,2,2,2.34,0.15,16,13,38,3,,1.32,0,1.03,4,0,0.57,3,0,0.46,1,2,3.37,20,-1.37,10,7,3,70,15,0,16,14,7,5.88,7,3.36,189,75,0,44,46.29,17,61,13,20,57,7.44,13.32,12,9,10,12,2,0,164,142.27,36,37,13,48.1,72,44,28,76,2,0,0,246,66,9,61,31,12,24,17,54,-12,56.26,28,3.15,5.57,225,92,7.14,74,15,11,4,1,19,30,0,27,5,26,1,20,68,11,28,57,15,18.25,17.9,0.89,82,-0.35,16.26,14.65
Jack Clarke,Kidderminster Harriers,600,Right Defensive Midfielder,Left Defensive Midfielder,Republic of Ireland,27,178,1,1,0.63,0.16,4,25,50,1,,1.15,1,1.59,9,1,1.59,9,0,0,0,2,2.22,13,-0.22,5,4,1,80,2,0,7,5,9,12.58,16,23.49,155,63,0.04,49,43.37,55,92,18,27,72,24.68,37.26,9,42,7,51,21,0,128,178.29,34,43,13,46.99,55,43,29,67,1,0,0,237,75,4,79,29,18,12,20,63,-12,58.61,20,4.07,4.29,166,94,4.34,74,13,12,1,4,12,24,1,15,3,60,5,27,63,10,22,72,7,17.36,15.62,0.92,89,-1.74,15.96,13.91
Jack Evans,Merthyr Town FC,3132,Centre Defensive Midfielder,Left Defensive Midfielder,Wales,28,178,0,0,0.27,0.05,6,0,33,0,,0.53,4,1.85,35,4,1.8,34,0,0.05,1,4,2.12,41,1.88,23,17,6,74,47,0,50,35,45,52.93,92,117.42,821,410,0.07,344,33.67,118,508,122,167,80,153.47,206.41,37,60,30,52,65,2,662,839.51,237,184,65,37.25,176,27,72,39,6,0,0,2344,87,94,11,65,114,123,18,81,-6,40.22,183,21.75,23.11,1797,98,3.68,287,12,12,0,2,16,28,1,0,0,0,5,27,66,8,38,60,2,17.65,16.19,0.98,102,-1.46,17.3,16.54
Jack Jones,Hemel Hempstead Town,542,Right Centre Midfielder,Right Defensive Midfielder,England,19,,0,0,0.29,0.03,9,0,22,2,,0.02,0,0.77,13,0,0.43,6,0,0.34,7,0,1.06,22,-1.06,8,7,1,88,8,0,8,7,3,1.85,5,3.26,104,45,0,43,42.19,44,79,11,14,73,11.26,13.11,4,50,4,26,6,0,89,76.33,33,23,7,43.71,35,39,16,70,2,0,0,164,61,26,8,42,8,59,18,59,-1,61.84,24,1.54,1.69,138,93,6.06,51,16,7,9,0,8,15,1,6,2,18,1,21,67,13,24,63,14,25.7,17.48,0.86,108,-8.22,22.08,18.85
Jack Lambert,King's Lynn Town FC,580,Centre Attacking Midfielder,Left Attacking Midfielder,England,27,175,2,2,0.6,0.06,10,20,40,3,,0.33,0,0.51,8,0,0.33,6,0,0.18,2,2,1.11,18,0.89,9,6,3,67,4,0,11,15,6,7.09,2,1.7,133,59,0.03,53,50.5,38,60,9,15,69,8.58,15.67,7,50,4,17,4,0,118,112.01,43,35,17,52.39,65,55,23,66,2,0,0,188,65,13,9,45,4,27,21,55,-10,60.64,21,2.26,2.66,151,91,5.38,64,9,6,3,0,14,20,0,33,3,25,0,25,59,16,28,56,16,21.18,15.81,0.91,106,-5.36,19.27,16.71
Jack Leckie,Alfreton Town,1678,Right Centre Back,Right Back,England,22,198,0,0,1.1,0.12,9,0,11,1,,0.11,1,0.42,7,1,0.42,7,0,0,0,1,1.52,16,-0.52,1,1,0,100,4,0,4,3,17,7.94,134,72.33,187,84,0.05,66,25.04,49,222,19,36,76,9.93,17.86,33,40,6,68,55,0,135,73.61,37,26,9,33.71,30,22,13,50,6,1,0,414,56,53,15,37,141,136,12,61,4,35.42,34,1.88,2.59,180,99,4.17,51,4,4,0,3,23,27,0,25,1,20,6,47,44,9,47,45,8,28.05,19.59,0.85,101,-8.46,23.72,19.79
Jack McDowell,Bedford Town,305,Right Back,Centre Attacking Midfielder,England,20,,0,0,0.11,0.06,2,0,0,1,,0,0,0.37,2,0,0.31,1,0,0.06,1,0,0.48,4,-0.48,0,0,0,,1,0,2,0,11,7.52,14,10.49,58,27,0.04,23,25.25,5,21,7,18,47,4.81,12.33,6,40,8,64,7,1,45,30.81,16,4,0,27.13,5,11,2,50,1,0,1,63,51,7,4,28,18,21,16,56,6,48.94,12,0.24,0.55,32,97,4.56,9,2,0,2,1,6,6,0,0,0,,1,60,40,0,67,33,0,27.2,24.79,0.79,80,-2.41,21.57,19.92
Jack Moore,Chorley,1519,Right Back,Right Wing Back,England,22,176,0,0,0.32,0.03,11,0,27,1,,0.33,3,2.07,24,1,0.93,11,2,1.14,13,3,2.39,35,0.61,7,5,2,71,22,0,8,11,16,14.23,40,31.83,268,137,0.05,99,32.79,86,215,43,59,70,34.44,48.67,14,42,18,67,20,1,211,178.73,67,43,12,36.91,58,27,24,56,2,0,0,574,54,82,9,33,67,224,12,54,0,53.59,119,5.26,5.76,412,97,6.51,151,44,21,23,0,4,25,1,20,10,16,1,43,54,4,40,56,4,28.64,24.81,0.85,88,-3.83,24.27,21.89
Jack Sampson,Chorley,1045,Right Centre Forward,Centre Forward,England,33,188,5,4,2.94,0.13,22,18,45,3,100,4.45,1,1.4,16,1,1.4,16,0,0,0,5,4.34,38,0.66,11,10,1,91,13,0,19,40,1,0.69,8,5.54,155,56,0.03,38,61.42,39,62,5,6,100,5.82,6.5,20,,0,46,63,0,131,103.96,31,33,10,65.77,102,78,27,82,1,0,0,301,64,6,76,75,10,6,36,61,-3,64.13,23,4.53,7.34,202,86,3.82,107,8,8,0,11,96,104,1,0,1,14,20,18,68,15,18,61,21,14.3,14.18,1.04,102,-0.12,14.91,14.49
Jack Spong,Worthing FC,2663,Right Defensive Midfielder,Right Centre Midfielder,England,24,169,7,4,3.05,0.09,34,12,32,1,75,3.81,2,5.51,48,2,4.28,35,0,1.23,13,6,8.56,82,-2.56,26,12,14,46,51,0,67,51,16,24.67,37,54.65,529,209,0.03,197,42.46,155,397,73,89,78,115.48,140.15,30,47,21,37,29,1,428,651.99,141,171,62,44.33,163,38,82,48,2,0,0,1461,75,104,78,48,74,179,18,70,-5,52.08,129,18.21,20.36,1145,95,4.06,363,58,30,28,11,68,98,7,21,15,47,15,22,65,13,21,64,15,19.87,18.01,0.92,92,-1.86,18.34,16.63
Jack Stafford,Curzon Ashton FC,652,Left Wing Back,Left Back,Republic of Ireland,24,186,0,0,0.01,0.01,2,0,0,1,,0,1,0.57,8,0,0.38,5,1,0.19,3,1,0.58,10,0.42,3,1,2,33,4,0,6,7,6,5.09,13,8.65,103,40,0.02,44,37.14,21,54,8,14,53,5.93,11.02,10,22,7,32,7,0,85,68.06,32,26,13,40.11,27,32,16,62,2,0,0,194,63,23,73,43,17,49,13,56,-8,56.55,34,1.83,2.14,158,95,5.24,48,11,4,7,0,4,8,1,9,1,8,0,36,51,13,44,46,10,21.94,16.39,0.88,121,-5.55,19.36,19.92
Jack Stobbs,Curzon Ashton FC,1400,Right Wing Back,Left Wing,England,29,180,3,3,1.14,0.07,16,19,38,1,,1.42,3,4.51,44,3,2.55,25,0,1.96,19,6,5.66,60,0.34,12,4,8,33,3,0,7,16,7,5.21,15,9.38,138,52,0.01,47,42.96,49,105,13,20,65,8.84,14.05,4,40,7,45,9,0,121,85.93,36,27,9,48.43,57,47,23,85,2,0,0,452,57,55,10,42,31,116,17,57,0,63.91,51,4.66,7.76,356,97,5.82,135,58,31,27,3,23,54,4,29,24,29,9,21,64,15,25,52,23,25.25,20.92,0.88,89,-4.33,22.32,18.59
Jack Strange,Horsham FC,1637,Right Centre Back,Left Centre Back,England,28,190,0,0,0.69,0.17,4,0,75,0,,0.83,0,0.16,1,0,0.16,1,0,0,0,0,0.85,5,-0.85,0,0,0,,9,1,3,2,34,25,171,139.64,139,57,0.06,71,22.17,25,258,22,56,85,18.14,43.13,16,43,4,75,65,0,101,91.4,40,22,6,28.48,9,9,6,27,3,0,0,628,73,74,12,53,198,112,18,57,-15,31,34,4.77,4.77,369,99,5.61,38,2,2,0,0,12,14,0,0,0,,1,38,58,5,55,39,5,25.96,24.71,0.94,96,-1.24,24.44,23.69
Jack Waldron,Scarborough Athletic,1633,Right Wing Back,Right Back,England,20,,0,0,0.32,0.05,7,0,29,1,,0.9,0,2.6,17,0,2.57,16,0,0.03,1,0,2.91,24,-2.91,13,8,5,62,11,0,21,12,25,22.1,58,54.15,326,147,0.03,99,36,95,232,32,57,70,32.51,54.61,24,45,14,58,42,1,270,246.39,68,67,21,38.72,73,27,38,57,1,0,0,697,63,58,16,37,79,137,19,58,-5,54.17,105,6.13,7.23,524,97,4.79,191,34,21,13,4,21,42,0,26,12,32,5,34,57,10,30,54,16,22.67,19.51,0.87,90,-3.16,19.68,17.46
Jack Young,Farnborough,988,Right Defensive Midfielder,Left Defensive Midfielder,England,25,171,0,0,0.17,0.02,7,0,14,1,,0.17,0,0.17,5,0,0.17,5,0,0,0,0,0.34,12,-0.34,2,2,0,100,10,1,8,7,14,14.38,20,17.39,235,127,0.03,106,38.34,66,144,16,30,42,13.55,27.93,11,26,22,55,16,0,208,172.78,76,63,19,39.97,58,28,25,40,2,0,0,493,80,24,9,69,23,32,17,71,-9,48.82,51,1.74,1.85,358,97,4.15,97,4,3,1,0,4,7,0,25,1,50,2,27,64,10,30,68,2,18.55,15.99,0.98,99,-2.56,18.24,15.77
Jack Young,Dorking Wanderers FC,446,Centre Attacking Midfielder,Right Centre Midfielder,England,25,171,0,0,0.23,0.04,6,0,0,2,,0,2,0.69,6,2,0.69,6,0,0,0,2,0.92,12,1.08,1,1,0,100,3,0,4,8,1,0.89,6,8.11,101,45,0.08,44,42.18,37,73,9,10,56,11.9,12.8,4,13,7,45,5,0,88,111.36,36,30,10,46.94,38,43,18,60,1,0,0,206,78,19,6,66,14,21,19,66,-13,51.48,42,1.17,1.7,153,97,3.34,65,5,4,1,0,7,11,1,20,1,33,0,30,60,10,34,55,11,20.04,21.52,0.97,103,1.47,19.35,22.15
Jack Young,Worthing FC,349,Left Defensive Midfielder,Right Defensive Midfielder,England,25,171,0,0,0.19,0.04,5,0,20,1,,0.02,0,1.43,9,0,1.31,8,0,0.12,1,0,1.62,14,-1.62,0,0,0,,4,0,4,1,10,16.45,4,6.05,48,24,0,17,43.93,26,51,9,19,75,14.83,31.28,3,33,3,33,4,0,36,56.68,11,16,6,45.54,11,31,9,56,2,0,0,249,84,15,14,60,5,24,12,68,-17,48.55,31,2.87,3.43,191,99,4.17,64,6,4,2,2,11,15,0,17,2,67,3,20,68,12,23,70,6,18.46,14.6,0.99,105,-3.86,18.23,15.28
Jacob Borgnis,Slough Town FC,1478,Right Defensive Midfielder,Centre Defensive Midfielder,New Zealand,21,,0,0,0.61,0.07,9,0,0,0,,0,0,0.28,8,0,0.28,8,0,0,0,0,0.89,17,-0.89,5,3,2,60,16,0,12,7,29,18.57,28,22.83,353,183,0.02,141,38.12,136,261,26,55,74,20.82,39.39,25,67,9,51,23,0,302,210.57,104,67,26,40.13,101,33,36,54,3,0,0,543,69,54,11,62,37,78,16,61,-9,50.13,87,5.11,5.49,318,96,4.69,129,11,10,1,1,12,22,0,9,1,50,2,33,59,9,33,64,3,22.6,18.94,1,115,-3.66,22.53,21.71
Jacob Cane,Weston-super-Mare AFC,1252,Right Defensive Midfielder,Left Defensive Midfielder,England,32,176,1,1,1.11,0.06,19,5,21,1,,1.04,3,1.69,14,3,1.69,14,0,0,0,4,2.8,33,1.2,8,6,2,75,11,0,10,14,26,17.52,23,19.96,299,152,0.05,101,41.1,91,195,40,66,82,34.84,52.35,20,44,9,49,23,0,239,197.1,74,67,19,44.01,90,38,48,72,5,0,0,519,78,30,12,50,35,48,18,75,-3,50.52,41,5.76,6.96,350,96,5.26,105,10,10,0,0,17,27,0,10,1,50,3,24,66,10,19,74,7,19.3,17.84,0.95,99,-1.46,18.39,17.58
Jacob Gerrard Roddy,Oxford City,2372,Left Back,Left Wing Back,England,23,186,1,1,2.29,0.18,13,8,54,1,,2.15,1,1.24,10,1,0.95,8,0,0.29,2,2,3.53,23,-1.53,20,11,9,55,28,0,28,33,26,18.2,102,68.86,509,252,0.02,201,32.31,57,212,62,88,76,51.16,69.36,23,41,20,56,46,0,424,363.22,150,84,33,35.91,120,28,49,58,2,0,0,734,66,51,58,39,122,112,14,64,-2,49.62,58,7.09,9.27,565,95,3.75,154,15,9,6,4,37,46,2,33,7,22,7,40,49,12,32,44,23,20.86,20,0.85,90,-0.87,17.82,18.04
Jacob Maddox,Merthyr Town FC,415,Left Centre Midfielder,Left Midfielder,England,27,179,0,0,0.26,0.06,4,0,0,1,,0,1,0.12,3,1,0.12,3,0,0,0,1,0.38,7,0.62,10,6,4,60,12,0,9,10,1,0.73,8,12.26,78,35,0.01,23,41.49,22,50,10,11,77,12.2,12.93,5,50,3,75,6,0,63,78.95,17,18,5,44.06,22,35,9,50,1,0,0,215,87,7,18,44,12,12,26,84,-2,47.56,23,0.94,1.06,217,94,5.41,46,2,2,0,1,5,7,0,0,0,0,3,12,70,18,11,80,9,17.33,18.05,0.94,89,0.72,16.31,16.02
Jacob Mensah,Dover Athletic,2265,Left Centre Back,Right Back,Ghana,25,183,2,2,0.96,0.14,7,29,57,0,,1.55,0,0.02,2,0,0.02,2,0,0,0,2,0.98,9,1.02,4,3,1,75,12,0,2,5,24,16.41,179,119.67,282,126,0.05,143,24.44,71,461,30,54,81,19.38,35.79,10,63,7,71,136,1,243,177.58,86,40,11,29.32,32,13,10,25,1,0,0,747,60,64,20,37,200,150,19,48,-12,35.62,41,4.79,4.9,355,99,6.4,41,4,4,0,2,20,24,0,0,0,,3,44,52,4,46,51,2,24.82,18.24,0.9,89,-6.58,22.22,16.19
Jacob Towns,AFC Totton,313,Centre Defensive Midfielder,Left Centre Midfielder,England,,,0,0,0,,0,,,0,,0,0,0.05,1,0,0.05,1,0,0,0,0,0.05,1,-0.05,1,1,0,100,2,0,1,1,4,1.5,4,1.89,79,35,0,19,40.41,11,30,8,12,80,3.77,5.26,8,100,2,55,6,0,63,31.89,13,13,3,42.53,21,33,7,54,4,0,0,75,57,0,18,0,5,9,20,63,6,48.23,5,0.54,0.54,40,98,3.47,12,0,0,0,0,0,0,0,,0,0,0,29,62,9,17,75,8,20.36,16.75,0.82,91,-3.6,16.66,15.31
Jago Godden,Bedford Town,1035,Right Defensive Midfielder,Centre Attacking Midfielder,New Zealand,22,193,4,4,1.79,0.09,21,19,43,3,,2.14,0,0.21,3,0,0.21,3,0,0,0,4,2,24,2,10,6,4,60,11,0,15,15,8,5.49,32,20.26,225,103,0.02,74,41,53,98,30,38,83,11.9,17.39,16,40,6,37,31,0,182,88.78,52,48,17,44.49,70,38,33,69,2,0,0,262,57,9,17,33,39,20,29,51,-6,55.11,29,3.52,4.75,208,91,5.16,63,7,7,0,3,44,51,1,14,3,23,5,30,61,10,19,73,8,18.3,17.73,0.89,97,-0.56,16.36,17.13
Jahdahn Fridye-Harper,AFC Telford United,493,Right Back,,England,28,,0,0,0,,0,,,0,,0,0,0.05,1,0,0.05,1,0,0,0,0,0.05,1,-0.05,3,1,2,33,3,0,5,8,20,19.87,16,12.03,125,56,0,46,31.02,13,67,16,36,53,10.63,30.5,6,32,14,75,9,2,103,80.51,36,16,4,33.32,24,23,8,50,1,0,0,174,59,13,9,26,23,43,10,38,-22,48.21,15,2,2,114,89,4.33,29,4,2,2,1,2,4,0,0,0,0,1,42,54,4,41,55,3,23.97,25.89,0.81,92,1.92,19.43,23.83
Jaiden Drakes–Thomas,Slough Town FC,1691,Centre Attacking Midfielder,Right Centre Midfielder,England,21,178,4,4,3.45,0.07,47,9,28,4,,3.34,5,3.56,31,3,2.16,18,2,1.4,13,9,7.01,78,1.99,33,17,16,52,10,0,43,67,17,15.21,22,22.55,334,131,0.02,111,49.57,126,196,36,53,82,26.34,41.55,8,63,8,40,38,0,290,237.16,84,77,27,52.7,158,54,59,77,1,0,0,572,65,34,78,32,32,95,23,61,-4,61.99,88,7.65,10.81,487,88,5.58,219,32,14,18,7,60,74,6,19,9,33,8,24,61,15,25,59,16,21.41,17.03,0.91,101,-4.39,19.55,17.22
Jaiden Putman,Bath City,479,Right Back,Right Wing Back,England,19,,0,0,0.26,0.13,2,0,50,1,,0.1,0,0.11,2,0,0.11,2,0,0,0,0,0.37,4,-0.37,5,2,3,40,12,0,4,6,3,1.64,7,5.65,90,40,0.07,27,30.59,17,58,10,13,91,7.31,8.95,6,75,1,33,4,0,74,49,22,12,6,35.21,21,28,9,75,1,0,0,100,60,13,16,43,12,25,26,55,-5,52,15,0.81,1.05,80,93,6.56,23,5,4,1,1,9,13,0,20,2,33,2,43,45,12,26,52,22,24.35,19.22,0.91,88,-5.13,22.09,16.88
Jake Elliott,Horsham FC,1733,Right Centre Back,Right Back,England,27,191,0,0,0.47,0.06,8,0,25,0,,0.16,2,0.81,5,2,0.81,5,0,0,0,2,1.28,13,0.72,6,5,1,83,9,0,5,4,26,17.65,136,112.88,193,81,0.12,89,23.17,32,227,30,56,88,25.26,42.91,14,60,4,64,47,0,149,119.5,47,33,10,29.99,25,17,16,48,2,0,0,760,75,53,14,39,161,110,13,54,-21,33.01,35,4.27,4.76,585,99,5.52,44,4,3,1,5,27,30,0,25,2,33,5,33,62,4,55,43,2,23.91,23.99,0.87,88,0.09,20.88,21.15
Jake Evans,Chippenham Town,1517,Left Defensive Midfielder,Right Defensive Midfielder,England,28,173,1,1,0.48,0.03,14,7,14,1,,1.27,0,0.55,8,0,0.52,7,0,0.03,1,1,1.03,22,-0.03,6,2,4,33,16,0,14,15,18,15.72,38,45.61,312,126,0.04,104,41.44,85,182,25,43,53,31.73,47.45,15,36,22,53,33,0,272,268.08,75,85,27,44.23,102,38,48,56,2,0,0,596,73,44,24,45,40,96,17,75,1,51.13,43,4.21,4.62,389,96,3.61,124,13,7,6,1,14,21,0,23,4,17,1,20,66,13,22,61,17,20.7,13.58,0.92,106,-7.13,19.1,14.4
Jake Gray,Hemel Hempstead Town,944,Left Wing,Left Midfielder,England,30,180,0,0,0.47,0.04,11,0,36,2,,0.51,1,1.12,11,1,0.8,6,0,0.32,5,1,1.59,22,-0.59,10,4,6,40,5,1,8,21,6,6.14,13,11.62,155,70,0.01,54,50.59,72,112,19,25,73,16.03,22.17,8,36,7,32,10,0,130,110.37,40,32,14,54.95,78,60,25,78,0,0,0,277,59,16,13,34,17,43,15,59,0,66.16,29,4.85,5.28,189,88,3.72,110,22,14,8,0,23,37,0,23,6,32,2,29,57,14,25,53,22,21.3,17.12,0.88,106,-4.18,18.66,18.18
Jake Hessenthaler,Ebbsfleet United,3061,Left Defensive Midfielder,Right Defensive Midfielder,England,32,176,3,3,1.19,0.09,13,23,31,0,,1.24,1,0.94,9,1,0.94,9,0,0,0,4,2.14,22,1.86,9,4,5,44,10,0,13,17,31,34.79,74,82.03,602,293,0.03,212,39.28,205,468,76,107,70,95.38,130.17,34,33,32,54,52,0,494,555.96,152,139,51,42.07,162,33,87,63,7,0,0,1351,78,67,10,44,100,128,18,68,-11,50.46,138,15.78,16.64,901,98,4.02,307,20,18,2,9,56,74,2,25,6,40,18,26,64,10,29,64,7,19.58,17.13,0.91,92,-2.45,17.83,15.76
Jake Hull,Scarborough Athletic,2135,Right Centre Back,Centre Back,England,24,188,2,2,0.8,0.09,9,22,44,0,,0.85,1,0.78,3,1,0.78,3,0,0,0,3,1.58,12,1.42,3,3,0,100,10,0,2,7,23,23.73,155,155.94,273,112,0.11,137,24.71,35,325,38,61,79,29.52,53.25,27,40,10,66,101,0,210,183.76,82,69,25,29.98,27,13,19,28,6,0,0,625,66,56,14,41,172,118,20,48,-18,34.97,32,4.29,5.59,321,99,4.57,45,4,4,0,6,56,60,2,25,1,50,7,39,54,7,51,40,9,25.33,20.39,0.89,93,-4.93,22.62,18.97
Jake Tabor,Bath City,551,Left Centre Forward,Right Centre Forward,England,22,175,1,1,1.77,0.18,10,10,20,3,,1.08,0,0.74,4,0,0.74,4,0,0,0,1,2.51,14,-1.51,13,8,5,62,10,0,17,23,2,1.08,2,1.25,189,63,0,45,65.28,21,39,9,11,69,4.81,5.89,12,60,4,27,17,0,168,98.37,40,47,13,65.47,132,79,41,87,0,0,0,133,60,3,19,43,3,6,32,49,-11,65.39,11,3.26,4.57,140,77,5.56,44,5,5,0,3,35,40,0,60,3,43,8,21,63,16,16,57,27,16.07,14.52,0.97,100,-1.55,15.57,14.48
Jake Taylor,Southport,371,Right Back,Right Defensive Midfielder,England,27,178,0,0,0.05,0.02,2,0,0,1,,0,0,0,0,0,0,0,0,0,0,0,0.05,2,-0.05,2,1,1,50,5,0,4,2,1,0.37,11,12.9,59,30,0.06,25,31.15,19,50,7,8,78,7.38,7.74,3,0,2,40,6,0,49,51.78,20,10,5,35.18,17,35,7,70,1,0,0,175,69,10,13,32,14,28,18,63,-6,46.81,18,1.43,1.48,121,98,3.86,26,3,2,1,0,0,2,0,33,1,50,0,40,51,9,46,54,0,20.99,18.02,0.84,87,-2.96,17.73,15.76
Jalen Anthony Jones,Dover Athletic,3007,Right Centre Back,Centre Back,Guyana,27,195,3,3,1.42,0.11,13,23,38,0,,2.66,2,1.17,6,2,1.17,6,0,0,0,5,2.59,19,2.41,5,4,1,80,10,1,6,9,33,22.56,251,183.02,282,132,0.06,143,22.66,67,496,36,69,77,23.61,46.17,20,50,11,75,174,1,226,168.95,82,47,16,31.07,40,18,22,47,0,0,1,835,63,99,19,44,279,196,19,55,-8,37.31,66,6.52,7.67,381,98,6.29,87,4,4,0,10,64,68,2,0,1,13,13,41,54,5,43,55,2,27.08,20.19,0.92,105,-6.89,25.01,21.24
James Armson,AFC Telford United,564,Centre Attacking Midfielder,Left Defensive Midfielder,England,36,183,1,1,0.9,0.07,12,8,17,2,,0.3,0,0.1,2,0,0.1,2,0,0,0,1,1,14,0,5,2,3,40,4,0,16,9,5,4.11,4,1.49,97,49,0.03,50,46.08,25,43,7,12,70,6.95,11.06,4,50,3,44,15,0,86,78.64,34,26,13,51.4,46,53,16,62,0,0,0,134,59,7,30,29,8,20,25,55,-4,50.12,15,1.93,2.46,116,84,5.63,34,3,3,0,3,25,28,0,0,2,33,5,36,56,8,15,76,9,22.13,19.14,0.81,72,-2.99,17.92,13.81
James Brown,Marine,1438,Right Back,Left Back,Malta,28,186,0,0,0.05,0.02,3,0,0,0,,0,0,0.31,3,0,0.3,2,0,0.01,1,0,0.36,6,-0.36,3,2,1,67,14,0,1,3,20,12.04,42,27.43,200,75,0.02,65,30.35,59,175,18,38,67,10.54,22.58,8,33,9,53,23,0,175,109.74,55,31,9,34.9,47,27,18,58,1,0,0,335,57,46,11,40,60,97,14,53,-4,51.91,65,2.77,2.95,192,98,4.37,85,25,14,11,1,3,17,1,24,8,32,1,49,47,4,33,56,11,25.43,22.37,0.86,93,-3.06,21.87,20.77
James Dodd,Weston-super-Mare AFC,1422,Left Defensive Midfielder,Left Centre Midfielder,England,25,163,0,0,1.02,0.09,11,0,36,1,,0.19,0,0.45,11,0,0.32,10,0,0.12,1,0,1.47,22,-1.47,7,6,1,86,24,0,9,15,17,12.21,31,24.56,256,120,0.02,107,40.07,66,162,28,45,82,20.44,32.65,13,33,6,53,34,0,215,176.62,77,60,22,43.48,86,40,38,63,2,0,0,538,77,33,75,46,37,65,19,68,-10,54.11,53,7.08,7.63,380,98,4.43,135,5,3,2,1,16,19,1,0,0,0,1,23,66,11,21,71,8,20.39,16.16,0.91,98,-4.23,18.64,15.86
James Edmondson,Macclesfield Town,1743,Centre Defensive Midfielder,Right Defensive Midfielder,England,20,176,2,2,2.25,0.13,17,12,59,1,,1.85,2,1.56,32,2,1.16,26,0,0.4,6,4,3.81,49,0.19,18,11,7,61,33,0,22,22,29,36.02,22,28.81,328,147,0.02,110,43.94,131,265,40,69,70,42.61,78.63,32,27,17,53,26,0,256,315.82,78,99,30,46.31,108,42,62,63,4,0,0,784,78,56,82,53,33,94,18,73,-5,53.11,95,9.87,10.82,603,96,5.38,213,17,8,9,4,20,28,0,0,3,33,6,20,67,13,24,68,8,20.23,16.75,0.94,107,-3.48,19.11,17.84
James Hammond,Horsham FC,3377,Left Defensive Midfielder,Left Centre Midfielder,England,29,174,12,5,2.95,0.05,57,9,33,1,100,3.57,3,3.47,41,1,1.45,23,2,2.01,18,8,6.42,98,1.58,23,19,4,83,33,0,23,30,20,17.55,91,83.22,554,251,0.02,204,38.01,216,480,52,72,63,49.14,66.69,26,16,31,45,48,0,477,437,149,138,49,41.38,155,32,72,52,0,0,0,1342,72,195,15,51,125,347,15,68,-4,50.77,155,13.77,14.87,974,97,4.22,310,50,16,34,1,60,76,2,16,10,21,8,25,63,12,27,66,7,25.11,20.11,0.89,90,-4.99,22.47,18
James Jones,Chester,991,Right Centre Back,Centre Back,Wales,29,193,1,1,0.4,0.06,7,14,29,0,,0.5,0,0.07,2,0,0.07,2,0,0,0,1,0.48,9,0.52,1,1,0,100,5,0,5,1,11,8.17,71,71.83,101,42,0.05,54,24.32,11,133,11,22,73,8.08,16.25,8,67,4,83,52,1,82,67.94,28,17,6,29.65,10,12,6,35,0,0,0,403,72,39,12,39,85,85,17,63,-9,37.54,22,3.34,3.42,268,100,5.9,33,3,3,0,2,22,25,0,33,1,50,2,38,59,4,48,48,3,25.85,21.4,0.84,84,-4.45,21.64,17.95
James McShane,Dorking Wanderers FC,1589,Right Centre Midfielder,Left Centre Midfielder,England,35,175,2,2,3.05,0.12,26,8,27,3,,2.01,2,1.22,13,2,1.12,12,0,0.1,1,4,4.27,39,-0.27,12,9,3,75,14,0,19,19,11,12.68,7,8.29,357,168,0,117,50.4,95,174,30,41,73,34.67,47.35,22,21,11,36,16,0,305,385.29,94,115,35,50.94,155,51,74,64,4,0,0,428,68,39,8,56,16,61,19,62,-5,54.42,54,6.13,9.16,284,95,5.13,128,17,15,2,8,59,74,3,12,2,40,11,26,60,14,23,67,10,19.9,17.21,0.96,98,-2.69,19.01,16.87
James Roberts,Horsham FC,538,Left Wing,Centre Forward,England,29,180,1,1,0.7,0.12,6,17,83,2,,1.13,1,0.07,3,1,0.07,3,0,0,0,2,0.77,9,1.23,3,1,2,33,3,0,9,14,5,4.17,2,1.84,85,26,0,15,56.9,14,33,4,9,100,4.15,8.31,7,,0,48,11,0,75,76.05,14,15,3,61.23,54,72,13,87,2,0,0,150,63,6,13,35,3,16,24,70,7,61.59,14,1.87,2.06,134,89,5.71,55,5,5,0,0,9,14,0,0,0,0,1,24,58,18,11,62,27,20.86,16.73,0.96,111,-4.13,19.95,18.59
James Spencer,Curzon Ashton FC,1614,Centre Forward,Left Centre Forward,England,34,186,4,4,5.1,0.11,45,9,42,4,,5.3,7,4.4,34,7,4.4,34,0,0,0,11,9.5,79,1.5,19,10,9,53,22,0,26,51,8,4.93,9,6.78,247,91,0.01,47,60.13,67,99,15,23,83,10.05,14.98,29,0,3,40,58,0,203,139.41,40,56,14,62.81,153,75,47,84,5,0,0,503,65,23,13,51,21,33,32,66,1,62.27,57,12.02,16.42,387,89,3.67,175,13,13,0,12,125,138,9,15,4,19,20,22,64,13,20,62,18,16.86,15.67,0.93,97,-1.19,15.72,15.13
James Waite,Weston-super-Mare AFC,680,Centre Attacking Midfielder,Right Midfielder,Wales,27,175,1,1,0.6,0.06,10,10,40,2,,1.23,2,0.87,9,2,0.87,9,0,0,0,3,1.47,19,1.53,13,8,5,62,4,0,16,14,11,10.26,1,1.35,123,54,0,33,50.2,28,49,15,26,75,11.47,21.72,9,56,5,31,4,0,99,80.27,22,29,6,51.87,51,52,19,66,0,0,0,262,73,9,13,45,7,14,23,76,3,61.5,13,3.4,3.95,229,92,6.5,88,14,13,1,2,23,36,1,7,2,40,6,14,66,21,8,66,26,17.02,15.29,0.98,98,-1.74,16.76,14.99
Jamie Fielding,Ebbsfleet United,470,Right Centre Back,,England,26,188,0,0,0.45,0.11,4,0,0,0,,0,0,0.41,3,0,0.41,3,0,0,0,0,0.86,7,-0.86,4,2,2,50,4,0,1,5,2,2.11,38,43.66,41,11,0.07,17,22.55,13,75,4,6,67,5.43,7.54,2,50,2,78,38,0,36,44.27,9,11,2,29.21,7,19,5,45,1,0,0,198,59,16,12,32,46,42,21,45,-14,42.43,21,1.28,1.84,131,98,7.06,36,4,4,0,0,11,15,1,25,1,50,0,54,42,4,53,42,6,26.63,20.39,0.85,79,-6.24,22.68,16.13
Jamie Odegah,Chelmsford City,435,Centre Forward,Right Centre Forward,England,19,,1,1,1.46,0.24,6,17,50,3,,1.55,1,0.24,4,1,0.24,4,0,0,0,2,1.69,10,0.31,2,1,1,50,12,0,15,21,0,0,1,0.6,112,31,0,27,63.43,18,26,3,3,100,4.15,4.15,8,100,0,39,11,0,101,98.54,25,29,8,63.4,79,78,25,86,1,0,0,71,70,3,13,60,1,5,30,77,7,67.64,9,1.15,2.63,79,72,7.64,30,3,3,0,1,15,18,1,67,3,38,3,15,68,16,17,63,20,16.74,13.65,0.98,108,-3.08,16.35,14.79
Jamie Yila,Maidstone United,352,Right Wing,Centre Attacking Midfielder,England,25,169,0,0,0.48,0.08,6,0,17,2,,0.14,3,1.77,10,3,1.77,10,0,0,0,3,2.25,16,0.75,16,13,3,81,6,1,19,15,0,0,9,8.94,60,22,0,16,50.69,18,27,6,6,100,6.48,6.48,8,100,0,54,15,0,46,46.75,13,10,3,55.76,29,63,9,90,0,0,0,117,55,11,16,69,10,15,17,60,5,64.32,12,3.29,4.77,132,84,7.05,39,4,4,0,4,33,37,0,25,3,19,6,23,61,17,23,54,23,17.87,14.15,1.09,112,-3.72,19.46,15.8
Jared Myers,Slough Town FC,1860,Right Wing,Right Midfielder,England,,,5,5,3.51,0.09,37,14,30,4,,3.33,2,2.49,22,2,2.49,22,0,0,0,7,6,59,1,51,31,20,61,19,1,45,64,13,8.34,12,8.64,369,136,0.01,102,54.3,96,136,18,31,47,13.16,21.5,19,20,20,19,12,0,334,254.89,87,93,22,56.5,213,64,76,82,1,0,0,397,56,14,17,33,21,34,26,54,-2,66.73,46,5.98,9.05,441,83,8.4,131,24,20,4,7,64,84,1,50,18,28,13,16,71,13,15,66,19,19.28,17.18,0.93,101,-2.1,17.91,17.42
Jason Adigun,Chelmsford City,1792,Centre Attacking Midfielder,Right Centre Midfielder,England,22,170,5,5,5.04,0.08,61,8,28,5,,6.4,5,4.36,21,4,3.84,16,1,0.52,5,10,9.39,82,0.61,68,37,31,54,24,0,63,80,10,9.81,10,10.89,496,222,0.01,123,56.75,135,202,36,46,72,33.47,43.27,43,43,14,36,27,0,417,380.57,102,135,40,57.01,262,63,106,79,4,0,0,505,63,38,15,53,26,56,29,57,-6,62.8,80,8.68,14.26,567,84,6.83,186,37,26,11,10,97,123,4,14,7,19,11,30,56,14,33,56,11,19.79,16.59,0.98,96,-3.2,19.48,15.99
Jason Adigun,Kidderminster Harriers,422,Left Wing,Left Attacking Midfielder,England,22,170,0,0,0.66,0.07,9,0,11,3,,0.11,0,0.37,4,0,0.37,4,0,0,0,0,1.03,13,-1.03,11,6,5,55,7,0,19,21,0,0,2,2.84,75,21,0,23,54.33,29,45,6,6,75,8.78,8.78,10,33,2,13,2,0,59,83.71,17,23,11,54.63,37,63,18,78,2,0,0,122,57,8,21,28,7,24,22,60,3,60.93,22,1.91,2.26,146,82,6.19,40,7,6,1,1,13,19,1,0,1,11,2,24,68,7,15,80,5,23.9,22.11,0.82,103,-1.78,19.48,22.67
Jason Christopher Prior,Dorking Wanderers FC,2153,Left Centre Forward,Right Centre Forward,England,37,186,6,4,5.19,0.12,43,9,30,2,100,4.21,4,3.45,24,4,3.45,24,0,0,0,8,8.64,67,-0.64,9,2,7,22,25,0,45,54,6,6.79,49,69.31,290,94,0.04,96,57.52,101,147,12,18,63,15.81,22.6,27,22,7,58,130,0,251,332.32,73,86,22,66.12,192,76,71,83,2,0,0,672,60,23,21,44,57,44,32,56,-5,62.82,54,11.62,15.64,376,85,4.26,223,20,20,0,22,164,184,1,10,6,43,36,29,58,13,27,58,15,16.31,14.23,0.95,99,-2.08,15.55,14.15
Jason Pope,Weston-super-Mare AFC,1483,Left Back,Left Centre Back,England,30,173,0,0,0.21,0.04,5,0,60,0,,0.36,0,1.44,8,0,1.44,8,0,0,0,0,1.65,13,-1.65,6,4,2,67,10,0,14,7,15,13.31,44,37.96,212,104,0.04,86,28.66,52,213,28,43,78,24.54,37.85,16,46,8,76,35,0,170,151.72,64,30,11,31.22,36,21,20,67,3,1,1,589,71,58,12,44,62,115,15,62,-8,46.2,82,4.53,5.07,408,98,5.71,109,7,7,0,1,7,14,0,29,3,17,1,37,56,7,42,47,11,22.57,20.27,0.88,90,-2.3,19.91,18.17
Jay Curran-Nichols,Marine,374,Left Centre Midfielder,Centre Attacking Midfielder,England,21,,0,0,0.23,0.08,3,0,33,1,,0.78,0,0.07,2,0,0.07,2,0,0,0,0,0.3,5,-0.3,0,0,0,,0,0,3,6,4,1.81,8,7.08,100,35,0.03,35,45.81,27,49,2,6,29,1.38,3.19,6,17,5,33,7,1,92,69.37,30,34,13,46.77,41,45,22,65,0,0,0,103,55,2,25,22,10,7,24,52,-4,55.95,7,1.97,2,46,89,4.29,25,2,2,0,0,11,13,0,0,0,0,1,33,54,13,32,56,12,18.2,16.13,0.91,102,-2.07,16.54,16.37
Jay Foulston,Torquay United,3050,Left Back,Left Wing Back,Wales,25,182,0,0,0.57,0.05,11,0,27,0,,0.7,1,1.02,15,1,1.02,15,0,0,0,1,1.59,26,-0.59,12,7,5,58,34,0,16,20,26,28.76,104,128.53,482,208,0.04,186,32.81,105,367,68,94,79,81.35,110.11,26,50,18,53,57,0,390,458.91,127,103,29,37.52,121,31,64,62,4,0,0,1411,73,107,84,38,151,231,15,63,-10,50.34,198,13.08,13.44,1084,98,4,359,36,33,3,2,35,68,3,33,14,29,5,39,49,12,42,41,17,21.07,20.22,0.86,91,-0.85,18.18,18.41
Jay Williams,Merthyr Town FC,1397,Right Centre Back,Right Back,Wales,23,187,1,1,0.8,0.27,3,33,33,0,,0.94,1,0.37,4,1,0.37,4,0,0,0,2,1.18,7,0.82,8,7,1,88,12,0,8,2,10,13.4,89,113.52,123,59,0.06,63,20.61,20,160,20,30,91,22.47,35.87,11,50,2,53,28,0,92,112.02,39,28,11,26.33,14,15,7,25,2,0,0,850,78,61,9,36,131,127,13,61,-17,31.24,39,7.9,8.56,729,99,4.82,58,5,4,1,2,11,15,0,0,2,25,3,34,63,3,45,52,3,24.5,29.39,0.85,77,4.89,20.84,22.62
Jayden Bennetts,Chesham United FC,1073,Left Defensive Midfielder,Left Centre Midfielder,England,24,172,2,2,1.91,0.09,22,9,32,3,,1.63,0,0.92,12,0,0.92,12,0,0,0,2,2.83,34,-0.83,14,7,7,50,14,0,18,23,9,8.28,18,20.85,223,89,0.02,82,43.72,79,138,27,36,73,29.29,37.57,9,17,10,45,15,1,187,196.36,63,55,21,45.11,80,43,37,67,2,0,0,389,68,15,24,33,24,40,20,68,0,55.38,52,4.64,6.52,334,90,6.25,112,13,12,1,5,34,46,0,23,5,25,6,31,57,12,34,54,12,19.36,15.81,0.93,104,-3.55,18.01,16.42
Jayden Davis,King's Lynn Town FC,593,Centre Attacking Midfielder,Left Attacking Midfielder,England,24,178,1,1,1.05,0.06,17,6,35,4,,2.53,2,0.41,8,2,0.41,8,0,0,0,3,1.46,25,1.54,11,8,3,73,6,1,12,12,4,3.2,7,5.55,114,49,0,35,52.78,23,41,10,14,71,8.08,11.27,4,0,4,42,5,0,100,91.99,27,23,6,53.72,51,51,16,70,1,0,0,172,69,12,24,48,11,21,28,69,0,63.15,23,2.26,3.18,181,92,6.1,67,13,13,0,1,27,40,2,46,7,41,6,16,64,20,15,64,21,18.94,13.08,0.89,103,-5.86,16.94,13.44
Jayden Davis,Eastbourne Borough,638,Left Wing Back,Right Centre Midfielder,England,24,178,2,2,0.85,0.07,12,17,33,3,,0.98,0,0.39,5,0,0.39,5,0,0,0,2,1.25,17,0.75,12,6,6,50,7,0,13,22,10,10.01,9,9.54,104,46,0.03,40,42.86,35,65,10,20,67,10.52,20.53,6,29,5,25,2,0,88,94.5,31,26,7,45.85,41,47,19,73,2,0,0,198,63,17,16,52,13,29,17,67,3,54.06,25,0.92,1.88,186,88,7.05,49,8,8,0,1,28,36,0,50,6,24,1,16,70,14,20,61,18,22.59,19.44,0.97,100,-3.15,21.86,19.51
Jayden Mitchell-Lawson,Maidenhead United,1725,Right Wing Back,Right Wing,England,26,168,2,2,2.07,0.1,20,10,30,1,,2.74,3,2.93,22,3,2.93,22,0,0,0,5,5,42,0,22,15,7,68,53,1,36,34,21,25.89,20,23.21,251,95,0.02,86,46.22,77,167,28,49,74,34.96,60.85,13,23,10,42,16,0,210,230.51,64,54,13,49.88,104,50,43,80,4,0,0,641,72,30,10,38,30,68,17,62,-10,60.71,68,7.5,9.47,647,93,6.64,223,22,19,3,8,44,63,1,36,15,27,10,20,59,21,15,48,36,17.89,16.44,0.9,97,-1.45,16.07,15.96
Jephte Tanga,Maidstone United,2539,Left Wing Back,Left Wing,England,21,172,5,5,4.93,0.15,32,16,56,3,,7.9,7,5.69,35,7,5.69,35,0,0,0,12,10.62,67,1.38,17,13,4,76,67,3,51,41,22,19.94,22,19.41,608,253,0.01,205,46.65,110,221,48,70,73,45.56,65.5,30,44,18,16,14,0,530,461.01,168,136,52,48.38,252,48,100,74,2,0,0,661,66,26,18,36,35,60,22,59,-7,62.26,57,10.47,17.73,586,90,5.5,239,26,24,2,17,96,120,4,42,19,31,21,25,55,20,19,51,30,18.31,15.77,0.92,97,-2.55,16.89,15.36
Jermaine Anderson,Hemel Hempstead Town,301,Left Defensive Midfielder,Right Defensive Midfielder,England,30,188,0,0,0,,0,,,0,,0,0,0.08,2,0,0.08,2,0,0,0,0,0.08,2,-0.08,2,1,1,50,3,0,4,6,5,4.54,9,9.94,52,25,0,22,40.89,14,32,3,8,60,2.64,7.18,5,50,2,46,6,0,44,40.83,12,16,6,47.83,21,48,9,56,1,0,0,90,72,5,14,42,9,12,18,53,-19,51.46,12,0.21,0.21,68,88,4.34,21,1,1,0,0,0,1,0,0,0,,0,28,61,11,19,71,10,20.78,16.48,0.91,110,-4.3,18.93,18.12
Jesurun Uchegbulam,Chelmsford City,885,Left Wing,Right Wing,Nigeria,25,178,0,0,0.87,0.06,14,0,43,2,,1.85,1,1.16,16,1,1.16,16,0,0,0,1,2.02,30,-1.02,30,19,11,63,8,0,34,47,5,6.64,8,6.57,149,58,0.01,46,52.61,52,80,7,12,78,8.18,14.82,6,50,2,34,16,0,136,144.85,38,37,10,54.75,84,62,30,81,0,0,0,278,71,8,17,53,10,13,29,65,-5,64.98,28,5.66,6.81,290,83,7.62,110,10,10,0,5,35,45,2,30,7,33,8,15,61,24,17,58,25,15.78,13.37,0.99,99,-2.41,15.56,13.29
Jesurun Uchegbulam,Eastbourne Borough,1110,Left Midfielder,Left Wing,Nigeria,25,178,0,0,0.82,0.05,17,0,29,2,,0.87,1,2.3,22,0,1.7,14,1,0.6,8,1,3.12,39,-2.12,39,23,16,59,4,0,49,35,3,2.05,7,5.6,180,62,0.01,52,52.67,52,98,8,11,57,7.87,9.92,8,38,6,36,12,0,164,158.66,47,56,14,52.99,94,57,44,79,0,0,0,278,67,20,10,45,9,42,25,77,9,64.21,26,3.62,5.31,299,83,8.36,110,19,9,10,7,41,50,1,26,8,33,11,14,60,26,11,59,30,19.34,14.32,0.93,104,-5.02,18.07,14.87
Jett Murphy,Chelmsford City,515,Right Wing,Left Centre Forward,England,18,,3,3,2.19,0.22,10,30,70,4,,2.59,0,0.81,5,0,0.81,5,0,0,0,3,3.01,15,-0.01,6,3,3,50,4,0,18,14,2,1.87,2,2.06,148,57,0.04,32,55.74,23,38,11,13,73,10.18,12.05,14,20,4,32,8,0,123,123.84,27,38,9,57.02,76,62,30,79,2,0,0,90,60,0,15,0,2,2,24,59,-1,66.37,13,3.16,4.99,86,80,6.56,35,1,1,0,5,33,34,0,0,3,50,6,26,65,9,14,77,9,12.78,10.64,0.92,108,-2.14,11.81,11.54
Jevani Brown,Hemel Hempstead Town,429,Right Wing,Right Midfielder,Jamaica,31,175,0,0,0.41,0.08,5,0,20,2,,0.02,0,0.99,6,0,0.8,5,0,0.19,1,0,1.4,11,-1.4,6,5,1,83,0,0,8,9,3,1.99,1,1.44,84,43,0,28,57.2,23,35,5,8,100,5.16,7.15,5,100,0,41,11,0,74,66.47,27,23,10,57.13,48,65,20,87,0,0,0,126,70,6,92,33,1,18,26,73,3,66.84,12,2.02,2.25,105,91,4.43,60,8,6,2,1,12,18,0,38,4,44,6,19,62,19,23,60,17,18.19,12.11,0.92,102,-6.08,16.74,12.33
Jevani Brown,Bedford Town,398,Centre Attacking Midfielder,Right Centre Forward,Jamaica,31,175,1,1,0.31,0.1,3,33,33,2,,0.96,0,0.54,5,0,0.54,5,0,0,0,1,0.85,8,0.15,6,3,3,50,4,0,8,8,1,0.28,4,2.05,112,41,0,34,52.75,18,34,7,8,88,3.48,3.76,2,50,1,40,8,0,103,52.26,27,18,2,53.47,55,53,11,61,0,0,0,88,73,6,73,67,8,5,29,52,-21,57.08,12,0.97,1.23,75,93,4.98,30,6,6,0,2,13,19,1,17,2,22,3,33,54,13,33,60,7,18.27,17.19,0.98,84,-1.08,17.89,14.42
Jezreel Davies,Peterborough Sports FC,694,Centre Defensive Midfielder,Right Defensive Midfielder,England,21,183,0,0,0.45,0.09,5,0,20,1,,0.63,0,1.21,10,0,1.21,10,0,0,0,0,1.66,15,-1.66,21,15,6,71,6,0,16,18,6,4.92,30,24.27,165,78,0.04,57,36.18,68,128,24,30,86,22.58,27.5,11,20,4,63,20,0,130,108.28,42,39,14,40.81,45,35,23,59,1,0,0,288,76,19,16,51,40,27,25,68,-7,53.16,37,4.03,4.98,240,94,5.47,73,4,4,0,1,10,14,0,50,3,50,2,24,67,10,25,67,8,19.79,17.2,0.93,94,-2.58,18.32,16.19
Jimmy Muitt,Dorking Wanderers FC,2216,Right Wing Back,Right Wing,England,30,180,4,4,5.18,0.12,44,9,30,2,,5.15,3,3.45,26,3,3.45,26,0,0,0,7,8.64,70,-1.64,44,25,19,57,38,0,58,68,23,28.91,37,47.62,399,158,0.01,133,44.88,125,259,51,74,66,60.62,89.53,21,37,26,42,40,0,329,418.12,96,91,37,48.59,147,45,58,64,3,0,0,795,61,49,13,45,53,92,25,56,-5,57.27,78,11.06,15.34,660,89,6.64,212,24,23,1,11,87,110,0,46,17,27,15,27,57,16,17,63,20,18.84,15.38,0.95,103,-3.46,17.93,15.89
Joe Ashton,Marine,389,Left Back,Left Centre Back,England,19,,1,1,0.07,0.04,2,50,50,0,,0.01,2,1.04,7,1,0.52,5,1,0.52,2,3,1.12,9,1.88,0,0,0,,0,0,4,1,1,0.82,12,10.42,39,16,0.04,15,26.73,18,69,5,6,100,3.7,4.52,2,100,0,68,13,0,32,26.09,11,8,2,32.06,8,25,6,75,1,0,0,113,52,16,74,40,15,37,11,56,3,53.13,26,1.19,1.66,52,94,4.18,30,5,1,4,1,2,3,0,40,2,25,1,48,48,4,37,53,10,26.07,21.44,0.92,73,-4.63,23.91,15.68
Joe Clarke,Leamington FC,1193,Right Defensive Midfielder,Centre Defensive Midfielder,England,37,188,1,1,1.28,0.14,9,11,44,0,,1.05,0,0.38,5,0,0.38,5,0,0,0,1,1.66,14,-0.66,2,2,0,100,11,0,8,5,17,9.45,58,38.57,221,105,0.08,92,32.77,86,221,34,51,71,26.18,35.63,19,26,14,65,50,1,168,112.9,56,41,14,35.96,43,26,21,51,3,1,0,446,60,30,13,42,69,61,21,57,-3,48.12,34,4.54,5.66,245,98,3.66,68,3,3,0,1,19,22,0,0,0,0,3,37,57,6,41,54,4,21.8,17.54,0.93,107,-4.27,20.37,18.69
Joe Cook,Worthing FC,3078,Right Centre Back,Left Centre Back,England,26,188,3,3,3.47,0.1,34,9,32,0,,3.38,2,2.62,24,2,2.47,21,0,0.15,3,5,6.09,58,-1.09,24,14,10,58,37,0,25,34,38,58.32,162,245.08,443,223,0.06,232,28.98,83,499,83,121,75,124.29,182.6,46,47,27,76,142,1,318,478.37,136,101,41,33.99,74,23,37,37,4,0,1,2048,80,120,22,40,205,258,16,71,-8,39.52,221,20.88,22.97,1654,97,5.57,347,30,25,5,12,99,124,4,3,8,67,18,34,60,6,33,56,11,21.44,19.49,0.89,92,-1.95,18.99,17.97
Joe Cummings,Alfreton Town,698,Right Centre Back,,England,27,188,3,3,2.4,0.2,12,25,50,2,,2.78,0,0.19,3,0,0.19,3,0,0,0,3,2.59,15,0.41,0,0,0,,2,0,2,2,0,0,33,14.56,75,28,0.09,41,23.46,19,77,9,9,75,4.64,4.64,4,67,3,60,26,0,62,32.03,28,10,5,30.96,11,18,4,40,1,0,0,113,63,7,16,32,37,18,24,59,-4,42.86,7,2.36,3.94,51,100,4.01,15,0,0,0,2,27,27,0,,0,0,3,52,40,7,27,67,7,21.99,20.19,0.87,98,-1.81,19.15,19.74
Joe Dodoo,Alfreton Town,745,Centre Forward,Left Centre Forward,England,30,183,0,0,0.54,0.08,7,0,0,3,,0,0,0.64,4,0,0.64,4,0,0,0,0,1.18,11,-1.18,1,1,0,100,5,0,9,13,1,0.29,11,4.22,124,45,0.01,21,57.21,12,33,3,4,60,1.48,1.76,11,0,2,35,17,0,110,48.04,21,22,3,62.84,79,72,17,77,1,0,0,113,63,5,9,71,12,6,36,64,2,55.57,8,1.31,1.47,81,83,6.26,32,2,2,0,5,25,27,0,0,0,0,6,26,53,21,13,63,25,14.55,10.15,1.04,110,-4.41,15.07,11.14
Joe Foulkes,Kidderminster Harriers,2902,Right Back,Right Wing Back,England,22,175,1,1,1.57,0.1,15,7,33,1,,1.37,3,3.72,33,3,3.44,30,0,0.28,3,4,5.29,48,-1.29,32,23,9,72,35,0,41,33,46,46.7,107,122.72,618,293,0.04,267,39.48,199,490,99,145,77,112.67,159.36,37,45,29,64,65,2,483,562.13,186,158,63,42.62,197,41,101,64,6,0,0,1309,65,152,17,40,150,335,14,58,-7,52.57,201,14.37,16.16,954,94,4.67,331,52,33,19,8,43,76,1,21,20,35,10,36,53,11,33,56,11,24.03,21.6,0.88,95,-2.44,21.25,20.59
Joe Grimwood,Chelmsford City,1859,Right Centre Back,Left Centre Back,England,24,183,1,1,1.61,0.11,14,7,36,0,,1.37,2,0.9,4,2,0.9,4,0,0,0,3,2.51,18,0.49,0,0,0,,16,0,2,4,19,19.68,157,174.89,148,65,0.06,78,24.46,48,303,15,34,88,17.95,37.63,15,50,2,76,150,1,118,127.6,39,36,12,31.29,26,22,19,53,3,0,0,660,70,49,10,47,171,91,21,59,-11,36.49,40,5.97,6.94,325,99,5.29,50,3,3,0,3,44,47,1,0,0,0,3,37,57,6,58,34,8,23.11,18.81,0.94,106,-4.31,21.77,19.92
Joe Haigh,Dagenham & Redbridge,2814,Centre Attacking Midfielder,Left Attacking Midfielder,England,23,175,6,6,8.36,0.09,95,6,36,3,,9.72,7,7.66,55,7,6.93,46,0,0.73,9,13,16.02,150,-3.02,87,52,35,60,72,0,81,103,23,21.95,16,15.74,766,354,0,202,51.72,158,286,62,85,76,49.66,71.61,37,39,20,40,35,0,667,548.33,170,144,42,52.96,368,55,113,78,7,1,0,889,71,50,17,38,26,122,21,64,-7,61.4,168,16.48,22.94,987,88,8.47,311,63,46,17,18,110,156,3,6,11,27,29,18,65,17,22,65,13,19.22,15.83,0.91,96,-3.39,17.55,15.18
Joe Leesley,Worksop Town FC,1831,Left Defensive Midfielder,Centre Defensive Midfielder,England,32,182,0,0,0.8,0.07,12,0,25,1,,0.31,6,5.03,45,1,2.13,20,5,2.9,25,6,5.83,57,0.17,14,10,4,71,8,0,13,25,27,25.66,73,49.97,304,128,0.03,89,40.47,168,308,30,57,77,24.47,50.13,34,44,9,67,56,0,243,183.67,62,67,19,45.15,99,41,43,64,3,0,0,725,53,120,38,34,113,317,18,56,4,56.53,101,5.45,6.74,464,95,5.35,160,90,36,54,4,18,54,1,24,27,33,9,30,62,8,41,51,9,29.32,21.7,0.86,92,-7.61,25.26,19.89
Joe Nolan,Chorley,672,Right Defensive Midfielder,Left Defensive Midfielder,England,24,175,0,0,0.5,0.06,8,0,38,2,,0.26,0,0.06,1,0,0.06,1,0,0,0,0,0.55,9,-0.55,3,2,1,67,6,0,6,3,7,3.44,23,21.35,143,82,0.05,55,36.87,54,111,11,18,69,8.22,11.67,7,38,5,61,19,0,129,78.92,38,31,10,40.96,42,33,20,65,1,0,1,197,67,12,14,57,30,14,21,55,-13,51.96,14,1.43,1.57,112,96,5.02,41,4,4,0,1,12,16,1,0,1,25,2,32,55,14,22,68,10,18.21,16.26,0.98,106,-1.95,17.93,17.26
Joe Nyahwema,King's Lynn Town FC,674,Left Wing Back,Left Wing,England,21,179,0,0,0.61,0.04,16,0,19,3,,1.02,0,1.32,5,0,1.32,5,0,0,0,0,1.93,21,-1.93,44,31,13,70,9,0,23,32,3,2.97,4,5.83,116,40,0,44,53.9,41,70,11,14,55,14.28,17.25,4,0,9,50,6,0,101,112.4,35,27,9,55.67,58,57,22,81,0,0,0,210,67,10,11,48,7,18,23,46,-21,62.04,24,4.36,5.8,244,88,7.91,71,4,4,0,4,28,32,0,50,4,19,4,17,60,23,15,59,25,17.74,16.97,0.96,99,-0.76,17.04,16.72
Joe Oastler,AFC Totton,1896,Right Centre Back,Centre Back,England,35,178,2,2,1.46,0.11,13,15,46,0,,2.5,0,0,0,0,0,0,0,0,0,2,1.46,13,0.54,0,0,0,,11,0,3,4,25,24.06,148,167.89,195,94,0.05,94,26.69,25,239,32,57,82,31.95,56.01,18,60,7,72,75,0,145,154.45,57,26,8,30.8,24,17,7,27,3,0,1,821,75,105,12,51,177,177,15,62,-13,33.26,56,7.27,7.85,587,99,5.23,67,9,7,2,0,28,35,0,0,0,,1,35,60,5,46,48,6,27.03,24.36,0.91,94,-2.68,24.51,22.82
Joe Raynes,Bath City,2692,Right Back,Right Wing Back,England,30,186,1,1,1.35,0.06,24,4,21,1,,1.08,1,1.26,13,1,1.05,9,0,0.21,4,2,2.61,37,-0.61,27,18,9,67,20,0,20,30,28,19.5,135,102.2,524,222,0.06,197,34.62,150,433,71,99,73,54.13,73.63,30,47,26,62,100,0,425,326.83,135,98,36,38.98,132,31,65,66,5,0,0,985,54,109,24,30,182,317,18,51,-4,51.86,131,7.03,8.59,691,96,4.23,206,48,25,23,4,40,65,1,27,17,22,6,43,50,7,32,52,16,25.96,21.83,0.83,87,-4.13,21.63,19.03
Joe Rodwell-Grant,Curzon Ashton FC,347,Right Centre Midfielder,Centre Forward,England,23,188,2,2,0.81,0.08,10,20,50,5,,1.01,0,0.26,4,0,0.26,4,0,0,0,2,1.07,14,0.93,6,3,3,50,5,0,12,16,2,0.76,3,3.36,63,27,0,20,57.7,10,16,2,4,50,0.76,1.52,8,33,2,39,9,0,54,44.76,17,10,5,58.82,36,67,8,80,1,0,0,62,62,4,11,36,6,8,22,50,-12,62.05,4,1.05,1.55,71,79,6.14,19,0,0,0,1,21,21,0,,0,0,1,24,54,22,11,58,32,17.51,15.36,0.87,84,-2.14,15.24,12.9
Joel Amado,Curzon Ashton FC,2781,Left Centre Back,Left Back,England,27,,0,0,1.59,0.08,20,0,30,0,,1.11,0,0.19,3,0,0.19,3,0,0,0,0,1.78,23,-1.78,6,4,2,67,28,0,4,8,39,30.42,218,165.85,348,164,0.07,178,24.04,75,457,49,88,77,37.52,67.94,34,48,15,66,146,2,265,201.54,94,52,14,30.74,48,18,17,33,9,0,0,972,68,81,78,37,253,184,16,58,-11,36.97,74,10.6,10.96,573,98,4.85,89,7,6,1,2,46,52,0,14,1,50,4,42,52,7,44,49,7,24.67,23.03,0.86,88,-1.64,21.12,20.33
Joel Colbran,Worthing FC,2346,Right Back,Right Wing Back,England,27,186,7,7,4.51,0.17,27,26,48,1,,7.56,1,2.18,26,1,2.1,24,0,0.08,2,8,6.69,53,1.31,14,6,8,43,26,0,39,25,26,34.24,68,94.07,362,162,0.03,150,34.67,84,273,61,87,87,90.16,124.4,18,58,9,54,35,2,283,417.53,106,84,35,39.86,87,31,45,54,3,0,1,1323,79,90,8,44,91,181,13,74,-6,49.88,138,19.14,22.27,1119,96,4.11,373,63,53,10,13,102,155,2,19,17,36,14,28,60,12,29,59,12,20.25,18.13,0.9,93,-2.12,18.22,16.81
Joey Phuthi,Eastbourne Borough,324,Right Midfielder,Right Wing,Zimbabwe,21,173,0,0,0.17,0.04,4,0,0,3,,0,0,0,0,0,0,0,0,0,0,0,0.17,4,-0.17,16,8,8,50,1,0,15,11,4,4.88,0,0,53,17,0,13,42.5,15,28,7,11,100,9.74,14.62,4,100,0,33,4,0,42,58.53,10,15,2,45.69,20,48,12,80,0,0,0,71,46,1,0,20,0,5,19,21,-25,65.1,8,2.18,2.24,84,83,10.82,20,1,1,0,3,6,7,0,100,2,15,3,18,70,12,15,65,20,16.89,14.09,0.96,115,-2.8,16.3,16.19
John Goddard,Slough Town FC,1835,Left Wing,Centre Attacking Midfielder,England,32,178,3,2,2.76,0.12,24,8,33,2,100,2.61,3,3.85,35,2,2.73,25,1,1.12,10,5,6.61,59,-1.61,24,14,10,58,12,0,31,44,9,6.91,16,14.36,223,84,0,78,49.62,98,152,7,16,44,5.43,12.33,10,18,9,19,10,0,207,171.89,68,65,25,51.83,114,55,51,78,2,0,0,524,65,64,15,45,29,130,17,64,-1,61.6,69,5.86,8.82,491,90,5.12,200,47,31,16,3,51,82,5,21,13,37,4,22,60,18,28,60,13,23.16,17.28,0.9,95,-5.88,20.89,16.44
John Oyenuga,Farnborough,584,Right Back,Right Wing Back,England,31,170,1,1,0.67,0.22,3,33,33,1,,0.64,0,0.34,2,0,0.34,2,0,0,0,1,1.01,5,-0.01,8,5,3,63,11,0,5,10,4,2.55,15,14.77,113,44,0.05,46,32.42,18,61,15,19,83,11.54,14.08,6,50,3,58,7,0,92,73.39,27,27,3,34.64,25,27,15,56,1,0,0,189,65,15,15,38,20,35,16,56,-10,48.68,23,1.21,2.1,157,94,4.57,37,2,2,0,0,5,7,0,100,2,40,0,40,50,10,22,57,22,22.63,21.04,0.88,101,-1.59,19.98,21.35
Jon Taylor,Radcliffe,1564,Left Wing Back,Right Wing Back,England,33,180,1,1,1.74,0.08,23,4,35,2,,1.5,1,1.82,29,0,1.16,19,1,0.66,10,2,3.56,52,-1.56,14,5,9,36,6,0,16,22,10,8.6,21,20.54,217,73,0,66,43.37,80,149,14,24,54,12.94,21.54,15,21,12,39,11,0,188,176.76,51,49,18,45.73,76,40,36,73,4,0,0,463,62,32,13,39,30,74,15,56,-6,62.33,57,5.89,7.15,381,94,6.52,135,30,15,15,4,33,48,0,23,9,17,6,23,61,16,24,52,24,20.26,15.13,0.91,116,-5.13,18.44,17.6
Jordan Burrow,Worksop Town FC,1967,Centre Forward,Right Centre Forward,England,33,185,6,6,7.08,0.15,47,13,40,5,,9,0,1.08,9,0,1.08,9,0,0,0,6,8.16,56,-2.16,6,3,3,50,15,0,21,39,4,3.04,25,17.6,346,115,0.01,99,62.64,78,103,21,25,64,15.02,18.06,22,23,12,49,131,1,303,246.96,76,85,27,67.01,236,78,69,81,2,0,0,386,58,9,22,39,32,16,41,48,-10,65.34,22,11.39,13.43,188,86,4.71,136,6,6,0,12,144,150,0,0,1,7,24,17,66,17,10,69,21,15.07,14.76,0.98,103,-0.31,14.73,15.24
Jordan Cranston,AFC Telford United,2811,Left Back,Left Centre Back,Wales,32,180,0,0,0.48,0.03,15,0,47,0,,0.25,10,6.8,57,6,4.63,35,4,2.17,22,10,7.28,72,2.72,29,25,4,86,19,0,31,20,40,44.16,78,70.74,365,189,0.02,172,30.86,79,311,43,83,70,45.17,89.33,26,42,18,47,26,0,297,290.8,107,76,26,34.69,70,24,33,43,10,0,0,1334,66,165,81,38,114,395,12,69,3,47.46,176,12.85,15.45,1120,97,5.17,258,67,31,36,2,22,53,4,37,25,26,6,34,60,7,36,55,9,25.47,21.58,0.83,84,-3.89,21.27,18.07
Jordan Dyer,Torquay United,2458,Right Centre Back,Centre Back,England,26,183,1,1,2.74,0.11,25,4,24,0,,1.65,0,1.16,11,0,1.16,11,0,0,0,1,3.9,36,-2.9,3,1,2,33,14,0,5,8,26,33.29,179,223.9,256,114,0.06,140,24.63,54,432,40,66,83,50.42,83.71,18,56,8,67,151,0,198,249.81,83,41,11,27.74,21,11,11,27,3,0,0,1178,75,98,16,42,213,202,16,63,-12,37.45,100,9.7,12.35,784,99,6.12,115,5,5,0,4,67,72,1,0,2,67,6,37,60,3,48,50,3,25.24,21.83,0.88,81,-3.42,22.22,17.7
Jordan Garrick,Merthyr Town FC,325,Right Centre Forward,Left Centre Forward,England,27,180,2,2,1.62,0.32,5,40,60,3,,1.78,1,0.65,5,1,0.65,5,0,0,0,3,2.26,10,0.74,5,2,3,40,4,0,11,14,0,0,4,5.67,78,26,0,24,59.8,5,14,6,6,75,9.33,9.33,8,75,2,50,5,0,64,82.24,21,21,9,64.26,50,78,18,86,0,0,1,66,76,0,29,0,5,1,35,72,-4,64.74,4,2.68,4.01,74,77,5.86,30,1,1,0,2,13,14,0,0,1,25,3,11,63,26,7,67,27,14.45,14.67,0.99,108,0.22,14.32,15.78
Jordan Higgs,Tonbridge Angels FC,1324,Right Defensive Midfielder,Centre Defensive Midfielder,England,29,172,0,0,0.59,0.04,14,0,29,1,,0.32,2,0.94,9,1,0.54,4,1,0.4,5,2,1.53,23,0.47,11,8,3,73,33,0,10,10,15,14.74,51,53.72,172,89,0.03,60,33.34,73,192,20,35,57,20.97,35.71,8,17,15,85,28,0,144,154.22,44,50,15,39.91,44,31,23,46,1,0,0,513,78,41,8,55,58,67,19,71,-7,46.25,43,4.26,4.91,370,97,5.07,97,8,4,4,1,14,18,1,13,1,17,1,22,67,11,18,74,8,20.8,15.99,0.94,95,-4.81,19.65,15.14
Jordan Hulme,Radcliffe,2406,Left Centre Forward,Right Centre Forward,England,35,183,8,8,5.3,0.13,40,20,38,3,,5.48,3,3.83,26,3,3.83,26,0,0,0,11,9.13,66,1.87,62,36,26,58,37,3,41,102,5,4.17,10,9.03,387,127,0.01,94,67.38,71,97,14,19,64,12.09,16.26,23,0,8,33,43,0,350,299.9,83,104,34,69.57,296,85,96,92,5,1,0,436,60,10,7,37,14,23,36,57,-3,69.23,32,7.44,13.89,420,83,5.93,174,23,23,0,14,156,179,4,9,7,23,23,21,63,17,18,61,21,14.96,13.26,0.92,99,-1.7,13.77,13.06
Jordan Keane,Southport,1950,Left Centre Back,Right Defensive Midfielder,England,32,191,0,0,0.49,0.06,8,0,0,0,,0,1,0.48,11,1,0.48,11,0,0,0,1,0.98,19,0.02,4,4,0,100,9,0,5,4,19,20.85,127,122.83,184,97,0.07,86,25.16,40,281,22,41,85,21.18,42.03,24,63,4,61,41,0,138,127.28,55,32,16,32.16,24,17,13,41,4,0,0,759,76,91,12,56,139,151,11,63,-13,35.63,39,5.2,5.84,484,99,3.66,61,7,7,0,1,19,26,0,0,0,0,3,31,65,5,31,61,8,25.41,21.64,0.92,104,-3.78,23.35,22.6
Jordan Neil Greenidge,Slough Town FC,783,Centre Forward,Right Centre Forward,England,26,193,1,1,2.41,0.2,12,8,50,4,,1.73,0,0.56,8,0,0.56,8,0,0,0,1,2.97,20,-1.97,1,0,1,0,3,0,9,33,3,1.96,10,5.84,160,36,0.02,29,65.25,23,27,1,4,25,1.08,3.04,23,0,3,52,52,0,136,110.18,26,27,1,70.02,113,83,25,93,0,0,0,139,59,2,67,29,10,7,47,59,1,67.44,6,2.84,3.9,68,65,3.79,49,6,6,0,2,48,54,0,0,1,50,5,21,66,13,14,73,12,14.82,12.25,0.88,92,-2.57,12.97,11.23
Jordan Ngalo,Salisbury,983,Right Defensive Midfielder,Left Defensive Midfielder,England,27,173,0,0,0.43,0.05,8,0,13,0,,0.38,2,0.66,10,1,0.34,6,1,0.32,4,2,1.08,18,0.92,11,7,4,64,10,0,12,13,14,19.22,18,21.84,165,64,0.03,57,40.54,74,160,20,34,69,24.89,44.11,9,44,9,69,18,1,137,165.73,44,40,10,41.18,44,32,20,50,0,0,0,483,77,42,7,53,31,66,22,72,-5,52.15,56,5.19,5.37,398,97,4.57,113,14,6,8,0,5,11,1,14,2,50,0,19,69,12,22,73,5,20.99,18.26,0.96,95,-2.73,20.07,17.26
Jordan Norville-Williams,Dorking Wanderers FC,1230,Left Centre Back,Left Back,England,26,180,0,0,0.08,0.03,3,0,0,0,,0,0,0.25,4,0,0.2,3,0,0.05,1,0,0.33,7,-0.33,24,20,4,83,18,0,18,14,22,27.61,47,59,208,84,0.03,96,27.55,58,259,33,55,97,40.59,68.2,11,88,1,69,34,2,164,207.62,58,32,16,31.76,31,19,12,38,3,0,0,632,69,68,85,46,68,126,13,59,-10,41.6,81,3.97,4.18,467,96,7.49,81,9,3,6,1,9,12,0,22,2,15,3,37,55,8,32,56,12,23.85,21.1,0.9,94,-2.75,21.35,19.9
Jordan Piggott,AFC Telford United,2505,Right Centre Back,Right Defensive Midfielder,England,27,183,1,1,0.9,0.09,10,10,40,0,,1.24,2,2.25,16,2,2.25,16,0,0,0,3,3.16,26,-0.16,6,6,0,100,16,0,13,6,39,42.87,142,149.38,233,97,0.07,125,27.91,59,301,24,63,86,26.16,69.03,11,63,4,59,70,0,198,194.32,78,37,14,36,60,30,18,49,4,1,0,1212,81,132,14,55,168,216,11,68,-13,35.29,74,11.87,13.61,900,99,5.1,100,8,8,0,5,31,39,0,13,2,33,8,29,67,4,35,61,4,24.25,21.29,0.92,94,-2.96,22.2,20.03
Jordan Ragguette,Maidenhead United,1972,Left Wing Back,Left Back,St. Vincent and the Grenadines,25,187,0,0,0.56,0.04,15,0,27,1,,0.26,2,2.32,22,2,2.24,21,0,0.08,1,2,2.88,37,-0.88,26,13,13,50,14,1,15,26,18,18.07,85,86.01,316,161,0.02,128,34.12,69,239,42,60,72,47.21,65.28,23,52,16,55,32,0,252,262,86,59,23,38.05,74,29,35,59,4,0,0,802,61,95,82,40,109,214,12,52,-9,51.42,132,7.5,9.25,629,94,6.13,187,41,27,14,2,17,44,0,51,26,37,2,40,52,9,39,49,12,24.97,22.6,0.87,94,-2.38,21.72,21.19
Jordan Richards,Curzon Ashton FC,2199,Right Back,Right Wing Back,England,33,180,0,0,0.18,0.03,7,0,0,0,,0,1,0.98,12,1,0.98,12,0,0,0,1,1.16,19,-0.16,4,3,1,75,9,0,3,6,22,19.31,95,88.77,247,116,0.05,114,27.33,93,261,33,55,73,23.65,42.96,12,27,12,54,44,0,202,160.54,76,34,16,34.04,52,26,19,56,1,0,0,810,64,99,6,38,128,231,12,57,-7,49.34,120,9.87,10.87,500,99,3.96,183,29,23,6,1,7,30,1,31,10,21,1,38,54,8,39,55,7,26.63,24.88,0.86,87,-1.76,22.89,21.64
Jordan Slew,Southport,2250,Left Wing,Centre Forward,England,33,178,9,9,3.46,0.06,60,15,33,3,,7.76,2,3.03,25,2,3.03,25,0,0,0,11,6.49,85,4.51,38,21,17,55,44,0,66,85,6,8.61,21,23.71,226,72,0,57,52.52,87,155,16,22,64,13.14,21.75,32,27,9,55,73,0,180,178.64,44,54,18,57.09,117,65,49,91,3,0,0,733,69,18,23,37,34,36,34,65,-4,60.77,53,7.19,9.93,703,87,6.07,225,17,17,0,9,88,105,3,24,11,24,18,17,55,28,15,54,31,16.51,14.78,0.94,97,-1.73,15.58,14.31
Jordan Thomas,Torquay United,2146,Right Back,Right Wing Back,England,25,182,0,0,0.42,0.04,10,0,10,1,,0.01,3,1.38,19,2,1.34,17,1,0.05,2,3,1.81,29,1.19,15,10,5,67,38,0,19,28,23,27.8,63,80.34,345,118,0.03,122,32.16,87,230,34,57,81,43.1,70.91,14,60,8,48,36,1,300,381.32,98,82,24,34.53,92,31,57,70,2,0,0,816,70,57,14,37,76,142,14,65,-5,54.59,111,6.6,7.41,652,95,4.05,226,25,20,5,11,37,57,1,28,10,30,11,39,50,11,34,56,11,20.74,16.52,0.87,104,-4.22,18.14,17.16
Jordan Thompson,Tonbridge Angels FC,793,Left Centre Back,Centre Back,England,27,188,1,1,1.35,0.45,3,33,67,0,,1.54,0,0.17,1,0,0.17,1,0,0,0,1,1.52,4,-0.52,1,1,0,100,4,0,3,2,3,1.25,64,38.23,64,36,0.09,31,20.96,7,89,10,13,100,5.43,6.69,10,,0,67,30,0,44,27.87,14,5,2,27.13,7,16,2,40,1,0,0,173,61,16,21,36,64,44,17,47,-15,33.63,7,2.11,3.05,101,99,4.21,13,1,1,0,2,15,16,0,0,0,0,3,40,52,7,38,54,8,27.71,14.09,0.89,124,-13.62,24.6,17.49
Jordan Thompson,Hemel Hempstead Town,643,Right Centre Back,Centre Back,England,27,188,0,0,0.83,0.41,2,0,50,0,,0.01,0,0.42,1,0,0.42,1,0,0,0,0,1.25,3,-1.25,1,0,1,0,2,0,1,4,3,2.94,35,33.08,56,34,0.05,24,26.48,12,100,7,10,78,7.67,10.61,2,80,2,44,17,0,47,46.67,18,11,7,33.22,11,23,3,27,1,0,0,172,65,20,18,51,40,34,17,48,-17,36.07,8,3.23,3.94,89,97,4.79,10,1,1,0,1,9,10,0,0,0,,1,34,60,6,30,60,10,26.98,21.85,0.91,81,-5.13,24.63,17.59
Jordan Tillson,Bath City,2661,Right Defensive Midfielder,Centre Defensive Midfielder,England,33,183,1,1,0.62,0.1,6,17,17,0,,0.41,0,0.44,12,0,0.44,12,0,0,0,1,1.06,18,-0.06,6,5,1,83,22,1,20,18,29,18.27,78,54.12,635,345,0.02,196,39.95,240,505,66,95,66,47.14,65.4,40,33,34,55,79,0,530,355.88,147,155,49,42.7,190,36,91,59,5,0,0,968,65,52,12,41,96,108,25,67,2,50.49,99,6.84,7.29,581,96,3.68,177,20,19,1,0,17,36,3,5,1,14,4,35,56,9,37,58,5,19.68,16.16,0.91,98,-3.53,18,15.76
Jordan Tunnicliffe,Farnborough,402,Left Centre Back,,England,32,186,0,0,0.05,0.05,1,0,100,0,,0.05,0,0,0,0,0,0,0,0,0,0,0.05,1,-0.05,1,0,1,0,3,0,1,2,2,1.84,39,34.83,57,24,0.07,28,25.32,11,57,7,9,88,4.79,6.64,3,100,1,72,21,0,47,33.62,18,7,3,29.4,10,21,4,57,1,0,0,106,64,5,17,36,41,12,15,65,1,41.73,6,0.94,0.94,56,98,3.42,14,1,1,0,0,7,8,0,0,0,0,1,45,49,5,21,71,7,20.95,20.68,0.92,116,-0.28,19.37,23.9
Jordan Tunnicliffe,Kidderminster Harriers,788,Centre Back,Right Centre Back,England,32,186,1,1,0.69,0.14,5,20,60,0,,1.33,1,0.87,3,1,0.87,3,0,0,0,2,1.56,8,0.44,0,0,0,,9,0,1,1,11,11.85,79,102.88,77,37,0.09,48,26.66,21,137,11,22,73,11.87,23.72,6,67,4,75,60,0,60,67.91,27,7,3,29.82,10,17,2,29,1,0,0,287,73,25,18,44,89,47,20,61,-12,37.49,17,3.4,3.68,159,99,3.67,20,1,1,0,1,17,18,0,0,0,0,2,30,64,6,35,65,0,24.53,21.21,0.91,91,-3.32,22.23,19.29
Jordan Young,Torquay United,2688,Right Wing,Right Midfielder,Scotland,26,175,14,13,9.43,0.1,96,14,43,3,33,9.97,8,6.08,54,6,5.14,41,2,0.94,13,21,15.51,150,5.49,66,37,29,56,60,2,78,81,17,22.43,12,16.33,450,159,0,132,50,148,250,42,59,68,48.83,71.26,33,30,20,33,13,1,377,449.72,101,118,30,50.96,189,50,84,71,6,1,0,965,68,104,84,43,38,214,22,66,-3,65.07,126,15.57,23.76,1039,89,6.67,382,87,56,31,12,148,204,4,23,23,28,19,18,66,16,19,61,20,22.13,17.53,0.89,94,-4.59,19.59,16.49
Josef Yarney,Macclesfield Town,606,Right Centre Back,Left Centre Back,England,28,183,0,0,0.37,0.19,2,0,100,0,,0.42,0,0.16,3,0,0.16,3,0,0,0,0,0.53,5,-0.53,1,1,0,100,2,0,1,0,6,5.18,25,23.58,47,27,0,20,24.06,15,82,5,11,63,5.14,10.32,6,67,3,55,16,0,36,37.99,14,3,2,23.82,0,0,0,0,1,0,0,298,80,29,15,48,31,55,15,64,-16,36.51,23,1.84,2.29,219,100,7.49,33,3,3,0,0,10,13,0,67,2,67,2,30,66,3,15,76,9,24.77,18.75,0.89,94,-6.02,22.12,17.68
Josh Ashby,Oxford City,3061,Right Defensive Midfielder,Left Defensive Midfielder,England,30,180,4,4,2.67,0.06,44,9,55,1,,4.97,3,3.26,33,0,2.14,24,3,1.11,9,7,5.93,77,1.07,16,12,4,75,41,0,34,23,52,33.79,96,72.79,664,360,0.03,231,37.26,170,443,65,117,78,51.49,85.28,68,27,18,42,61,1,531,408.75,165,146,43,40.34,159,30,65,45,7,0,0,1405,72,115,11,42,120,251,15,68,-4,49.26,149,9.53,10.85,998,97,4.62,295,56,27,29,10,76,103,1,25,20,45,11,29,56,14,32,62,6,21.39,17.97,0.89,98,-3.42,19.11,17.55
Josh Ayres,Alfreton Town,560,Centre Forward,Left Centre Forward,England,20,,5,5,3.68,0.15,24,21,71,7,,7.33,0,0,0,0,0,0,0,0,0,5,3.68,24,1.32,3,1,2,33,2,0,12,15,0,0,3,1.93,114,58,0.01,27,61.68,25,32,3,3,60,2,2,6,0,2,36,33,0,105,44.73,24,21,6,63.26,73,70,18,86,0,0,0,89,51,6,16,60,4,9,48,39,-12,66.67,8,3.42,5.87,65,80,8.37,27,3,3,0,3,49,52,0,0,0,0,5,24,58,18,15,56,30,16.75,10.92,1.08,106,-5.83,18.02,11.55
Josh Castiglione,Bedford Town,532,Left Midfielder,Left Centre Midfielder,England,29,177,2,2,0.55,0.06,9,22,67,3,,2.17,0,0.38,3,0,0.38,3,0,0,0,2,0.93,12,1.07,3,2,1,67,4,0,9,4,1,1.07,12,8.5,97,57,0,34,47.4,24,52,7,8,54,5.08,6.15,1,14,6,46,6,0,89,55.99,26,26,6,50.69,40,45,19,73,1,0,0,164,69,6,19,24,17,20,21,61,-7,57.88,21,1.27,1.49,125,95,6.42,52,6,6,0,0,11,17,1,17,1,17,2,29,55,16,27,52,21,20.16,19.7,0.89,98,-0.46,17.92,19.33
Josh Castiglione,Chelmsford City,951,Left Centre Midfielder,Right Back,England,29,177,1,1,0.43,0.09,5,20,20,1,,0.3,0,0.88,9,0,0.56,6,0,0.33,3,1,1.32,14,-0.32,8,5,3,63,13,0,7,10,12,14.36,29,24.6,172,79,0.03,58,38.81,47,105,12,24,75,11.46,25.82,7,43,4,32,9,1,153,147.51,41,31,9,43.41,60,39,23,74,0,0,0,313,59,31,14,36,35,81,10,49,-11,57.52,38,3.68,4.43,223,95,6.07,89,13,7,6,3,13,20,0,15,5,28,4,39,50,10,29,57,13,23.02,17.29,0.88,96,-5.73,20.22,16.66
Josh Coley,Ebbsfleet United,1646,Left Centre Forward,Left Attacking Midfielder,England,27,177,2,2,4.62,0.13,35,6,34,3,,3.7,2,1.13,15,2,1.13,15,0,0,0,4,5.75,50,-1.75,39,20,19,51,30,1,38,53,4,4.09,15,17.24,428,167,0.02,105,57.4,79,132,22,26,63,22.92,27.01,37,35,13,29,19,0,372,418.02,87,90,26,58.81,246,66,72,80,4,0,0,470,72,20,7,48,22,35,28,70,-3,64.89,41,6.76,9.86,482,85,5.43,202,19,19,0,7,111,130,2,11,3,20,16,22,59,20,15,66,19,16.61,13.57,0.95,107,-3.05,15.8,14.55
Josh Dawodu,Bedford Town,1031,Right Back,Left Back,England,25,176,0,0,0.08,0.03,3,0,0,0,,0,1,0.81,3,1,0.81,3,0,0,0,1,0.89,6,0.11,11,6,5,55,28,0,6,9,16,6.48,23,11.06,191,89,0.04,78,28.93,24,102,32,48,80,14.62,21.11,5,54,8,43,13,0,156,76.2,56,22,9,29.87,32,21,13,59,1,0,0,229,61,17,15,31,35,43,15,44,-16,49.97,35,2.51,2.61,190,94,6.57,59,5,5,0,1,1,6,0,20,2,22,1,40,55,5,27,66,7,23.74,25.85,0.84,82,2.11,19.84,21.14
Josh Hare,AFC Hornchurch,2561,Right Back,Right Centre Back,England,31,183,0,0,0.66,0.05,14,0,7,0,,0.01,3,4.39,31,2,3.46,23,1,0.93,8,3,5.05,45,-2.05,3,1,2,33,6,0,8,13,29,25.6,119,101.7,325,135,0.03,134,31.24,108,343,42,71,76,38.64,64.24,18,60,13,53,75,0,269,246.33,90,72,26,34.77,70,26,33,46,4,1,0,1092,61,162,7,40,165,355,13,52,-9,51.01,192,12.36,14.09,695,98,3.91,269,58,42,16,3,25,67,2,50,33,37,5,43,52,5,43,51,6,26.66,23.48,0.86,88,-3.19,23.03,20.76
Josh Kay,Macclesfield Town,1131,Right Centre Midfielder,Left Centre Midfielder,England,29,165,1,1,0.91,0.05,18,6,50,2,,1.38,1,1.22,11,1,1.16,10,0,0.06,1,2,2.13,29,-0.13,27,17,10,63,16,0,31,35,12,14.33,11,14.81,170,83,0.02,64,45.35,58,122,13,25,52,11.15,25.48,16,14,12,55,27,0,141,157.12,50,49,22,49.48,65,46,32,65,3,0,2,422,68,31,10,49,22,52,25,66,-1,58.06,42,4.65,6.06,352,90,4.92,136,12,11,1,1,24,35,1,42,5,31,2,24,61,15,21,63,16,19.2,15.77,0.93,94,-3.43,17.84,14.9
Josh Miles,Southport,540,Left Back,Right Back,England,19,,0,0,0.09,0.09,1,0,0,0,,0,0,0.04,1,0,0.04,1,0,0,0,0,0.13,2,-0.13,4,3,1,75,11,0,6,3,7,6.02,24,22.54,96,48,0.06,38,30.65,9,39,17,24,81,15.41,21.43,3,43,4,46,6,0,76,68.48,25,16,6,34.76,15,20,9,56,3,0,0,155,65,10,20,28,27,33,8,50,-15,45.61,23,0.81,0.9,131,98,5.43,24,3,2,1,0,0,2,0,0,0,0,0,43,47,10,46,33,21,24.48,21.61,0.85,117,-2.87,20.92,25.24
Josh Parker,Oxford City,2383,Centre Forward,Left Wing,Antigua and Barbuda,35,180,5,4,4.14,0.18,23,17,57,2,100,4.8,2,2.15,21,2,2.15,21,0,0,0,6,6.28,44,-0.28,10,6,4,60,40,0,42,69,6,2.81,30,22.16,418,181,0.01,108,56.29,64,115,17,23,61,14.39,17.21,32,27,11,34,60,1,369,300.42,90,76,19,61.53,263,71,63,83,3,0,0,619,68,48,7,58,45,68,30,64,-5,60.3,53,7.02,10.43,508,87,3.99,205,16,16,0,4,73,89,1,31,11,46,16,20,62,18,16,64,20,18.4,16.04,0.96,103,-2.36,17.59,16.47
Josh Popoola,Maidenhead United,2571,Centre Attacking Midfielder,Right Wing,England,22,177,7,7,4.62,0.1,46,15,39,3,,5.26,11,8.32,66,8,6.49,44,3,1.83,22,18,12.94,112,5.06,87,60,27,69,63,1,107,90,10,10.92,13,13.12,503,196,0.01,165,56.91,127,186,36,46,78,39.24,50.16,27,17,10,35,35,0,441,462.39,139,125,44,58.63,291,66,108,86,4,0,0,680,66,69,15,41,25,156,20,64,-2,67.39,85,12.6,19.45,806,86,7.5,293,78,36,42,15,109,145,2,35,36,35,33,11,67,22,10,58,31,21.77,16.42,0.89,96,-5.34,19.35,15.81
Josh Quaynor,Leamington FC,1702,Left Back,Left Wing,England,34,176,0,0,0.17,0.03,5,0,20,0,,0.32,1,0.39,8,1,0.32,7,0,0.07,1,1,0.57,13,0.43,3,1,2,33,13,0,11,7,24,14.88,68,46.01,202,95,0.04,83,28.11,68,216,26,50,68,21.65,36.52,16,29,12,56,25,0,162,105.32,54,37,9,32.27,33,20,16,43,1,0,0,496,56,52,79,28,85,167,12,51,-5,48.28,60,2.34,2.53,307,98,4.2,72,13,7,6,1,2,9,0,8,2,11,0,46,47,7,46,44,10,26.15,23.17,0.8,89,-2.98,20.82,20.6
Josh Rees,AFC Hornchurch,2701,Right Defensive Midfielder,Right Centre Midfielder,England,32,175,4,4,8.5,0.14,59,7,34,3,,7.07,4,2.25,21,4,2.2,20,0,0.05,1,8,10.75,80,-2.75,12,8,4,67,22,1,40,31,21,19.56,42,41.09,587,261,0.03,222,43.18,213,401,76,97,85,76.79,96.35,51,50,13,47,66,0,461,421.1,169,148,54,45.61,194,42,87,59,6,0,0,784,68,38,11,44,63,65,25,66,-2,54.79,77,13.93,19.71,522,92,4.81,201,15,14,1,9,124,138,3,7,4,36,15,31,56,13,23,67,10,18.42,15.93,0.94,97,-2.49,17.29,15.51
Josh Taylor,Dorking Wanderers FC,1749,Right Centre Midfielder,Right Defensive Midfielder,England,31,,2,2,0.75,0.04,17,12,35,1,,1.29,1,1.3,19,1,1.21,17,0,0.1,2,3,2.05,36,0.95,20,14,6,70,18,1,26,26,11,14.11,19,24.18,301,136,0.03,109,44.07,128,248,36,47,68,53.25,67.36,19,41,17,61,25,1,246,344.37,86,82,33,46.08,97,39,52,63,2,0,0,815,71,59,17,54,27,101,15,66,-5,53.82,96,11.53,12.59,621,95,6.32,203,35,16,19,4,43,59,0,34,15,30,10,22,67,11,25,66,9,20.03,16.03,0.95,106,-4,19.04,17
Josh Umerah,Maidenhead United,2314,Right Centre Forward,Centre Forward,England,29,185,10,9,7.88,0.15,54,17,39,4,100,11.44,1,1.32,16,1,1.32,16,0,0,0,10,9.2,70,0.8,22,5,17,23,44,0,64,105,1,1.14,11,11.55,402,126,0.02,126,66.05,61,97,12,13,75,13.03,14.17,31,20,4,33,62,0,359,370.48,117,100,38,67.68,289,81,84,84,2,0,0,399,70,9,15,75,15,8,38,63,-6,66.4,34,9.09,14.59,428,79,5.07,174,3,3,0,6,151,154,0,0,2,33,21,16,54,30,11,53,35,13.67,12.77,1.02,99,-0.91,13.88,12.62
Josh Wardle,Marine,2537,Left Centre Back,Centre Back,England,29,191,4,4,2.89,0.17,17,24,59,0,,4.85,1,0.25,6,1,0.25,6,0,0,0,5,3.14,23,1.86,3,2,1,67,21,0,2,7,25,19.22,178,137.14,248,95,0.08,127,24.01,47,419,19,44,68,14.63,33.85,27,53,9,70,147,3,202,148.95,86,42,19,29.73,30,15,12,29,7,0,0,649,52,59,74,31,211,155,26,53,0,36.81,41,8.17,8.53,250,98,5.55,58,4,4,0,6,60,64,2,0,0,0,9,52,44,5,45,45,10,27.3,21.14,0.83,92,-6.17,22.58,19.44
Joshua Addae,Chesham United FC,2316,Right Wing Back,Right Back,England,23,,0,0,0.98,0.07,15,0,20,1,,0.54,1,1.61,10,1,1.36,8,0,0.25,2,1,2.59,25,-1.59,25,16,9,64,24,0,46,42,22,17.33,48,46.44,444,234,0.03,165,38.34,96,210,46,68,70,42.67,60,13,51,20,49,23,0,385,353.97,118,81,27,41.21,135,35,58,72,2,0,0,616,59,66,14,30,65,205,13,59,0,53.94,84,6.79,7.76,543,90,5.64,154,44,20,24,4,34,54,0,45,23,17,7,33,55,12,32,47,21,24.7,19.83,0.83,89,-4.87,20.56,17.63
Joshua Adepoju,Slough Town FC,382,Left Centre Midfielder,Centre Attacking Midfielder,England,,,0,0,0.51,0.08,6,0,33,2,,0.24,1,0.62,5,1,0.39,4,0,0.24,1,1,1.13,11,-0.13,7,4,3,57,4,0,14,12,2,0.67,2,0.94,96,42,0,33,50.98,29,47,4,6,67,3.13,3.8,8,50,2,33,4,0,84,53.71,29,30,12,51.54,41,49,23,77,1,0,0,123,60,6,32,38,8,10,36,56,-4,60.38,15,1.38,1.87,125,88,6.56,36,7,5,2,1,7,12,1,14,1,17,2,23,61,15,28,50,22,18.91,16.07,0.88,98,-2.84,16.56,15.78
Joshua Anifowose,Eastbourne Borough,1669,Left Wing Back,Right Wing Back,England,24,185,1,1,2.29,0.07,34,3,41,3,,2,5,3.3,24,5,3.01,23,0,0.29,1,6,5.59,58,0.41,64,37,27,58,24,0,80,81,12,11.8,11,13.94,422,144,0.01,137,51.71,118,199,39,51,83,45.75,57.55,31,20,8,28,11,0,352,372.12,112,130,45,54.45,209,59,110,85,6,0,0,555,62,39,11,46,24,72,20,65,2,60.49,75,8.09,9.92,596,82,7,189,26,24,2,4,63,87,1,42,15,31,11,24,61,15,19,63,18,20.31,19.26,0.97,93,-1.05,19.61,17.81
Joshua Passley,Ebbsfleet United,2070,Right Centre Back,Right Wing Back,England,31,184,1,1,0.76,0.11,7,14,29,0,,0.25,2,1.8,17,2,1.8,17,0,0,0,3,2.56,24,0.44,9,5,4,56,14,0,19,16,14,16.71,77,90.41,263,92,0.05,119,34.06,60,244,37,51,86,40.63,57.34,27,57,6,77,41,1,200,231.65,87,58,25,40.65,68,34,39,67,4,0,0,942,75,83,7,51,107,134,16,63,-12,52.44,147,10.9,11.54,769,97,6.08,274,21,20,1,7,41,61,1,19,11,30,11,35,55,11,42,45,14,22.1,20.27,0.91,88,-1.83,20.05,17.85
Joshua Phillips,Bedford Town,1753,Right Wing,Left Midfielder,England,20,,2,2,2.67,0.12,22,9,27,2,,1.49,3,1.95,24,3,1.47,16,0,0.48,8,5,4.62,46,0.38,41,26,15,63,25,0,29,48,4,2.44,15,8.89,259,99,0.01,64,49.32,65,119,15,19,71,10.25,12.69,18,38,6,28,9,0,228,128.37,50,60,7,52.81,126,55,46,77,4,0,0,361,52,23,71,24,29,80,21,49,-3,66.68,42,5.55,7.46,390,89,7.07,110,33,21,12,3,37,58,3,33,14,17,4,18,71,10,18,63,19,22.95,19.17,0.79,84,-3.78,18.2,16.07
Joshua Scott,Darlington,826,Left Back,Left Wing Back,England,23,184,2,2,1.96,0.16,12,17,42,2,,3.08,1,0.19,5,1,0.19,5,0,0,0,3,2.15,17,0.85,19,14,5,74,6,0,13,9,9,9.08,41,40.24,168,64,0.05,61,32.63,29,84,21,30,84,23.06,32.14,10,43,4,60,18,0,137,135.79,50,34,14,36.39,33,24,15,44,1,0,0,306,70,15,85,34,45,40,19,65,-5,51,31,5.2,6.03,262,96,5.08,73,4,3,1,2,26,29,0,0,0,0,3,29,51,20,27,49,23,20.16,17.83,0.88,90,-2.34,17.73,16.09
Joshua Tomlinson,Bedford Town,559,Right Centre Back,Left Centre Back,England,20,,0,0,0.71,0.35,2,0,0,0,,0,0,0.11,1,0,0.11,1,0,0,0,0,0.81,3,-0.81,0,0,0,,6,1,0,1,19,12.02,30,20.3,45,23,0.06,20,21.68,8,61,6,25,100,2.86,14.89,1,100,0,58,14,0,38,17.67,13,4,0,21.27,1,3,1,25,0,0,0,132,59,14,20,33,36,36,16,43,-16,34.37,3,0.79,1.49,63,100,4.92,7,1,1,0,1,10,11,0,0,0,,3,43,51,6,14,71,14,29.6,31.6,0.72,51,2,21.3,16.2
Joshua Tomlinson,Leamington FC,500,Left Centre Back,,England,20,,0,0,0.12,0.12,1,0,100,0,,0.19,0,0,0,0,0,0,0,0,0,0,0.12,1,-0.12,0,0,0,,1,0,2,2,6,1.82,45,30.02,59,40,0.06,40,19.63,7,72,7,13,78,4.85,6.67,7,50,2,80,20,0,45,34.37,23,11,7,23.13,3,7,1,9,1,0,0,109,57,7,33,30,48,20,21,52,-5,31.36,4,0.93,1.05,40,95,4.5,5,0,0,0,1,5,5,0,,0,,1,52,44,4,40,60,0,24.07,19.76,0.85,98,-4.32,20.52,19.39
Josiah Dyer,Peterborough Sports FC,474,Left Centre Forward,Right Centre Forward,England,21,,2,2,2.15,0.17,13,15,38,6,,1.96,0,0.26,2,0,0.26,2,0,0,0,2,2.41,15,-0.41,6,4,2,67,4,1,10,20,1,0.99,1,0.87,54,17,0,15,64.2,21,33,1,2,33,0.95,1.94,10,33,2,28,13,0,43,35.52,15,13,6,66.27,35,81,13,100,1,0,0,119,57,6,16,50,6,7,34,59,1,61.24,9,1.8,3.5,93,78,5.27,34,5,5,0,2,27,32,0,20,1,25,5,15,65,20,21,59,21,16.04,16.05,1.01,102,0.01,16.21,16.31
Jude Mason,Hampton & Richmond,757,Left Wing Back,Left Back,England,25,176,0,0,0.05,0.05,1,0,0,0,,0,0,0.07,3,0,0.07,3,0,0,0,0,0.12,4,-0.12,2,0,2,0,9,0,3,5,8,5.33,23,18.68,83,31,0.03,33,33.99,39,74,11,19,85,5.66,10.99,3,75,2,67,18,0,69,44.5,25,16,6,35.02,22,32,13,81,0,0,0,240,63,20,90,38,28,47,10,42,-21,53.63,29,0.9,0.9,180,96,3.01,54,7,3,4,2,3,6,0,14,3,33,2,37,49,14,39,44,17,21.95,20.55,0.85,74,-1.4,18.56,15.18
Junior Dixon,Hampton & Richmond,548,Centre Forward,Right Centre Forward,England,21,186,0,0,1.31,0.13,10,0,30,3,,0.63,0,0.28,4,0,0.28,4,0,0,0,0,1.58,14,-1.58,11,8,3,73,6,0,24,31,0,0,1,0.92,118,33,0.01,29,66.04,23,31,2,2,100,2.42,2.42,6,100,0,23,14,0,110,104.73,28,36,13,66.57,90,82,34,94,1,0,0,110,76,2,22,40,2,4,43,74,-2,62.88,11,2.12,3.19,130,74,5.73,43,4,4,0,5,29,33,0,0,1,50,4,17,65,17,16,70,14,13.37,11.46,1.03,98,-1.9,13.82,11.19
Junior Gyamfi,Bedford Town,3053,Right Defensive Midfielder,Left Defensive Midfielder,Germany,22,,1,1,2.66,0.06,45,2,29,2,,1.65,3,1.8,27,3,1.8,27,0,0,0,4,4.47,72,-0.47,79,54,25,68,63,0,86,64,39,21.09,57,32.16,977,507,0.03,283,43.74,249,480,124,163,81,67.09,88.18,90,43,30,48,62,0,765,411.15,203,199,57,45.71,307,40,122,61,8,0,0,1068,68,74,20,42,90,142,20,66,-2,53.02,137,11.73,13.75,904,92,6.11,273,30,27,3,2,62,89,7,13,7,28,10,31,57,11,34,57,9,21.18,19.14,0.92,96,-2.04,19.56,18.38
Junior Mondal,Spennymoor Town,1822,Left Wing,Right Wing,England,29,175,7,7,5.32,0.15,36,19,56,3,,8.03,1,2.82,24,1,2.82,24,0,0,0,8,8.14,60,-0.14,18,11,7,61,28,1,30,43,9,6.89,11,9.75,442,166,0,105,53.78,64,125,29,38,58,24.59,31.48,21,17,21,32,29,0,392,332.15,89,101,22,55.27,225,57,73,72,2,0,0,472,72,12,85,48,12,24,31,64,-8,60.79,34,9.36,13.22,411,90,5.8,174,17,17,0,9,92,109,1,24,8,24,18,16,62,22,15,60,25,15.89,13.73,0.96,99,-2.16,15.33,13.66
Junior Morias,AFC Hornchurch,800,Left Wing,Left Centre Forward,Jamaica,30,173,1,1,1.27,0.1,13,8,54,4,,1.32,2,2.09,14,2,2.09,14,0,0,0,3,3.35,27,-0.35,8,6,2,75,12,0,11,16,1,0.3,1,1.53,135,40,0,42,66.08,31,55,1,2,50,0.87,1.17,6,0,1,14,6,0,128,123.16,39,35,10,68.02,105,82,28,80,0,0,0,165,67,7,26,58,2,11,30,65,-2,64.46,16,3.18,5.38,172,89,6.29,63,10,9,1,6,37,46,3,10,1,9,8,20,63,16,10,75,16,17.31,14.46,0.99,106,-2.85,17.06,15.33
Justin Donawa,Hereford FC,408,Left Wing,Right Midfielder,Bermuda,29,178,1,1,1.1,0.18,6,17,33,3,,1.02,0,0.14,3,0,0.14,3,0,0,0,1,1.24,9,-0.24,1,1,0,100,4,0,13,3,3,3.96,2,2.51,39,12,0,21,49.91,15,25,5,8,100,3.71,7.67,2,,0,54,13,0,32,31.25,15,11,5,53.97,19,59,8,73,0,0,0,101,54,4,6,33,6,8,28,48,-5,62.08,7,2.45,2.69,87,91,6.9,27,3,2,1,1,6,8,0,0,1,6,1,19,65,16,15,63,22,19.92,18.01,0.85,98,-1.91,17.01,17.64
Justin Johnson,Macclesfield Town,722,Left Wing,Left Midfielder,Netherlands,29,170,3,3,2.02,0.1,20,15,35,4,,2.57,2,1.5,15,1,1.27,13,1,0.22,2,5,3.52,35,1.48,25,15,10,60,4,0,32,27,5,4.74,3,3.09,94,35,0,39,49.3,33,53,9,14,53,11.01,15.75,6,11,8,14,2,0,79,95.98,30,29,10,51.49,43,54,19,66,1,0,0,203,70,18,14,55,9,27,22,76,5,67.43,18,2.25,5.1,247,85,7.14,86,18,16,2,6,45,61,0,39,11,55,7,19,63,18,16,59,24,20.69,19.44,0.92,96,-1.26,19.03,18.68
Kacper Pasiek,Macclesfield Town,391,Left Back,Left Wing,Poland,20,,1,1,0.32,0.06,5,20,20,1,,0.09,0,0.2,1,0,0.2,1,0,0,0,1,0.52,6,0.48,1,0,1,0,9,0,11,8,3,2.05,9,10.29,60,26,0,32,31.02,14,55,10,13,77,9.4,11.45,1,60,3,56,10,0,49,59.62,19,9,3,34.96,12,24,4,44,0,0,0,146,69,8,76,32,14,20,15,67,-3,48.84,25,1.38,1.67,126,90,6.74,33,4,4,0,0,9,13,0,50,2,18,0,39,52,9,33,55,12,22.47,22.38,0.88,105,-0.09,19.72,23.56
Kai Corbett,Chelmsford City,429,Left Wing,Left Midfielder,England,23,182,1,1,0.63,0.06,11,9,27,3,,0.68,1,0.77,9,1,0.59,6,0,0.18,3,2,1.39,20,0.61,13,8,5,62,7,0,14,11,2,1.71,5,6.49,54,17,0.02,8,48.27,16,30,6,8,67,8.38,10.09,3,25,3,42,5,0,45,53.84,5,13,0,47.84,19,42,9,69,1,1,0,101,60,10,16,37,5,27,21,68,8,64.29,17,1.84,2.16,111,86,7.51,36,7,5,2,0,19,24,0,29,2,22,1,17,68,15,8,72,19,22.19,10.26,0.88,117,-11.93,19.51,11.99
Kai Corbett,Eastbourne Borough,1674,Left Centre Midfielder,Left Attacking Midfielder,England,23,182,3,2,3.69,0.07,50,4,30,3,100,4.97,2,2.81,34,2,1.29,19,0,1.51,15,4,6.5,84,-2.5,18,9,9,50,59,0,37,48,11,10.5,5,4.01,235,80,0,76,55.14,91,142,20,31,67,21.86,32.36,19,50,10,16,7,0,196,217.06,62,66,21,56.12,126,64,46,70,3,0,0,507,62,69,10,39,24,158,14,59,-3,62.13,107,7.27,9.16,517,91,6.12,177,61,30,31,7,51,81,1,16,12,31,11,21,69,11,23,69,8,25.11,20.48,0.87,99,-4.63,21.83,20.23
Kai Jennings,Farnborough,555,Left Centre Midfielder,Left Defensive Midfielder,England,20,,0,0,0.1,0.03,3,0,33,1,,0.33,0,0.37,4,0,0.08,2,0,0.28,2,0,0.47,7,-0.47,5,3,2,60,3,0,3,8,6,7.97,12,14.94,108,54,0.06,45,36.96,35,76,15,21,68,17.05,25.02,3,36,7,56,9,0,90,102.31,31,34,11,39.66,28,31,17,50,0,0,0,222,72,21,12,47,14,43,10,62,-11,51.93,20,2.18,2.5,171,95,4.92,53,7,3,4,1,6,9,0,29,3,50,2,21,61,18,25,68,8,21.19,16.09,0.92,108,-5.09,19.58,17.34
Kai Woollard Innocent,Kidderminster Harriers,580,Left Centre Back,Left Wing Back,England,25,,0,0,0.04,0.02,2,0,50,1,,0.02,2,0.94,6,2,0.94,6,0,0,0,2,0.98,8,1.02,3,3,0,100,6,0,8,9,14,11.5,29,32.38,73,25,0,27,36.24,19,52,8,22,50,6.36,17.86,4,42,8,57,12,0,61,66.54,17,25,8,42.52,22,36,16,64,1,0,0,175,64,12,78,34,33,31,17,46,-18,47.77,22,1.47,1.85,141,91,4.86,30,5,4,1,1,5,9,0,60,4,44,1,41,52,6,40,53,7,22.77,17.83,0.88,104,-4.94,20.08,18.47
Kai Woollard Innocent,Horsham FC,478,Left Back,Left Wing,England,25,,0,0,0.06,0.02,3,0,67,1,,0.48,0,0.52,3,0,0.52,3,0,0,0,0,0.58,6,-0.58,4,2,2,50,10,0,5,9,3,2.71,16,15.32,63,25,0.06,27,31.36,19,49,8,11,57,8.64,11.35,3,50,6,39,7,0,52,48.17,19,10,3,36.94,14,27,5,50,0,0,0,184,67,10,66,24,22,35,15,74,7,50.62,13,1.61,1.73,157,96,5.08,41,5,5,0,1,11,16,0,60,3,19,1,27,58,15,12,66,22,22.69,22.76,0.83,92,0.07,18.89,21
Kai Woollard Innocent,Hampton & Richmond,665,Left Wing Back,Left Back,England,25,,0,0,0.1,0.05,2,0,50,1,,0.01,0,0.02,1,0,0.02,1,0,0,0,0,0.12,3,-0.12,11,5,6,45,2,0,18,17,5,4.88,13,13.73,83,41,0,34,40.21,41,75,8,13,80,8.08,12.95,2,50,2,37,10,0,73,76.1,25,21,8,42.68,29,40,13,62,1,0,0,214,59,18,71,40,17,41,18,51,-8,53.95,24,1.31,1.31,174,87,4.04,41,3,3,0,0,4,7,1,0,0,0,1,31,57,12,27,49,24,20.23,15.83,0.91,106,-4.39,18.4,16.83
Kai Yearn,Chesham United FC,334,Right Centre Forward,Centre Attacking Midfielder,England,21,180,2,2,1.56,0.22,7,29,86,2,,3.46,0,0.52,6,0,0.35,3,0,0.17,3,2,2.08,13,-0.08,0,0,0,,4,0,3,5,2,1.49,2,1.95,48,14,0,16,59.72,14,24,2,4,50,2.48,3.97,1,0,2,14,2,0,45,43.85,14,16,5,61.39,34,76,14,88,0,0,0,103,72,5,13,42,2,12,22,73,1,66.8,8,2.64,3.14,80,96,3.68,41,7,3,4,1,21,24,0,14,2,33,5,15,68,16,17,63,20,16.63,11.81,0.9,103,-4.82,14.96,12.11
Kai Yearn,Maidenhead United,352,Centre Attacking Midfielder,Left Defensive Midfielder,England,21,180,0,0,0.48,0.06,8,0,25,3,,0.25,0,0.3,9,0,0.18,6,0,0.11,3,0,0.77,17,-0.77,3,0,3,0,3,0,2,6,0,0,9,7.01,82,37,0.02,23,49.55,29,53,5,5,71,3.99,3.99,7,33,2,46,6,0,70,64.32,19,20,7,52.85,42,60,19,95,1,0,0,138,67,17,12,45,12,35,14,68,1,63.24,23,0.63,1.11,113,92,5.82,50,14,3,11,1,10,13,0,14,2,25,1,23,67,10,26,66,8,21.9,16.54,0.91,106,-5.37,19.83,17.58
Kaine Felix,Peterborough Sports FC,939,Right Wing Back,Right Wing,England,31,178,0,0,0.9,0.1,9,0,22,2,,0.76,3,2.14,11,3,2.14,11,0,0,0,3,3.04,20,-0.04,15,7,8,47,13,0,17,23,3,4.55,5,4.54,181,69,0.01,63,50.33,49,85,22,25,69,25.86,30.41,16,10,10,44,12,0,143,153.58,46,45,19,50.93,74,52,34,76,1,0,0,264,58,17,12,46,10,32,21,48,-10,62.85,32,4.15,5.8,241,88,9.14,90,18,10,8,8,34,44,1,17,6,14,11,27,57,16,20,57,23,19.53,14.18,0.92,99,-5.36,17.93,14.03
Kallum Griffiths,Darlington,495,Right Back,Right Defensive Midfielder,England,36,175,0,0,0.21,0.04,6,0,50,1,,0.03,0,0.58,6,0,0.57,5,0,0.01,1,0,0.79,12,-0.79,1,1,0,100,2,0,1,3,2,1.82,28,25.26,82,34,0.02,36,33.71,19,57,13,15,93,12.66,14.48,4,67,1,37,7,0,65,64.41,26,19,6,37.09,17,26,11,58,0,0,0,153,62,22,13,46,34,42,15,68,5,52.46,32,2.47,2.9,101,99,3.9,39,13,6,7,1,1,7,0,0,0,0,2,40,53,8,38,56,5,25.04,21.85,0.88,86,-3.18,22.01,18.89
Kamran Kandola,Kidderminster Harriers,1810,Right Defensive Midfielder,Left Defensive Midfielder,England,22,184,1,1,1.05,0.09,12,8,42,0,,1.53,1,0.57,7,1,0.57,7,0,0,0,2,1.62,19,0.38,10,10,0,100,22,0,16,10,36,37.89,98,114.89,406,186,0.03,170,38.78,151,337,50,86,79,54.79,92.68,39,28,13,58,68,0,318,345.9,119,108,44,42.78,132,42,70,65,5,0,0,687,63,46,26,37,117,107,20,61,-2,48.7,68,5.88,6.36,373,96,4.08,126,8,6,2,3,26,32,0,13,3,43,7,36,57,7,27,70,3,22.34,18.93,0.9,92,-3.41,20.21,17.37
Kane Crichlow,Chelmsford City,399,Left Wing,Right Wing,Bermuda,25,161,2,2,0.94,0.16,6,33,67,3,,0.98,0,0.1,1,0,0.1,1,0,0,0,2,1.03,7,0.97,7,5,2,71,4,0,16,17,3,4.41,4,3.92,82,35,0.03,28,46.4,13,40,6,9,60,6.38,10.78,2,33,4,38,6,0,74,81.73,22,16,4,49.51,36,49,13,81,0,0,0,90,70,5,22,71,5,6,33,71,1,56.16,2,1.73,2.39,89,75,6.47,21,3,3,0,3,18,21,0,33,3,60,2,18,67,15,10,76,14,16.85,13.76,0.98,108,-3.09,16.5,14.92
Kane Ferdinand,Maidenhead United,1336,Centre Defensive Midfielder,Right Defensive Midfielder,Republic of Ireland,33,185,0,0,0.34,0.07,5,0,20,0,,0.77,0,0.21,4,0,0.21,4,0,0,0,0,0.55,9,-0.55,5,2,3,40,16,0,9,11,27,27.18,33,36.42,291,141,0.02,118,39.54,90,188,27,54,55,28.26,55.44,13,13,22,48,31,0,251,269.66,90,80,27,41.87,82,33,38,48,1,0,0,448,78,17,16,50,35,32,16,74,-4,51.89,43,4.31,4.62,282,96,3.38,102,4,4,0,1,18,22,0,0,0,0,1,27,66,7,30,65,5,17.23,14.87,0.98,100,-2.36,16.83,14.9
Karl Oliyide,Chesham United FC,1162,Centre Forward,Left Centre Forward,England,31,185,5,5,7.21,0.24,30,17,53,4,0,7.05,0,0.89,11,0,0.89,11,0,0,0,5,8.1,41,-3.1,8,7,1,88,16,1,21,36,1,0.8,7,7.37,175,40,0.02,45,65.73,48,60,13,14,81,12.99,13.79,13,40,3,33,34,0,149,160.73,37,42,12,69.21,122,82,35,83,1,0,0,237,73,3,19,60,8,4,31,64,-9,62.66,15,6.96,10.64,238,86,5.24,80,4,4,0,2,69,73,0,25,1,33,7,13,61,26,13,56,31,13.79,11.94,1.02,96,-1.85,14.05,11.42
Kayden Harrack,Dagenham & Redbridge,2184,Right Centre Back,Right Defensive Midfielder,Grenada,22,185,4,4,2.09,0.11,19,21,32,1,,2.58,0,0.87,15,0,0.86,14,0,0.01,1,4,2.96,34,1.04,7,3,4,43,14,0,15,23,15,12.13,59,50.16,404,180,0.04,117,36.46,83,294,35,50,69,32.37,44.5,38,50,16,54,53,0,331,271.16,86,92,18,41.37,120,36,51,55,5,0,0,757,61,94,13,44,92,182,19,53,-8,43.21,83,5.68,7.1,527,95,5.67,113,21,14,7,1,33,47,2,24,5,18,4,39,57,4,43,51,5,26.37,23.08,0.89,99,-3.29,23.57,22.83
Keenan Quansah,Hereford FC,1282,Right Centre Back,Right Back,England,29,193,0,0,0.75,0.25,3,0,33,0,,0.81,1,1.25,5,1,1.25,5,0,0,0,1,2,8,-1,6,5,1,83,9,0,2,3,12,9.11,64,64.59,181,71,0.06,96,26.35,26,193,30,42,75,24.97,34.08,6,36,10,61,38,0,145,133.87,62,38,16,30.38,25,17,15,39,0,0,0,444,71,30,19,34,80,73,16,57,-13,39.26,43,4.98,5.73,291,99,6.94,53,2,2,0,2,13,15,0,50,1,17,5,43,50,7,45,42,13,23.25,22.66,0.85,78,-0.59,19.68,17.69
Keiran Evans,Merthyr Town FC,1237,Right Centre Midfielder,Right Midfielder,Wales,27,170,3,3,1.46,0.08,18,17,56,1,,1.86,1,2.13,21,1,1.95,19,0,0.18,2,4,3.59,39,0.41,50,28,22,56,21,0,34,40,2,1.95,12,14.18,173,75,0.01,68,38.64,41,121,20,22,57,26.58,28.54,3,33,15,33,5,0,150,195.28,51,52,15,40.9,48,32,23,44,0,0,0,651,81,36,80,57,18,57,20,85,4,50.97,63,6.86,8.73,666,94,6.42,157,19,16,3,2,16,32,4,0,0,0,7,20,64,16,27,57,15,18.78,16.38,0.95,98,-2.4,17.84,16.06
Kenny Coker,Dover Athletic,918,Centre Forward,Left Wing,England,22,185,3,3,1.9,0.12,16,19,38,4,,2.44,1,1.28,6,1,1.28,6,0,0,0,4,3.18,22,0.82,11,4,7,36,8,0,27,38,2,1.53,8,5.93,211,75,0.02,40,63.11,34,48,8,10,67,5.94,7.48,22,20,4,44,46,0,182,132.78,38,54,13,64.88,144,79,44,81,0,0,0,169,47,1,19,8,11,9,41,48,1,64.74,19,2.57,3.7,134,68,6.26,50,5,5,0,3,45,50,0,20,1,33,7,32,53,15,26,52,22,15.58,14.84,0.91,96,-0.74,14.16,14.3
Kevin Joshua,Peterborough Sports FC,497,Centre Back,Left Centre Back,Republic of Ireland,24,198,0,0,0.12,0.06,2,0,0,0,,0,0,0.05,2,0,0.05,2,0,0,0,0,0.17,4,-0.17,1,1,0,100,3,0,1,1,6,7.04,41,58.96,51,26,0.08,33,25.39,7,73,8,14,73,9.17,16.22,3,40,3,70,19,1,40,52.83,20,11,6,27.83,3,8,2,18,1,0,0,184,70,18,64,53,51,24,22,54,-16,36.81,10,0.82,0.96,125,99,4.6,14,1,1,0,1,10,11,0,0,0,0,3,38,59,3,43,57,0,23.79,25.23,0.96,91,1.44,22.86,22.97
Kevin Roberts,Chester,1512,Right Back,Right Centre Back,England,36,188,2,2,1.5,0.19,8,25,25,0,,1.9,1,1.01,11,1,0.98,10,0,0.03,1,3,2.51,19,0.49,8,4,4,50,15,0,17,12,20,17.9,58,54.53,234,133,0.07,79,30.4,69,215,42,62,67,30.32,48.22,14,43,21,62,32,0,178,141.5,58,45,13,34.59,45,25,22,49,8,0,1,585,72,46,11,39,65,110,11,63,-9,49.96,65,6.16,7.16,431,94,4.13,127,15,12,3,5,18,30,1,40,8,36,5,35,56,9,31,53,17,22.6,17.82,0.87,92,-4.78,19.58,16.46
Keziah Martin,Buxton,579,Centre Attacking Midfielder,Left Back,Bermuda,26,179,0,0,0.38,0.08,5,0,60,1,,0.45,1,1.02,8,0,0.83,6,1,0.2,2,1,1.4,13,-0.4,4,3,1,75,9,0,10,8,1,1.7,11,13.99,85,41,0.03,27,40.86,15,38,5,6,83,7.2,8.9,0,0,1,63,5,0,80,85.18,23,19,5,44.72,35,44,11,58,0,0,0,194,78,12,71,40,12,29,16,64,-14,55.55,22,1.18,1.74,166,94,4.88,64,6,3,3,0,10,13,0,67,4,57,2,26,60,14,23,66,11,21.36,19.14,0.88,99,-2.22,18.86,18.94
Keziah Martin,Hereford FC,488,Right Centre Midfielder,Right Midfielder,Bermuda,26,179,1,1,0.54,0.08,7,14,43,2,,1.04,0,1.51,10,0,0.71,5,0,0.8,5,1,2.05,17,-1.05,9,7,2,78,7,0,21,8,3,2.83,4,4.21,87,37,0,20,47.11,27,39,11,14,85,10.5,13.33,7,0,2,25,4,0,69,62.54,16,17,5,49.66,37,54,14,82,2,0,0,158,68,23,84,56,5,40,14,81,14,58.72,37,3.47,4.01,144,90,5.73,56,17,6,11,0,10,16,0,18,3,25,0,27,58,15,36,54,11,23.37,15.92,0.94,103,-7.44,21.92,16.37
Khaleel Rafiq Salah-Edine,Dagenham & Redbridge,439,Right Centre Midfielder,Left Defensive Midfielder,Morocco,23,177,1,1,0.74,0.09,8,13,25,2,,0.96,1,0.18,5,1,0.18,5,0,0,0,2,0.92,13,1.08,10,7,3,70,4,0,7,10,1,1.1,7,4.65,75,31,0,11,47.18,34,52,2,3,22,2.36,3.47,3,13,7,38,5,1,70,50.57,10,24,3,50.48,41,59,21,88,1,0,0,156,85,11,22,69,9,14,24,80,-5,54.61,26,1.9,2.32,149,91,5.71,46,5,5,0,0,5,10,0,0,1,50,1,18,67,15,22,65,13,20.06,17.47,0.99,107,-2.59,19.91,18.66
Kian Ronan,Chelmsford City,1597,Right Back,Right Wing Back,Gibraltar,25,176,0,0,1.03,0.26,4,0,75,0,,0.6,1,1.05,10,1,0.94,8,0,0.1,2,1,2.08,14,-1.08,4,2,2,50,9,0,7,14,28,28.79,60,58,251,107,0.06,82,34.5,77,230,25,53,66,23.56,52.34,18,37,13,59,29,0,208,188.62,58,48,13,39.07,71,34,34,71,2,0,0,635,64,68,17,42,75,148,11,45,-19,54.38,94,6.62,7.2,414,97,4.39,157,21,15,6,2,14,29,0,24,7,18,4,41,50,9,39,46,14,22.66,16.74,0.88,98,-5.92,19.98,16.47
Kian Scales,Radcliffe,969,Right Back,Right Defensive Midfielder,England,24,181,1,1,0.36,0.05,8,13,25,1,,0.49,0,0.62,7,0,0.62,7,0,0,0,1,0.98,15,0.02,8,4,4,50,10,0,10,10,10,8.59,22,20.72,166,77,0.03,61,36.55,52,123,19,29,73,17.98,26.57,8,40,7,11,1,1,139,130.81,42,41,11,40.77,50,36,28,68,2,0,0,423,70,36,20,40,34,77,17,68,-2,53.52,67,2.85,3.91,348,97,6.29,119,14,12,2,1,6,18,0,0,0,0,2,33,57,10,28,65,8,23.9,23.59,0.88,90,-0.31,20.99,21.33
Kien Connolly,Dagenham & Redbridge,398,Centre Forward,Right Centre Forward,England,20,190,0,0,1.36,0.23,6,0,67,3,,1.93,2,1.73,7,2,1.73,7,0,0,0,2,3.09,13,-1.09,4,2,2,50,3,0,9,15,4,5.17,3,3.31,65,22,0,20,61.33,8,17,3,7,60,4.22,9.38,5,0,2,36,12,0,57,59.3,17,19,10,64.81,46,81,16,84,0,0,0,86,73,4,22,80,4,4,41,77,4,63.41,7,2.79,4.52,77,87,4.74,37,0,0,0,2,24,24,1,,0,0,3,15,66,19,16,65,19,17.08,15.86,0.97,98,-1.22,16.57,15.48
Kieran Burton,Buxton,2708,Left Centre Back,Left Back,England,22,188,3,3,2.35,0.15,16,19,44,0,,4.41,1,0.98,8,1,0.98,8,0,0,0,4,3.33,24,0.67,11,11,0,100,42,0,25,22,24,28.63,138,161.7,334,162,0.04,130,25.01,78,348,56,80,81,60.3,88.94,31,56,13,64,101,0,247,275.22,77,53,13,28.3,28,11,12,23,7,0,1,1127,75,94,81,44,155,197,12,53,-22,39.92,81,10.27,12.14,863,97,5.75,122,10,9,1,1,39,48,1,20,2,29,2,32,59,9,33,55,12,23.64,18.73,0.88,99,-4.91,20.85,18.49
Kieran Coates,Fylde,624,Right Back,Right Midfielder,England,24,170,0,0,0.05,0.03,2,0,50,0,,0,0,0.22,3,0,0.11,2,0,0.11,1,0,0.27,5,-0.27,7,2,5,29,7,0,9,16,9,12.84,26,36.77,97,35,0.06,39,32.19,31,76,9,18,64,11.91,24.75,3,38,5,50,10,1,85,117.72,26,23,8,37.96,23,27,14,61,1,0,0,226,69,23,9,48,27,47,13,72,3,52.3,29,2.03,2.03,180,91,4.92,58,7,2,5,0,4,6,0,43,4,24,0,34,50,16,19,50,31,21.17,14.54,0.9,99,-6.63,19.13,14.41
Kieran Parselle,Bath City,2745,Left Centre Back,Left Back,England,29,183,2,2,3.02,0.09,32,6,22,0,,2.18,0,0.76,8,0,0.76,8,0,0,0,2,3.78,40,-1.78,2,2,0,100,17,0,6,6,23,16.28,226,159.27,303,142,0.07,163,25.22,80,422,30,53,65,20.51,36.8,15,38,16,70,124,0,260,177.61,98,49,23,30.69,43,17,23,47,1,0,1,800,52,91,74,30,280,248,19,43,-9,40.27,93,6.1,8.65,425,97,5.92,95,13,12,1,2,67,79,0,23,5,24,4,51,44,5,53,41,6,29.43,26.16,0.82,94,-3.27,24.26,24.7
Kieran Wallace,Alfreton Town,492,Left Defensive Midfielder,Left Centre Midfielder,England,31,186,1,1,0.62,0.1,6,17,17,1,,0.19,0,1.14,9,0,0.09,1,0,1.05,8,1,1.76,15,-0.76,5,5,0,100,1,0,3,1,2,1.5,18,10.42,120,49,0.09,28,42.81,55,81,13,15,81,10.01,11.51,7,71,3,55,16,0,100,72.01,20,34,8,47.31,52,52,27,79,1,0,0,128,62,26,83,53,26,41,27,52,-10,59.62,20,0.74,1.13,69,97,5.14,35,17,4,13,1,10,14,1,0,0,0,2,29,65,6,26,71,3,25.7,20.22,0.96,114,-5.48,24.57,23.13
Kieran Weledji,Scarborough Athletic,2853,Right Back,Right Centre Back,Scotland,30,188,5,5,3.48,0.19,18,28,44,0,,4.6,3,1.96,12,3,1.96,12,0,0,0,8,5.44,30,2.56,10,3,7,30,19,0,18,23,26,22.68,129,131.08,390,159,0.05,171,30.5,87,305,53,79,87,47.1,69.78,30,68,8,51,78,1,310,276.38,117,57,14,35.01,75,24,35,61,10,1,0,921,66,61,11,37,150,143,15,58,-7,44.9,100,10.43,12.54,600,96,5.15,172,7,5,2,7,79,84,2,14,1,7,12,41,52,8,34,52,14,21.41,17.99,0.89,103,-3.42,19.05,18.5
Kieran Wilson,Torquay United,576,Left Wing,Right Wing,Scotland,19,198,2,1,0.84,0.07,12,8,42,4,100,0.41,0,0.43,5,0,0.43,5,0,0,0,1,1.27,17,-0.27,17,13,4,76,4,1,6,16,2,2.62,6,6.45,103,35,0.01,31,52.34,13,29,4,6,80,5.48,8.1,7,50,1,30,6,0,94,117.37,29,25,7,55.84,59,63,20,80,0,0,0,148,70,4,11,80,6,5,22,73,2,66.07,14,1.8,2.55,149,91,7.49,62,4,4,0,3,23,27,0,25,2,20,4,12,57,30,2,60,39,14.65,12.71,0.96,109,-1.94,14.13,13.85
Kiki Oshilaja,Slough Town FC,2507,Right Centre Back,Right Back,England,26,,4,4,1.75,0.13,13,31,54,0,,3.35,0,0.66,7,0,0.66,7,0,0,0,4,2.41,20,1.59,10,7,3,70,45,0,9,12,35,23.57,164,141.24,441,193,0.06,219,26.37,87,490,72,107,89,58.24,81.82,35,71,9,65,113,2,334,254.98,134,69,24,30.54,58,17,24,35,9,0,0,888,70,86,15,42,198,171,19,58,-11,39.49,91,8.62,9.68,590,97,5.67,103,3,3,0,4,45,48,1,0,1,20,9,39,55,6,42,52,6,25.34,23.62,0.89,87,-1.72,22.61,20.62
Kurt Willoughby,Kidderminster Harriers,1147,Left Wing,Centre Forward,England,28,178,2,2,3.7,0.11,33,6,24,5,,1.2,0,0.71,10,0,0.71,10,0,0,0,2,4.41,43,-2.41,6,2,4,33,11,0,24,15,2,2,7,9.23,210,72,0,69,65.16,49,67,8,10,44,8.67,10.67,8,18,10,19,11,0,195,219.96,57,59,18,67.47,158,81,52,88,1,0,0,227,64,9,16,30,12,25,32,69,5,65.85,16,4.04,6.77,191,91,4.36,85,9,6,3,7,75,81,0,11,3,15,14,13,65,21,13,59,28,18.01,14.54,0.87,108,-3.48,15.61,15.63
Kwaku Frimpong,Worthing FC,394,Centre Attacking Midfielder,Left Centre Midfielder,England,23,183,0,0,0.14,0.04,4,0,0,1,,0,2,2.16,7,2,2.16,7,0,0,0,2,2.3,11,-0.3,5,2,3,40,7,0,8,11,5,8.4,1,1.7,120,46,0.03,37,47.47,20,48,14,19,93,21.08,29.48,12,50,1,38,6,1,94,135.36,31,29,9,48.14,49,52,26,90,5,0,0,135,73,11,18,79,2,13,27,70,-2,55.22,13,2.62,3.78,107,89,4.5,43,4,4,0,6,14,18,0,50,2,40,6,17,71,12,16,70,14,18.29,15.09,1.06,91,-3.21,19.3,13.78
Kwesi Appiah,Ebbsfleet United,1240,Right Centre Forward,Left Centre Forward,Ghana,35,180,5,5,5.14,0.17,31,16,42,3,,5.79,0,1.34,10,0,1.34,10,0,0,0,5,6.48,41,-1.48,6,4,2,67,22,0,29,32,4,5.41,16,21.23,243,85,0.01,71,60.77,55,84,18,22,75,24.16,29.58,23,45,6,39,30,0,203,253.47,63,54,20,64.58,149,73,42,78,2,0,0,383,73,9,18,47,19,16,27,65,-8,64.09,13,6.85,9.89,309,87,4.56,140,6,6,0,10,99,105,2,0,2,20,18,11,66,23,7,69,24,14.85,13.59,0.94,106,-1.27,13.97,14.38
Kyle Ajayi,Hemel Hempstead Town,2852,Left Centre Back,Left Back,England,25,184,2,2,2.08,0.09,24,8,29,0,,0.84,3,0.87,9,3,0.87,9,0,0,0,5,2.94,33,2.06,10,8,2,80,30,0,14,13,32,27.11,227,204.67,221,105,0.1,135,23.65,76,494,28,60,78,27.09,54.19,32,47,8,65,104,2,163,150.47,73,40,20,30.95,25,15,18,45,6,0,1,943,58,132,76,38,275,297,19,54,-4,36.28,90,6,8.28,582,98,5.42,107,9,9,0,5,71,80,1,11,1,17,10,50,47,3,55,40,5,32.25,26.92,0.84,82,-5.33,27.23,21.95
Kyle Howkins,Hereford FC,1812,Right Centre Back,Left Centre Back,England,30,196,1,1,1.21,0.1,12,8,17,0,,0.22,1,0.18,3,1,0.18,3,0,0,0,2,1.39,15,0.61,6,2,4,33,14,0,5,9,16,14.41,131,143,138,70,0.1,83,23,38,273,18,34,82,18.27,32.68,16,43,4,71,87,2,108,103.23,53,19,12,27.79,10,9,3,16,3,0,0,668,78,44,11,48,141,82,16,66,-13,33.38,27,8.13,8.32,429,98,5,35,1,1,0,2,35,36,0,0,1,100,3,29,65,6,34,57,9,21.99,17.94,0.91,100,-4.05,20.08,17.86
Kyle Ray Smith,Tonbridge Angels FC,2040,Right Back,Right Wing Back,England,21,179,0,0,0.33,0.04,9,0,11,0,,0.18,4,1.89,19,4,1.28,11,0,0.61,8,4,2.22,28,1.78,31,19,12,61,13,0,23,37,26,14.98,71,44.69,346,142,0.03,113,33.76,96,270,50,76,88,29.01,43.98,21,58,7,60,31,2,275,167.59,88,71,27,38.48,92,33,51,72,6,0,0,603,51,76,12,32,101,208,14,42,-9,51.63,71,3.77,4.43,486,93,6.22,129,43,22,21,1,16,38,1,53,27,29,2,40,51,9,33,54,12,26.74,21.71,0.85,93,-5.03,22.6,20.24
Kyran Wiltshire,Hemel Hempstead Town,2279,Right Defensive Midfielder,Left Defensive Midfielder,England,29,178,2,2,0.55,0.04,14,14,57,1,,1.52,0,0.84,8,0,0.84,8,0,0,0,2,1.39,22,0.61,8,5,3,63,18,0,13,26,21,21.81,52,44.78,436,209,0.03,148,40.14,170,341,47,68,75,37.71,59.52,41,41,16,46,39,0,349,324,107,106,34,42.61,126,36,64,60,7,0,0,726,64,48,6,41,68,100,20,53,-12,56.46,88,5.68,6.32,443,94,4.42,201,14,11,3,2,24,35,1,14,2,13,6,31,57,12,26,65,9,21.75,19.33,0.92,85,-2.42,20.1,16.41
L.Hallett,AFC Totton,2175,Right Centre Back,Centre Back,England,23,182,1,1,0.65,0.08,8,13,38,0,,0.67,0,0.57,6,0,0.57,6,0,0,0,1,1.23,14,-0.23,10,6,4,60,17,0,5,15,32,36.22,143,134.89,206,98,0.05,116,25.89,41,321,26,58,76,25.22,61.44,18,62,8,75,97,0,163,156.3,67,35,17,31.13,24,15,14,40,3,0,0,958,73,107,13,47,162,207,11,61,-12,37.16,75,8.74,9,591,98,5.26,94,13,12,1,1,29,41,2,0,0,0,2,38,57,5,54,44,2,26.75,21.86,0.89,92,-4.89,23.78,20.13
L.Harding,Horsham FC,1312,Right Back,Right Midfielder,England,29,182,0,0,0.47,0.04,11,0,27,1,,0.72,1,1,7,1,1,7,0,0,0,1,1.47,18,-0.47,16,4,12,25,13,0,11,23,29,25.61,61,54.04,192,85,0.04,68,30.77,63,207,29,58,97,31.08,56.69,17,88,1,72,47,0,146,133.64,46,44,15,36.28,37,25,18,41,6,0,0,593,61,66,10,40,82,142,15,42,-19,47.81,89,7.06,7.47,416,95,5.59,105,11,7,4,1,11,18,1,18,2,10,1,43,46,10,37,55,8,23.63,20.7,0.89,89,-2.93,21.12,18.43
L.Rodrigues,Horsham FC,1174,Centre Forward,Centre Attacking Midfielder,Brazil,28,,3,3,3.11,0.15,21,14,43,3,,2.54,2,2.69,15,2,2.69,15,0,0,0,5,5.79,36,-0.79,51,23,28,45,27,2,61,67,3,2.44,10,6.27,248,73,0.01,66,59.79,71,97,13,16,87,12.41,14.86,25,33,2,23,14,0,210,207.09,56,72,24,62.97,157,75,65,90,1,0,0,208,61,10,23,53,14,15,28,51,-10,63.31,28,5.6,7.46,278,75,6.46,71,14,14,0,5,70,84,2,29,7,41,11,18,67,15,11,77,11,16.99,14.47,1,103,-2.53,17,14.84
L.Rowe,AFC Telford United,367,Right Defensive Midfielder,Left Defensive Midfielder,England,25,,0,0,0.64,0.21,3,0,0,2,,0,0,0.06,1,0,0.06,1,0,0,0,0,0.7,4,-0.7,1,0,1,0,7,0,5,3,3,3.21,14,11.2,82,39,0.09,29,38.41,30,60,10,13,63,9.28,12.49,9,45,6,52,11,0,64,59.01,23,18,9,44.92,27,42,13,72,1,0,0,114,70,3,6,21,17,11,25,77,6,50.5,8,1.02,1.08,67,93,3.68,24,0,0,0,1,7,7,0,,0,0,3,27,61,12,33,63,4,20.29,16.91,0.89,94,-3.38,17.96,15.88
L.Whelan,Marine,1664,Centre Defensive Midfielder,Right Defensive Midfielder,Republic of Ireland,24,,0,0,0.13,0.07,2,0,0,0,,0,1,1.88,20,0,1.35,15,1,0.53,5,1,2.01,22,-1.01,4,1,3,25,27,0,6,9,20,18.79,54,39.28,409,173,0.03,144,35.66,163,372,50,70,78,47.28,66.07,27,50,14,63,62,0,332,272.16,102,92,29,37.46,99,30,49,53,7,2,0,645,58,73,14,37,80,171,18,55,-3,49.91,84,5.71,6.1,321,98,3.8,132,25,13,12,1,4,17,1,20,6,32,2,36,56,8,35,59,6,24.81,20.4,0.87,89,-4.42,21.64,18.25
Lachlan Byrd,Farnborough,1774,Right Centre Back,Centre Back,Australia,24,193,1,1,2.43,0.13,18,6,33,0,,1.43,1,0.6,2,1,0.6,2,0,0,0,2,3.03,20,-1.03,1,0,1,0,26,0,9,2,20,16.9,112,97.54,227,113,0.07,127,23.5,49,340,33,53,73,32.72,49.62,14,58,12,67,84,0,181,161.88,82,42,20,28.05,29,16,12,29,1,0,0,667,67,32,17,31,120,96,18,61,-5,37.39,41,7.31,9.22,362,99,5.12,64,3,1,2,6,56,57,0,33,2,50,8,42,54,5,28,64,8,22.88,18.56,0.86,94,-4.32,19.61,17.43
Lachlan Byrd,Eastbourne Borough,513,Centre Back,Right Centre Back,Australia,24,193,0,0,0.31,0.1,3,0,0,0,,0,0,0.06,1,0,0.06,1,0,0,0,0,0.37,4,-0.37,0,0,0,,4,0,2,0,4,5.39,42,53.39,66,27,0.04,32,23.01,11,97,8,12,80,11.93,17.32,3,60,2,67,33,2,55,70.66,19,14,4,26.03,6,11,3,21,1,0,0,249,73,26,13,52,52,40,18,63,-10,35.68,22,1.98,2.2,159,99,4.49,27,4,3,1,1,7,10,0,0,0,,1,38,57,5,48,48,4,25.2,23.09,0.92,101,-2.11,23.25,23.31
Laiith Fairnie,Eastbourne Borough,1123,Left Centre Back,Left Centre Midfielder,England,21,,0,0,0.05,0.05,1,0,0,0,,0,0,0.78,4,0,0.75,3,0,0.03,1,0,0.83,5,-0.83,12,10,2,83,8,0,8,7,11,13.02,51,52.41,214,101,0.08,93,26.8,40,234,33,44,79,32.42,45.45,16,40,9,72,59,0,165,167.38,65,44,18,30.9,37,22,20,45,3,0,0,501,62,36,87,33,66,94,17,47,-15,41.09,53,2.47,2.83,304,97,4.71,53,4,4,0,4,14,18,0,25,2,40,4,47,49,4,58,42,0,24.73,22.01,0.9,106,-2.72,22.22,23.27
Lamar Reynolds,Enfield Town FC,2248,Left Centre Forward,Right Centre Forward,England,30,177,8,8,8.21,0.14,57,14,35,6,,6.85,4,1.95,17,4,1.95,17,0,0,0,12,10.16,74,1.84,42,24,18,57,23,0,41,81,5,3.23,17,10.15,318,112,0.02,85,61.13,75,105,7,12,58,3.7,6.93,15,29,5,23,33,0,296,182.16,79,97,29,63.79,223,75,83,86,0,0,0,325,60,11,16,55,26,11,34,52,-8,64.97,36,8.13,13.9,347,82,6.96,117,15,15,0,12,126,141,1,13,6,32,20,20,61,19,19,56,25,15.11,14.82,1.01,108,-0.3,15.23,15.93
La'Sean Sealey,King's Lynn Town FC,639,Centre Forward,Left Centre Forward,England,19,,0,0,1.27,0.14,9,0,33,3,,0.19,0,0.51,4,0,0.51,4,0,0,0,0,1.78,13,-1.78,11,7,4,64,8,1,27,19,2,2.52,0,0,136,38,0.01,44,64.37,19,23,5,7,83,6.18,8.7,15,0,1,27,21,0,116,130.07,40,33,9,65.14,91,78,29,88,1,0,0,88,64,1,20,50,1,1,42,54,-10,70.35,4,1.96,2.7,80,75,6.12,38,1,1,0,4,36,37,0,0,1,20,6,16,64,20,8,76,16,12.01,12.38,1.06,114,0.37,12.69,14.17
Latrell Humphrey-Ewers,Oxford City,1775,Left Defensive Midfielder,Right Defensive Midfielder,England,22,166,0,0,0.13,0.04,3,0,0,0,,0,0,0.79,5,0,0.79,5,0,0,0,0,0.92,8,-0.92,9,6,3,67,10,0,16,17,13,16.45,67,58.27,340,173,0.02,141,35.53,102,300,30,43,70,28.5,44.95,13,19,13,46,45,0,297,292.18,102,90,35,38.16,80,27,38,42,2,0,0,765,72,60,19,45,90,109,20,70,-2,46.5,80,2.88,3.74,541,96,4.44,127,5,5,0,1,5,10,3,0,0,0,1,34,55,10,48,46,6,21.78,20.09,0.9,96,-1.68,19.62,19.19
Lawson D'Ath,Hereford FC,1117,Right Defensive Midfielder,Left Defensive Midfielder,England,33,175,1,1,0.81,0.04,20,5,30,1,,1.7,1,1.33,12,1,1.33,12,0,0,0,2,2.14,32,-0.14,19,13,6,68,16,0,28,18,18,19.56,19,22.82,247,110,0.05,89,40.15,94,193,30,48,79,28.57,48.13,10,38,8,50,20,0,207,217.46,65,53,16,43.56,75,36,30,57,4,0,0,503,75,53,14,60,30,77,21,66,-9,50.39,64,5.21,5.58,408,95,5.47,118,11,9,2,3,15,24,5,0,1,9,5,25,62,12,31,61,8,21.12,17.17,0.94,97,-3.94,19.92,16.68
Lee Hodson,AFC Totton,1038,Right Defensive Midfielder,Left Defensive Midfielder,Northern Ireland,34,180,0,0,0.13,0.04,3,0,0,0,,0,0,0.35,6,0,0.35,6,0,0,0,0,0.48,9,-0.48,0,0,0,,4,0,4,4,11,13.43,19,21.56,187,91,0.01,80,36.85,50,113,13,24,68,8.66,22.09,13,29,6,71,24,0,161,147.8,62,43,20,40.68,53,33,22,51,2,0,0,402,78,31,11,58,24,48,15,65,-12,48.76,42,2.93,3.12,272,97,5.52,84,6,6,0,0,2,8,1,33,2,50,0,20,65,14,20,69,11,20.3,16.04,0.95,107,-4.26,19.32,17.11
Lee Paul Lucas,Merthyr Town FC,1602,Left Centre Midfielder,Right Centre Midfielder,Wales,33,175,1,1,1.28,0.08,17,6,12,1,,0.94,4,2.7,28,2,1.92,17,2,0.78,11,5,3.98,45,1.02,13,8,5,62,25,0,24,27,11,12.27,24,26.91,238,107,0.01,87,38.3,73,173,20,31,63,24.7,36.97,10,27,12,46,11,0,208,258.69,61,68,15,40.72,68,33,36,53,2,0,1,761,80,37,14,45,31,75,19,73,-8,51.98,69,11.38,13.42,651,96,4.44,166,22,10,12,2,26,36,6,5,1,13,5,17,65,18,21,68,11,18.12,15.26,0.93,94,-2.86,16.86,14.39
Lemar Gordon,South Shields,329,Left Midfielder,Right Midfielder,England,20,,1,1,1.23,0.14,9,11,33,5,,0.99,0,0.11,2,0,0.11,2,0,0,0,1,1.34,11,-0.34,4,2,2,50,9,0,17,7,1,1.39,2,2.53,68,28,0.02,23,45.29,13,25,5,6,50,7.56,8.95,7,17,5,0,0,0,56,78,18,13,6,47.68,29,52,10,77,1,0,0,91,79,3,31,38,3,7,28,62,-18,56.88,7,1.06,1.71,103,88,6.81,27,6,6,0,0,19,25,0,17,1,13,0,16,58,26,26,44,30,16.46,13.39,0.93,93,-3.06,15.38,12.48
Lennon Peake,Ebbsfleet United,1059,Left Wing Back,Left Centre Midfielder,England,23,177,0,0,1.48,0.09,17,0,35,2,,0.64,3,2.46,28,2,1.8,20,1,0.67,8,3,3.94,45,-0.94,15,7,8,47,16,0,15,22,6,6.5,22,25.64,196,78,0.01,63,44.84,45,94,27,33,87,28.55,35.04,12,63,4,35,8,0,158,183,50,44,12,47.21,63,40,30,68,3,0,0,389,64,35,85,36,33,87,15,52,-12,65.76,29,5.18,7.05,365,92,5.19,125,35,22,13,4,20,42,0,51,24,43,6,21,66,13,20,60,20,21.03,17.67,0.88,105,-3.37,18.45,18.55
Lennon Wheeldon,South Shields,756,Centre Attacking Midfielder,Left Centre Forward,England,20,,1,1,1.95,0.1,20,5,20,4,,1.29,1,0.12,4,1,0.12,4,0,0,0,2,2.06,24,-0.06,15,4,11,27,27,0,18,27,3,4.04,5,7.34,173,75,0,58,51.91,29,59,13,16,62,19.12,23.17,18,30,8,34,10,0,142,206.09,46,42,10,54.02,88,62,34,81,2,0,0,253,76,8,19,50,7,14,23,76,0,56.18,24,2.31,3.97,258,90,5.96,70,8,8,0,0,33,41,0,25,2,22,3,20,57,23,20,61,19,17.32,14.96,0.98,105,-2.36,16.92,15.68
Leo Hamblin,Maidstone United,2705,Left Back,Left Centre Back,England,23,182,1,1,1.12,0.07,15,7,20,0,,1.89,2,2.24,23,2,1.99,21,0,0.25,2,3,3.37,38,-0.37,20,15,5,75,41,0,15,25,38,38.88,140,124.3,397,193,0.03,178,28.79,102,418,59,97,84,53.15,92.03,26,61,11,56,67,1,314,283.66,124,65,26,32.27,69,22,38,58,1,0,0,1027,59,122,77,35,177,314,11,41,-18,51.13,168,10.91,13.65,739,96,5.69,220,30,25,5,4,34,59,2,47,17,28,7,50,42,9,45,43,12,26.37,24.82,0.84,87,-1.55,22.24,21.59
Leon Lobjoit,Bedford Town,416,Centre Attacking Midfielder,Centre Defensive Midfielder,England,31,188,0,0,1.02,0.09,11,0,36,5,,1.17,0,0.09,1,0,0.09,1,0,0,0,0,1.11,12,-1.11,4,1,3,25,4,0,3,12,1,0.59,2,0.83,120,57,0.02,26,53.76,20,28,5,6,71,3.01,3.61,12,33,2,42,8,0,103,43.13,21,28,7,56.33,67,65,24,86,0,0,0,77,57,3,61,30,5,7,35,61,4,61.18,6,1.68,1.95,65,85,4.57,24,3,3,0,1,17,20,1,33,1,50,1,33,53,14,29,63,8,17.31,15.77,0.99,100,-1.55,17.15,15.71
Leone Gravata,Horsham FC,2650,Right Back,Right Wing,England,25,,1,1,2.48,0.23,11,9,27,1,,1.34,3,2.11,17,3,2.11,17,0,0,0,4,4.59,28,-0.59,30,17,13,57,36,2,42,43,27,23.68,54,53.78,755,388,0.04,268,37.03,102,297,95,122,72,92.91,116.59,34,52,37,32,23,0,628,579.91,211,109,37,39.4,202,32,71,65,4,0,0,965,72,85,13,50,78,146,14,64,-9,47.96,143,11.07,13.18,816,94,5.94,227,25,23,2,5,33,56,3,36,15,32,7,31,56,13,37,54,9,21.72,18.74,0.92,104,-2.98,20.01,19.53
Lewis Bell,Marine,549,Right Wing,Right Midfielder,England,20,,2,2,1.77,0.22,8,25,75,3,,2.82,0,1.17,6,0,1.17,6,0,0,0,2,2.95,14,-0.95,5,3,2,60,4,0,9,19,8,6.25,5,2.88,128,56,0.02,35,48.56,23,50,16,24,73,15.76,22.02,10,33,6,25,5,0,102,93.82,25,23,7,51.99,56,55,21,91,1,0,0,138,50,11,20,52,9,17,22,45,-4,61.54,13,1.55,3.34,112,88,6.98,41,8,8,0,3,23,31,0,13,3,25,6,30,57,13,27,56,17,19.49,18.46,0.99,97,-1.04,19.32,17.89
Lewis Colwell,Chippenham Town,2012,Right Back,Right Wing Back,England,20,162,0,0,0.15,0.04,4,0,25,0,,0.02,3,1.19,11,3,1.19,11,0,0,0,3,1.34,15,1.66,20,12,8,60,15,0,24,20,16,17.27,70,76.68,310,145,0.03,110,29.96,79,228,43,59,67,50.67,67.95,11,41,21,51,36,0,256,300.97,74,61,13,33.63,70,27,31,51,1,0,0,781,75,43,18,38,86,97,13,63,-12,51.24,66,5.84,7.44,600,95,5.02,180,15,15,0,5,18,33,0,47,11,30,4,22,56,22,16,54,30,20.21,20.42,0.9,94,0.21,18.17,19.22
Lewis Coyle,Bedford Town,659,Centre Attacking Midfielder,Left Back,England,31,,0,0,0.42,0.08,5,0,20,2,,0.37,0,0.44,8,0,0.21,6,0,0.23,2,0,0.86,13,-0.86,4,2,2,50,6,0,4,4,4,1.9,11,6.95,133,72,0.01,29,46.08,32,58,6,10,67,2.25,4.15,8,25,3,36,5,0,119,53.61,22,26,6,49.81,67,56,20,77,1,0,0,147,56,9,71,19,15,43,14,62,5,62.42,21,1.26,1.66,100,94,4.67,47,9,4,5,1,8,12,0,22,2,18,2,30,58,12,23,66,11,23.89,22.26,0.74,69,-1.63,17.62,15.28
Lewis Fensome,Macclesfield Town,1886,Right Back,Right Centre Back,England,26,,0,0,0.53,0.05,11,0,27,0,,0.17,1,0.67,12,1,0.67,12,0,0,0,1,1.2,23,-0.2,5,4,1,80,16,0,17,15,27,32.07,85,102.8,278,129,0.06,140,32.48,119,317,28,55,57,31.27,63.33,17,26,21,62,63,0,233,269.95,89,63,18,37.55,68,29,35,56,2,0,0,967,71,88,12,48,99,170,12,59,-12,52.98,106,7.83,8.09,664,97,3.89,259,19,16,3,2,30,46,0,26,7,24,3,35,53,12,33,51,17,21.87,18.12,0.9,101,-3.75,19.79,18.37
Lewis Green,Bedford Town,301,Left Centre Back,Right Centre Back,England,26,,0,0,0,,0,,,0,,0,0,0,0,0,0,0,0,0,0,0,0,0,0,3,2,1,67,7,0,1,2,3,1.81,10,7,44,26,0.02,21,26.58,2,23,7,10,100,4.26,6.07,1,100,0,23,3,0,36,29.69,13,5,1,26.88,3,8,1,20,2,0,0,66,76,7,2,44,15,11,11,63,-14,39.63,5,0.37,0.37,46,98,3.77,7,1,1,0,0,0,1,0,0,0,0,0,44,42,14,57,29,14,23.43,33.71,0.84,69,10.28,19.57,23.34
Lewis Hudson,Hereford FC,2306,Left Back,Left Wing Back,England,27,184,3,3,2.87,0.19,15,20,40,1,,2.75,2,2.67,18,1,2.43,16,1,0.24,2,5,5.53,33,-0.53,15,7,8,47,31,0,17,20,20,18.57,73,82.16,414,174,0.02,154,34.15,106,273,61,81,81,56.37,74.94,27,46,14,63,65,0,326,298.74,112,82,29,38.48,100,31,57,70,7,0,0,763,66,54,79,40,94,113,20,49,-16,49.76,94,7.7,10.68,578,95,4.51,169,23,17,6,4,47,64,0,35,13,30,8,36,51,13,35,46,19,20.77,18.66,0.89,97,-2.11,18.54,18.13
Lewis Leigh,Chester,1422,Centre Defensive Midfielder,Left Defensive Midfielder,England,22,172,0,0,1.37,0.04,36,0,25,1,,0.24,2,2.36,21,0,0.83,8,2,1.53,13,2,3.73,57,-1.73,20,15,5,75,35,1,33,21,16,18.64,41,41.03,276,97,0.03,110,36.46,143,298,35,51,63,41.45,60.09,20,38,21,60,32,0,221,243.54,71,82,29,38.53,68,31,43,52,4,0,0,769,72,69,14,42,59,146,14,69,-3,51.81,110,5.98,7.43,653,96,5.6,163,32,13,19,0,12,25,0,16,7,30,2,26,66,8,29,67,4,23.73,20.13,0.91,95,-3.6,21.67,19.16
Lewis Maloney,Scarborough Athletic,1147,Right Defensive Midfielder,Right Centre Midfielder,Northern Ireland,31,172,1,1,0.45,0.03,14,7,43,1,,0.54,2,1.3,13,1,0.79,8,1,0.51,5,3,1.75,27,1.25,8,5,3,63,9,0,8,9,12,11.8,35,34.59,249,124,0.02,79,40.2,93,149,24,36,69,19.32,31.11,18,29,11,35,6,0,211,169.89,49,59,15,43.12,77,36,35,59,4,0,0,528,66,69,8,41,51,151,11,72,7,50.61,69,4.06,4.52,377,99,4.43,112,19,9,10,0,4,13,2,21,4,29,0,27,65,8,38,57,5,25.75,21.73,0.87,84,-4.02,22.39,18.16
Lewis Rolfe,Chesham United FC,358,Left Wing Back,Left Defensive Midfielder,England,33,,0,0,0.1,0.03,4,0,0,1,,0,0,0.55,3,0,0.55,3,0,0,0,0,0.66,7,-0.66,6,5,1,83,2,0,5,3,4,3.57,11,8.44,54,22,0.05,18,37.21,20,50,5,9,56,4.64,8.21,6,33,4,50,5,1,44,39.81,14,15,9,43.78,15,34,5,33,1,0,0,138,81,9,49,50,16,13,18,77,-4,47.94,17,1.57,1.73,117,97,4.61,27,2,1,1,0,1,2,0,0,0,0,0,21,64,15,33,52,15,21.16,21.04,0.95,93,-0.11,20,19.53
Lewis Salmon,Alfreton Town,1581,Left Wing,Centre Attacking Midfielder,England,24,175,1,0,2.75,0.15,18,0,22,3,100,1.19,3,0.8,9,3,0.8,9,0,0,0,3,3.54,27,-0.54,11,6,5,55,32,1,32,39,5,2.89,14,9.43,307,116,0.01,73,56.19,48,81,19,24,76,11.09,13.98,21,33,6,40,41,0,267,147.22,60,67,19,59.31,176,66,60,90,1,0,0,233,63,15,21,63,17,21,31,55,-8,61.19,18,3.07,5.04,205,80,7.2,77,11,11,0,2,51,62,3,27,3,25,8,17,60,24,8,64,29,16.49,11.7,1.01,109,-4.79,16.67,12.76
Lewis Whitham,Worksop Town FC,1976,Left Wing,Left Midfielder,England,24,185,4,4,3.65,0.07,51,8,35,4,,4.12,4,2.16,23,3,2.09,22,1,0.06,1,8,5.8,74,2.2,62,37,25,60,10,0,50,75,11,7.59,10,7.79,445,201,0.01,122,51.45,114,196,30,41,64,22.94,30.53,25,38,17,28,23,0,390,296.48,101,82,30,52.68,203,52,70,85,6,0,0,558,65,34,21,44,24,63,30,63,-2,66.95,49,8.13,11.81,609,89,7.55,236,31,30,1,12,112,142,2,48,19,26,26,18,57,24,16,52,32,19.41,16.68,0.91,88,-2.73,17.73,14.62
Lewys Morgan Twamley,Merthyr Town FC,3145,Centre Attacking Midfielder,Right Wing,Wales,23,168,11,10,9.03,0.09,100,10,35,4,100,11.34,16,11.01,83,11,8.56,60,5,2.46,23,26,20.05,183,5.95,83,55,28,66,34,0,86,95,9,10.15,10,12.71,427,181,0.01,111,55.9,87,153,18,27,51,24.59,34.75,12,19,17,23,3,0,398,495.23,96,121,45,57.93,257,65,88,73,2,0,0,1143,73,90,84,43,32,187,20,71,-2,59.77,197,22.52,32.49,1234,91,7.14,396,70,42,28,28,136,178,15,7,14,25,42,19,66,15,23,65,11,19.91,16.25,0.89,100,-3.66,17.73,16.28
Lexus Beeden,Maidstone United,1819,Left Centre Back,Right Centre Back,England,26,191,0,0,0.89,0.07,12,0,17,0,,0.54,1,1.07,6,1,1.07,6,0,0,0,1,1.97,18,-0.97,12,8,4,67,18,0,5,10,23,21.98,161,139.99,192,95,0.06,112,25.21,35,362,25,48,100,23.78,45.77,16,100,0,71,110,0,151,139.74,62,34,15,31.1,27,18,12,35,5,0,0,737,66,92,18,49,178,172,17,53,-14,38.15,65,5.08,6.02,425,98,5.84,78,4,4,0,7,43,47,0,75,3,60,6,43,54,4,41,55,4,26.81,20.79,0.9,100,-6.03,24.12,20.87
Liam Brockbank,Fylde,1494,Left Back,Left Wing,England,25,173,0,0,0.29,0.06,5,0,0,0,,0,2,1.08,12,2,1.08,12,0,0,0,2,1.37,17,0.63,12,5,7,42,19,0,20,16,18,24.93,49,77.11,216,79,0.01,74,34.45,53,185,31,49,82,48.93,73.87,16,65,7,46,26,1,169,259.66,51,41,15,38.91,57,34,24,59,1,0,0,898,78,49,83,40,66,106,12,66,-13,48.5,80,7.37,7.87,738,97,4.27,210,10,10,0,1,11,21,0,40,4,15,2,30,57,13,30,50,20,20.13,19.1,0.9,91,-1.03,18.06,17.36
Liam Dulson,Maidenhead United,2933,Left Centre Forward,Left Wing,England,24,185,11,11,8.34,0.1,83,13,48,5,0,10.77,4,4.2,29,4,4.2,29,0,0,0,15,12.54,112,2.46,58,31,27,53,27,0,88,91,14,15.37,11,11.71,409,149,0.01,125,56.04,107,172,20,34,80,22.59,37.96,16,50,5,25,16,0,373,394.92,106,85,27,59.02,246,66,69,81,0,0,0,740,75,16,10,35,24,33,25,70,-5,65.31,85,13.26,20.58,813,87,7.83,321,26,26,0,18,186,212,2,50,23,31,49,11,64,25,11,58,31,15.14,15.21,0.91,92,0.06,13.82,14.03
Liam Hughes,Worksop Town FC,1285,Centre Forward,Left Centre Forward,Northern Ireland,24,193,7,5,4.51,0.13,36,14,36,5,67,5.91,1,1.92,17,1,1.92,17,0,0,0,6,6.43,53,-0.43,7,4,3,57,17,1,11,33,2,1.22,15,13.04,133,44,0.03,27,57.31,47,60,6,8,75,5.22,6.44,21,33,2,49,109,0,106,80.53,19,34,9,64.7,84,79,30,88,2,0,0,287,52,3,9,25,18,9,46,55,3,67.84,19,7.23,10.12,146,85,3.39,103,14,14,0,13,102,116,0,14,5,50,19,29,62,9,21,70,9,15.74,14.73,0.92,94,-1.01,14.47,13.8
Lincoln McFayden,Fylde,1447,Left Back,Left Wing Back,England,24,173,0,0,0.09,0.05,2,0,0,0,,0,2,1.37,16,2,1.37,16,0,0,0,2,1.47,18,0.53,12,5,7,42,4,1,18,21,17,22.57,45,54.75,198,88,0.05,75,30.56,39,133,21,38,64,25.37,47.94,14,25,12,50,19,0,163,215.99,46,29,11,35.66,45,28,19,66,3,0,0,782,79,39,80,45,66,66,14,69,-10,52.25,81,9.3,9.97,657,96,4.61,207,21,20,1,4,16,36,1,48,14,42,5,29,59,12,32,57,11,18.63,19.83,0.93,89,1.2,17.24,17.57
Lois Maynard,Radcliffe,1871,Centre Back,Left Centre Back,St. Kitts and Nevis,37,191,3,3,1.74,0.1,18,17,28,0,,2.48,1,0.09,4,1,0.09,4,0,0,0,4,1.83,22,2.17,5,4,1,80,22,0,8,8,22,17.59,121,106.25,140,71,0.07,86,23.73,78,289,24,46,75,21.12,38.71,9,36,8,67,57,1,107,96.06,39,18,8,30.87,20,19,8,44,2,1,1,518,69,50,11,42,137,102,18,60,-9,40.38,43,5.06,6.02,276,96,5.45,60,1,1,0,1,27,28,1,0,0,0,2,35,57,8,33,62,5,24.62,21.47,0.87,92,-3.15,21.41,19.69
Louie Annesley,Dorking Wanderers FC,1238,Left Centre Back,Centre Back,Gibraltar,26,193,1,1,1.01,0.14,7,14,14,0,,0.72,2,0.46,7,2,0.44,6,0,0.02,1,3,1.47,14,1.53,0,0,0,,8,0,3,5,14,16.93,47,55.2,139,51,0.09,59,24.61,46,219,9,23,56,12.85,29.78,16,25,7,72,58,0,114,142.1,41,24,6,28.77,15,13,9,38,2,0,0,571,75,52,61,49,62,91,16,63,-12,36.68,33,5.33,5.97,390,98,5.99,62,10,8,2,0,15,23,0,10,1,20,3,36,60,4,47,45,8,23.41,20.13,0.92,99,-3.29,21.64,19.97
Louie Holzman,Farnborough,1429,Right Centre Back,Centre Defensive Midfielder,England,22,186,2,2,0.8,0.07,11,18,45,1,,1.95,0,0.49,7,0,0.49,7,0,0,0,2,1.29,18,0.71,8,5,3,63,11,0,3,7,18,13.79,93,66.17,270,135,0.04,100,30.14,62,217,39,57,65,28.12,41.91,24,25,21,59,51,0,210,155.68,64,42,10,34.91,55,26,24,57,3,1,0,487,61,42,21,35,115,98,19,52,-9,45.35,58,3.64,4.57,323,98,5.01,82,7,7,0,1,23,30,1,29,2,15,1,38,54,7,35,59,6,24.82,23.19,0.83,83,-1.63,20.68,19.18
Louie McDonagh-Kudiabor,Chelmsford City,1023,Centre Forward,Right Centre Forward,England,,,1,1,2.62,0.14,19,5,21,4,,1.28,0,0.78,8,0,0.78,8,0,0,0,1,3.4,27,-2.4,7,1,6,14,20,1,17,39,0,0,10,10.78,218,61,0.02,46,66.02,34,50,7,7,70,8.1,8.1,17,67,3,31,44,0,194,201.04,41,50,13,68.1,158,81,45,90,1,0,0,181,57,1,22,13,12,6,40,55,-2,69.52,12,3.15,4.72,123,80,3.66,73,3,3,0,4,56,59,0,0,0,0,10,24,58,18,25,48,27,14.08,11.56,0.91,94,-2.52,12.77,10.83
Louis Britton,Weston-super-Mare AFC,2548,Centre Forward,Left Centre Forward,England,25,192,14,12,10.82,0.17,64,19,47,5,100,10.12,1,1.27,18,1,1.27,18,0,0,0,13,12.1,82,0.9,13,5,8,38,31,0,35,68,4,3.29,9,6.72,427,120,0.01,94,67.63,74,114,8,12,67,5.02,8.31,34,40,4,43,116,1,386,345.21,86,95,25,68.56,325,84,87,92,3,0,0,474,57,8,14,47,12,14,41,48,-9,63.03,31,11.95,18.15,283,82,4.87,142,9,9,0,8,130,139,1,11,3,43,14,21,61,18,18,58,24,15.17,14.72,0.94,93,-0.45,14.28,13.76
Louis Dennis,Torquay United,2253,Centre Forward,Centre Attacking Midfielder,England,33,186,12,12,6.64,0.14,47,26,51,3,0,10.05,4,4.11,31,4,4.11,31,0,0,0,16,10.75,78,5.25,41,28,13,68,20,1,52,74,5,5.57,23,26.41,425,151,0.02,121,60.7,69,120,24,29,67,29.6,35.18,28,25,12,34,36,0,375,424.09,108,113,39,64.53,283,75,95,84,2,0,1,668,75,23,16,48,31,40,28,64,-11,64.5,70,11.1,17.14,669,89,5.6,296,19,19,0,10,151,170,2,11,5,17,25,19,64,17,18,65,17,16.21,13.76,0.94,103,-2.45,15.26,14.12
Louis Lomas,Farnborough,1807,Left Centre Back,Right Back,England,25,193,0,0,0.58,0.06,10,0,20,0,,0.3,1,0.56,6,1,0.56,6,0,0,0,1,1.14,16,-0.14,4,2,2,50,6,0,6,7,20,18.79,118,106.16,184,84,0.04,84,23.22,65,333,21,41,75,19.72,38.5,7,63,7,62,74,1,156,143.12,46,24,3,25.31,18,12,9,38,1,0,0,695,67,42,22,36,136,100,18,56,-11,40.66,51,5.66,6.17,447,98,6.06,80,6,6,0,5,27,33,0,50,5,33,5,43,52,5,31,57,11,22.26,19.64,0.9,87,-2.61,20.04,17.14
Louis Lomas,Hemel Hempstead Town,707,Left Centre Back,Right Centre Back,England,25,193,0,0,0.27,0.07,4,0,0,1,,0,1,0.14,2,1,0.14,2,0,0,0,1,0.42,6,0.58,0,0,0,,8,0,0,0,1,0.16,44,33.56,80,36,0.04,41,22.49,23,134,8,9,80,4.14,4.3,1,50,2,58,31,0,71,58.39,29,14,5,25.49,9,13,3,21,0,0,0,203,62,14,29,40,50,29,25,59,-3,38.4,7,1.82,1.82,97,100,5.42,14,0,0,0,2,11,11,0,,1,50,2,40,54,6,43,50,7,23.31,18.41,0.94,95,-4.9,21.95,17.42
Louis Stephenson,Buxton,618,Right Back,Right Centre Back,England,20,,1,1,0.37,0.18,2,50,50,0,,0.98,1,0.72,2,1,0.72,2,0,0,0,2,1.09,4,0.91,4,2,2,50,5,0,7,3,9,12.79,23,32.17,85,28,0,34,32.28,25,72,10,19,83,14.26,27.04,4,33,2,62,16,0,73,93.41,25,20,7,37.33,21,29,12,60,0,0,0,287,74,27,14,45,30,53,13,65,-9,47.77,27,4.4,4.41,209,96,4.82,56,6,3,3,0,6,9,0,17,1,13,1,27,56,17,32,38,30,23.83,22.65,0.9,97,-1.18,21.44,21.87
Louis Storey,Dorking Wanderers FC,1801,Centre Back,Right Centre Back,England,32,191,0,0,0.4,0.08,5,0,20,0,,0.36,0,1.01,7,0,1.01,7,0,0,0,0,1.41,12,-1.41,0,0,0,,5,0,4,3,19,25,77,99.47,177,91,0.06,95,25.93,36,308,18,37,58,24.85,49.85,13,25,13,60,50,1,147,194.77,58,29,13,29.79,23,16,10,34,4,0,0,1011,75,126,13,50,121,210,14,57,-19,32.27,80,8.8,8.98,670,99,5.95,110,10,10,0,9,41,51,0,0,0,0,10,34,62,3,41,52,7,27.07,28.75,0.88,82,1.68,23.75,23.5
Luca Colville,Scarborough Athletic,1923,Centre Attacking Midfielder,Right Wing,England,27,185,3,2,2.52,0.09,29,7,31,1,100,2.1,3,2.69,26,2,2.22,24,1,0.47,2,5,5.21,55,-0.21,28,19,9,68,32,0,56,38,17,15.42,36,35.85,382,160,0.02,120,46.77,118,226,40,57,74,41.46,56.87,21,45,14,39,62,0,322,299.04,88,100,26,51.21,169,52,75,75,1,0,0,747,71,45,81,42,43,100,20,71,0,61.15,60,7.4,9.84,620,91,4.94,280,22,16,6,5,63,79,1,27,9,38,13,19,61,19,14,66,20,18.5,13.87,0.91,99,-4.63,16.87,13.8
Luca George Cocoracchio,Dover Athletic,3129,Centre Defensive Midfielder,Left Defensive Midfielder,England,24,188,1,1,1.47,0.11,13,8,31,0,,1.15,1,1.06,18,1,1.06,18,0,0,0,2,2.52,31,-0.52,6,4,2,67,22,0,18,17,36,24.15,157,107.15,568,273,0.04,233,33.67,282,720,63,99,79,44.76,68.91,23,40,17,63,173,1,482,339.85,157,125,44,38.5,138,29,69,55,6,0,0,1101,57,96,21,41,188,204,24,53,-4,48.04,128,8.98,10.01,470,98,4.29,228,22,21,1,3,34,55,3,14,5,38,5,46,49,5,36,58,6,22.97,18.58,0.91,93,-4.39,20.92,17.27
Luca Miller,Peterborough Sports FC,2248,Centre Attacking Midfielder,Left Centre Midfielder,England,,,10,10,7.5,0.15,50,20,56,3,,12.65,2,2.25,34,2,1.9,31,0,0.35,3,12,9.76,84,2.24,41,23,18,56,32,0,64,70,13,13.68,21,22.19,486,193,0.01,149,54.39,145,223,37,50,74,46.74,60.42,31,7,13,24,30,0,418,438.32,126,129,50,56.13,243,58,91,71,1,0,0,633,73,41,12,53,35,63,26,67,-6,59.61,69,14.04,17.77,578,87,5.88,223,11,9,2,13,105,114,1,9,3,19,21,19,62,19,15,70,15,18.12,15.12,0.97,100,-3,17.5,15.05
Luca Ty Thomas,Fylde,2318,Right Midfielder,Right Wing,England,21,182,11,10,8.92,0.11,80,13,41,4,100,11.16,7,5.91,31,7,5.83,30,0,0.08,1,17,14.83,111,2.17,47,27,20,57,50,1,62,74,14,19.76,11,15.66,498,220,0.01,156,55.27,78,136,50,64,69,71.55,91.31,32,29,22,40,25,0,419,593.13,124,129,43,56.89,262,63,95,74,3,0,0,807,78,51,72,66,30,58,24,69,-10,59.16,84,17.22,23.92,737,91,5.16,283,20,19,1,12,140,159,1,5,7,35,20,12,65,22,15,64,21,16.83,15.36,1,104,-1.46,16.76,16
Lucas Weaver,Chorley,370,Right Midfielder,Right Centre Forward,England,24,,2,2,0.63,0.13,5,40,40,4,,0.38,0,0.38,4,0,0.38,4,0,0,0,2,1.01,9,0.99,7,3,4,43,3,0,12,10,0,0,1,0.85,65,26,0,10,48.57,11,19,4,4,80,2.96,2.96,7,50,1,45,5,0,54,42.32,10,11,3,49.15,29,54,8,73,1,0,0,54,62,1,18,50,1,2,29,53,-9,70.5,5,0.78,1.47,48,79,7.88,23,4,4,0,6,24,28,0,25,4,57,7,22,62,16,17,78,4,16.15,13.53,0.98,118,-2.62,15.85,15.92
Luciano D'Auria-Henry,Farnborough,564,Right Back,Right Wing Back,England,23,178,0,0,0.13,0.07,2,0,100,1,,0.33,0,1.25,6,0,1.22,5,0,0.03,1,0,1.38,8,-1.38,9,4,5,44,3,0,9,12,7,6.51,13,10.47,109,46,0.03,42,36.56,13,55,18,25,72,14.08,20.59,6,36,7,25,4,1,85,75.92,27,24,10,41.79,34,40,17,71,1,0,0,149,62,9,26,38,16,21,13,60,-2,50.97,19,2.11,3.35,132,89,6.26,33,5,4,1,1,5,9,0,40,3,43,2,36,56,9,33,58,9,19.44,20.62,0.87,101,1.18,17,20.78
Luis Fernandez,Hampton & Richmond,381,Right Centre Back,,England,24,193,0,0,0.5,0.17,3,0,0,1,,0,0,0,0,0,0,0,0,0,0,0,0.5,3,-0.5,1,0,1,0,6,0,3,2,4,4.5,29,31.94,48,25,0.09,26,23.38,16,77,8,12,80,11.09,15.6,6,50,2,64,14,0,34,37.7,12,7,1,24.99,5,15,3,43,2,0,0,175,68,15,13,39,33,34,10,65,-3,38.45,19,0.7,0.7,115,99,4.99,21,0,0,0,1,5,5,0,,0,,2,35,59,5,29,67,5,24.23,22.72,0.89,95,-1.51,21.53,21.52
Luis Lacey,Macclesfield Town,1843,Left Back,Left Wing Back,England,21,175,1,1,0.62,0.05,13,8,23,0,,0.8,2,2.03,22,2,0.94,10,0,1.09,12,3,2.65,35,0.35,20,13,7,65,25,0,23,22,22,24.03,43,54.12,345,174,0.04,134,33.27,84,239,62,84,81,80.06,104.09,24,59,15,43,20,0,259,317.77,94,59,15,34.47,66,25,33,56,6,0,0,866,64,89,81,35,70,228,11,54,-10,51.54,105,6.26,6.75,702,96,4.16,181,31,16,15,3,20,36,0,13,7,19,4,37,52,11,38,51,11,23.64,20.65,0.84,93,-2.99,19.78,19.19
Luis Rose,Leamington FC,331,Centre Forward,Left Wing,England,27,,0,0,0.31,0.06,5,0,60,7,,0.39,0,0,0,0,0,0,0,0,0,0,0.31,5,-0.31,2,1,1,50,5,0,5,6,2,0.45,2,1.37,89,33,0,18,58.82,2,7,0,2,,0,0.45,5,,0,20,3,0,84,42.47,18,19,5,59.79,56,67,16,84,0,0,0,33,44,2,80,67,2,3,12,0,-44,47.76,2,0.13,0.33,26,77,3.17,4,0,0,0,0,8,8,0,,0,0,0,15,74,12,0,75,25,16.2,13.22,1.15,,-2.97,18.6,
Luke Baptiste,Dover Athletic,1626,Left Wing,Left Midfielder,England,23,188,2,2,3.26,0.13,26,8,35,3,0,3.36,3,2.23,20,1,1.34,11,2,0.89,9,5,5.49,46,-0.49,15,5,10,33,23,1,39,42,2,1.53,18,13.78,286,91,0.01,58,52.47,81,141,12,14,80,9.92,11.46,32,33,3,40,37,0,242,173.57,51,78,18,54.86,141,58,66,85,3,0,0,360,51,23,15,33,27,61,26,47,-4,63.87,43,5.62,7.65,285,83,7.05,98,31,7,24,8,66,73,1,16,10,31,11,26,60,14,22,60,17,20.22,17.31,0.88,98,-2.91,17.83,17
Luke Bennett,AFC Totton,423,Right Wing,Right Back,England,23,,0,0,0.28,0.05,6,0,67,3,,0.09,0,0.47,6,0,0.47,6,0,0,0,0,0.75,12,-0.75,4,4,0,100,2,0,6,12,1,0.37,6,5.74,63,23,0.03,15,44.83,15,31,2,3,50,3.21,3.57,5,0,2,50,9,0,56,58.65,12,19,6,48.48,28,50,15,79,0,0,0,108,67,13,16,54,11,19,16,45,-22,58.26,9,2.44,2.81,101,87,5.79,39,6,5,1,2,13,18,0,17,2,25,4,26,61,13,13,69,18,22.55,20.57,0.94,94,-1.98,21.27,19.25
Luke Brennan,Buxton,2689,Left Wing,Left Midfielder,England,24,180,10,8,6.96,0.17,41,20,37,2,100,7.78,9,5.98,59,3,3.82,37,6,2.17,22,17,12.94,100,4.06,39,19,20,49,18,0,55,89,15,21.4,22,23.91,379,191,0.01,102,46.07,94,183,30,45,64,29.08,50.48,25,38,17,33,16,0,324,383.92,86,80,22,48.69,154,48,56,70,2,0,0,788,63,99,15,46,47,191,18,62,-1,64.75,97,11.21,17.1,780,88,9.05,279,75,42,33,12,87,129,4,31,30,29,20,15,66,19,15,58,28,23.84,19.48,0.92,97,-4.36,21.85,18.84
Luke Burgess,Southport,1032,Left Wing,Left Midfielder,England,27,175,0,0,0.11,0.06,2,0,0,0,,0,0,1.32,19,0,1.16,17,0,0.16,2,0,1.43,21,-1.43,9,7,2,78,17,0,11,9,4,3.73,14,12.44,118,44,0.01,37,47.05,38,87,13,17,65,17.37,21.1,10,50,7,44,8,0,95,122.98,25,29,7,52.72,54,57,23,79,4,0,0,397,79,20,87,51,19,34,15,80,0,54.26,33,3.32,3.97,324,98,4.33,110,10,6,4,3,20,26,0,0,2,33,7,21,63,16,15,72,13,17.93,16.94,0.95,96,-1,17.03,16.3
Luke Coulson,Weston-super-Mare AFC,2288,Left Midfielder,Left Wing,England,32,179,7,5,2.53,0.06,44,11,32,2,100,2.37,6,7,48,4,4.45,30,2,2.55,18,11,9.53,92,1.47,31,21,10,68,14,0,50,42,16,14.35,14,13.04,294,110,0,103,47.28,97,192,18,34,56,15.64,29.99,14,32,14,36,21,0,264,257.84,84,68,18,49.42,132,50,54,79,4,0,0,875,69,91,8,42,24,206,19,73,5,61.61,126,10.73,15.7,801,95,7,294,73,43,30,10,61,104,2,25,22,30,12,16,67,17,19,62,19,22.5,16.6,0.89,101,-5.89,20.12,16.8
Luke Daley,Radcliffe,473,Left Wing Back,Left Midfielder,England,23,180,1,1,0.38,0.08,5,20,20,1,,0.02,1,0.65,4,1,0.62,3,0,0.03,1,2,1.03,9,0.97,3,1,2,33,2,0,8,7,4,3.54,13,13.08,56,23,0,19,35.53,21,42,8,12,73,7.98,11.51,4,25,3,25,2,0,46,36.9,12,4,0,42.39,17,37,4,100,0,0,0,168,77,14,72,45,15,29,13,67,-11,50.43,15,1.03,1.89,147,94,6.74,43,6,4,2,2,11,15,0,0,1,20,3,24,63,14,26,58,16,21.57,17.61,0.91,98,-3.96,19.67,17.25
Luke Duffy,Macclesfield Town,2027,Left Wing,Right Wing,England,27,,5,4,2.88,0.06,45,9,42,3,100,3.59,3,3.67,34,3,2.84,24,0,0.83,10,7,6.55,79,0.45,50,27,23,54,27,1,45,64,14,16.41,18,23.29,332,128,0.02,131,48.98,98,177,37,51,66,43.17,59.58,10,37,19,41,31,0,286,361.76,102,98,48,52.43,160,56,79,81,1,0,0,593,61,55,15,38,38,124,20,59,-2,63.65,67,8.92,12.56,564,89,5.87,219,41,18,23,7,77,95,0,12,12,24,13,22,64,15,18,61,21,21.35,17.41,0.86,93,-3.94,18.31,16.27
Luke Griffiths,Southport,1932,Right Defensive Midfielder,Left Defensive Midfielder,England,27,,1,1,0.76,0.05,14,7,43,0,,0.87,0,1.86,30,0,1.12,21,0,0.74,9,1,2.62,44,-1.62,17,12,5,71,11,0,23,12,16,15.42,53,59.6,297,137,0.03,90,35.58,144,346,34,50,77,34.37,49.79,24,50,10,63,27,1,239,237.44,61,63,16,41.72,77,32,36,57,7,0,0,1005,77,121,14,56,72,199,18,76,-1,48.98,103,8.13,8.56,760,98,5.04,176,24,10,14,2,10,20,0,17,6,30,2,24,65,11,31,63,6,23.23,18.21,0.93,98,-5.02,21.51,17.83
Luke Haines,Chippenham Town,3081,Right Centre Back,Centre Back,England,25,184,3,3,1.98,0.06,35,9,29,0,,1.97,0,1.84,13,0,1.68,10,0,0.16,3,3,3.81,48,-0.81,7,7,0,100,45,0,7,9,29,31.95,183,195.57,331,169,0.07,176,21.59,56,466,45,74,69,56.56,88.52,32,54,20,73,117,1,255,293.8,107,62,18,27.23,31,12,18,29,11,0,0,1667,76,216,7,48,219,414,12,62,-14,34.76,122,13.27,14.6,1263,99,4.54,131,19,11,8,8,61,72,2,26,5,16,9,31,64,5,48,46,6,26.8,22.08,0.89,93,-4.72,23.73,20.49
Luke Hall,Worksop Town FC,598,Right Wing,Right Midfielder,England,23,,0,0,1.56,0.16,10,0,10,3,,0.04,0,0.1,3,0,0.1,3,0,0,0,0,1.66,13,-1.66,12,7,5,58,9,0,14,23,6,1.78,2,1.22,136,68,0.01,45,47.13,31,48,21,27,84,9.74,11.52,6,50,4,35,6,0,112,67.86,36,33,11,50.44,58,52,27,82,0,0,0,165,65,13,78,65,3,19,21,67,2,62.58,19,2.83,3.2,176,87,5.73,60,5,4,1,0,13,17,0,20,1,8,2,16,66,18,17,65,18,18.17,15.35,1.02,110,-2.83,18.45,16.83
Luke Hall,Buxton,715,Right Wing,Left Midfielder,England,23,,0,0,0.88,0.1,9,0,33,2,,0.47,0,0.82,8,0,0.74,7,0,0.08,1,0,1.7,17,-1.7,19,10,9,53,9,0,14,29,7,3.37,9,8.58,139,65,0,37,48.67,33,58,15,22,83,16.6,19.97,8,50,3,27,4,0,116,132.26,32,20,0,52.2,65,56,13,65,3,0,0,230,77,20,66,63,14,27,16,73,-4,64.32,24,2.84,3.82,221,89,6.31,97,21,16,5,0,24,40,0,19,4,33,5,15,69,16,21,67,12,19.49,17.73,0.94,104,-1.76,18.24,18.51
Luke Holness,Slough Town FC,469,Centre Forward,Centre Attacking Midfielder,England,27,183,2,2,1.3,0.09,15,13,40,7,,2.19,1,0.53,5,1,0.53,5,0,0,0,3,1.82,20,1.18,6,6,0,100,8,0,17,10,0,0,1,0.33,84,23,0.02,16,68.81,28,34,2,2,67,0.67,0.67,5,0,1,16,8,0,77,47.08,15,20,3,70.23,70,91,16,80,0,0,0,77,59,5,14,100,5,1,35,62,4,65.55,9,2.04,2.66,84,77,5.42,31,1,1,0,2,27,28,2,100,2,50,3,21,61,18,13,74,13,16.98,19.16,1.13,122,2.18,19.17,23.38
Luke Hunter,Fylde,407,Centre Forward,Left Centre Forward,England,,,1,1,1.13,0.14,8,13,13,5,,0.96,0,0.72,9,0,0.72,9,0,0,0,1,1.85,17,-0.85,1,0,1,0,4,0,14,8,0,0,1,1.32,100,34,0,28,66.39,12,17,4,4,100,6.49,6.49,9,100,0,35,7,0,87,117.44,28,21,9,67.13,73,84,18,86,0,0,0,63,71,1,22,33,1,3,23,63,-9,62.7,8,1.86,3.08,65,82,5.27,25,1,1,0,3,19,20,0,0,0,0,3,10,68,22,0,84,16,13.59,10.58,0.93,106,-3.01,12.58,11.23
Luke Matheson,Macclesfield Town,908,Right Back,Right Wing Back,England,23,168,0,0,0.55,0.09,6,0,17,1,,0.09,2,2.6,12,2,2.45,11,0,0.15,1,2,3.15,18,-1.15,7,5,2,71,13,0,9,9,8,9.91,25,29.18,94,34,0.04,37,33.15,40,98,12,20,92,15.95,25.85,5,83,1,57,13,0,78,104.08,28,26,9,41.22,30,38,16,62,3,0,0,322,69,26,2,54,28,45,12,53,-15,59.64,30,2.44,4.35,246,95,4.72,97,15,9,6,6,31,40,0,40,10,37,8,25,63,12,16,67,16,19.52,17.34,0.94,79,-2.18,18.28,13.65
Luke Moore,Dorking Wanderers FC,1152,Centre Defensive Midfielder,Right Defensive Midfielder,England,38,181,0,0,0.38,0.06,6,0,17,0,,0.38,1,0.44,8,1,0.27,6,0,0.16,2,1,0.82,14,0.18,5,4,1,80,10,0,9,8,8,11.67,28,38.66,146,80,0.03,55,39.79,100,221,16,24,73,21.29,32.96,12,29,6,43,12,0,118,157.3,38,45,16,45.59,56,47,30,67,4,0,0,515,79,38,9,64,30,57,14,75,-4,47.08,66,6.78,6.89,333,98,5.97,100,8,5,3,1,8,13,1,0,0,0,2,23,68,9,32,64,4,19.96,15.79,0.97,102,-4.17,19.35,16.05
Luke Robertson,Hampton & Richmond,320,Left Defensive Midfielder,Centre Defensive Midfielder,England,29,,0,0,0.23,0.08,3,0,33,0,,0.03,0,0,0,0,0,0,0,0,0,0,0.23,3,-0.23,0,0,0,,2,0,3,0,3,2.18,10,8.61,35,10,0.04,17,36.91,30,53,5,8,83,4.02,6.2,2,100,1,29,4,0,28,25.54,9,11,5,47.09,14,50,9,82,0,0,0,132,81,4,16,44,12,7,16,76,-5,50.71,12,0.41,0.48,97,98,2.72,29,1,1,0,0,4,5,0,0,0,,1,22,60,18,28,62,10,17.09,14.6,0.91,78,-2.49,15.55,11.41
Luke Russe,Bath City,2705,Left Defensive Midfielder,Right Centre Midfielder,England,26,165,0,0,1.66,0.05,32,0,25,2,,1.5,4,2.68,26,4,2.03,21,0,0.65,5,4,4.34,58,-0.34,13,7,6,54,24,0,23,26,29,19.01,57,40.86,392,161,0.03,158,41.68,223,392,36,65,64,26.88,45.88,20,42,20,47,47,1,337,241.15,114,102,37,45.97,155,46,81,79,6,0,0,793,62,49,17,35,72,127,17,59,-3,55.81,95,5.11,7.44,490,94,3.28,209,34,21,13,7,45,66,1,12,8,24,14,30,58,12,32,60,8,20.95,18.7,0.88,93,-2.25,18.34,17.47
Luke Shaw,Leamington FC,612,Left Wing,Left Midfielder,England,30,178,0,0,1.97,0.16,12,0,17,4,,0.05,1,0.88,8,1,0.8,7,0,0.08,1,1,2.85,20,-1.85,5,4,1,80,5,0,9,8,3,0.79,2,0.93,68,37,0.01,16,45.01,28,46,2,5,40,1.2,2,2,50,3,37,7,0,64,33.69,14,10,2,44.32,23,36,7,70,0,0,0,124,55,3,10,18,3,16,22,56,1,62.25,13,2.35,3.57,94,90,7.88,38,11,8,3,2,26,34,0,18,3,38,2,25,63,12,21,66,13,19.8,15.08,0.88,107,-4.73,17.5,16.06
Luke Skinner,Weston-super-Mare AFC,588,Right Wing,Right Centre Forward,England,18,182,3,3,3.3,0.14,23,13,30,9,,2.49,0,0.73,3,0,0.73,3,0,0,0,3,4.03,26,-1.03,24,13,11,54,5,1,20,29,2,1.81,1,0.84,146,45,0.02,28,56.89,19,37,5,7,38,4.37,6.18,15,11,8,21,6,0,126,96.18,27,38,12,56.16,74,59,33,87,1,0,0,80,54,4,63,31,2,12,22,44,-10,65.08,15,4.58,4.98,119,73,11.28,24,2,2,0,5,43,45,0,0,3,30,7,18,67,14,8,79,13,17.28,14.41,0.82,90,-2.87,14.23,13
Luke Spokes,Kidderminster Harriers,909,Left Defensive Midfielder,Right Defensive Midfielder,England,25,182,2,2,0.81,0.05,15,13,33,2,,1.73,1,0.58,14,0,0.25,10,1,0.33,4,3,1.39,29,1.61,11,7,4,64,12,0,20,9,13,8.93,25,22.16,194,76,0.01,74,44.64,77,136,15,28,71,13.27,22.2,20,17,6,54,22,0,159,160.3,58,53,23,48.33,75,47,38,72,2,0,0,332,65,44,22,44,38,86,23,64,-1,55,59,2.7,3.21,236,93,4.52,100,12,7,5,0,11,18,1,8,2,18,1,26,65,9,30,62,8,24.22,19.84,0.88,86,-4.38,21.42,17.16
Luke Spokes,Weston-super-Mare AFC,745,Left Defensive Midfielder,Left Centre Midfielder,England,25,182,0,0,1.75,0.09,20,0,10,3,,0.28,1,0.72,6,1,0.72,6,0,0,0,1,2.47,26,-1.47,10,6,4,60,4,0,17,17,8,9.2,14,16.6,184,66,0.03,77,45.08,63,88,15,23,71,17.43,26.63,12,50,6,42,11,0,157,177.14,56,58,23,49.26,74,47,40,69,3,0,0,276,70,15,19,33,22,37,24,69,-1,56.15,29,2.93,4.39,223,91,4.43,75,2,1,1,1,19,20,0,50,2,25,1,26,66,9,17,80,3,21.64,19.25,0.89,99,-2.38,19.27,18.97
Luke Summerfield,Chorley,544,Left Defensive Midfielder,Centre Defensive Midfielder,England,38,183,0,0,0.2,0.04,5,0,20,1,,0,0,0,0,0,0,0,0,0,0,0,0.2,5,-0.2,5,3,2,60,2,0,2,4,6,3.2,10,13,59,32,0.07,31,35.08,47,97,4,10,67,3.02,6.22,3,67,2,57,8,0,52,36.39,21,8,2,39.82,16,31,5,63,1,0,0,247,73,43,11,61,20,61,13,66,-7,48.9,39,1.92,1.92,174,99,4.74,46,5,3,2,0,3,6,0,0,0,0,0,27,63,10,41,57,2,24.63,25.54,0.93,93,0.91,22.99,23.72
Luke Tabone,Southport,899,Right Centre Back,Left Centre Back,Malta,28,193,0,0,0.01,0.01,1,0,0,0,,0,0,0.05,1,0,0.05,1,0,0,0,0,0.06,2,-0.06,0,0,0,,4,0,0,2,14,21.09,74,98.88,75,46,0.05,44,22.09,15,127,16,30,76,21.16,42.26,6,67,5,68,42,0,53,73.46,19,8,2,29.95,9,17,3,38,1,0,0,459,80,30,13,42,84,61,9,58,-22,32,16,1.71,1.71,315,99,5.78,21,0,0,0,2,7,7,0,,0,0,2,27,69,4,29,57,14,23.01,23.02,0.9,93,0.01,20.72,21.38
Luke Waterfall,Worksop Town FC,2406,Right Centre Back,Centre Back,England,35,188,3,3,2.34,0.13,18,17,44,0,,2.99,0,0.93,5,0,0.89,4,0,0.04,1,3,3.27,23,-0.27,4,4,0,100,15,0,3,4,41,30.01,221,165.98,265,136,0.09,145,24.65,59,386,34,75,71,24.21,54.22,22,30,14,67,150,0,209,166.77,83,49,20,30.81,39,19,24,49,5,0,0,679,62,48,11,36,235,121,22,58,-5,37.3,46,6.48,7.48,285,99,4.77,62,2,2,0,8,62,64,0,50,1,33,10,44,51,5,52,45,3,23.83,17.46,0.88,97,-6.37,21.08,16.99
Luke Woolston,South Shields,1046,Right Defensive Midfielder,Centre Defensive Midfielder,England,21,177,1,1,0.41,0.03,12,8,25,1,,0.41,0,0.56,8,0,0.53,7,0,0.03,1,1,0.98,20,0.02,8,2,6,25,10,0,20,22,15,20.78,26,35.3,164,71,0.01,63,39.72,49,130,19,34,59,27.35,48.13,6,19,13,39,7,0,139,192.68,46,55,21,43.34,53,38,29,53,1,0,0,630,84,32,8,56,38,45,20,85,2,49.32,60,8.19,8.83,525,96,5.47,135,12,11,1,2,18,29,0,17,2,29,4,21,65,13,27,63,10,18.9,18.38,0.94,90,-0.52,17.81,16.59
Lyle Taylor,Chelmsford City,1936,Centre Forward,Left Centre Forward,Montserrat,36,188,13,9,6.73,0.13,52,17,42,4,80,6.59,3,2.89,32,3,2.64,28,0,0.25,4,12,9.62,84,2.38,8,5,3,63,23,2,30,60,4,3.5,15,15.2,265,91,0.03,68,64.67,73,100,5,9,100,5.42,8.93,26,,0,41,32,0,235,215.63,61,57,18,69.23,199,85,53,93,5,0,0,448,63,19,11,44,25,33,26,58,-5,66.5,25,9.17,14.58,363,89,4.24,164,22,18,4,21,158,176,2,23,8,24,31,21,62,18,21,59,20,16.55,14.37,0.91,95,-2.18,15.11,13.67
M.Achuba,Hemel Hempstead Town,1898,Left Defensive Midfielder,Centre Attacking Midfielder,England,24,,0,0,1.45,0.1,15,0,20,1,,1.47,1,0.98,11,1,0.68,10,0,0.3,1,1,2.44,26,-1.44,31,21,10,68,35,0,30,32,15,11.97,46,38.67,481,227,0.01,149,43.82,156,274,59,74,82,43.48,55.45,28,54,13,47,43,0,396,318.4,120,116,42,46.44,172,43,81,70,2,0,0,560,67,38,3,49,58,66,23,63,-4,56.56,77,6.58,7.64,428,90,6.17,161,12,12,0,1,19,31,0,8,1,17,6,27,62,11,26,61,12,20.55,17.27,0.97,107,-3.29,19.98,18.47
M.Atkinson,Hampton & Richmond,945,Centre Defensive Midfielder,Left Defensive Midfielder,England,27,,0,0,0.03,0.01,2,0,50,0,,0,0,0.32,8,0,0.32,8,0,0,0,0,0.35,10,-0.35,1,1,0,100,3,0,8,2,13,12.24,14,13.2,230,134,0.03,90,38.39,59,133,30,43,77,25.9,38.14,15,54,9,48,10,0,185,172.54,67,57,23,40.95,63,34,31,54,4,0,1,388,81,16,17,42,21,31,25,86,5,46.15,32,1.08,1.2,301,98,4.58,84,5,5,0,0,8,13,1,0,0,0,1,24,67,9,24,71,5,18.96,17.11,0.93,98,-1.85,17.63,16.73
M.Atkinson,Salisbury,753,Left Defensive Midfielder,Centre Defensive Midfielder,England,27,,1,1,0.29,0.06,5,20,40,1,,0.08,0,0.27,5,0,0.27,5,0,0,0,1,0.56,10,0.44,1,1,0,100,7,0,3,1,10,11.71,15,18.77,153,80,0.03,58,42.02,37,88,23,33,79,29.99,41.69,8,40,6,40,6,0,123,159.64,39,32,12,43.89,52,42,26,81,2,0,0,333,86,21,14,75,22,21,19,78,-9,50.1,40,3.91,4.15,270,99,6.38,90,5,4,1,0,11,15,0,20,1,33,1,27,64,10,29,63,8,18.22,17.43,0.98,94,-0.79,17.82,16.47
M.Booth,Peterborough Sports FC,1423,Right Centre Forward,Left Centre Forward,England,27,174,5,5,4.3,0.13,34,15,32,6,,4.31,1,1.17,10,1,1.17,10,0,0,0,6,5.47,44,0.53,16,5,11,31,7,0,25,39,0,0,3,2.63,257,82,0.02,76,66.24,44,67,10,10,59,10.8,10.8,11,22,7,26,30,0,237,264.55,68,65,25,67.21,190,80,58,89,2,0,0,234,64,10,13,63,6,13,39,63,-1,62.88,23,7.44,9.91,226,85,4.43,82,12,11,1,5,69,80,0,17,3,30,6,25,56,19,22,57,21,16.27,13.92,0.96,93,-2.35,15.61,12.9
M.Carter,AFC Totton,565,Centre Defensive Midfielder,Right Defensive Midfielder,England,34,182,0,0,0.04,0.02,2,0,0,1,,0,0,0,0,0,0,0,0,0,0,0,0.04,2,-0.04,5,5,0,100,8,0,3,0,11,10.03,32,26.95,101,44,0.07,35,32.2,46,104,10,21,53,8.43,18.47,10,11,9,68,19,0,81,75.64,26,32,10,37.29,20,25,14,44,2,0,0,231,70,25,10,63,34,38,16,57,-13,46.51,28,2.66,2.66,130,99,3.73,40,2,2,0,0,0,2,0,0,0,0,0,30,59,11,43,55,3,21.9,14.8,0.98,108,-7.1,21.54,15.95
M.Lewis,Hemel Hempstead Town,1864,Centre Forward,Centre Attacking Midfielder,England,21,,12,12,8.86,0.18,48,25,48,5,,8.49,3,4.17,26,3,4.17,26,0,0,0,15,13.03,74,1.97,30,16,14,53,27,0,46,89,3,2.73,4,3.18,361,112,0,101,70.77,74,86,10,13,77,10.09,12.81,31,0,3,29,30,0,320,288.31,95,79,25,71.62,276,86,73,92,0,0,0,340,72,11,16,65,9,12,30,72,0,69.74,29,9.44,16.97,385,78,5.12,160,15,13,2,17,136,149,3,27,6,33,24,21,61,19,18,61,21,14.29,12.54,1.01,99,-1.75,14.37,12.43
Mackenzie Heaney,Spennymoor Town,2572,Left Wing Back,Right Wing,England,27,184,2,2,1.18,0.05,24,8,38,1,,2.34,3,3.2,29,2,2.57,21,1,0.63,8,5,4.38,53,0.62,35,24,11,69,16,0,62,46,24,16.15,62,52.49,391,180,0.01,133,39.9,99,259,24,48,67,20.97,37.12,29,50,12,37,29,0,339,275.19,103,59,19,43.67,122,36,33,56,3,0,0,975,66,85,85,41,93,175,19,64,-2,54.59,123,11.27,14,859,93,5.49,266,46,36,10,3,39,75,7,28,17,23,7,26,57,16,27,52,21,22.2,20.15,0.88,91,-2.04,19.54,18.26
Makai Welch,AFC Hornchurch,1134,Left Back,Right Back,England,20,181,0,0,0.25,0.05,5,0,80,1,,0.68,0,0.15,2,0,0.15,2,0,0,0,0,0.4,7,-0.4,22,13,9,59,26,0,34,42,10,9.21,40,39.97,275,113,0.06,93,37.39,55,160,27,37,84,29.33,38.54,14,20,5,53,16,1,236,240.24,73,73,24,39.5,73,31,49,67,1,0,1,372,74,26,15,60,46,37,12,63,-11,50.94,50,5.63,5.72,354,87,5.8,95,8,8,0,2,21,29,1,0,2,22,7,29,56,15,19,63,18,19.34,17.56,0.96,103,-1.78,18.63,18.12
Malachi Linton,AFC Totton,1124,Centre Forward,Left Centre Forward,England,25,182,2,2,4.34,0.13,34,6,38,8,0,3.85,1,1.75,12,1,1.75,12,0,0,0,3,6.09,46,-3.09,5,2,3,40,11,0,15,17,2,2.02,5,4.89,182,52,0.01,58,64.79,30,42,7,9,70,5.1,7.12,10,25,3,23,9,0,166,175.2,54,50,16,66.21,129,78,46,92,1,0,0,174,66,6,10,46,8,10,30,71,5,66.39,20,3.55,9.28,170,89,6.94,69,9,9,0,5,85,94,0,44,5,31,10,15,62,23,10,70,20,16.29,14.32,0.92,91,-1.97,15.02,13.05
Malachi Ogunleye,Salisbury,1805,Right Defensive Midfielder,Centre Defensive Midfielder,Nigeria,19,,0,0,0.27,0.04,6,0,33,0,,0.85,0,0.15,3,0,0.15,3,0,0,0,0,0.42,9,-0.42,13,8,5,62,20,0,27,19,28,27.56,36,35.51,446,201,0.03,174,38.3,155,297,60,88,74,67.31,94.87,25,30,21,41,23,0,361,397.12,139,147,54,40.75,128,35,79,54,4,0,0,707,74,21,14,29,45,63,23,72,-2,50.37,78,5.63,5.73,534,96,4.75,148,12,12,0,2,11,23,4,8,3,60,3,33,59,8,36,61,3,18.99,16.71,0.89,97,-2.28,16.96,16.13
Malakai McKenzie,Southport,1220,Right Wing,Right Midfielder,England,22,174,5,5,2.08,0.06,34,15,41,4,,4.17,2,2.03,21,2,1.9,20,0,0.13,1,7,4.11,55,2.89,25,13,12,52,10,0,27,32,6,7.22,1,1.49,147,65,0,47,48.5,35,64,17,23,77,19.29,26.5,9,0,5,20,4,0,121,142.72,36,31,12,49.79,57,47,23,74,3,0,0,323,78,7,83,33,4,18,29,73,-5,59.12,40,4.13,6.53,356,91,7.64,113,17,16,1,5,40,56,1,35,7,24,6,15,68,17,21,60,19,17.43,16.12,0.94,95,-1.31,16.36,15.35
Maliq Anthony Cadogan,Peterborough Sports FC,487,Left Centre Midfielder,Left Midfielder,England,22,179,2,2,0.89,0.07,13,15,38,3,,0.81,0,0.25,4,0,0.25,4,0,0,0,2,1.14,17,0.86,6,4,2,67,2,0,4,8,1,1.48,4,3.89,90,49,0.03,31,46.31,28,43,6,7,60,6.7,8.17,7,0,4,0,0,0,77,82.5,21,24,5,51.06,40,52,18,75,1,0,0,200,74,17,10,44,9,34,17,84,10,63.29,36,3.64,4.16,182,96,6.18,81,5,4,1,1,22,26,0,40,2,13,1,17,70,14,22,63,15,21.93,19.48,0.93,108,-2.46,20.32,21.03
Marcel Oakley,Peterborough Sports FC,2195,Right Back,Right Wing Back,England,23,175,1,1,1.19,0.12,10,10,40,1,,1.91,0,2.52,13,0,2.52,13,0,0,0,1,3.71,23,-2.71,24,19,5,79,26,0,37,29,31,34.29,54,66.27,462,194,0.01,168,34.37,96,273,85,116,89,98.22,132.51,29,62,11,44,39,0,353,402.39,118,88,35,36.42,101,29,57,65,4,0,0,877,74,47,7,51,71,75,15,64,-11,52.79,91,10.74,13.44,754,95,6.24,225,24,22,2,4,34,56,1,33,10,26,7,26,59,15,21,56,23,18.75,18.37,0.93,99,-0.38,17.45,18.19
Marcus Poscha,Curzon Ashton FC,1473,Right Centre Back,Centre Back,England,29,180,0,0,0,,0,,,0,,0,0,0.49,3,0,0.49,3,0,0,0,0,0.49,3,-0.49,0,0,0,,4,0,1,1,19,13.55,68,54.41,144,61,0.1,69,24.84,14,183,17,36,71,11.01,24.56,11,45,7,45,25,1,116,83.25,40,26,9,29.64,18,16,10,38,2,0,0,580,81,81,19,55,81,133,11,64,-16,31.82,30,5.11,5.11,402,100,4.24,33,2,2,0,2,7,9,1,0,1,100,2,31,66,3,55,45,0,27.36,23.78,0.9,90,-3.58,24.59,21.3
Marcus Sablier,Tonbridge Angels FC,1225,Centre Attacking Midfielder,Left Centre Midfielder,England,23,195,1,1,1.06,0.09,12,8,17,1,,1.06,6,3.33,27,4,2.67,19,2,0.66,8,7,4.39,39,2.61,18,14,4,78,16,0,22,28,9,5.22,12,11.37,259,123,0,77,47.3,62,117,16,25,67,11.31,16.52,14,30,8,23,7,0,229,204.43,64,71,21,49.25,106,46,46,65,1,0,0,491,72,30,8,44,16,64,17,67,-5,59.63,49,4.88,7.34,424,94,4.23,169,26,18,8,5,22,40,4,8,5,24,7,22,58,20,20,57,22,20.01,15.2,0.93,94,-4.81,18.56,14.34
Mark Beck,Alfreton Town,719,Centre Forward,Centre Attacking Midfielder,Scotland,32,196,3,2,0.77,0.06,13,15,23,2,100,1.36,2,1.04,10,2,1.04,10,0,0,0,4,1.82,23,2.18,5,2,3,40,6,1,10,28,2,1.5,13,8.42,117,49,0.04,24,55.99,29,39,2,4,67,0.84,2.34,8,50,1,57,89,0,107,54.86,21,22,5,61.46,79,74,15,68,0,0,0,218,55,4,83,50,15,6,45,49,-6,65.44,13,2.58,3.61,98,81,3.49,70,6,6,0,10,59,65,0,0,1,50,11,22,65,13,13,70,17,15.22,14.95,1,97,-0.27,15.21,14.57
Mark Ellis,Chorley,2419,Right Centre Back,Left Centre Back,England,37,188,2,2,4.42,0.14,32,6,31,0,,3.06,1,1.37,8,1,1.37,8,0,0,0,3,5.8,40,-2.8,1,1,0,100,35,1,6,5,37,25.62,214,181.29,192,95,0.09,114,23.6,76,458,24,61,65,17.27,42.89,25,35,13,67,144,0,143,96.16,56,33,12,28.17,14,10,11,33,5,0,1,764,55,86,14,39,241,195,21,47,-8,38.68,56,10.42,14.8,293,99,4.46,80,8,8,0,11,127,135,0,0,1,13,16,45,49,6,41,55,4,27.75,21.05,0.9,98,-6.69,24.9,20.68
Mark Jones,Peterborough Sports FC,675,Right Centre Forward,Left Centre Forward,England,36,191,0,0,2.67,0.17,16,0,31,4,,2.13,0,0.26,5,0,0.26,5,0,0,0,0,2.93,21,-2.93,4,3,1,75,8,0,12,21,6,3.96,6,5.15,95,32,0.01,24,65.21,22,36,4,10,80,3.98,7.94,10,67,1,46,50,0,81,80.16,19,25,8,68.96,69,85,23,92,3,0,2,203,61,2,12,29,6,7,35,49,-12,63.04,12,4.04,4.64,121,92,4.48,65,3,3,0,5,43,46,0,33,2,40,8,21,65,14,12,72,15,15.2,13.2,0.97,95,-2,14.71,12.53
Martell Taylor-Crossdale,Tonbridge Angels FC,685,Centre Forward,Left Wing,England,26,185,0,0,1.09,0.14,8,0,38,2,,0.15,2,0.69,7,2,0.69,7,0,0,0,2,1.78,15,0.22,3,3,0,100,7,0,13,11,2,1.86,2,2.56,118,51,0,30,55.42,12,38,6,8,67,7.33,9.19,10,25,3,13,3,0,102,97.61,26,15,3,57.02,63,62,11,73,3,0,0,178,75,3,10,27,3,10,31,75,0,55.51,10,1.08,3.12,162,93,5.54,47,2,2,0,1,20,22,2,100,2,17,1,9,61,30,13,60,28,14.94,12.48,0.91,100,-2.46,13.54,12.54
Martin Woods,Worksop Town FC,736,Left Defensive Midfielder,Left Centre Midfielder,Scotland,40,175,0,0,0.59,0.07,8,0,50,1,,0.13,2,0.53,4,2,0.53,4,0,0,0,2,1.13,12,0.87,6,2,4,33,6,0,8,7,5,4.28,17,11.57,155,89,0.02,50,41.01,57,107,18,23,62,10.96,15.24,14,43,11,61,14,0,124,84.09,34,25,7,43.9,44,35,15,60,2,0,0,261,69,16,67,38,23,36,16,71,2,53.44,17,1.83,2.33,170,95,3.62,57,9,5,4,1,13,18,0,22,2,40,3,26,63,11,25,68,7,19.81,19.89,0.9,104,0.09,17.82,20.72
Mason Bloomfield,Farnborough,1903,Centre Forward,Centre Attacking Midfielder,England,29,191,5,5,5.57,0.17,33,15,42,2,,3.88,2,0.63,11,2,0.63,11,0,0,0,7,6.2,44,0.8,20,10,10,50,4,0,53,77,6,6.4,47,37.56,340,129,0.03,93,54.62,69,108,20,26,67,16.84,23.25,31,23,10,41,103,0,289,232.29,71,93,30,63.12,211,73,82,88,0,0,0,452,68,10,9,48,48,20,38,64,-4,61.11,37,7.56,10.99,373,80,4.41,142,5,5,0,3,80,85,1,20,1,33,7,21,60,19,15,61,23,14.64,12.86,0.97,96,-1.78,14.27,12.4
Mason O'Malley,Worksop Town FC,2970,Left Back,Left Wing Back,England,24,170,0,0,0.41,0.06,7,0,29,0,,0.07,2,2.1,26,2,1.83,23,0,0.26,3,2,2.51,33,-0.51,9,4,5,44,13,0,15,19,53,35.58,97,71.53,498,264,0.03,190,35.01,145,347,64,117,61,50.97,86.55,20,33,41,49,48,0,414,320.28,139,98,40,38.69,137,33,63,64,2,0,0,922,59,120,76,41,132,260,13,47,-12,51.07,153,8.17,10.26,579,97,4.28,215,34,23,11,8,38,61,1,41,22,29,6,39,52,8,40,49,11,24.61,21.35,0.89,93,-3.27,21.82,19.9
Mat Richards,Hereford FC,1099,Left Defensive Midfielder,Right Defensive Midfielder,England,21,177,0,0,0.19,0.06,3,0,33,0,,0.07,0,0.31,4,0,0.31,4,0,0,0,0,0.5,7,-0.5,8,5,3,63,2,0,10,10,10,11.07,24,24.84,308,152,0.03,103,39.82,90,162,23,33,79,26.77,37.84,19,67,6,46,16,0,267,258.03,85,74,25,42.08,94,35,36,49,1,0,0,432,79,35,25,65,36,42,18,69,-10,51.29,54,5.75,6.13,290,96,4.55,107,5,5,0,1,9,14,2,20,1,33,1,24,65,11,22,69,8,20.44,19.73,0.98,103,-0.72,19.96,20.38
Matt Bowman,Bath City,1074,Left Defensive Midfielder,Left Centre Midfielder,Switzerland,23,,3,3,1.8,0.13,14,21,21,1,,1.87,1,0.92,9,1,0.92,9,0,0,0,4,2.71,23,1.29,16,7,9,44,28,0,17,32,9,7.26,29,27.41,344,161,0.03,116,43.92,101,195,42,51,84,32.49,39.75,21,43,8,45,52,0,281,215.07,89,71,30,47.38,129,46,53,75,5,0,0,376,62,10,16,24,38,32,28,57,-5,54.22,34,4.61,4.77,257,88,5.33,83,6,6,0,2,25,31,3,0,0,0,4,39,52,9,30,59,11,19.19,16.34,0.92,90,-2.85,17.74,14.71
Matt Briggs,Salisbury,1571,Right Wing Back,Right Wing,England,30,180,2,2,1.99,0.1,20,10,45,2,,2.11,3,2,16,3,1.6,12,0,0.4,4,5,3.99,36,1.01,19,9,10,47,16,0,17,45,9,8.76,12,13.95,234,99,0.01,79,49.06,50,107,23,32,62,23.19,31.95,11,18,14,42,33,0,201,204.64,56,48,14,50.23,101,50,39,81,0,0,0,371,65,17,15,38,15,42,21,55,-9,60.77,21,5.64,7.74,311,89,5.23,105,14,7,7,5,45,52,4,0,1,7,8,22,63,15,15,64,21,18.39,15.54,0.9,97,-2.85,16.49,15.05
Matt Burgess,Eastbourne Borough,383,Right Centre Midfielder,Centre Defensive Midfielder,England,23,186,1,1,0.54,0.27,2,50,100,1,,1.55,1,0.61,4,1,0.61,4,0,0,0,2,1.15,6,0.85,3,0,3,0,8,0,8,9,1,1.35,3,2.87,106,41,0.02,36,49.6,10,25,6,7,86,6,7.35,3,100,1,30,7,0,97,86.95,30,30,11,51.22,48,49,20,67,0,0,0,89,79,1,27,33,4,2,29,79,-1,54.16,11,1.54,2.1,70,91,5.44,25,3,3,0,1,7,10,1,33,1,25,2,11,68,21,12,84,4,16.99,13.12,0.97,109,-3.88,16.46,14.29
Matt Burgess,Worthing FC,871,Centre Attacking Midfielder,Left Attacking Midfielder,England,23,186,0,0,0.63,0.06,10,0,40,2,,0.69,0,0.27,8,0,0.16,7,0,0.11,1,0,0.9,18,-0.9,7,2,5,29,12,1,21,23,3,4.17,5,7.36,224,88,0.01,92,53.29,28,58,25,28,89,37.59,41.75,13,40,3,37,7,0,186,256.63,76,53,25,54.83,109,59,37,70,2,0,0,254,83,9,26,64,7,12,24,83,0,54.4,27,3.26,3.56,243,88,5.13,74,6,5,1,1,31,36,0,0,0,0,3,17,64,18,24,59,16,16.1,15.18,0.99,106,-0.92,15.89,16.04
Matt Jay,Torquay United,1435,Centre Attacking Midfielder,Left Wing,England,30,178,3,3,3.43,0.15,23,13,48,2,,3.93,2,1.42,18,2,1.37,17,0,0.05,1,5,4.85,41,0.15,9,1,8,11,7,0,19,26,8,10.65,15,19.48,216,93,0,71,57.58,65,115,11,19,58,11.33,21.98,6,22,8,38,14,0,201,228.93,60,59,24,60.36,137,68,48,81,0,0,0,446,78,18,17,53,21,28,22,68,-10,59.16,46,6.43,10.4,366,93,4.56,174,18,16,2,7,64,80,1,6,4,44,14,23,58,19,25,56,19,16.49,15.4,0.95,98,-1.09,15.72,15.09
Matt Lench,Chesham United FC,1460,Left Defensive Midfielder,Right Centre Midfielder,England,33,177,3,2,3.24,0.12,26,8,19,1,100,2.77,0,0.84,13,0,0.68,11,0,0.16,2,2,4.07,39,-2.07,12,6,6,50,19,0,22,16,24,25.99,37,35.56,285,136,0.02,121,41.95,131,277,30,54,71,33.95,59.94,18,39,12,53,31,0,237,260,86,81,29,45.2,94,40,48,59,4,0,0,686,77,60,16,55,47,100,19,66,-11,50.11,73,4.84,7.66,524,96,5.51,150,24,17,7,2,29,46,1,13,3,27,4,23,61,16,28,61,11,20.59,16.84,0.94,104,-3.75,19.38,17.59
Matt Preston,Hereford FC,1451,Left Centre Back,Centre Back,England,31,183,0,0,0.78,0.1,8,0,25,0,,0.25,0,0.41,4,0,0.41,4,0,0,0,0,1.19,12,-1.19,2,2,0,100,9,0,6,3,15,14.21,90,88.04,123,57,0.06,69,23.14,29,202,19,34,79,22.7,36.9,19,60,5,66,46,0,85,83.35,36,17,6,28.18,8,9,7,41,3,1,0,466,75,45,11,55,104,68,17,65,-10,34.26,16,5.39,5.98,265,99,4.94,23,1,1,0,4,25,26,0,0,1,50,5,32,65,3,26,61,13,23.42,20.05,0.93,102,-3.37,21.73,20.46
Matt Robinson,Maidenhead United,2816,Left Defensive Midfielder,Left Centre Midfielder,England,31,188,2,2,2.33,0.06,39,5,18,1,,2.34,2,2.38,44,2,2.27,41,0,0.11,3,4,4.71,83,-0.71,27,16,11,59,32,0,25,32,29,30.6,49,56.38,553,259,0.03,226,41.01,266,499,71,100,66,74.97,105.57,23,33,37,58,45,0,461,487.32,166,149,57,43.02,165,36,84,56,5,0,0,1517,79,71,48,49,69,125,19,73,-6,54.08,217,15.56,16.6,1180,97,4.73,480,28,25,3,3,47,72,4,18,5,38,13,31,59,10,34,59,7,19.3,18.25,0.95,95,-1.05,18.29,17.26
Matt Stenson,AFC Telford United,1723,Centre Forward,Left Centre Forward,England,32,188,15,13,11.36,0.15,76,17,36,9,50,11.41,0,0.69,11,0,0.69,11,0,0,0,13,12.05,87,0.95,29,19,10,66,23,2,44,65,6,6.63,17,15.48,295,115,0.02,65,62.81,44,68,6,12,55,6.65,13.28,35,17,5,36,58,2,254,232.07,58,58,17,67.8,214,84,51,88,10,0,0,269,62,23,9,61,24,31,41,55,-6,60.45,30,8.74,16.21,300,81,6.04,81,9,9,0,5,155,164,1,11,2,25,10,19,65,15,17,63,20,18.98,15.08,0.98,102,-3.91,18.66,15.34
Matt Worthington,Torquay United,2069,Right Defensive Midfielder,Left Defensive Midfielder,England,28,179,1,1,1.06,0.07,15,7,27,1,,1.03,1,0.89,12,1,0.87,11,0,0.02,1,2,1.96,27,0.04,7,3,4,43,14,0,14,19,17,18.86,52,70.41,300,142,0.05,124,39.91,137,281,22,39,73,27.07,45.92,31,42,8,53,38,0,247,296,93,73,32,43.79,94,38,47,64,3,0,0,1025,79,84,6,53,63,149,14,77,-2,50.65,116,8.93,9.58,780,98,5.31,249,21,17,4,2,26,43,2,24,6,33,4,25,64,11,29,56,15,21.39,16.77,0.92,92,-4.62,19.59,15.49
Matthew Dolan,Spennymoor Town,2122,Left Defensive Midfielder,Centre Back,England,33,175,0,0,1.05,0.05,23,0,22,1,,1.25,1,2.02,22,0,0.88,10,1,1.15,12,1,3.07,45,-2.07,11,9,2,82,31,0,12,11,18,16.29,65,58.7,210,106,0.03,104,35.04,112,288,26,44,70,23.46,39.76,11,29,11,65,52,0,174,148.66,69,57,21,40.21,54,31,26,46,3,0,0,812,74,69,80,43,85,141,17,68,-6,48.63,81,7.98,8.28,533,98,3.81,157,23,7,16,2,12,19,1,26,7,25,2,24,61,15,29,65,6,21.98,17.74,0.89,86,-4.24,19.51,15.32
Matthew Harris,Merthyr Town FC,1541,Left Centre Back,Centre Back,Wales,37,,1,1,0.69,0.11,6,17,17,0,,0.86,0,0.11,3,0,0.11,3,0,0,0,1,0.8,9,0.2,3,2,1,67,4,0,1,5,11,11.29,89,112.46,128,61,0.1,88,20.48,21,188,15,26,63,19.53,30.82,11,33,9,61,33,0,102,136.94,50,26,14,26.37,12,12,4,15,4,0,0,1024,89,73,17,62,105,102,11,71,-18,30.38,24,8.78,9,871,100,4.63,32,1,1,0,0,14,15,2,0,0,0,2,23,73,4,31,66,3,21.69,20.62,0.95,94,-1.06,20.56,19.31
Matthew James,Salisbury,1450,Centre Forward,Left Centre Forward,England,36,176,2,2,4.01,0.11,35,6,34,3,,2.32,2,1.89,22,2,1.89,22,0,0,0,4,5.9,57,-1.9,9,6,3,67,30,0,27,44,4,3.45,8,6.37,178,62,0.03,48,56.99,65,92,10,14,59,8.93,12.38,31,22,7,34,36,0,137,139.65,39,37,10,60.88,95,69,33,89,3,0,0,431,69,16,17,48,13,28,25,62,-6,61.45,33,4.07,8.5,368,90,4.72,136,12,12,0,4,70,82,1,0,0,0,12,13,68,18,14,69,17,16.13,13.4,0.95,97,-2.72,15.35,12.95
Matthew McClure,Chesham United FC,743,Right Centre Forward,Left Centre Forward,Northern Ireland,34,178,2,2,3.06,0.18,17,12,35,3,,2.94,0,0.23,4,0,0.23,4,0,0,0,2,3.29,21,-1.29,2,1,1,50,1,0,8,22,2,1.79,1,1.22,163,49,0,39,62.29,34,47,5,7,42,5.08,6.87,21,29,7,52,25,0,140,134.32,36,38,11,62.32,99,71,28,74,0,0,0,147,70,8,64,67,5,8,31,57,-14,58.62,12,3.23,3.94,116,81,4.07,43,5,5,0,1,35,40,2,20,1,33,4,21,63,16,28,58,14,16.04,15.47,1.03,100,-0.56,16.46,15.46
Matthew McDonald,Marine,1321,Centre Attacking Midfielder,Left Centre Midfielder,England,23,185,4,4,3.59,0.13,27,15,37,4,,6.5,3,1.2,16,3,1.2,16,0,0,0,7,4.79,43,2.21,20,12,8,60,12,0,25,41,10,5.93,16,10.47,342,148,0.03,104,49.39,77,132,23,33,72,17.54,23.47,36,50,9,30,17,0,283,202.94,84,87,29,51.96,165,58,66,76,3,0,0,300,60,25,15,58,26,33,25,51,-9,61.89,45,6.09,8.36,275,86,7.22,107,10,10,0,5,60,70,1,10,2,20,12,29,58,14,21,64,16,19.25,18.12,0.98,94,-1.13,18.9,17
Matthew Sargent,Radcliffe,1781,Right Defensive Midfielder,Right Centre Midfielder,Wales,24,184,1,1,1.61,0.08,21,5,10,1,,0.26,1,1.07,16,1,1.05,15,0,0.02,1,2,2.69,37,-0.69,15,9,6,60,20,0,21,30,10,6.68,29,21.93,374,187,0.02,132,42.7,134,249,31,41,74,26.64,33.31,20,39,11,51,38,0,323,265.1,107,89,38,45.24,128,40,64,72,6,1,0,656,74,44,14,52,41,73,21,75,2,54.8,103,6.16,7.58,476,94,7.09,191,13,12,1,1,32,44,0,23,3,25,5,30,61,10,32,63,5,19.34,18.12,0.95,100,-1.22,18.36,18.06
Matthew Warren,Tonbridge Angels FC,2344,Right Defensive Midfielder,Left Defensive Midfielder,England,,,1,1,0.82,0.07,11,9,18,1,,0.33,0,0.29,5,0,0.29,5,0,0,0,1,1.11,16,-0.11,9,6,3,67,9,0,20,17,28,20.32,67,47.63,593,290,0.04,215,36.27,140,319,68,96,80,45.81,66.13,35,50,17,47,43,0,493,341.76,159,129,42,38.61,131,27,59,46,4,0,0,756,69,35,18,33,90,82,18,67,-2,48.45,62,4.45,4.74,521,97,5.45,155,12,12,0,2,24,36,0,17,2,13,1,29,55,16,25,55,19,20.52,21.05,0.89,93,0.53,18.35,19.57
Mauro Vilhete,Hemel Hempstead Town,691,Left Wing,Right Wing,England,33,174,2,2,1.14,0.08,14,14,36,3,,1.55,0,1.11,14,0,0.9,10,0,0.21,4,2,2.25,28,-0.25,9,3,6,33,5,0,18,29,5,4.54,8,6.43,127,56,0,35,44.04,34,49,15,20,75,15.06,19.6,7,55,5,42,27,0,106,102.69,30,33,8,46.63,47,44,20,61,2,1,0,192,64,11,19,42,11,23,28,62,-2,65.17,19,2.05,3.03,176,83,4.6,70,16,12,4,5,29,41,1,19,5,28,7,24,63,13,27,60,13,19.03,14.05,0.92,101,-4.98,17.52,14.12
Max Bardell,Buxton,2243,Right Centre Back,Right Back,England,23,180,2,2,1.12,0.09,13,15,46,0,,0.99,1,1.17,10,1,1.17,10,0,0,0,3,2.29,23,0.71,27,14,13,52,26,0,26,24,20,22.59,152,194.8,269,112,0.08,124,28.15,73,339,41,61,87,45.14,67.73,31,57,6,67,93,1,197,231.58,70,55,15,36,52,26,30,55,6,1,0,1118,74,101,8,45,185,191,14,58,-16,40.54,129,8.14,9.15,889,97,7.45,153,18,13,5,4,32,45,0,11,3,19,5,36,58,6,48,42,10,24.15,23.8,0.89,85,-0.35,21.58,20.19
Max Benjamin Ram,Leamington FC,702,Right Centre Back,,England,25,191,1,1,0.38,0.08,5,20,60,0,,1.05,0,0.83,2,0,0.83,2,0,0,0,1,1.21,7,-0.21,0,0,0,,6,0,1,2,14,6.51,66,33.99,67,26,0.07,31,25.42,8,94,6,20,55,3.35,9.86,11,50,5,73,38,0,50,33.18,19,13,6,32.93,8,16,5,38,1,0,0,152,63,9,22,29,71,26,24,65,2,31.59,4,1.99,2.08,52,96,4.71,10,0,0,0,2,14,14,0,,0,,2,42,52,7,40,50,10,24.15,21.89,0.82,72,-2.26,19.93,15.87
Max Brogan,Leamington FC,857,Centre Attacking Midfielder,Right Centre Midfielder,England,24,186,3,3,1.04,0.05,23,13,35,3,,1.37,0,0.55,11,0,0.36,8,0,0.19,3,3,1.59,34,1.41,10,6,4,60,4,0,15,20,6,5.27,7,5.49,212,96,0.01,61,48.63,85,112,12,18,71,10.39,15.66,13,38,5,33,9,0,187,144.67,51,50,12,50.45,97,52,42,84,5,0,0,276,76,20,24,54,12,32,20,67,-9,61.79,35,2.74,3.29,240,92,5.72,100,11,4,7,1,18,22,0,18,3,38,5,17,68,15,14,72,14,18.24,14.12,0.95,98,-4.11,17.38,13.83
Max Edward Taylor,Fylde,2526,Right Centre Back,Centre Back,England,26,188,1,1,1.89,0.16,12,8,25,0,,1.11,0,0.67,8,0,0.64,7,0,0.03,1,1,2.56,20,-1.56,2,1,1,50,11,0,4,7,21,29.17,191,289.99,307,140,0.08,179,26.07,34,320,51,72,86,77.56,106.73,37,56,8,71,94,1,219,326.29,99,55,26,32.36,42,19,19,35,6,0,0,1718,83,177,12,53,238,287,14,71,-12,35.95,132,15.13,17.21,1353,100,6.18,144,3,2,1,3,28,30,3,33,1,33,4,33,63,3,47,51,3,24.82,22.92,0.89,82,-1.9,22.07,18.68
Max Ehmer,Ebbsfleet United,1475,Centre Back,Left Centre Back,Germany,34,188,0,0,0.55,0.14,4,0,0,0,,0,0,0.44,4,0,0.44,4,0,0,0,0,0.98,8,-0.98,0,0,0,,10,0,3,4,18,21.63,117,132.63,124,55,0.05,61,24.67,22,186,14,32,74,16.03,37.66,10,33,5,67,49,1,101,111.34,31,14,4,28.77,16,16,8,57,2,0,0,519,77,46,24,49,139,72,18,58,-19,35.75,21,2.29,2.99,349,98,6.04,32,4,4,0,1,22,26,1,0,0,,5,33,63,4,34,59,6,24.42,25.2,0.91,89,0.77,22.26,22.36
Max Howells,Darlington,1424,Right Wing Back,Left Wing Back,England,21,180,3,3,1.76,0.07,26,12,31,4,,1.39,1,2.12,12,1,2.12,12,0,0,0,4,3.89,38,0.11,17,9,8,53,39,0,27,29,14,10.99,22,19.28,301,128,0.02,105,42.01,70,136,38,52,78,35.39,46.38,15,21,11,50,11,0,251,222.73,82,58,17,44.8,101,40,46,79,1,0,0,327,64,11,26,34,27,27,20,57,-7,62.26,40,6,8.29,332,89,6.64,129,21,21,0,3,45,66,0,57,13,33,3,26,58,15,21,57,22,18.98,15.38,0.95,112,-3.6,18.11,17.27
Max Hunt,Alfreton Town,2769,Left Centre Back,Centre Back,England,27,198,2,2,1.81,0.08,24,8,29,0,,2.44,2,1.18,8,2,1.18,8,0,0,0,4,2.99,32,1.01,2,2,0,100,6,0,2,2,29,15.46,272,160.97,224,113,0.06,115,22.15,70,420,25,54,71,14.6,30.07,24,29,10,70,128,2,175,101.84,66,27,11,29.23,29,17,10,37,4,0,0,758,56,109,32,39,314,237,21,48,-8,36.79,57,5.51,6.86,375,99,4.77,83,2,2,0,10,84,86,2,0,0,0,13,46,48,6,46,43,11,30.86,24.38,0.86,93,-6.49,26.68,22.73
Max Jollife,Salisbury,445,Left Centre Midfielder,Left Defensive Midfielder,England,20,,0,0,0,,0,,,0,,0,0,0.07,3,0,0.07,3,0,0,0,0,0.07,3,-0.07,0,0,0,,4,0,6,3,0,0,20,19.86,118,50,0,45,45.48,42,76,19,19,63,19.82,19.82,9,15,11,37,10,0,90,78.96,30,36,14,51.61,47,52,26,72,1,0,0,152,61,5,27,23,24,18,19,63,3,54.33,19,0.87,0.88,103,95,5.27,36,2,2,0,0,3,5,0,50,1,13,0,34,52,14,25,61,14,20.25,18.97,0.82,94,-1.28,16.64,17.91
Max Kretzschmar,Hampton & Richmond,384,Left Centre Midfielder,Left Defensive Midfielder,England,32,174,0,0,0.56,0.07,8,0,25,2,,0.3,0,0.24,4,0,0.2,3,0,0.05,1,0,0.8,12,-0.8,2,2,0,100,9,0,9,5,3,3.17,4,4.55,51,19,0.04,22,49.85,40,52,6,9,55,5.19,8.36,2,17,5,43,9,0,43,41.89,18,15,7,54.19,24,56,11,73,0,0,0,153,62,11,21,46,5,23,19,58,-4,59.17,16,1.18,1.56,103,91,3.22,44,8,3,5,0,17,20,0,38,3,27,0,27,65,8,27,66,7,19.32,13.51,0.92,113,-5.8,17.68,15.27
Max Wilson,Chorley,1457,Right Defensive Midfielder,Centre Attacking Midfielder,England,19,,1,1,0.86,0.05,17,6,29,1,,0.84,0,0.64,8,0,0.64,8,0,0,0,1,1.49,25,-0.49,11,8,3,73,17,0,26,22,15,13.62,26,24.37,360,166,0.02,113,45.61,152,241,35,50,70,31.36,44.98,18,38,15,54,47,0,307,236.01,88,88,24,47.01,132,43,58,66,2,0,0,514,62,19,17,31,42,45,28,60,-2,57.32,65,6,6.77,335,93,6.14,141,12,11,1,2,38,49,0,25,3,21,5,29,58,13,26,62,13,18.97,18,0.92,94,-0.97,17.45,16.92
Maxwell Mullins,Eastbourne Borough,1254,Right Centre Forward,Left Centre Forward,England,24,180,1,1,2.92,0.13,22,5,41,3,,1.73,3,1.38,11,3,1.38,11,0,0,0,4,4.3,33,-0.3,11,6,5,55,13,0,28,39,3,4.7,8,10.3,266,96,0.01,72,66.36,40,56,12,15,86,15.57,20.27,11,0,2,30,23,0,243,277.44,69,71,23,68.38,203,84,64,90,1,0,0,229,61,10,13,50,10,18,31,59,-2,63.99,17,3.57,6.93,185,82,5.42,78,6,6,0,5,76,82,0,17,3,38,13,22,60,19,14,60,26,17.4,14.14,0.98,98,-3.26,17.04,13.83
Maxx Manktelow,Ebbsfleet United,404,Right Centre Back,Left Attacking Midfielder,England,,,1,1,1.53,0.26,6,17,67,1,,1.36,0,0.38,2,0,0.38,2,0,0,0,1,1.91,8,-0.91,0,0,0,,0,0,2,4,1,0.76,12,16.6,75,39,0,21,44.19,20,49,3,4,27,4.2,4.96,3,0,8,65,17,0,69,79.92,14,16,5,49.27,37,54,10,63,0,0,0,208,69,21,4,64,15,30,17,57,-12,49.9,33,2.64,3.42,135,99,6.27,56,7,7,0,0,8,15,1,57,4,40,1,35,61,4,52,45,4,22.8,17.32,0.93,100,-5.48,21.24,17.24
Michael  Duckworth,Scarborough Athletic,1052,Right Back,Left Centre Back,England,34,181,0,0,0.02,0.01,2,0,50,0,,0.01,0,0.15,4,0,0.13,3,0,0.02,1,0,0.17,6,-0.17,9,7,2,78,11,0,7,4,11,8.84,46,40.06,112,46,0.05,42,25.45,41,162,17,28,81,13.89,22.73,3,70,4,64,18,0,92,76.65,24,14,4,31.97,20,22,8,57,1,0,0,394,72,37,9,45,50,78,11,67,-5,46.37,57,3.46,3.56,299,99,4.17,75,10,6,4,0,2,8,0,10,1,13,1,38,53,9,43,49,8,22.06,16.59,0.85,91,-5.47,18.72,15.13
Michael Afuye,Radcliffe,2356,Right Wing Back,Right Midfielder,England,25,173,5,5,2.25,0.05,47,11,34,3,,1.82,8,5.11,40,5,3.64,30,3,1.47,10,13,7.36,87,5.64,82,54,28,66,42,1,86,72,17,14.39,24,18.7,516,217,0,145,48.58,116,230,52,69,73,50.37,64.77,32,41,19,32,15,0,435,392.57,121,98,33,49.36,209,48,76,78,1,0,0,649,59,23,67,21,32,102,19,57,-2,64.59,83,6.48,12.21,697,88,8.94,211,52,32,20,12,81,113,2,33,29,28,19,21,66,13,21,58,21,19.32,15.58,0.83,97,-3.74,15.96,15.11
Michael Clunan,King's Lynn Town FC,2768,Right Defensive Midfielder,Centre Defensive Midfielder,England,32,177,2,1,0.95,0.05,19,5,26,1,50,1.72,1,2.12,34,1,1.12,19,0,1,15,2,3.06,53,-1.06,6,5,1,83,42,0,13,9,43,51.06,89,100.12,458,197,0.07,187,35.58,192,430,60,103,72,70.76,121.82,42,36,23,53,38,0,356,406.49,121,92,35,39.76,112,31,54,59,6,0,0,1189,77,122,10,53,106,215,12,70,-8,50.29,164,10.96,11.41,787,98,3.95,277,35,17,18,1,14,31,2,14,5,26,4,23,71,7,26,70,4,23.18,19.54,0.93,95,-3.65,21.59,18.49
Michael Gash,Peterborough Sports FC,602,Centre Back,Right Centre Back,Germany,39,177,0,0,0.21,0.07,3,0,33,1,,0,0,0.43,6,0,0.43,6,0,0,0,0,0.64,9,-0.64,0,0,0,,1,0,4,2,12,8.8,39,29.22,44,27,0.04,32,27.42,12,103,5,17,56,3.78,12.58,0,20,4,67,28,2,39,34.08,14,6,1,32.87,9,23,3,50,1,0,0,197,63,22,14,42,43,49,20,64,1,41.74,24,1.12,1.61,88,98,4.09,36,5,5,0,3,15,20,0,0,1,50,4,40,50,10,39,53,8,26.69,19.51,0.9,97,-7.18,23.89,18.93
Michael Gyasi,King's Lynn Town FC,874,Right Centre Forward,Left Centre Forward,Germany,26,177,7,7,5.86,0.19,31,23,45,10,,5.79,1,0.89,10,1,0.89,10,0,0,0,8,6.75,41,1.25,19,11,8,58,10,0,26,40,0,0,6,6.63,127,44,0,36,65.47,31,44,5,5,83,5.63,5.63,21,50,1,11,2,0,101,114.75,33,23,9,67.47,81,80,22,96,1,0,0,99,64,0,20,0,6,1,34,59,-5,68.37,10,4.56,8.74,151,69,7.34,42,2,2,0,5,70,72,0,0,1,25,9,15,68,17,10,76,14,13.67,12.14,1.05,98,-1.53,14.38,11.86
Michael Gyasi,Kidderminster Harriers,301,Right Centre Forward,Right Wing,Germany,26,177,0,0,0.35,0.07,5,0,0,5,,0,1,0.54,4,1,0.54,4,0,0,0,1,0.88,9,0.12,3,2,1,67,1,0,12,9,0,0,0,0,49,20,0,17,72.72,13,15,2,2,100,2,2,5,,0,7,1,0,42,32.31,17,13,5,74.91,39,93,13,100,0,0,0,40,71,0,19,0,0,1,44,67,-4,74.1,3,0.77,1.19,42,83,5.55,22,2,2,0,4,20,22,0,50,2,50,7,2,73,24,5,64,32,13.41,10.86,0.93,101,-2.55,12.47,10.94
Michael Kelly,Chester,666,Left Back,Right Back,Scotland,28,181,0,0,0.14,0.05,3,0,33,0,,0.13,1,1.33,21,0,0.55,9,1,0.78,12,1,1.47,24,-0.47,1,1,0,100,2,0,4,1,2,2.63,24,26.05,53,23,0.02,16,26.56,28,79,9,11,90,12.55,15.18,6,0,1,38,8,0,38,49.93,5,8,2,34.92,12,32,2,25,2,0,0,321,67,51,83,40,32,118,9,59,-8,53.56,47,2.57,3.32,263,99,2.93,82,21,7,14,0,2,9,0,10,2,10,0,30,59,11,24,60,16,25.97,22.69,0.87,96,-3.29,22.57,21.69
Michael Parker,Hereford FC,844,Left Centre Back,Left Wing Back,England,21,,1,1,0.39,0.08,5,20,20,0,,0.45,0,1.27,11,0,1.14,9,0,0.13,2,1,1.66,16,-0.66,10,8,2,80,16,0,8,8,7,6.8,41,45.08,108,42,0.04,49,34.52,32,127,13,20,81,12.19,18.99,2,40,3,52,12,1,93,77.86,33,23,9,42.75,34,37,10,43,0,0,0,361,71,46,85,46,52,88,14,60,-11,43.4,51,4.29,5.32,310,97,9.72,56,17,12,5,1,5,17,0,29,6,35,2,34,60,6,38,55,7,24.9,20.42,0.89,108,-4.48,22.21,22.04
Michael Smith,Weston-super-Mare AFC,2342,Right Back,Right Wing Back,Northern Ireland,37,180,0,0,0.51,0.09,6,0,0,0,,0,7,3.05,31,7,3.05,31,0,0,0,7,3.56,37,3.44,16,11,5,69,7,0,11,14,17,14.39,74,67.12,225,101,0.02,107,28.04,93,259,33,50,75,28.43,42.83,10,65,11,55,21,0,183,162.45,62,41,13,32.6,34,19,20,49,3,0,0,953,70,104,19,41,109,216,13,58,-12,51.94,135,8.64,9.84,698,98,4.59,264,35,34,1,4,26,60,1,37,15,33,7,35,55,10,31,55,14,23.37,25.22,0.87,88,1.84,20.24,22.2
Mickey Parcell,Enfield Town FC,720,Right Defensive Midfielder,Centre Defensive Midfielder,England,30,,1,1,0.91,0.23,4,25,75,1,,1,1,0.49,5,1,0.37,4,0,0.12,1,2,1.41,9,0.59,7,3,4,43,4,0,4,12,12,6.74,25,12.77,133,64,0.06,42,35.51,47,98,18,30,67,10.09,16.83,5,25,9,57,13,0,110,56.79,28,27,9,40.54,34,31,19,70,1,0,2,217,53,15,30,28,32,47,16,42,-11,52.77,23,2.2,3.18,136,92,5.09,36,4,2,2,2,13,15,0,50,2,29,5,40,51,9,39,58,3,23.29,21.85,0.81,58,-1.43,18.8,12.71
Mike Calveley,Chorley,2650,Left Defensive Midfielder,Right Defensive Midfielder,England,26,178,4,4,2.6,0.1,26,15,38,2,,3.7,2,2.39,22,2,2.35,21,0,0.04,1,6,4.98,48,1.02,7,5,2,71,31,0,23,32,25,17.46,56,56.19,448,204,0.04,167,41.74,187,362,52,77,75,43.54,61.01,36,46,17,53,78,1,360,288.74,119,92,38,45.31,149,41,68,74,7,0,0,696,68,35,11,42,74,66,25,67,-2,53.53,47,10.6,12.25,399,91,4.86,140,12,12,0,14,92,104,3,25,5,45,23,29,61,10,18,71,11,19.25,17.17,0.94,93,-2.08,18.18,16.04
Milan Lalkovič,Chorley,1315,Left Midfielder,Right Midfielder,Slovakia,33,174,2,0,0.82,0.04,20,0,40,2,100,0.3,2,2.78,20,2,2.47,16,0,0.31,4,2,3.6,40,-1.6,19,13,6,68,20,1,29,29,6,6.31,14,14.96,194,74,0,62,47.59,122,198,16,22,80,11.53,17.84,13,56,4,39,21,0,166,142.37,49,45,17,50.19,85,51,36,80,0,0,1,476,66,18,22,37,28,35,26,56,-9,63.24,49,6.81,7.67,428,92,7.14,170,29,25,4,6,41,66,0,34,13,29,13,23,61,16,22,59,18,17.9,17.21,0.91,86,-0.69,16.33,14.86
Miles Welch-Hayes,Maidenhead United,1247,Right Centre Back,Left Back,England,29,180,1,1,0.31,0.15,2,50,50,0,,0.84,0,0.14,3,0,0.14,3,0,0,0,1,0.45,5,0.55,6,3,3,50,6,0,11,7,8,8.1,45,48.95,171,84,0.05,72,31.03,48,167,23,31,79,22.57,30.66,8,62,6,55,24,0,140,143.14,52,36,15,36.38,42,30,22,61,0,0,0,532,66,38,7,31,61,105,12,48,-18,48.68,77,3.67,3.76,427,97,5.11,114,12,10,2,0,8,18,0,33,4,17,0,42,51,7,41,54,5,24.28,24.12,0.85,80,-0.16,20.61,19.26
Miro Pais,Leamington FC,1672,Centre Attacking Midfielder,Centre Forward,Portugal,24,180,1,1,0.95,0.06,17,6,24,2,,0.81,1,0.5,13,1,0.47,12,0,0.03,1,2,1.45,30,0.55,22,11,11,50,53,1,50,67,9,2.84,22,14.78,367,158,0.01,76,48.91,69,130,28,37,80,13.94,16.78,39,46,7,23,50,0,305,192.2,63,69,23,50.24,151,50,49,71,5,0,0,326,58,10,8,36,27,23,33,49,-9,59.39,31,3.99,4.77,328,82,5.75,94,3,3,0,2,59,62,1,67,3,18,8,26,60,14,18,68,14,17.89,14.35,0.96,104,-3.54,17.23,14.96
Mitch Beardmore,Bath City,958,Left Midfielder,Left Centre Midfielder,England,21,167,1,1,0.82,0.07,12,8,25,2,,0.89,0,0.88,14,0,0.56,10,0,0.33,4,1,1.7,26,-0.7,16,11,5,69,32,0,21,21,11,8.94,22,14.58,211,89,0.02,72,40.78,80,133,18,29,72,14.47,23.42,6,42,7,38,18,0,187,145.38,51,43,10,43.41,75,40,29,67,1,0,0,292,64,17,85,35,29,41,18,53,-12,62.3,31,4.04,4.5,247,90,5.01,100,15,9,6,7,22,31,1,20,6,50,6,27,58,15,25,57,18,20.82,18.31,0.88,108,-2.51,18.4,19.79
Mitchell Hancox,Spennymoor Town,949,Left Defensive Midfielder,Right Defensive Midfielder,England,32,178,1,1,0.22,0.03,8,13,38,1,,0.13,1,1.09,11,1,1.09,11,0,0,0,2,1.32,19,0.68,5,5,0,100,12,0,8,4,12,7.78,25,19.53,291,151,0.05,93,38.06,64,143,36,48,78,25.36,33.14,18,23,10,59,24,1,237,156.33,64,68,20,41.21,81,34,36,53,3,0,0,343,72,22,66,47,32,40,20,66,-5,48.95,34,3.76,4.4,219,97,3.77,61,7,6,1,2,5,11,0,14,1,20,2,27,59,14,36,59,5,19.4,15.55,0.92,97,-3.85,17.79,15.06
Mitchell Roberts,Hereford FC,466,Left Centre Back,,England,25,184,0,0,0.02,0.02,1,0,0,0,,0,0,0.03,1,0,0.03,1,0,0,0,0,0.05,2,-0.05,1,1,0,100,1,0,3,0,4,3.26,29,26.64,36,19,0.03,23,25.32,8,38,4,8,80,1.85,5.11,3,100,1,22,2,0,29,31.79,16,7,4,31.24,4,14,3,43,3,0,0,170,78,12,86,38,32,29,10,67,-11,39.48,20,1.81,1.83,138,99,7.29,26,2,2,0,0,0,2,0,50,1,33,0,36,59,5,46,50,4,23.94,24.96,0.86,92,1.01,20.62,22.89
Mitchell Weiss,Chesham United FC,1968,Left Centre Forward,Left Attacking Midfielder,England,32,181,7,7,4.82,0.13,36,19,44,3,,6.7,0,2.4,27,0,2.4,27,0,0,0,7,7.23,63,-0.23,28,15,13,54,16,0,46,62,12,11.49,32,32.64,473,157,0.03,141,58.08,119,178,27,39,69,26.88,38.37,23,25,12,45,132,0,424,426.67,115,131,46,61.51,305,72,114,87,3,0,0,623,63,20,22,54,42,27,36,55,-8,62.11,39,11.46,15.16,421,87,5.14,196,22,22,0,21,136,158,2,0,4,25,26,25,61,14,21,66,13,15.42,14.59,1,104,-0.83,15.37,15.12
Mohammad Dabre,Salisbury,1140,Right Centre Midfielder,Right Midfielder,Italy,23,168,0,0,1.33,0.09,15,0,33,2,,0.94,1,0.58,7,1,0.58,7,0,0,0,1,1.91,22,-0.91,17,12,5,71,30,0,23,35,6,6.85,9,10.84,377,144,0,127,46.47,84,150,37,43,66,42.23,49.08,26,47,19,22,12,0,314,375.06,105,105,36,47.51,152,48,71,68,5,1,0,374,79,18,77,75,14,19,26,73,-6,57.81,44,4.56,5.5,399,89,6.17,126,5,5,0,2,30,35,1,20,2,17,5,18,66,16,14,72,13,17.89,15.78,1.01,98,-2.11,18.11,15.44
Mohammed Sagaf,Eastbourne Borough,1097,Left Defensive Midfielder,Right Defensive Midfielder,Tanzania,28,177,1,1,0.68,0.05,13,8,23,2,,0.88,0,0.73,11,0,0.67,9,0,0.05,2,1,1.4,24,-0.4,12,7,5,58,14,0,14,16,15,17.33,20,21,156,63,0.04,53,39.71,73,154,17,32,81,21.43,38.76,12,50,4,43,17,1,127,144.69,37,37,16,41.03,45,35,19,51,2,0,0,339,75,24,18,55,28,36,24,70,-4,53.16,41,1.92,2.59,266,93,4.76,101,6,5,1,2,15,20,1,17,1,25,4,27,60,13,20,70,10,20.61,18.64,0.95,99,-1.97,19.63,18.49
Momodou Touray,Southport,1174,Left Centre Midfielder,Centre Attacking Midfielder,Wales,26,180,1,1,1.54,0.09,18,6,28,2,,0.57,1,0.45,10,1,0.45,10,0,0,0,2,1.99,28,0.01,20,12,8,60,30,0,16,30,4,4.87,11,13.64,215,81,0,65,49.67,38,80,12,16,63,16.38,21.25,23,33,7,21,10,0,183,229.4,57,51,20,51.64,96,52,38,75,0,0,0,322,79,21,13,64,17,27,30,76,-3,58.3,41,2.99,4.34,337,93,5.45,126,8,8,0,3,21,29,0,0,1,50,10,20,64,16,19,69,12,17.06,14.64,0.98,101,-2.42,16.71,14.78
Montel Agyemang,Horsham FC,478,Right Defensive Midfielder,Centre Defensive Midfielder,England,29,175,0,0,0.18,0.06,3,0,0,0,,0,0,0,0,0,0,0,0,0,0,0,0.18,3,-0.18,0,0,0,,4,0,4,6,7,5.38,15,14.23,73,36,0.05,35,38.54,22,54,8,15,89,8.73,14.12,2,80,1,45,5,0,63,66.35,25,16,3,42.71,17,27,8,50,1,0,0,137,67,10,19,42,16,23,11,53,-14,44.14,7,2.2,2.36,79,91,4.71,17,0,0,0,0,5,5,0,,0,,0,30,56,14,41,53,6,22.67,17.27,0.91,99,-5.4,20.57,17.18
Morgan Charles Williams,King's Lynn Town FC,2383,Left Defensive Midfielder,Left Centre Midfielder,Wales,21,183,3,3,2.7,0.09,31,10,39,1,,2.99,6,4.05,39,6,3.31,29,0,0.74,10,9,6.75,70,2.25,14,10,4,71,39,0,41,34,25,30.45,29,34.57,476,204,0.02,184,43.75,151,291,53,78,77,60.71,91.16,29,36,16,52,37,1,394,461.51,142,122,50,46.81,183,46,80,66,3,0,0,1188,77,75,15,55,39,127,16,70,-8,57.15,184,11.64,15.31,976,96,6.34,414,49,35,14,7,51,86,2,18,13,41,8,21,67,12,23,67,9,19.91,16.83,0.96,96,-3.08,19.14,16.21
Morgan James Lewis,Merthyr Town FC,632,Left Back,Right Back,Wales,21,178,1,1,0.26,0.04,6,17,67,1,,0.37,0,0.4,6,0,0.4,6,0,0,0,1,0.66,12,0.34,7,3,4,43,1,0,5,10,9,10.74,8,9.02,66,27,0.01,27,25.92,17,62,5,14,45,4.86,15.6,4,14,6,9,1,0,59,69.75,21,8,3,26.86,7,12,3,38,0,0,0,256,75,27,72,49,13,50,10,69,-7,45.38,19,3.28,3.72,202,94,6.02,44,9,7,2,0,5,12,0,44,4,36,2,27,58,15,25,52,23,22.5,20.94,0.91,75,-1.56,20.38,15.77
Munashe Sundire,Torquay United,560,Left Defensive Midfielder,Right Defensive Midfielder,Zimbabwe,29,184,0,0,0.12,0.04,3,0,0,0,,0,0,0.15,3,0,0.15,3,0,0,0,0,0.26,6,-0.26,6,4,2,67,6,0,5,10,4,5.35,18,23.79,91,47,0.06,25,38.84,58,116,14,18,70,17.9,23.25,7,25,6,62,16,0,71,95.04,14,20,5,44.73,30,42,12,60,3,0,0,290,66,26,11,59,22,40,18,55,-10,51.33,44,1.56,1.7,188,95,4.31,72,6,5,1,0,1,6,0,33,2,29,0,33,57,10,28,63,10,21.73,13.51,0.98,98,-8.22,21.3,13.2
Mustapha Carayol,Peterborough Sports FC,1051,Left Wing Back,Left Centre Midfielder,Gambia,37,177,1,1,1,0.04,28,4,21,3,,1.96,1,1.14,13,1,1.02,12,0,0.12,1,2,2.14,41,-0.14,23,16,7,70,13,0,30,23,1,0.84,22,21.03,174,70,0.01,54,40.67,45,92,30,31,79,30.05,30.88,16,30,8,48,20,0,128,129.76,40,32,7,44.16,56,44,23,72,2,0,0,385,59,25,21,31,35,67,28,59,0,61.91,60,5.39,7.07,397,91,8.76,110,23,19,4,7,34,53,0,52,20,36,10,24,59,17,25,62,14,21.57,16.93,0.88,101,-4.64,19,17.01
Mustapha Olagunju,Ebbsfleet United,2901,Centre Back,Right Centre Back,England,24,186,1,1,0.72,0.09,8,13,13,0,,0.46,0,0.8,9,0,0.8,9,0,0,0,1,1.52,17,-0.52,15,13,2,87,13,0,16,20,33,38.12,151,193.66,344,170,0.09,171,26.85,71,501,56,89,77,69.45,107.57,20,43,17,65,85,0,268,323.13,102,37,15,31.69,40,15,17,46,1,0,0,1490,83,115,16,59,177,168,15,71,-11,37.36,106,12.8,13.29,1138,97,6.68,142,5,5,0,5,37,42,1,0,0,0,10,29,68,3,39,56,5,22.33,20.05,0.96,93,-2.28,21.35,18.57
Myles Weston,AFC Hornchurch,1580,Right Wing,Right Wing Back,Antigua and Barbuda,38,180,1,1,1.58,0.06,26,4,42,2,,1.55,2,3.1,24,2,3.07,23,0,0.03,1,3,4.68,50,-1.68,32,17,15,53,12,0,31,38,10,8.2,19,18.58,191,77,0.01,53,45.76,91,173,14,24,54,12.49,20.69,12,37,12,55,30,0,165,139.18,39,59,15,50.03,80,48,47,80,0,0,0,581,62,28,76,31,36,73,28,57,-5,63.11,50,9.44,12.49,491,91,6.58,211,25,23,2,8,58,81,0,56,17,29,15,23,60,16,23,53,24,20.02,17.02,0.86,93,-3,17.28,15.86
Nathan Cooper,AFC Hornchurch,1455,Right Centre Back,Centre Back,England,32,187,1,1,1.3,0.12,11,9,27,0,,1.37,1,0.54,3,1,0.54,3,0,0,0,2,1.84,14,0.16,1,1,0,100,8,0,1,5,18,19.17,111,108.18,173,79,0.07,94,24.49,34,260,16,34,64,16.05,35.22,16,50,9,74,85,1,141,142.95,58,35,11,30.18,19,13,11,31,2,0,0,488,68,44,11,46,128,79,19,53,-15,36.35,17,5.69,6.29,258,98,4.78,30,1,1,0,4,32,33,1,0,0,0,5,39,57,3,33,63,3,23.95,21.19,0.92,95,-2.76,22.03,20.21
Nathan Minhas,Chesham United FC,1089,Centre Forward,Left Centre Forward,England,28,175,3,2,2.28,0.1,24,8,29,5,100,3.06,0,0.63,8,0,0.63,8,0,0,0,2,2.91,32,-0.91,14,3,11,21,12,0,20,37,1,0.59,7,7.15,177,56,0,36,62.33,34,54,3,4,60,4.23,4.82,14,33,2,33,15,0,160,146.61,33,50,11,65.4,128,80,44,88,1,0,0,183,69,4,9,50,10,5,30,60,-9,61.88,12,3.28,4.79,165,84,4.66,62,5,5,0,4,62,67,0,0,0,0,6,17,58,25,13,58,29,13.95,14.33,1.03,103,0.37,14.34,14.7
Nathan Newall,Alfreton Town,2869,Left Back,Left Centre Back,England,24,182,0,0,0.33,0.04,9,0,0,1,,0,2,0.78,9,1,0.53,8,1,0.24,1,2,1.11,18,0.89,15,10,5,67,20,0,18,16,46,24.91,107,60.18,453,202,0.03,174,28.2,100,362,56,102,80,34.23,59.14,25,63,14,61,30,2,372,190.96,126,58,20,30.81,66,18,32,55,5,0,0,834,56,117,74,35,139,305,13,52,-4,43.22,133,3.76,4.43,550,96,5.35,146,22,13,9,0,6,19,0,27,8,22,0,45,48,8,42,53,5,28.19,21.93,0.84,92,-6.25,23.74,20.21
Nathan Odokonyero,Salisbury,631,Left Centre Forward,Left Wing,Uganda,23,186,1,1,1.61,0.11,15,7,40,5,,1.81,0,0.26,5,0,0.26,5,0,0,0,1,1.87,20,-0.87,12,7,5,58,4,0,23,24,2,2.68,2,1.8,128,43,0,29,60.28,17,34,3,5,50,3.05,5.73,6,25,3,14,4,0,119,130.71,26,37,9,60.85,85,71,32,86,0,0,0,109,77,1,25,33,2,3,34,68,-9,62.88,9,1.37,2.6,140,83,5.06,48,8,8,0,4,27,35,0,13,2,50,4,12,68,19,13,73,15,15.13,11.72,1.02,98,-3.41,15.45,11.49
Nathan Odokonyero,Worthing FC,696,Centre Forward,Right Centre Forward,Uganda,23,186,2,2,3.09,0.17,18,11,50,6,,2.77,1,1.15,6,1,1.15,6,0,0,0,3,4.25,24,-1.25,15,9,6,60,11,0,25,31,2,2.77,5,7.03,211,76,0,53,63.56,22,29,6,8,86,9.07,11.85,10,50,1,11,3,0,195,275.26,49,57,19,64.61,150,77,53,93,0,0,0,123,80,1,12,33,5,3,31,85,5,64.52,7,3.81,5.26,159,77,4.97,52,4,4,0,3,48,52,0,25,1,50,8,10,66,24,12,69,19,13.69,13.23,0.98,105,-0.46,13.48,13.91
Nathan Paul-Lavely,Hampton & Richmond,1258,Right Wing Back,Left Wing Back,England,20,,1,1,0.64,0.06,11,9,36,2,,0.77,1,0.22,4,1,0.19,3,0,0.03,1,2,0.86,15,1.14,29,20,9,69,24,0,30,36,11,7.66,28,14.35,311,128,0.01,81,37.65,60,140,37,48,73,19.95,27.61,28,52,14,43,18,0,246,152.07,55,52,10,40,82,33,36,69,3,0,0,273,53,30,38,38,40,67,14,45,-8,57.4,50,2.86,3.31,285,82,8.15,73,14,8,6,4,17,25,0,29,6,25,5,38,52,10,21,62,18,23.75,21.62,0.86,95,-2.12,20.32,20.63
Nathan Woodthorpe,Chester,2283,Left Back,Left Centre Back,England,24,188,1,1,2.09,0.15,14,7,29,1,,1.1,0,1.48,26,0,1.4,24,0,0.08,2,1,3.56,40,-2.56,14,9,5,64,21,0,26,16,30,32.44,84,86.11,319,141,0.02,147,31.2,115,347,41,71,82,39.82,72.26,24,68,9,60,50,1,256,240.32,98,63,18,36.63,76,30,43,68,3,0,1,996,65,105,76,38,116,244,14,54,-10,50.83,179,8.9,11.68,720,97,5.76,249,33,22,11,5,34,56,3,48,20,25,8,38,53,9,39,46,16,24.37,22.13,0.86,81,-2.24,20.91,17.87
Naz Bakrin,Tonbridge Angels FC,2096,Right Centre Back,Left Defensive Midfielder,England,23,184,1,1,1.85,0.12,16,6,31,0,,1.51,0,0.17,5,0,0.17,5,0,0,0,1,2.03,21,-1.03,9,6,3,67,25,0,13,12,30,24.43,107,93.14,413,207,0.07,185,28.45,49,257,70,100,89,53.25,77.68,22,50,9,60,68,0,322,241.23,115,77,28,32.22,61,19,28,36,1,0,0,706,77,46,7,53,120,73,14,51,-26,36.51,48,6.46,7.53,509,98,3.97,69,4,4,0,0,33,37,0,25,1,33,2,35,63,3,51,46,3,21.38,19.64,0.97,92,-1.74,20.68,18.13
Niall McManus,Dorking Wanderers FC,549,Right Centre Midfielder,Centre Defensive Midfielder,England,31,180,0,0,0.15,0.04,4,0,0,1,,0,0,0.41,5,0,0.41,5,0,0,0,0,0.56,9,-0.56,4,1,3,25,6,0,9,10,2,2.24,4,5.27,89,35,0.01,31,45.63,49,76,10,12,59,12.91,15.15,4,50,7,46,6,0,75,91.08,21,27,8,46.94,36,48,18,67,0,0,0,188,76,10,29,67,6,13,17,73,-4,55.05,31,2.49,2.66,168,93,5.95,61,7,7,0,1,4,11,0,29,3,50,3,27,59,14,23,67,10,17.82,16.66,1.02,108,-1.16,18.14,17.94
Nick Wheeler,Worthing FC,801,Left Wing Back,Left Midfielder,England,35,171,1,1,1.05,0.06,18,6,11,3,,0.12,1,1.37,10,1,1.37,10,0,0,0,2,2.41,28,-0.41,10,4,6,40,6,0,17,13,4,5.94,10,14.75,106,53,0.01,46,38.78,37,77,9,13,56,13.04,18.98,8,13,7,50,9,0,89,131.6,34,15,6,40.06,29,33,8,53,1,0,0,326,72,18,23,37,17,42,18,74,2,57.57,37,6.09,7.24,314,93,5.41,110,13,12,1,4,25,37,1,69,13,38,5,21,55,24,20,57,23,20.66,17.51,0.85,92,-3.15,17.6,16.06
Nino Adom-Malaki,Enfield Town FC,2847,Left Wing Back,Left Back,England,22,176,0,0,1.38,0.03,40,0,20,2,,0.34,2,3.89,39,1,1.98,19,1,1.91,20,2,5.27,79,-3.27,67,44,23,66,19,0,54,59,38,23.1,85,52.59,335,137,0.02,125,30.28,114,344,38,76,69,25.87,48.97,13,35,17,48,31,2,285,186.1,79,51,8,35.37,82,29,31,61,2,0,0,801,55,128,79,37,120,312,15,53,-2,57.16,148,11.17,12.27,767,90,7.08,191,100,35,65,3,33,68,4,38,42,33,5,33,58,9,29,57,14,26.97,20.34,0.86,98,-6.63,23.29,19.88
Noah Coppin,Salisbury,2578,Right Centre Forward,Centre Forward,England,24,,10,6,6.87,0.12,55,11,36,5,80,6.4,1,2.22,26,1,2.19,25,0,0.03,1,7,9.09,81,-2.09,24,14,10,58,34,3,42,77,10,11.69,27,23.86,587,216,0.03,177,59.3,92,145,19,29,48,19.4,31.09,31,21,21,30,50,0,537,586.1,150,185,70,62.18,378,70,154,83,7,0,0,504,52,20,16,36,37,46,26,47,-5,61.96,54,7.64,13.28,432,83,5.57,152,26,25,1,9,125,150,2,23,11,28,15,25,62,13,23,65,12,17.73,15.51,0.94,99,-2.22,16.61,15.41
Noah McCann,Tonbridge Angels FC,1200,Left Back,Left Centre Back,Scotland,20,,2,2,0.84,0.17,5,40,60,0,,1.32,0,0.25,5,0,0.14,3,0,0.11,2,2,1.09,10,0.91,0,0,0,,3,0,3,4,20,12.7,86,48.9,192,84,0.05,74,24.77,55,218,29,49,81,17.81,30.51,17,57,7,64,49,2,146,87.4,45,30,10,27.54,28,19,16,53,0,0,0,361,51,41,77,30,108,113,16,43,-9,46.34,53,4.54,5.04,186,98,6.06,58,19,6,13,1,9,15,0,11,3,38,1,51,45,4,43,50,7,26.85,24.11,0.86,78,-2.74,22.96,18.76
Noah Smerdon,Merthyr Town FC,2393,Left Back,Left Wing Back,England,25,179,4,4,3.05,0.18,17,24,35,0,,3.2,2,1.39,14,1,1.29,13,1,0.1,1,6,4.44,31,1.56,12,7,5,58,19,0,23,27,19,25.02,76,92.22,317,118,0.03,135,30.23,66,259,48,67,81,60.23,85.24,11,41,11,54,50,1,258,313.27,90,66,24,33.43,64,25,33,50,4,0,0,1086,77,62,82,39,98,137,17,66,-11,42.18,87,12.28,15.23,890,96,4.25,166,14,11,3,6,54,65,2,21,6,35,6,31,57,11,36,48,16,19.44,17.87,0.91,97,-1.56,17.66,17.26
Noah Wadsworth,Scarborough Athletic,730,Right Back,Left Back,England,21,,0,0,0.07,0.07,1,0,100,0,,0.04,1,0.34,5,1,0.34,5,0,0,0,1,0.41,6,0.59,1,0,1,0,0,0,5,5,5,5.49,43,48.17,157,59,0.05,60,29.31,35,122,24,29,69,26.26,31.74,6,41,11,58,15,0,127,138.33,42,36,10,34.4,35,28,22,61,1,0,0,308,60,24,32,31,52,69,12,59,0,47.84,30,1.27,1.48,158,96,3.26,49,7,3,4,1,3,6,0,29,2,25,1,47,48,6,33,53,14,23.31,21.67,0.87,86,-1.64,20.27,18.71
O.Babajide,Tonbridge Angels FC,1959,Right Wing,Left Wing,England,22,187,6,6,4.35,0.09,48,13,42,4,0,4.98,3,2.96,23,3,2.96,23,0,0,0,9,7.31,71,1.69,46,22,24,48,29,1,77,91,16,10.44,17,10.06,487,196,0,133,53.6,97,168,44,60,73,31.88,42.32,26,33,16,33,41,0,417,306.58,110,123,42,55.36,246,59,104,85,5,0,0,456,65,14,24,47,19,28,27,62,-3,59.61,51,10.44,14.4,488,81,7.27,145,19,19,0,8,99,118,1,21,9,45,18,23,63,14,19,68,12,16.71,13.5,0.98,105,-3.21,16.39,14.15
O.Dore,Salisbury,355,Left Centre Back,Left Wing Back,England,21,,0,0,0.07,0.07,1,0,0,0,,0,0,0.16,3,0,0.04,1,0,0.11,2,0,0.22,4,-0.22,1,0,1,0,2,0,1,1,1,1.59,22,34.85,44,20,0,19,32.31,8,33,4,5,57,6.34,7.93,5,40,3,45,9,0,35,55.3,12,10,2,38.7,10,29,4,40,3,0,0,157,80,27,95,57,26,43,10,61,-19,44.32,17,2.01,2.05,131,98,3.69,26,6,3,3,1,3,6,0,17,2,100,1,25,67,8,23,65,12,27.12,25.95,0.92,94,-1.17,24.9,24.46
O.Knight,Enfield Town FC,983,Left Centre Midfielder,Left Midfielder,England,29,,0,0,0.58,0.04,14,0,21,2,,0.6,0,1.63,15,0,1.53,12,0,0.1,3,0,2.21,29,-2.21,4,2,2,50,8,0,6,19,6,3.34,11,6.35,159,68,0.01,54,46.88,63,115,10,16,59,5.57,8.92,6,0,7,26,13,0,144,83.83,42,57,18,49.28,75,52,44,77,2,0,0,282,59,21,74,40,13,50,19,51,-8,59.32,31,4.81,5.76,206,93,4.8,88,15,13,2,4,28,41,0,67,10,42,6,26,63,12,19,68,13,20.85,15.06,0.91,88,-5.8,19,13.2
O.Pendley,AFC Telford United,615,Right Centre Back,,England,30,190,1,1,0.79,0.16,5,20,20,0,,0.75,0,0.14,1,0,0.14,1,0,0,0,1,0.93,6,0.07,0,0,0,,2,0,0,1,5,5.85,31,27.89,61,20,0.07,32,23.19,6,51,11,16,85,9.22,15.06,7,50,2,45,13,0,43,37.11,23,13,7,26.93,5,12,4,31,3,0,0,176,70,25,6,42,45,45,18,53,-17,31.58,16,1.82,2.49,120,99,5.63,16,3,3,0,1,14,17,1,0,0,0,1,36,61,3,63,38,0,30.45,33.72,0.81,69,3.27,24.79,23.11
O.Thornley,Radcliffe,2020,Left Centre Back,Right Centre Back,England,27,,2,2,2.57,0.16,16,13,38,1,,2.04,0,0.31,8,0,0.31,8,0,0,0,2,2.88,24,-0.88,6,5,1,83,39,0,15,12,26,20.37,114,97.06,321,175,0.05,131,27.52,78,300,60,86,75,50.35,70.72,20,34,20,64,54,2,241,196.7,84,47,17,30.48,38,16,21,45,4,0,0,598,60,73,16,40,147,148,17,50,-10,47.09,98,7.82,9.36,371,96,6.4,122,15,10,5,3,33,43,0,20,5,26,5,48,47,5,26,66,8,26.33,24.79,0.86,86,-1.54,22.75,21.3
O’Shea Ellis,Oxford City,507,Left Defensive Midfielder,Right Defensive Midfielder,England,19,,0,0,0.21,0.04,5,0,20,2,,0.05,0,0.09,2,0,0.09,2,0,0,0,0,0.31,7,-0.31,6,4,2,67,5,0,11,7,4,1.7,14,7.39,104,50,0,28,41.25,31,74,20,24,100,7.8,9.5,12,100,0,90,9,0,72,34.93,15,20,5,43.18,28,39,11,55,2,0,0,157,69,14,10,48,17,26,21,76,6,48.68,24,1.85,1.94,110,95,5.41,33,4,4,0,0,1,5,0,0,0,,1,39,50,11,24,64,12,21.45,17.71,0.95,102,-3.74,20.34,18.14
Odei Martin,Worthing FC,1501,Right Defensive Midfielder,Left Defensive Midfielder,Spain,29,175,0,0,0.25,0.06,4,0,25,0,,0.04,0,0.52,9,0,0.52,9,0,0,0,0,0.77,13,-0.77,10,8,2,80,25,0,22,9,18,25.84,40,58.43,291,142,0.04,129,38.79,94,250,34,52,67,51.52,77.36,18,39,17,51,21,1,240,350.22,92,89,41,42.98,87,36,41,46,4,0,0,884,86,49,16,72,48,60,16,83,-4,46.86,115,14.22,14.72,660,98,5.69,190,12,12,0,3,13,25,0,8,1,33,5,22,67,11,31,64,6,18.59,16.12,0.98,98,-2.47,18.17,15.79
Odin Samuels-Smith,Marine,1117,Left Back,Left Wing Back,England,19,185,0,0,0.09,0.02,4,0,25,1,,0.53,1,0.42,3,1,0.42,3,0,0,0,1,0.51,7,0.49,4,2,2,50,6,0,5,6,22,14.55,47,31.46,190,87,0.03,72,29.1,44,184,33,55,80,19.49,34.03,10,47,8,50,22,0,150,101.67,51,34,8,32.52,30,20,12,35,5,0,0,307,55,23,17,31,57,64,18,67,12,47.27,51,3.03,3.06,159,96,6.15,43,5,4,1,0,2,6,0,0,0,0,0,47,46,7,49,44,7,22.66,17.57,0.87,85,-5.1,19.63,14.93
Offrande Zanzala,Chester,630,Centre Forward,Left Centre Forward,Congo DR,29,185,3,3,3.55,0.27,13,23,38,4,,3.03,2,1.63,7,2,1.63,7,0,0,0,5,5.19,20,-0.19,11,7,4,64,13,0,20,28,2,2.32,5,5.98,110,31,0.03,16,63.58,24,31,3,5,50,3.31,5.62,16,0,3,32,12,0,91,75.46,15,20,4,67.84,78,86,19,95,1,0,0,125,67,2,23,40,8,2,39,67,0,63.64,7,4.05,6.08,136,76,6.01,39,2,2,0,3,40,42,0,50,1,20,7,10,62,28,5,64,31,13.54,11.27,0.94,104,-2.27,12.74,11.78
Offrande Zanzala,Marine,664,Centre Forward,Left Centre Forward,Congo DR,29,185,3,3,2.53,0.18,14,21,50,5,,3.07,0,0.67,6,0,0.67,6,0,0,0,3,3.2,20,-0.2,7,3,4,43,14,0,14,39,0,0,5,3.4,158,42,0,26,63.94,10,18,2,2,50,1.37,1.37,22,0,2,45,35,0,134,87.07,23,24,5,65.49,111,83,20,83,0,0,0,107,51,1,33,50,6,1,51,44,-7,64,6,2.37,4.61,80,76,5.19,29,2,2,0,1,41,43,0,0,0,,5,25,57,18,21,62,17,13.04,14.26,0.98,95,1.22,12.84,13.53
Ola Ogunwamide,Horsham FC,534,Right Wing,Right Midfielder,England,26,182,0,0,0.5,0.1,5,0,40,2,,0.61,0,0.31,5,0,0.31,5,0,0,0,0,0.81,10,-0.81,15,7,8,47,5,0,11,25,0,0,6,7.63,93,48,0.02,25,50.97,25,40,3,3,38,2.27,2.27,5,0,5,36,9,0,85,76.92,17,21,3,52.72,42,49,15,71,0,0,0,109,60,5,71,50,7,9,28,68,8,65.22,13,2.48,2.5,124,78,6.81,41,0,0,0,3,16,16,0,,1,13,4,19,55,26,22,39,39,16.29,13.74,0.98,96,-2.55,15.92,13.12
Olaf Koszela,Chippenham Town,1266,Right Centre Forward,Centre Forward,England,24,176,3,3,2.67,0.11,25,12,36,3,,1.97,0,0.98,15,0,0.98,15,0,0,0,3,3.65,40,-0.65,9,3,6,33,8,0,30,37,3,2.13,10,7.57,246,75,0.01,59,58.34,50,96,11,14,55,12.95,15.09,23,0,9,29,16,0,212,264.57,52,68,18,60.75,145,68,57,84,1,0,0,320,75,8,7,31,14,22,27,71,-4,63.95,20,5.07,7.48,307,87,6.15,125,5,5,0,8,63,68,0,20,3,25,12,12,60,28,8,55,37,17.58,15.32,0.93,98,-2.26,16.37,15
Oli Davis,Enfield Town FC,560,Left Centre Forward,Left Attacking Midfielder,England,20,,3,3,2.4,0.1,25,12,40,6,,2.07,0,0.15,5,0,0.15,5,0,0,0,3,2.55,30,0.45,16,8,8,50,7,0,18,26,2,2.16,3,1.26,120,44,0.01,32,52.35,25,40,6,8,86,3.51,5.67,8,67,1,11,2,0,106,81.7,31,32,13,53.98,61,58,25,78,1,0,0,110,76,4,12,67,5,4,21,71,-5,61.16,18,2.96,4.12,142,80,7.3,42,1,1,0,2,30,31,0,100,1,20,5,14,64,22,17,64,19,15.83,14.71,0.98,97,-1.11,15.43,14.22
Oli Davis,Hemel Hempstead Town,628,Left Wing,Left Midfielder,England,20,,0,0,1.7,0.06,28,0,39,7,,2.53,0,0.8,5,0,0.8,5,0,0,0,0,2.5,33,-2.5,14,5,9,36,8,1,23,22,0,0,6,4.98,135,50,0.03,41,50.71,37,60,13,13,93,13.36,13.36,9,67,1,24,4,0,113,109.58,32,31,7,53.39,64,57,25,81,0,0,0,142,62,10,15,48,10,17,21,56,-5,65.03,23,2.37,3.73,164,83,7.5,59,9,8,1,2,45,53,0,44,5,31,2,26,64,11,29,56,15,19.14,18.5,0.89,86,-0.65,17.01,15.82
Oliver Bainbridge,South Shields,1815,Left Back,Left Wing Back,England,20,190,3,3,1.41,0.13,11,27,64,0,,2.52,1,1.62,11,1,1.62,11,0,0,0,4,3.03,22,0.97,7,4,3,57,16,0,8,10,22,29.83,72,104.22,216,87,0.03,120,33.15,56,213,35,57,85,51.27,81.11,8,64,6,57,32,2,173,266.87,78,48,20,37.63,49,28,27,56,5,0,0,896,83,53,67,61,94,65,16,78,-6,47.74,106,10.43,11.54,733,98,4.89,200,20,20,0,5,45,65,1,35,10,33,7,23,61,16,34,54,13,18.56,19.8,0.95,99,1.24,17.72,19.61
Oliver Bray,Salisbury,726,Right Centre Forward,Left Centre Forward,England,22,190,0,0,2.78,0.11,26,0,46,5,,2.13,1,2.24,9,1,2.24,9,0,0,0,1,5.02,35,-4.02,9,6,3,67,2,0,18,20,5,4.89,8,10.79,112,34,0.04,34,61.73,42,52,1,6,14,1.38,6.28,12,0,6,52,32,0,100,113.53,25,28,12,66.54,79,79,26,93,0,0,0,191,53,3,19,43,10,5,37,51,-2,66.66,20,4.61,6.92,142,86,7.6,60,9,9,0,4,48,57,0,11,4,25,5,22,64,13,15,65,20,14.42,13.52,0.95,94,-0.9,13.7,12.67
Oliver Cawthorne,AFC Telford United,2588,Left Centre Back,Centre Back,Venezuela,24,194,1,1,2.12,0.15,14,7,21,0,,0.7,1,0.26,3,1,0.26,3,0,0,0,2,2.38,17,-0.38,6,5,1,83,15,0,7,8,66,78.99,211,223.98,305,151,0.08,163,24.29,62,463,46,112,84,49.11,128.1,36,43,9,70,147,1,223,219.78,93,52,25,30.01,34,15,13,25,5,1,0,1332,81,103,18,55,232,166,13,61,-20,31.65,32,12.4,13.37,895,99,4.52,46,2,2,0,2,41,43,0,0,0,0,5,27,70,3,35,61,4,22.42,18.95,0.95,100,-3.48,21.26,19.04
Oliver Dyson,Spennymoor Town,2694,Right Back,Right Defensive Midfielder,England,26,178,0,0,0.85,0.05,17,0,6,1,,0.01,3,2.55,32,2,2.34,29,1,0.2,3,3,3.4,49,-0.4,32,23,9,72,40,0,30,25,33,29.68,80,75.06,559,279,0.01,199,34.51,137,387,92,125,72,76.29,105.97,39,52,35,60,50,1,429,343.87,121,89,27,37.02,110,26,40,45,3,0,1,1118,68,131,12,45,120,253,17,61,-7,49.87,149,10.35,11.59,897,97,5.32,266,26,20,6,4,39,59,2,38,15,27,6,35,55,11,34,55,11,23.67,20.41,0.86,91,-3.26,20.33,18.62
Oliver Greaves,Buxton,1056,Centre Attacking Midfielder,Left Attacking Midfielder,England,26,,2,2,1.56,0.11,14,14,57,2,,1.51,4,3.18,16,4,3.18,16,0,0,0,6,4.73,30,1.27,14,6,8,43,9,0,19,26,6,8.43,8,10.72,195,100,0.01,68,55.76,52,90,5,11,71,6.69,15.12,8,0,2,43,15,0,182,222.57,60,44,13,57.64,115,63,32,73,2,0,0,321,69,16,11,57,11,25,21,65,-4,60.44,38,4.79,7.48,254,87,5.13,107,15,14,1,5,49,63,3,20,4,24,10,22,56,22,19,64,18,17.84,14.49,1,103,-3.35,17.92,14.97
Oliver Hobden,Farnborough,666,Right Back,Right Wing Back,England,21,185,0,0,0.27,0.07,4,0,25,1,,0.03,0,0.17,3,0,0.09,2,0,0.09,1,0,0.44,7,-0.44,6,2,4,33,7,0,3,13,7,6.01,21,15.07,138,50,0.02,44,33.03,21,64,22,29,73,16.73,22.73,11,38,8,67,22,1,105,77.92,33,28,8,37.73,31,30,15,54,2,1,0,174,55,10,11,28,22,35,17,40,-15,52.54,26,0.99,1.11,123,91,5.85,34,2,1,1,1,8,9,0,100,3,17,2,39,52,9,32,53,15,22.24,14.73,0.87,95,-7.51,19.28,13.97
Oliver Robinson,Farnborough,2628,Centre Back,Left Centre Back,England,31,,3,3,1.38,0.12,12,25,50,0,,3.05,2,1.46,11,1,0.64,3,1,0.82,8,5,2.84,23,2.16,0,0,0,,13,0,10,6,32,26.3,233,201.28,400,207,0.07,190,25.28,62,406,58,90,74,45.47,71.77,31,50,20,69,161,1,311,245.13,111,75,31,29.17,37,12,23,31,3,0,0,706,55,96,12,36,250,250,16,58,3,39.32,64,7.23,8.15,349,97,4.41,50,28,5,23,4,41,46,0,54,15,20,6,45,52,3,38,54,8,26.71,19.32,0.87,97,-7.38,23.23,18.8
Ollie Dewsbury,Weston-super-Mare AFC,367,Right Wing,Right Midfielder,Wales,18,,0,0,1.05,0.12,9,0,33,5,,0.71,0,0,0,0,0,0,0,0,0,0,1.05,9,-1.05,6,4,2,67,5,0,8,13,1,1.7,3,3.48,66,20,0,10,59.01,12,22,7,8,78,9.49,11.19,7,33,2,27,9,0,52,51.67,8,12,2,61.45,36,69,10,83,0,0,0,90,66,4,25,50,3,8,32,57,-9,64.75,7,1.62,2.31,91,87,5.81,35,1,1,0,3,22,23,0,100,1,11,3,14,67,19,14,63,23,15.25,12.03,0.97,113,-3.23,14.76,13.54
Ollie Godziemski,Worthing FC,678,Left Centre Forward,Left Midfielder,England,20,191,1,1,1.53,0.11,14,7,36,3,,0.88,1,0.36,4,1,0.36,4,0,0,0,2,1.89,18,0.11,9,3,6,33,13,1,20,24,1,1.32,3,4.5,89,37,0.02,29,51.52,20,36,5,6,83,6.93,8.24,7,0,1,39,15,0,77,114.56,28,22,9,54.05,49,64,17,77,0,0,0,164,72,6,18,60,6,7,37,66,-6,65.22,16,6.22,6.85,186,83,9.15,70,3,3,0,5,46,49,0,33,5,38,9,11,64,25,6,64,30,15.82,13.77,1,112,-2.04,15.8,15.42
Ollie Morgan,Salisbury,2398,Right Back,Left Back,England,19,,0,0,0.96,0.05,19,0,47,1,,1.23,3,2.41,18,2,2.15,14,1,0.26,4,3,3.37,37,-0.37,36,21,15,58,5,0,22,23,29,27.81,89,93.19,440,184,0.04,157,37.07,109,328,40,69,63,40.7,68.5,13,49,24,39,26,2,387,418.48,122,113,38,41.27,138,36,70,62,1,0,0,913,68,59,20,32,117,154,10,58,-10,50.76,100,7.27,9.25,710,96,4.78,191,23,17,6,4,39,56,2,43,13,27,3,34,58,8,33,58,9,21.5,23.39,0.86,82,1.9,18.4,19.16
Ollie Tomlinson,Bath City,1807,Right Centre Back,Right Back,England,24,185,0,0,0.48,0.12,4,0,50,0,,0.23,1,0.94,3,1,0.94,3,0,0,0,1,1.42,7,-0.42,4,4,0,100,14,0,3,4,22,13.91,159,104.78,243,106,0.06,115,25.78,34,240,37,59,88,26.04,39.95,18,85,5,66,90,0,188,131.07,71,33,14,31.12,30,16,15,45,2,0,0,451,58,28,10,25,166,103,17,46,-11,38.85,33,4.13,4.13,217,99,5.38,35,3,3,0,2,24,27,1,0,0,0,3,49,46,5,66,34,0,24.86,18.63,0.83,84,-6.23,20.51,15.58
Oluwalopemiwa Aderoju,Eastbourne Borough,2221,Centre Forward,Left Centre Forward,England,22,,13,12,10.39,0.18,58,21,48,5,50,12.65,0,1.52,17,0,1.52,17,0,0,0,12,11.91,75,0.09,18,11,7,61,55,2,61,72,4,3.91,32,31.05,414,146,0.01,100,63.67,88,116,10,14,71,9.13,13.05,45,0,4,51,150,0,362,368.91,86,88,21,69.45,317,88,81,92,1,0,0,417,52,8,2,38,39,14,41,45,-7,62.28,39,9.37,15.35,294,77,4.69,118,4,4,0,5,133,137,1,0,0,0,9,30,59,11,28,57,15,15.41,13.4,1,97,-2.01,15.38,12.97
Oluwasegun Lawal,AFC Telford United,595,Left Wing,Centre Forward,Republic of Ireland,24,186,1,1,1.75,0.1,17,6,35,6,,1.38,0,0.48,4,0,0.48,4,0,0,0,1,2.23,21,-1.23,18,7,11,39,19,0,13,26,2,2.06,2,3.1,120,49,0,25,57.45,26,39,6,8,40,6.02,8.08,7,18,9,15,4,0,107,98.52,22,30,4,57.94,66,62,25,83,1,0,0,104,67,6,25,55,3,10,18,55,-12,65.85,15,1.43,2.89,133,86,7.79,43,3,3,0,2,32,35,1,67,3,38,7,25,49,26,16,49,35,17.76,17.02,1,105,-0.74,17.83,17.91
Oluwatimilehin Sobowale,Curzon Ashton FC,1898,Right Centre Back,Right Back,Republic of Ireland,24,185,0,0,0.29,0.07,4,0,0,0,,0,0,0.3,6,0,0.3,6,0,0,0,0,0.59,10,-0.59,4,4,0,100,20,0,1,0,17,12.56,85,69.67,275,129,0.06,119,25.46,45,261,32,49,74,26.62,39.19,19,44,11,51,40,0,225,172.73,80,35,9,30.16,39,17,12,34,4,0,0,661,70,64,11,40,104,143,12,56,-14,39.2,57,5.46,5.69,478,100,6,72,2,2,0,1,12,14,1,50,1,20,1,36,55,8,46,43,11,25.88,22.71,0.85,96,-3.18,22.07,21.7
Omar Rowe,Chesham United FC,304,Right Attacking Midfielder,Centre Forward,England,31,172,0,0,0.25,0.05,5,0,0,2,,0,1,1.14,3,1,1.14,3,0,0,0,1,1.39,8,-0.39,2,1,1,50,3,0,8,9,2,2.1,3,3.68,90,41,0,17,51.01,18,28,10,12,83,11.07,13.17,12,100,2,47,7,0,68,77.8,13,23,3,51.24,36,53,20,87,2,0,0,74,54,6,78,55,4,10,27,40,-14,55.46,6,0.85,1.7,59,80,5.01,16,4,4,0,1,11,15,0,0,1,33,1,32,57,11,38,38,25,18.63,13.61,0.97,102,-5.03,18.1,13.89
Omari Sterling-James,Hereford FC,1612,Left Wing,Left Midfielder,St. Kitts and Nevis,32,177,1,1,1.75,0.04,41,2,37,2,,3.8,3,4.73,40,1,2.66,18,2,2.07,22,4,6.48,81,-2.48,37,21,16,57,52,0,32,39,14,11.88,27,27.25,273,125,0.01,75,41.25,86,156,27,41,77,22.04,33.92,25,38,8,34,11,1,224,194.49,57,57,13,45,99,44,42,74,4,0,0,478,59,86,11,43,38,187,14,63,4,60.34,77,6.57,9.06,458,93,5.8,154,53,22,31,4,31,53,2,28,18,26,4,19,68,13,21,64,16,26.43,18.8,0.89,103,-7.63,23.53,19.29
Owen Cochrane,Maidenhead United,1601,Right Wing Back,Left Back,England,21,,0,0,0.46,0.08,6,0,67,0,,0.18,1,0.78,9,1,0.78,9,0,0,0,1,1.24,15,-0.24,14,7,7,50,13,0,16,22,9,8.68,45,49.16,227,118,0.03,76,35.17,66,195,39,48,72,42.25,50.93,8,59,15,42,14,0,180,194.2,51,42,12,38,53,29,23,55,2,0,0,694,63,86,12,39,72,192,12,56,-8,52.02,109,5.82,6.82,538,96,4.45,168,25,20,5,0,5,25,0,56,17,31,1,41,52,8,47,45,8,25.84,25.28,0.84,92,-0.56,21.78,23.29
Owen Evans,Kidderminster Harriers,1524,Left Back,Left Defensive Midfielder,England,25,,1,1,1.16,0.08,15,7,40,1,,2.12,1,2.03,24,0,0.8,14,1,1.23,10,2,3.19,39,-1.19,14,8,6,57,22,0,12,18,23,27.82,37,40.4,219,83,0.02,95,41.11,80,194,16,39,70,18.17,45.98,16,44,7,32,12,0,187,203.96,72,51,23,45.55,86,46,41,80,3,0,0,529,62,69,84,39,53,162,10,63,0,53.33,97,4.87,5.7,432,96,6.42,133,37,11,26,3,24,35,0,16,9,20,5,36,58,6,39,51,10,25.43,22.96,0.87,88,-2.48,22.06,20.26
Owen German,Alfreton Town,408,Centre Attacking Midfielder,Left Centre Midfielder,England,21,,0,0,0.56,0.09,6,0,50,1,,1.12,0,0.05,2,0,0.03,1,0,0.02,1,0,0.61,8,-0.61,1,1,0,100,5,0,1,6,1,0.29,6,4.7,118,57,0,31,45.12,20,35,7,8,64,5.48,5.76,8,20,4,35,6,0,103,51.14,28,14,5,46.45,38,37,9,64,1,0,0,80,75,9,23,64,8,12,25,71,-3,52.33,7,0.96,1.05,63,92,4.14,21,4,3,1,0,6,9,0,25,1,100,0,27,63,11,29,67,5,20.69,18.71,1.01,118,-1.99,20.87,22.13
Owen Jeys-Farmer,Leamington FC,1421,Centre Forward,Left Wing,England,21,,1,1,2.71,0.08,36,3,42,5,,2.47,0,1.44,13,0,1.04,9,0,0.4,4,1,4.15,49,-3.15,7,4,3,57,51,0,38,28,9,5.07,3,1.64,304,141,0,54,55.52,60,107,21,30,75,13.5,18.57,34,13,7,24,11,0,249,138.14,42,49,9,56.81,154,62,35,71,6,0,0,247,58,15,16,38,14,29,24,52,-7,59.93,26,4.34,6.97,260,85,6.98,74,16,12,4,3,58,70,1,19,4,24,7,20,56,24,22,53,26,19.83,19.14,0.91,89,-0.7,17.98,17.04
Owen Windsor,Bath City,927,Left Centre Forward,Right Centre Forward,England,24,178,5,5,3.49,0.22,16,31,50,3,,3.45,0,0.19,4,0,0.19,4,0,0,0,5,3.68,20,1.32,8,4,4,50,10,0,20,25,4,3.08,8,4.37,214,84,0.01,58,56.45,41,62,4,8,50,3.98,7.07,18,20,4,33,13,0,192,156.44,54,47,18,57.5,117,61,38,81,2,0,0,188,61,9,87,45,14,14,32,49,-12,64.95,10,3.1,4.95,184,83,5.49,68,7,7,0,1,39,46,0,43,3,25,5,16,60,24,6,65,29,17.85,17.1,0.95,97,-0.75,17.04,16.53
P.Ojemen,Slough Town FC,1095,Left Centre Back,Left Back,England,24,168,2,2,1.38,0.14,10,20,50,0,,2.12,0,0.06,1,0,0.06,1,0,0,0,2,1.44,11,0.56,5,2,3,40,10,0,6,7,27,18.79,54,44.36,178,80,0.03,72,27.83,35,172,25,52,76,17.96,36.75,14,33,8,50,38,0,139,111.49,46,31,12,30.26,29,21,14,45,5,0,1,345,63,31,75,42,64,63,16,54,-8,45.55,43,3.35,4.51,186,94,4.49,52,6,5,1,0,20,25,0,0,0,0,0,48,44,7,54,33,13,23.11,19.07,0.92,108,-4.04,21.33,20.51
Patrick Casey,Dorking Wanderers FC,572,Right Centre Forward,Centre Forward,Republic of Ireland,20,188,7,7,3.59,0.15,24,29,46,7,,6.11,1,0.37,4,1,0.37,4,0,0,0,8,3.95,28,4.05,6,5,1,83,6,0,13,20,1,1.38,4,5.36,176,62,0.02,50,62.59,28,38,2,3,33,2.61,3.99,10,0,4,38,11,0,164,186.28,47,43,16,64.44,127,77,37,86,1,0,0,120,69,4,30,57,5,6,28,53,-16,61.46,13,2.74,4.96,118,90,4.15,49,2,2,0,1,44,46,0,0,0,0,5,15,72,13,8,69,22,15.61,14.44,0.97,101,-1.17,15.2,14.55
Patrick Jones,Chester,2572,Right Wing,Right Midfielder,Wales,22,180,7,7,5.09,0.07,77,9,39,6,0,7.33,0,1.98,24,0,1.98,24,0,0,0,7,7.07,101,-0.07,64,38,26,59,30,0,112,85,13,8.83,15,12.8,427,146,0.01,118,56.66,119,190,25,38,66,28.53,37.35,25,37,13,15,8,0,379,365.77,101,129,41,58.1,245,65,110,85,2,0,0,564,62,8,26,21,27,26,26,56,-6,67.85,74,11.46,16.97,702,83,9.27,211,22,20,2,13,142,162,0,50,17,24,31,16,63,21,14,58,28,16.41,16.09,0.9,95,-0.32,14.71,15.33
Patrick McLaughlin,Darlington,1490,Left Defensive Midfielder,Left Centre Midfielder,Northern Ireland,35,188,0,0,0.93,0.05,20,0,10,1,,0.24,1,1.48,12,1,1.48,12,0,0,0,1,2.41,32,-1.41,6,5,1,83,15,0,26,18,14,12.57,31,30.44,321,151,0.03,133,40.51,143,276,36,50,77,30.56,43.13,22,42,11,50,34,0,263,231.28,98,87,30,43.13,104,40,60,69,2,0,0,549,71,15,69,30,48,33,26,65,-7,54.25,68,7.84,8.7,378,94,5.89,144,15,15,0,1,18,33,4,7,2,20,5,30,59,11,19,74,7,18.16,17.66,0.91,92,-0.51,16.52,16.3
Paul Appiah,Chelmsford City,409,Right Back,Right Centre Back,England,23,191,0,0,0,,0,,,0,,0,0,0,0,0,0,0,0,0,0,0,0,0,0,8,3,5,38,1,0,2,8,3,2.82,24,19.42,93,47,0.02,33,31.75,5,54,15,18,79,14.27,17.09,4,33,4,56,14,0,74,68.4,23,19,5,34.27,18,24,11,58,1,0,0,127,68,10,17,38,30,20,17,42,-26,41,13,0.38,0.38,92,91,5.41,11,2,0,2,0,0,0,0,0,0,,0,43,49,8,64,27,9,23.01,25.87,0.91,67,2.86,20.85,17.24
Paul Blackett,South Shields,2164,Centre Forward,Right Centre Forward,England,28,183,16,13,16.97,0.19,91,14,46,8,75,18.27,5,4.59,29,5,4.59,29,0,0,0,18,21.56,120,-3.56,22,15,7,68,26,3,25,48,3,4.38,8,13.15,390,149,0.01,115,66.1,63,94,12,15,63,17.22,21.6,27,33,7,30,10,0,351,535.29,102,126,38,67.28,298,85,108,86,6,0,0,450,71,16,7,46,13,30,19,69,-2,59.75,48,11.51,27.48,458,91,5.62,140,16,16,0,16,197,213,4,13,7,33,21,14,65,21,13,69,19,17.77,15.91,0.97,99,-1.86,17.17,15.78
Paul Dawson,Macclesfield Town,2131,Right Centre Back,Left Defensive Midfielder,England,27,,5,5,2.64,0.07,38,13,37,1,,2.44,6,2.04,19,6,2.03,18,0,0.02,1,11,4.69,57,6.31,20,13,7,65,55,0,30,33,16,22.01,78,103.81,264,123,0.06,109,34.52,110,358,38,54,68,48.02,70.03,27,29,18,65,85,0,199,258.38,56,57,13,41.17,66,33,28,49,9,1,0,968,69,150,12,51,124,249,20,58,-11,44.88,146,12.22,14.15,744,95,5.76,190,24,22,2,7,63,85,5,8,5,45,8,36,57,7,38,55,7,28.42,24.49,0.9,91,-3.93,25.44,22.32
Paul Field,Hampton & Richmond,1555,Right Wing Back,Right Back,England,25,187,1,1,0.96,0.19,5,20,40,0,,0.88,1,0.63,7,1,0.63,7,0,0,0,2,1.6,12,0.4,7,5,2,71,12,1,14,11,13,9.5,30,27.25,244,104,0.02,89,35.25,51,134,32,45,82,24.99,34.49,10,46,7,33,12,0,202,147.92,65,41,17,37.63,61,30,26,63,1,0,0,402,65,37,12,39,43,83,13,66,2,52.92,40,3.56,4.34,335,96,4.96,81,15,10,5,2,16,26,1,40,7,21,4,32,58,10,19,69,12,22.37,21.58,0.84,102,-0.79,18.88,22.09
Paul Kalambayi,Dagenham & Redbridge,453,Left Centre Back,Right Centre Back,England,26,189,0,0,0.1,0.05,2,0,100,1,,0.22,0,0.09,1,0,0.09,1,0,0,0,0,0.19,3,-0.19,2,2,0,100,3,0,5,7,4,2.46,29,18.3,57,28,0.05,32,29.47,12,55,4,8,80,2.81,5.28,5,0,1,63,20,0,48,29.29,17,7,0,34.76,10,21,3,43,0,0,0,126,65,7,45,35,33,16,17,60,-5,42.63,17,1.08,1.08,91,87,5.35,20,1,1,0,1,10,11,1,100,1,33,1,45,51,4,35,65,0,22.63,21.01,0.87,85,-1.63,19.79,17.93
Paul Kalambayi,Kidderminster Harriers,1807,Left Centre Back,Centre Back,England,26,189,0,0,1.01,0.11,9,0,33,0,,0.36,0,0.37,2,0,0.37,2,0,0,0,0,1.39,11,-1.39,5,3,2,60,9,0,4,8,20,19.06,133,147.75,172,86,0.06,124,28.15,36,310,15,35,68,17.96,37.02,14,33,7,65,83,0,146,175.8,76,37,18,36.69,28,19,15,41,4,0,0,635,72,51,28,50,149,86,20,63,-9,36.75,33,6.08,7.65,349,98,5.72,44,2,2,0,3,36,38,0,0,0,0,5,34,62,4,39,55,7,23.21,18.91,0.96,108,-4.29,22.3,20.46
Paul McCallum,Dorking Wanderers FC,358,Left Centre Forward,,England,32,191,1,1,2.26,0.13,18,6,28,4,,1.74,1,0.59,6,1,0.54,5,0,0.05,1,2,2.85,24,-0.85,1,0,1,0,7,0,1,5,0,0,8,9.84,33,17,0.02,12,49.78,13,18,4,4,57,4.11,4.11,1,0,3,56,45,0,28,32.65,8,9,3,59.66,18,64,7,78,0,0,0,101,48,7,9,22,11,29,42,56,7,61.48,8,1.58,3.79,47,91,3.16,27,5,1,4,9,51,52,0,60,5,17,9,18,74,9,15,70,15,20.3,13.7,0.73,84,-6.6,14.8,11.46
Paul Murphy-Worrell,Southport,866,Right Back,Left Back,England,20,179,0,0,0.1,0.03,3,0,33,0,,0.06,0,0.51,5,0,0.51,5,0,0,0,0,0.61,8,-0.61,20,11,9,55,10,0,18,21,14,20.13,31,34.69,150,65,0.05,48,31.01,30,88,17,31,52,22.61,42.74,12,24,16,53,16,0,122,158.34,28,23,6,32.11,24,20,9,39,4,1,0,393,71,14,14,22,40,56,13,55,-16,48.52,36,1.46,1.62,357,93,6.29,77,6,6,0,1,6,12,0,33,3,27,2,32,52,15,27,49,23,20.53,20.86,0.81,91,0.33,16.61,18.91
Phil Croker,Chester,692,Right Centre Back,Left Centre Back,England,19,,1,1,0.5,0.08,6,17,17,0,,0.07,1,0.15,3,1,0.15,3,0,0,0,2,0.65,9,1.35,5,1,4,20,1,0,6,6,5,6.07,51,62.44,72,34,0.06,28,27.07,14,102,5,10,71,7.73,13.79,8,50,2,63,39,1,59,71.71,19,18,8,35.48,11,19,7,39,1,0,0,300,83,28,12,62,56,40,12,62,-20,34.45,11,1.5,1.79,222,97,4.94,15,1,1,0,1,16,17,0,100,1,50,1,28,69,3,20,80,0,23.66,19.72,0.95,93,-3.94,22.38,18.41
R.Blake,Bedford Town,727,Right Wing,Right Midfielder,England,34,,1,1,0.91,0.1,9,11,67,2,,1.5,2,0.74,5,2,0.74,5,0,0,0,3,1.65,14,1.35,9,4,5,44,11,1,13,22,8,6.56,9,7.9,140,53,0,30,46.01,24,50,10,18,63,6.66,13.22,9,0,6,63,27,0,121,67.76,24,27,8,50.27,62,51,22,81,1,0,0,164,54,4,10,22,13,14,24,51,-2,59.94,18,1.87,3.01,129,82,6.16,44,7,7,0,1,20,27,0,14,2,20,1,32,51,16,14,57,30,18.78,17,0.89,84,-1.78,16.71,14.33
R.Hilton,AFC Telford United,1046,Right Wing,Right Midfielder,England,25,170,1,1,2.69,0.09,30,3,40,5,,2.68,0,1.25,12,0,1.25,12,0,0,0,1,3.94,42,-2.94,26,20,6,77,11,0,29,37,8,9.24,10,9.29,156,59,0,51,50.59,62,100,10,18,71,10.75,19.99,6,0,4,22,7,0,140,131.34,43,29,10,50.44,70,50,18,62,1,0,0,280,75,6,75,32,17,12,24,77,2,59.72,33,5.51,7.36,335,86,8.03,102,11,10,1,5,53,63,1,27,4,25,9,19,60,21,19,58,24,16.13,16.92,0.94,92,0.78,15.13,15.53
R.Smith,Radcliffe,2285,Centre Back,Right Centre Back,England,32,,3,3,1.84,0.11,16,19,31,0,,2.45,0,0.52,7,0,0.52,7,0,0,0,3,2.36,23,0.64,8,7,1,88,27,0,6,6,31,34.15,175,158.76,182,73,0.1,118,24.32,50,330,22,53,73,23.32,57.47,23,11,8,60,83,0,140,138.03,56,27,13,33.01,28,20,12,44,4,0,0,796,69,102,10,43,213,201,16,55,-14,36.27,63,5.32,7.24,512,99,5.29,73,1,0,1,7,43,43,0,0,1,100,9,38,57,5,51,45,4,29.07,25.74,0.86,83,-3.34,24.89,21.33
Rakish Bingham,Farnborough,2161,Centre Forward,Right Wing,England,32,180,10,9,4.38,0.12,36,25,44,3,100,7.13,3,2.13,19,3,2.13,19,0,0,0,12,6.51,55,5.49,32,19,13,59,11,0,32,51,10,8.37,17,13.96,285,110,0.02,73,60.55,77,141,4,14,50,2.48,10.85,8,33,4,27,32,0,275,226.36,64,82,22,64.66,213,77,69,84,0,0,0,470,69,12,26,38,18,31,28,67,-2,60.76,37,6.78,10.33,407,88,4.23,153,12,12,0,8,100,112,2,8,6,33,15,17,64,19,18,67,16,15.98,12.58,0.93,101,-3.39,14.8,12.67
Ralph Vigrass,AFC Totton,1086,Right Wing,Right Midfielder,England,20,,3,3,1.3,0.08,17,18,53,3,,1.72,0,0.91,9,0,0.91,9,0,0,0,3,2.21,26,0.79,28,17,11,61,7,0,33,34,6,8.13,10,13.74,232,87,0.01,72,51.9,43,78,19,25,66,19.93,28.06,9,44,10,54,25,0,204,231.09,56,56,18,53.08,112,55,45,80,0,0,0,291,63,8,14,23,17,28,30,64,2,64.5,22,3.29,4.98,273,88,6.75,103,10,9,1,2,39,48,0,40,8,36,5,25,57,18,15,65,20,17.95,16.23,0.89,94,-1.73,15.91,15.33
Rashawn Scott,Dagenham & Redbridge,625,Left Wing,Left Wing Back,England,23,183,0,0,0.6,0.04,14,0,21,3,,0.22,2,2.22,13,2,2.17,12,0,0.05,1,2,2.82,27,-0.82,14,8,6,57,10,1,15,28,6,6.27,2,1.58,179,87,0,34,52.45,39,58,12,18,63,11.91,18.18,8,50,7,9,1,0,159,142.81,30,32,9,53.53,88,55,29,91,1,0,0,164,65,7,36,33,9,14,24,61,-4,65.42,31,3.78,5.21,192,84,9.66,59,12,11,1,3,19,30,0,50,9,26,5,15,67,18,15,63,22,19.14,18.71,0.92,78,-0.44,17.55,14.68
Razzaq Coleman De-Graft,Worthing FC,2513,Right Wing,Right Midfielder,England,28,188,9,8,7.21,0.08,89,9,35,4,100,8.62,7,5.57,34,7,5.57,34,0,0,0,15,12.78,123,2.22,80,51,29,64,22,0,105,111,13,20.1,23,33.53,368,131,0,124,47.3,111,213,44,57,85,65.98,86.08,40,43,8,33,16,1,284,413.46,94,90,36,50.68,138,49,58,64,3,0,0,1009,78,39,75,52,38,60,28,74,-4,57.79,87,16.92,22.77,1121,88,6.4,335,40,38,2,21,183,221,4,10,13,34,37,16,61,23,13,61,25,16.66,15.7,0.95,98,-0.96,15.91,15.38
Reece Christopher Myles-Meekums,Horsham FC,2606,Left Wing,Left Midfielder,England,27,177,6,6,5.97,0.11,54,11,39,4,,6.84,1,2.38,24,1,2.38,24,0,0,0,7,8.35,78,-1.35,76,31,45,41,49,2,57,114,13,9.76,30,31.03,376,138,0,111,48.7,101,187,22,35,69,18.42,28.19,21,50,10,24,9,0,335,300.61,93,84,28,51.64,175,52,63,75,2,0,0,685,66,33,17,49,42,55,24,57,-9,61.43,102,11.87,16.88,769,85,8.06,243,26,26,0,10,82,108,1,35,17,25,21,23,59,18,23,57,20,18.91,16.62,0.95,104,-2.29,17.92,17.29
Reece Devine,Kidderminster Harriers,2111,Left Wing Back,Left Back,England,24,184,4,4,1.73,0.08,22,18,41,2,,3.36,6,3.21,30,4,2.24,22,2,0.98,8,10,4.94,52,5.06,38,22,16,58,35,0,34,37,18,23.62,48,63.14,314,132,0.02,126,43.31,123,227,24,42,53,29.78,53.4,18,27,21,35,17,0,274,331.82,93,80,19,46.45,120,44,59,74,4,0,0,667,61,46,76,32,70,122,16,50,-10,59.99,90,7.72,10.01,617,92,5.39,209,29,20,9,10,59,79,1,45,17,20,16,28,58,14,26,52,22,22.49,20.47,0.85,82,-2.02,19.14,16.88
Reece Fleet,Chippenham Town,2739,Right Defensive Midfielder,Left Defensive Midfielder,England,34,189,0,0,0.55,0.03,16,0,19,0,,0.19,1,1.1,15,1,1.1,15,0,0,0,1,1.65,31,-0.65,7,5,2,71,18,0,19,21,32,38.04,55,61.17,514,223,0.04,205,35.38,178,427,73,105,70,78.94,116.98,29,45,31,49,35,0,412,465.63,135,130,43,38.42,114,28,61,47,6,0,1,1593,84,134,7,61,100,174,21,81,-3,45.58,174,11.08,11.42,1222,98,4.19,278,9,8,1,1,22,30,6,11,1,50,7,23,68,8,31,67,2,21.24,19.09,0.95,100,-2.14,20.27,19.04
Reece Grego-Cox,Hampton & Richmond,942,Right Centre Forward,Centre Forward,Republic of Ireland,29,178,6,5,2.22,0.11,20,25,50,4,100,2.54,1,0.73,8,1,0.73,8,0,0,0,6,2.95,28,3.05,16,8,8,50,5,1,13,36,3,0.95,6,4.19,171,59,0,39,61.56,38,53,2,5,67,1.63,2.58,16,0,1,41,47,0,153,113.76,37,36,13,63.27,116,76,31,86,3,0,0,239,57,4,5,40,8,8,40,64,6,63.11,34,3.04,4.3,164,85,5.2,87,4,4,0,3,56,60,2,25,2,29,6,26,64,10,23,63,14,16.04,14.65,0.95,102,-1.39,15.21,14.95
Reece Hall,Kidderminster Harriers,340,Right Defensive Midfielder,Left Centre Back,England,22,173,0,0,0.13,0.06,2,0,0,1,,0,0,0.09,3,0,0.09,3,0,0,0,0,0.22,5,-0.22,5,5,0,100,3,0,2,4,5,6.08,7,6.91,58,23,0,18,42.89,29,43,6,11,67,6.11,12.18,4,80,3,30,3,0,48,55.12,13,18,9,44.93,18,38,9,50,0,0,0,92,67,5,14,38,9,11,15,47,-21,53.07,12,1.39,1.41,69,93,5.69,28,3,3,0,0,4,7,0,0,0,0,0,33,55,12,32,61,7,20.85,17.27,0.93,110,-3.58,19.47,18.95
Reece Hall-Johnson,King's Lynn Town FC,1997,Right Wing Back,Right Back,England,31,173,6,6,3.29,0.09,37,16,38,3,,4.44,1,2.48,19,1,2.48,19,0,0,0,7,5.78,56,1.22,22,10,12,45,34,0,31,36,27,30.08,50,48.98,273,101,0.03,95,38.6,76,174,47,74,85,54.79,84.87,28,42,8,56,36,1,198,215.65,63,54,22,43.31,73,37,39,72,5,0,0,701,69,60,19,41,67,131,17,57,-12,59.26,80,8.72,11.23,601,93,5.54,230,34,27,7,6,57,84,0,15,11,27,8,28,56,16,20,53,27,22.98,18.33,0.86,99,-4.65,19.83,18.06
Regan Griffiths,Macclesfield Town,566,Right Defensive Midfielder,Left Defensive Midfielder,England,26,172,0,0,0.2,0.04,5,0,20,1,,0.02,0,0.27,7,0,0.17,5,0,0.1,2,0,0.47,12,-0.47,0,0,0,,5,0,6,3,5,3.46,10,8.86,76,44,0.03,24,39.46,48,86,7,12,54,5.62,9.08,14,33,6,43,9,0,55,57.97,15,16,2,43.89,22,40,8,50,4,0,0,275,72,17,20,31,16,48,14,67,-5,51.06,33,2.2,2.3,197,98,4.8,63,5,3,2,0,0,3,0,0,0,0,0,25,63,12,29,63,8,23.36,18.8,0.85,84,-4.56,19.84,15.88
Regan Hutchinson,Worksop Town FC,1055,Right Back,Right Wing Back,England,24,180,0,0,0.33,0.03,10,0,40,1,,1.29,0,1.77,12,0,1.77,12,0,0,0,0,2.1,22,-2.1,11,6,5,55,8,1,12,16,19,14.97,34,26.77,202,87,0.02,54,34.19,55,132,35,54,78,25.48,40.45,16,60,10,57,8,0,151,123.74,37,32,6,37.13,47,31,20,63,4,0,1,354,65,37,9,46,44,70,12,51,-14,55.29,63,3.33,4.93,258,93,5.43,104,21,18,3,1,10,28,0,48,12,44,2,35,58,7,34,57,10,21.95,18.43,0.88,78,-3.52,19.22,14.32
Reggie Young,Dagenham & Redbridge,1531,Left Wing Back,Left Back,England,27,176,1,1,1.44,0.13,11,9,27,1,,0.77,3,1.44,16,3,1.43,15,0,0.01,1,4,2.88,27,1.12,28,19,9,68,27,0,17,34,13,9.87,17,15.96,297,142,0.01,92,35.77,78,172,36,49,73,26.02,35.89,10,43,13,50,20,1,251,202.92,72,47,16,38.71,79,31,31,66,1,0,0,528,64,24,83,30,34,63,21,56,-7,55.33,77,7.04,8,504,92,7.77,138,18,14,4,7,22,36,2,33,10,23,9,34,52,14,35,48,17,19.84,17.58,0.89,93,-2.26,17.65,16.3
Reiss Greenidge,Slough Town FC,1445,Left Centre Back,Centre Back,Guyana,30,198,1,1,1.13,0.13,9,11,44,0,,1.22,0,0.75,8,0,0.75,8,0,0,0,1,1.88,17,-0.88,7,6,1,86,5,0,5,3,7,5.3,109,87.65,229,116,0.08,131,23.8,28,195,41,48,75,32.33,37.64,20,25,14,66,50,1,168,128.08,79,30,14,28.05,19,11,9,30,1,0,0,393,70,31,77,38,118,72,16,61,-9,38.54,29,5.28,5.64,221,98,4.74,47,3,3,0,5,35,38,0,0,2,67,6,42,54,4,40,53,6,25.21,19.47,0.9,95,-5.74,22.6,18.42
Remaye Campbell,Hereford FC,1123,Right Centre Forward,Centre Forward,England,25,185,3,2,5.22,0.15,35,6,40,6,100,3.63,0,0.47,9,0,0.47,9,0,0,0,2,5.7,44,-3.7,5,4,1,80,16,0,15,36,1,0.41,9,11.06,162,55,0.03,46,66.97,26,33,5,6,83,3.29,3.69,8,0,1,37,52,0,149,135.05,41,40,11,71.75,131,88,34,85,0,0,0,210,60,4,12,50,10,7,38,53,-8,63.12,8,5.6,8.25,135,83,3.53,65,2,2,0,2,68,70,0,0,0,,4,16,65,18,15,75,9,15.11,15.17,0.99,96,0.07,14.98,14.54
Remaye Campbell,Hemel Hempstead Town,496,Centre Forward,Left Centre Forward,England,25,185,1,1,1.1,0.14,8,13,50,4,0,1.56,0,0,0,0,0,0,0,0,0,1,1.1,8,-0.1,3,2,1,67,3,0,10,28,0,0,1,1.23,75,20,0,20,72.17,9,14,0,0,,0,0,4,,0,39,42,0,71,55.17,19,15,5,74.44,65,92,14,93,0,0,0,92,59,2,32,67,1,3,48,45,-13,64.97,1,0.92,1.63,59,73,3.56,27,0,0,0,2,25,25,0,,1,100,3,13,68,18,4,78,19,13.69,13.02,1.01,101,-0.67,13.84,13.1
Remi Walker,AFC Telford United,2334,Centre Attacking Midfielder,Left Centre Midfielder,England,23,183,10,10,7.24,0.11,64,16,36,3,,9.63,9,6.26,55,8,5.68,48,1,0.58,7,19,13.5,119,5.5,31,21,10,68,29,0,48,42,13,14.25,12,11.23,446,223,0.01,146,54.43,117,191,38,51,73,36.79,51.04,20,33,14,45,23,1,388,372.3,118,111,35,56.86,240,62,90,81,1,0,0,768,76,68,10,52,21,122,18,71,-5,58.98,103,15.83,22.06,685,94,5.35,295,55,39,16,13,97,136,7,7,7,30,20,18,64,18,20,69,11,20.44,16.22,0.94,101,-4.22,19.12,16.37
Remiero Moulton,Worthing FC,459,Left Wing,Left Wing Back,England,19,178,1,1,0.87,0.07,12,8,50,3,,0.84,0,1.01,9,0,1.01,9,0,0,0,1,1.88,21,-0.88,6,3,3,50,7,0,16,15,3,4.9,1,1.7,69,20,0,21,50.9,33,41,2,5,40,3.2,8.11,5,33,3,29,2,0,62,101.57,19,19,5,49.64,32,52,14,74,1,0,0,168,77,5,20,31,5,12,22,68,-8,64.19,25,2.73,3.89,156,92,6.51,76,7,7,0,6,18,25,0,14,2,29,7,21,61,18,13,68,18,18.11,16.99,0.92,103,-1.12,16.74,17.49
Remy Clerima,Maidenhead United,2319,Left Centre Back,Centre Back,France,36,188,1,1,1.34,0.1,14,7,29,0,,0.12,1,1.38,10,1,1.38,10,0,0,0,2,2.72,24,-0.72,12,7,5,58,19,0,33,23,44,41.34,158,165.38,439,189,0.05,207,32.73,111,511,76,120,72,75.64,116.98,28,38,29,64,127,1,336,338.66,123,100,37,37.83,100,30,53,53,3,0,0,1104,69,84,11,41,186,179,16,53,-16,42.33,108,10.33,11.65,697,94,5.42,168,22,16,6,3,52,68,0,18,5,21,7,40,57,3,43,52,4,22.82,20.06,0.91,94,-2.76,20.81,18.76
Renny Smith,Farnborough,1314,Left Defensive Midfielder,Right Defensive Midfielder,Austria,29,182,2,2,1.45,0.08,19,11,21,2,,1.05,0,0.43,7,0,0.43,7,0,0,0,2,1.89,26,0.11,6,4,2,67,15,0,14,11,11,9.26,47,41.65,343,170,0.04,112,42.77,119,216,43,54,73,30.39,39.66,25,29,16,45,31,0,275,194.66,82,87,28,46.26,119,43,54,62,4,0,0,417,64,17,23,40,51,39,18,65,1,51.64,49,5.27,5.85,257,93,5.15,89,9,8,1,2,24,32,1,11,1,20,1,33,58,9,28,64,8,19.4,16.88,0.94,97,-2.51,18.33,16.34
Rhys Doherty,King's Lynn Town FC,895,Left Defensive Midfielder,Centre Back,England,20,,0,0,0.3,0.08,4,0,0,0,,0,0,0.5,4,0,0.5,4,0,0,0,0,0.8,8,-0.8,8,8,0,100,6,0,6,3,16,15.4,40,44.61,139,61,0.05,57,30.51,27,111,20,36,83,19.02,34.42,14,33,4,78,21,0,105,104.26,36,18,7,34.29,23,22,7,39,5,0,0,379,76,32,15,53,49,51,19,68,-7,39.3,31,3.69,3.8,299,98,6.55,53,2,2,0,1,12,14,0,0,0,0,1,31,63,6,40,51,9,23.23,20.28,0.95,95,-2.95,22.13,19.3
Rhys Murphy,Horsham FC,1383,Centre Forward,Left Centre Forward,Republic of Ireland,35,185,5,5,6.8,0.16,43,12,40,7,,7.36,1,1.9,14,1,1.9,14,0,0,0,6,8.69,57,-2.69,19,10,9,53,13,0,26,54,3,2.29,10,10.2,244,92,0.03,59,63.63,38,61,11,14,79,10.61,12.9,26,40,3,32,23,0,209,180.9,49,54,13,66.1,161,77,47,87,1,0,0,248,79,17,19,74,16,17,28,68,-10,63.31,24,6.44,10.14,259,83,4.57,111,8,8,0,9,97,105,2,25,2,50,14,19,57,23,17,61,22,16.21,16.34,0.98,93,0.13,15.9,15.27
Rhys Walsh,South Shields,383,Right Midfielder,Left Midfielder,Northern Ireland,19,178,0,0,0.1,0.05,2,0,50,1,,0.3,1,1.16,5,1,1.16,5,0,0,0,1,1.27,7,-0.27,5,4,1,80,7,0,11,9,0,0,3,4.96,33,14,0,12,47.62,5,19,7,7,100,12.13,12.13,3,100,0,0,0,0,23,39.11,7,8,2,49.69,11,48,7,88,0,0,0,112,79,9,3,64,3,14,11,92,13,62.17,11,1.34,2.63,125,90,7.29,46,4,4,0,3,13,17,0,25,5,42,4,14,63,23,11,65,24,20.46,15.01,0.96,106,-5.45,19.72,15.98
Ricardo Dinanga,AFC Telford United,665,Left Wing,Left Midfielder,Republic of Ireland,24,174,2,2,1.33,0.09,15,13,33,4,,2.26,0,0.29,6,0,0.29,6,0,0,0,2,1.61,21,0.39,30,15,15,50,9,0,28,37,2,2.15,4,2.82,154,72,0,53,48.84,27,46,15,17,68,15.2,17.35,5,36,7,26,5,0,134,121.71,40,26,8,49.46,64,48,19,73,1,0,0,146,65,6,20,55,9,6,25,53,-12,63.55,24,3.04,3.98,187,80,10.01,56,2,2,0,5,25,27,1,0,5,28,5,21,57,22,21,48,30,15.77,20.14,1,101,4.37,15.74,20.39
Ricardo Rees,Merthyr Town FC,2145,Left Centre Forward,Centre Forward,Wales,26,,23,19,11.22,0.15,73,26,56,8,100,16.59,3,3.52,24,3,3.52,24,0,0,0,22,14.74,97,7.26,26,15,11,58,17,2,33,28,7,8.78,6,7.9,338,129,0.01,107,66.42,48,76,8,15,73,8.35,17.14,6,40,3,17,3,0,324,409.77,102,80,31,68.7,259,80,66,83,0,0,0,321,78,18,10,56,10,28,22,74,-4,62.56,42,11.07,19.39,372,92,6.67,139,13,13,0,13,151,164,0,46,10,42,20,11,60,29,10,63,27,16.3,15.53,0.94,104,-0.77,15.37,16.13
Richard Faakye,Peterborough Sports FC,554,Left Centre Back,Right Centre Back,England,21,191,0,0,0.8,0.2,4,0,25,0,,0.21,0,0.37,1,0,0.37,1,0,0,0,0,1.17,5,-1.17,5,4,1,80,8,0,4,2,8,9.97,39,45.04,52,21,0.14,34,24.7,12,95,7,15,100,7.84,17.81,2,,0,47,7,0,43,54.24,21,12,5,34.39,9,21,3,25,2,0,0,253,76,25,76,45,45,49,13,65,-11,38.43,21,3.96,4.53,199,99,5.05,22,1,1,0,0,10,11,0,0,0,0,2,29,67,4,32,59,9,25.21,19.75,0.89,117,-5.46,22.43,23.18
Richard McIntyre,Salisbury,585,Left Back,Left Wing Back,England,19,182,0,0,0.11,0.03,4,0,0,1,,0,0,0.5,10,0,0.5,10,0,0,0,0,0.61,14,-0.61,4,2,2,50,5,0,6,6,2,2.65,31,28.26,95,27,0.01,34,32.84,24,73,12,14,80,11.84,14.49,8,40,3,38,6,0,75,79.25,25,21,8,38.94,25,33,18,86,2,0,0,232,64,15,76,33,32,44,8,40,-24,51.7,33,0.69,1.12,194,97,4.66,50,10,8,2,0,3,11,1,30,3,20,0,32,55,13,32,58,10,22.03,12.1,0.84,127,-9.93,18.43,15.36
Richie Bennett,Scarborough Athletic,1154,Centre Forward,Left Centre Forward,England,35,191,2,1,2.24,0.14,16,6,44,2,100,1.86,1,0.61,4,1,0.61,4,0,0,0,2,2.85,20,-0.85,4,1,3,25,16,1,16,34,4,3.51,16,16.55,199,51,0.03,44,58.43,53,79,6,10,75,5.68,9.19,19,0,2,39,60,0,174,138.64,37,47,15,62.87,128,74,40,85,7,0,0,352,59,13,62,57,23,16,33,54,-5,61.11,23,4.33,6.3,222,86,4.14,96,6,6,0,6,58,64,0,17,3,27,9,19,66,15,17,67,17,16.41,15.76,0.98,102,-0.65,16.08,16.15
Ricky Aguair,Horsham FC,1368,Right Defensive Midfielder,Left Defensive Midfielder,England,25,,2,2,1.33,0.06,24,8,46,2,,1.83,0,0.63,10,0,0.58,9,0,0.05,1,2,1.96,34,0.04,11,5,6,45,20,0,21,23,6,4.54,17,15.27,244,126,0,79,43.14,71,158,15,21,54,15.57,20.11,14,28,13,50,14,1,216,172.52,59,49,16,47.02,90,42,28,57,1,0,0,532,72,68,8,54,43,101,22,66,-6,48.81,54,6.31,7.85,476,94,5.76,109,11,7,4,0,20,27,0,27,3,20,4,19,69,12,17,72,11,24.29,21.2,0.91,90,-3.1,22.13,19.12
Ricky Holmes,Chelmsford City,1802,Right Defensive Midfielder,Left Defensive Midfielder,England,38,188,0,0,1.84,0.08,23,0,22,2,,1.69,1,3.56,38,1,1.56,16,0,2,22,1,5.4,61,-4.4,17,12,5,71,35,0,24,25,18,18.46,36,32.86,305,134,0.03,90,44.57,121,230,33,51,79,35.36,53.82,28,27,9,53,59,0,244,241.03,67,72,18,48.22,107,44,46,64,4,0,0,614,58,73,15,42,56,155,22,53,-5,61.95,94,8.57,10.22,468,94,6.25,171,65,19,46,4,35,54,1,12,11,30,4,28,67,6,35,61,5,23.55,18.82,0.91,102,-4.74,21.48,19.11
Ricky Korboa,Tonbridge Angels FC,1573,Left Wing,Left Wing Back,England,29,178,3,3,3.22,0.08,40,8,28,4,,4.28,4,2.49,15,4,2.49,15,0,0,0,7,5.71,55,1.29,29,16,13,55,17,0,30,46,14,7.31,33,18.15,307,123,0.01,77,41.68,108,209,30,44,83,16.05,23.36,25,64,6,35,19,0,255,133.97,62,58,11,45.51,104,41,42,72,4,0,0,435,66,23,18,42,47,41,23,55,-11,56.22,64,7.97,11.32,416,89,6.29,143,15,15,0,1,46,61,1,13,5,33,4,35,49,16,29,52,18,19.09,16.99,0.93,104,-2.1,17.69,17.61
Riley Court,Maidstone United,1987,Centre Attacking Midfielder,Right Defensive Midfielder,England,20,,5,5,3.47,0.09,39,13,51,2,,4.84,1,2.83,33,0,1.24,16,1,1.59,17,6,6.3,72,-0.3,19,9,10,47,50,0,53,41,22,23.59,23,19.73,524,236,0.03,196,48.16,183,303,53,75,72,47.77,71.36,19,47,21,34,28,0,453,428.84,156,149,55,50.64,236,52,111,74,1,0,0,662,61,62,11,34,34,173,16,66,4,60.74,87,7.96,11.5,522,91,5.97,194,59,20,39,1,51,71,2,8,7,19,8,25,64,11,28,57,15,23.22,17.42,0.88,95,-5.8,20.42,16.53
Rio Allen,Scarborough Athletic,1854,Right Wing,Right Midfielder,England,22,,7,5,3.92,0.1,40,13,45,4,100,5.28,1,1.24,9,0,0.71,6,1,0.54,3,6,5.16,49,0.84,56,20,36,36,18,1,56,87,9,7.24,9,8.47,315,123,0,97,53.37,86,135,16,25,62,16.63,23.87,17,9,10,33,27,0,283,270.93,80,76,34,55.04,159,56,56,74,1,0,0,379,71,12,78,34,12,32,25,74,3,62.89,36,6.99,9.51,429,83,5.46,134,11,8,3,6,72,80,0,9,3,25,12,19,53,27,16,53,31,16.89,13.38,0.91,100,-3.51,15.29,13.44
Rio Clegg,Radcliffe,2211,Right Centre Forward,Left Centre Forward,England,30,,19,13,10.18,0.11,90,14,42,9,86,15.03,5,2.12,17,5,2.12,17,0,0,0,18,12.3,107,5.7,49,27,22,55,45,1,125,77,11,8.54,4,3.57,614,238,0,126,66.45,107,140,38,49,78,29.62,38.16,67,31,11,11,7,0,510,399.61,111,118,41,66.98,409,80,110,93,6,0,1,321,61,21,8,62,10,28,28,67,5,65.77,48,11.67,17.53,447,76,6.38,130,10,10,0,6,153,163,1,10,1,11,11,18,65,17,14,69,17,17.36,17.21,1.02,108,-0.15,17.75,18.52
Rio Oudnie-Morgan,King's Lynn Town FC,326,Left Centre Forward,Right Wing,Northern Ireland,20,178,0,0,0.39,0.07,6,0,33,3,,0.85,0,0.09,1,0,0.09,1,0,0,0,0,0.48,7,-0.48,7,3,4,43,12,0,12,13,0,0,0,0,102,38,0,31,56.73,10,22,8,8,89,8.43,8.43,7,0,1,15,3,0,87,83.4,26,16,8,57.17,53,61,11,69,0,0,0,74,54,4,31,44,2,7,19,60,6,62.83,8,0.41,0.78,83,87,5.91,22,2,2,0,1,15,17,0,0,1,14,3,20,60,20,23,55,23,17.98,20.29,1.01,133,2.3,18.2,26.9
Rob Evans,Leamington FC,861,Left Centre Back,,England,35,182,0,0,0.03,0.02,2,0,0,0,,0,0,0.19,2,0,0,0,0,0.19,2,0,0.22,4,-0.22,1,1,0,100,2,0,1,0,15,5.38,65,33.98,62,32,0.1,41,19.31,16,109,7,22,58,3.39,8.77,5,17,5,56,19,0,51,37.77,24,12,3,24,5,10,3,25,2,0,0,207,51,31,11,27,75,106,11,43,-7,38.2,16,0.95,0.95,101,99,5.35,14,11,1,10,0,2,3,1,9,2,7,0,35,60,5,43,50,7,31,26.95,0.83,93,-4.05,25.66,25.16
Rob Ramshaw,Spennymoor Town,2409,Centre Attacking Midfielder,Left Attacking Midfielder,England,32,178,7,7,6.06,0.14,44,16,41,3,,5.51,4,3.19,28,4,3.11,27,0,0.09,1,11,9.25,72,1.75,25,12,13,48,34,1,48,77,5,5.4,23,19.84,461,211,0.01,152,52.73,118,201,35,40,76,29.14,34.54,19,31,11,45,48,0,408,321.92,128,104,38,56.18,243,60,74,71,7,0,0,653,69,25,13,53,26,44,32,66,-3,62.44,71,11.06,15.84,544,89,4.91,255,29,28,1,11,117,145,2,31,13,37,19,21,61,18,20,63,17,16.17,13.26,1.01,109,-2.91,16.27,14.42
Robbie Tinkler,South Shields,2356,Right Centre Back,Left Centre Back,England,29,183,0,0,0.16,0.03,5,0,40,0,,0.06,3,1.15,12,3,1.09,11,0,0.06,1,3,1.32,17,1.68,11,9,2,82,28,0,6,4,23,33.66,123,180.54,218,93,0.07,122,26.45,60,337,40,63,87,61.16,94.82,24,45,6,58,42,1,154,228.49,71,55,31,32.19,30,19,20,36,9,0,0,1780,90,146,10,64,158,193,13,84,-6,36.48,168,17.84,18.48,1528,100,7.1,176,15,14,1,3,12,26,1,0,0,0,5,24,71,5,38,59,3,22.16,22.07,0.94,92,-0.08,20.83,20.39
Rocco Coyle,Scarborough Athletic,615,Right Defensive Midfielder,Right Centre Midfielder,England,19,,0,0,0.16,0.04,4,0,25,0,,0.01,1,0.17,4,1,0.17,4,0,0,0,1,0.33,8,0.67,0,0,0,,9,0,8,2,5,5.37,13,14.25,109,56,0.02,36,40.72,52,98,13,18,72,14.46,19.84,11,29,5,58,15,0,85,91.63,27,34,13,42.92,31,36,20,59,1,0,0,265,72,23,8,51,21,37,18,62,-10,51.52,20,0.85,0.99,169,97,4.74,56,3,3,0,0,1,4,0,33,1,20,1,21,67,12,21,71,7,21.69,18.99,0.95,105,-2.7,20.67,19.87
Rolando Onu,Dover Athletic,407,Centre Forward,Right Centre Forward,England,24,,1,1,0.56,0.09,6,17,50,3,,0.98,0,0.44,5,0,0.44,5,0,0,0,1,0.99,11,0.01,4,3,1,75,5,0,9,13,0,0,1,0.66,79,14,0.02,21,67.52,18,23,1,1,50,0.66,0.66,4,0,1,25,13,0,74,59.63,18,27,7,69.63,66,89,25,93,0,0,0,75,52,1,38,25,1,4,32,36,-16,64.04,7,0.85,1.44,58,76,4.68,23,2,2,0,1,14,16,1,0,2,50,2,19,65,16,4,78,17,16.06,13.61,1.01,128,-2.45,16.14,17.36
Rollin Menayese,Macclesfield Town,2071,Left Centre Back,Right Centre Back,Wales,28,190,0,0,0.81,0.09,9,0,22,0,,0.22,1,0.37,3,1,0.37,3,0,0,0,1,1.18,12,-0.18,4,4,0,100,13,0,6,5,24,24.74,117,154.52,193,90,0.09,114,24.41,51,380,26,50,68,33.52,58.26,14,55,12,70,99,2,153,197.04,65,49,15,29.29,25,16,15,31,2,0,1,1167,79,84,19,57,139,125,14,60,-20,36.32,67,10.56,11.23,832,99,5.44,87,3,1,2,6,38,39,0,0,0,0,7,31,67,3,36,63,1,22.32,19.99,0.96,101,-2.33,21.34,20.21
Roman Charles-Cook,Dover Athletic,2896,Right Back,Left Back,England,22,,0,0,0.36,0.09,4,0,25,0,,0.03,2,1.29,20,2,1.17,17,0,0.12,3,2,1.64,24,0.36,28,16,12,57,30,0,43,39,26,17.77,103,68.01,625,236,0.03,228,30.08,118,382,78,104,81,53.92,71.7,32,38,18,56,51,0,515,356.04,177,117,33,33.68,128,25,64,55,3,0,0,683,54,53,21,32,126,141,16,43,-11,53.4,106,4.86,5.81,477,89,7.53,147,28,18,10,3,17,35,0,25,11,22,6,45,46,8,30,55,15,22.26,18.28,0.88,97,-3.98,19.49,17.7
Ronan Silva,Hampton & Richmond,1873,Left Attacking Midfielder,Centre Forward,England,26,178,3,1,2.62,0.07,39,3,31,4,100,1.47,0,0.7,15,0,0.7,15,0,0,0,1,3.32,54,-2.32,38,26,12,68,35,1,66,58,10,7.37,8,6.36,544,218,0,160,53.18,88,146,30,40,65,27.01,34.39,40,36,16,25,26,0,474,389.93,142,152,48,54.12,258,54,124,82,5,0,0,426,65,19,25,48,13,35,24,59,-6,60.48,51,4.71,6.18,421,85,5.7,143,11,11,0,0,66,77,3,18,2,13,5,24,61,15,20,66,14,16.87,13.95,0.95,98,-2.92,16,13.61
Ronny Nelson,Ebbsfleet United,1742,Left Centre Back,,England,22,189,2,2,1.16,0.06,18,11,22,1,,1.14,0,0.19,1,0,0.19,1,0,0,0,2,1.35,19,0.65,10,6,4,60,10,0,1,5,31,37.58,85,102.47,184,75,0.07,100,27.44,45,227,24,55,89,31.83,69.41,21,75,3,63,55,0,140,177.61,61,35,17,32.08,30,21,14,40,6,0,0,843,76,75,75,43,113,146,14,58,-18,42.23,96,7.33,8.33,607,99,5,145,7,7,0,4,44,51,1,29,3,43,4,36,59,5,38,55,7,23.47,22.55,0.87,84,-0.92,20.4,18.94
Ross Crane,King's Lynn Town FC,2279,Right Attacking Midfielder,Centre Attacking Midfielder,England,23,178,6,6,3.39,0.07,50,12,40,4,,4.83,4,1.6,23,4,1.29,16,0,0.31,7,10,4.99,73,5.01,48,31,17,65,35,0,69,61,11,15.77,20,25.27,478,183,0.01,131,54.3,93,149,31,42,74,31.24,47,60,21,11,43,32,0,387,422.93,111,115,43,56.53,249,64,91,79,8,0,1,530,62,47,79,38,31,112,19,64,2,66.65,65,5.85,9.82,552,86,6.38,213,45,25,20,5,80,105,1,18,14,24,10,19,67,14,17,66,17,21.75,15.73,0.89,90,-6.02,19.33,14.18
Ruaridh Donaldson,Enfield Town FC,1211,Left Centre Back,Centre Attacking Midfielder,Scotland,32,176,0,0,0.83,0.12,7,0,29,0,,0.05,0,0.41,4,0,0.16,3,0,0.25,1,0,1.23,11,-1.23,1,1,0,100,3,0,5,7,15,8.36,71,53.18,155,82,0.06,68,27.45,51,183,24,39,80,18.62,26.99,12,44,6,68,45,0,119,84.29,42,27,8,30.06,18,15,11,41,2,1,1,409,62,44,81,39,82,102,17,54,-8,43.89,44,3.3,3.82,251,98,3.95,66,9,6,3,1,15,21,0,33,3,38,1,43,52,5,35,59,6,24.16,17.77,0.88,96,-6.39,21.34,17
Ruben Okemute Shakpoke,Slough Town FC,1142,Centre Forward,Left Centre Forward,England,22,178,6,6,2.91,0.14,21,29,57,4,,5.46,1,0.79,11,1,0.79,11,0,0,0,7,3.7,32,3.3,13,7,6,54,14,0,18,62,2,0.86,15,11.3,161,56,0.01,31,62.93,30,49,4,6,67,3.57,4.42,16,0,2,44,55,0,142,105.87,26,33,6,68.9,120,85,30,91,4,0,0,193,56,3,15,33,15,9,46,55,-2,66.57,18,3.76,5.69,175,71,5.57,74,3,3,0,5,58,61,0,0,3,43,8,26,59,15,19,65,16,15.52,13.27,0.96,99,-2.26,14.85,13.14
Ruben Soares Junior,Dover Athletic,1541,Centre Forward,Left Wing,Portugal,26,181,8,8,3.8,0.16,24,33,42,3,,7.11,1,1.01,10,1,1.01,10,0,0,0,9,4.81,34,4.19,18,10,8,56,32,0,24,56,3,1.83,27,19.65,245,70,0,52,57.97,52,72,10,13,91,8.22,10.05,27,50,1,52,122,0,208,158.88,46,57,11,64.27,152,73,48,84,3,0,0,373,57,7,54,41,30,14,42,56,0,64.91,21,6.36,8.27,262,82,4.59,128,5,5,0,10,88,93,0,40,2,9,13,28,62,9,27,61,12,14.13,12.36,0.95,106,-1.77,13.41,13.12
Ryan Bartley,Maidenhead United,1749,Right Back,Right Centre Back,England,22,187,0,0,0.34,0.04,8,0,38,1,,0.83,0,0.36,7,0,0.33,6,0,0.03,1,0,0.7,15,-0.7,17,9,8,53,17,0,20,14,16,16.71,63,67.5,258,115,0.03,105,35.41,92,293,37,53,84,39.57,56.28,19,30,7,62,44,0,203,209.07,79,55,24,38.72,64,32,33,60,3,0,0,764,68,44,12,33,73,123,12,63,-5,50.55,117,6.02,6.49,561,96,5.3,177,15,12,3,1,16,28,0,27,6,22,1,39,53,8,39,52,9,21.47,17.58,0.87,90,-3.88,18.66,15.82
Ryan Blackman,Bedford Town,987,Right Defensive Midfielder,Centre Defensive Midfielder,England,31,177,0,0,0.21,0.03,7,0,14,1,,0.04,2,1.28,4,2,1.13,3,0,0.15,1,2,1.49,11,0.51,3,2,1,67,2,0,4,6,20,9.7,32,16.8,240,145,0.04,74,38.13,84,162,30,50,70,17.13,26.83,22,13,13,53,16,0,188,90.41,49,53,17,43.29,68,36,24,45,2,0,0,265,56,22,23,39,34,54,13,71,15,53.07,24,3.14,3.29,129,96,4.16,58,7,5,2,0,0,5,1,14,1,33,1,43,53,4,40,60,0,23.39,17.81,0.9,84,-5.58,20.96,14.97
Ryan Colclough,Fylde,418,Right Wing,Right Midfielder,England,31,184,4,4,0.98,0.06,16,25,44,3,,2.66,2,0.87,6,2,0.87,6,0,0,0,6,1.85,22,4.15,13,7,6,54,13,0,12,18,3,4.54,4,6.49,73,30,0,27,49.64,18,34,5,8,50,8.64,13.18,8,0,5,0,0,0,60,98.54,22,16,8,49.43,30,50,9,56,2,0,0,145,79,12,27,46,8,22,12,72,-6,57.74,22,1.6,3.05,164,91,7.33,53,8,8,0,1,18,26,0,25,4,57,3,15,64,21,15,74,11,20.97,23.35,0.86,108,2.37,17.94,25.2
Ryan Cole,Bedford Town,704,Left Back,Left Wing Back,England,20,,0,0,0.06,0.03,2,0,0,0,,0,0,0.08,1,0,0.08,1,0,0,0,0,0.15,3,-0.15,6,3,3,50,7,0,9,7,16,9.1,24,13.8,157,71,0.04,67,31.95,24,92,19,35,73,10.38,19.48,6,57,7,65,15,0,132,81.92,49,25,9,34.72,34,26,13,52,2,0,0,189,53,18,64,33,27,52,17,53,0,47.51,24,0.26,0.29,137,95,7.1,33,2,2,0,0,3,5,1,0,2,13,0,52,41,8,27,55,18,24.84,17.98,0.85,91,-6.86,21.24,16.29
Ryan Doherty,Bedford Town,2264,Right Centre Back,Left Centre Back,England,17,,2,2,0.43,0.11,4,50,75,0,,0.97,1,0.2,5,1,0.2,5,0,0,0,3,0.63,9,2.37,2,2,0,100,5,0,8,2,29,19.79,190,122.88,267,112,0.08,158,22.21,35,349,35,64,85,21.75,41.54,14,54,6,65,123,1,218,133.16,95,39,17,27.15,29,13,14,36,1,0,0,592,59,55,12,33,214,145,21,45,-13,34,22,4.34,4.53,300,99,3.89,31,1,1,0,6,29,30,0,0,0,0,6,48,50,2,45,55,0,27.76,23.86,0.85,80,-3.9,23.65,19.2
Ryan Fryatt,Peterborough Sports FC,780,Centre Back,Left Centre Back,England,32,186,0,0,0.82,0.2,4,0,25,0,,0.9,0,0.47,2,0,0.47,2,0,0,0,0,1.28,6,-1.28,3,1,2,33,6,0,2,3,11,9.74,57,45.1,68,35,0.07,42,28.48,28,150,6,17,46,4.78,14.52,8,0,7,80,39,1,54,45.87,22,16,6,38.62,14,26,9,56,1,0,0,247,60,27,13,48,64,49,22,55,-5,39.57,19,2.62,3.26,105,97,3.71,27,1,1,0,0,8,9,0,0,0,0,1,43,51,6,33,48,19,23.16,19.63,0.94,103,-3.53,21.79,20.28
Ryan Hanson,Dover Athletic,1512,Right Centre Midfielder,Right Defensive Midfielder,England,25,180,2,2,0.47,0.09,5,40,60,0,,1.65,1,0.25,8,1,0.25,8,0,0,0,3,0.73,13,2.27,4,1,3,25,11,0,5,13,18,10.32,28,17.8,266,107,0.04,94,39.47,116,210,27,45,71,17.28,27.6,14,15,11,70,56,0,225,150.67,65,61,16,42.65,89,40,38,62,4,0,0,438,61,30,6,42,40,59,25,57,-5,53.16,49,3.86,4.08,233,97,3.12,107,7,6,1,3,17,23,1,0,0,0,5,41,49,10,32,60,8,20.92,16.77,0.88,92,-4.15,18.49,15.47
Ryan Huke,Farnborough,958,Centre Attacking Midfielder,Left Centre Midfielder,England,21,179,2,2,2.38,0.11,22,9,27,3,,2.95,2,2.29,11,2,2.29,11,0,0,0,4,4.67,33,-0.67,16,7,9,44,30,0,26,31,4,3.62,7,6.48,207,74,0,65,52.92,65,113,15,19,71,14.62,18.25,17,25,6,19,6,0,175,167.41,50,57,21,54.72,98,56,42,74,1,0,0,262,64,7,15,33,11,17,18,69,4,59.66,34,4.08,5.81,254,89,5.73,81,7,7,0,2,33,40,0,43,4,31,6,20,67,13,10,72,19,16.38,14.96,0.97,101,-1.42,15.85,15.13
Ryan Jackson,AFC Totton,1282,Right Back,Right Wing Back,England,35,175,0,0,0.24,0.05,5,0,40,0,,0.15,1,0.94,14,1,0.94,13,0,0.01,1,1,1.18,19,-0.18,17,9,8,53,15,0,14,20,6,6.81,20,22.72,191,74,0.03,70,39.62,44,126,24,30,83,28.34,35.15,14,50,5,50,9,0,155,157.93,51,39,9,43.93,60,39,30,77,1,1,0,424,68,33,10,42,30,69,13,57,-12,58.58,49,4.15,5.01,377,95,5.56,131,15,11,4,4,18,29,2,40,9,28,7,31,48,21,22,53,24,21.09,18.47,0.88,95,-2.62,18.6,17.6
Ryan McLean,Buxton,783,Right Wing,Right Midfielder,England,26,167,2,2,1.13,0.13,9,22,44,1,,1.17,3,1.7,12,3,1.7,12,0,0,0,5,2.83,21,2.17,13,10,3,77,12,0,19,20,6,6.53,5,6.21,131,55,0.01,31,47.7,21,42,17,23,71,16.83,23.35,6,14,7,20,3,0,108,107.44,25,33,7,48.99,50,46,25,76,0,0,0,216,58,11,25,35,6,30,18,59,1,65.23,19,4.34,5.99,222,90,9.2,74,12,11,1,4,29,40,0,100,14,33,6,19,65,15,14,62,24,19.14,13.73,0.91,108,-5.41,17.46,14.8
Ryley Reynolds,Kidderminster Harriers,1868,Centre Attacking Midfielder,Left Centre Midfielder,England,20,180,4,4,3.74,0.07,50,8,32,4,,5.69,2,4.05,38,1,2.9,27,1,1.15,11,6,7.79,88,-1.79,17,9,8,53,27,0,51,43,15,15.69,28,28.73,581,256,0.01,177,53.47,133,196,50,65,78,50.67,66.36,40,30,14,26,20,0,492,513.58,142,150,41,55.46,293,60,115,77,6,0,0,509,60,40,12,31,46,110,23,58,-2,61.28,62,6.57,10.58,428,87,4.95,162,32,21,11,5,66,87,4,31,11,35,12,23,63,14,20,67,14,22.38,18.93,0.86,102,-3.45,19.26,19.23
S.Adenola,Hemel Hempstead Town,2291,Right Back,Left Back,England,23,,2,2,1.53,0.08,20,10,20,1,,1.35,2,2.76,19,2,2.68,18,0,0.08,1,4,4.29,39,-0.29,25,17,8,68,14,0,13,22,36,37.84,122,123.11,281,101,0.03,106,31.92,135,431,31,67,76,32.99,70.83,16,33,10,56,57,1,234,237.4,76,69,22,36.97,68,29,40,58,4,0,0,906,64,90,13,39,149,203,15,58,-6,51.15,133,9.25,11.15,629,96,5.69,221,24,20,4,6,39,59,0,42,12,27,11,40,50,10,33,53,14,24.2,21.61,0.86,83,-2.59,20.85,17.9
S.McLintock,Peterborough Sports FC,1934,Left Defensive Midfielder,Right Centre Midfielder,England,25,178,1,1,2.36,0.07,32,3,22,2,,1.76,2,2.46,27,2,1.82,22,0,0.64,5,3,4.82,59,-1.82,20,13,7,65,14,0,13,25,11,11.28,32,29.97,441,223,0.01,168,44.9,137,264,44,55,71,46.49,57.78,21,45,18,37,23,0,376,367.17,131,101,40,46.45,157,42,63,62,3,0,0,856,76,82,21,58,47,127,21,76,0,56.06,113,10.91,12.21,659,97,5.39,278,26,18,8,6,49,67,1,15,5,19,11,22,65,13,25,63,12,21.09,17.61,0.94,100,-3.47,19.79,17.69
S.Youngs,Enfield Town FC,2492,Centre Attacking Midfielder,Right Centre Forward,England,35,,9,9,8.04,0.13,64,14,42,4,,10.43,1,1.51,13,1,1.51,13,0,0,0,10,9.55,77,0.45,14,10,4,71,22,0,45,73,13,7.72,36,22.5,518,203,0.03,127,50.64,130,216,36,49,64,23.17,30.89,48,27,20,50,134,0,438,272.1,97,113,35,53.45,251,57,99,88,4,0,0,569,60,19,17,34,46,46,40,57,-3,60.67,64,11.28,17.12,417,84,4.57,179,11,11,0,11,175,186,2,18,3,33,23,31,58,10,28,59,13,17.2,14.34,0.92,99,-2.86,15.86,14.13
Sam Avery,Weston-super-Mare AFC,1709,Left Centre Back,Centre Back,England,37,,1,1,0.95,0.47,2,50,50,0,,0.98,0,0.04,1,0,0.04,1,0,0,0,1,0.99,3,0.01,5,5,0,100,4,0,5,3,19,16.23,130,123.46,179,80,0.09,96,23.06,26,245,25,44,71,26.61,42.85,8,23,10,63,66,1,146,148.14,56,23,12,27.5,16,11,6,26,3,0,0,557,73,41,14,40,137,95,19,72,-1,36.78,28,5.05,5.19,331,99,4.51,37,0,0,0,1,12,12,0,,0,0,3,32,63,5,38,54,8,23.94,19.19,0.9,94,-4.75,21.47,17.97
Sam Barratt,Maidenhead United,607,Left Midfielder,Left Centre Forward,England,30,188,3,1,2.09,0.1,20,5,30,4,100,2.26,1,1.28,8,1,0.62,4,0,0.66,4,2,3.37,28,-1.37,7,3,4,43,8,0,11,17,4,2.66,13,14.2,155,59,0,55,50.96,34,57,15,19,79,15.36,18.02,6,33,4,43,23,0,134,138.68,41,37,9,55.77,80,60,28,76,0,0,0,235,50,10,76,17,21,50,25,46,-5,63.56,25,3.46,5.25,178,94,4.48,63,19,9,10,1,25,34,3,16,5,13,2,23,65,12,21,67,13,22.78,17.03,0.81,84,-5.75,18.4,14.29
Sam Beard,Worthing FC,1054,Left Centre Back,Left Back,England,28,,1,1,1.37,0.1,14,7,36,1,,1.23,2,1.85,8,2,1.85,8,0,0,0,3,3.21,22,-0.21,10,5,5,50,19,0,12,13,14,20.78,35,52.29,178,88,0.02,79,34.57,38,129,33,47,83,50.8,71.59,14,46,7,53,17,0,131,197.8,47,44,16,37.9,35,27,22,50,4,0,0,666,83,59,80,53,44,103,14,77,-6,40.06,64,5.7,7.29,563,97,5.04,130,11,9,2,2,23,32,0,18,4,25,5,28,62,10,29,55,15,21.63,18.11,0.9,97,-3.51,19.48,17.5
Sam Bird,Chorley,375,Left Centre Back,,England,23,188,0,0,0,,0,,,0,,0,0,0.12,1,0,0.12,1,0,0,0,0,0.12,1,-0.12,0,0,0,,0,0,1,0,4,3.42,26,25.29,41,26,0.08,24,26.87,14,57,5,9,83,5.19,8.6,2,100,1,54,14,0,34,29.3,12,7,2,36.79,9,26,4,57,0,0,0,120,75,12,12,55,28,20,15,67,-8,36.55,9,1.39,1.39,61,100,4.8,12,1,1,0,1,3,4,0,0,0,0,1,32,62,6,50,42,8,25.42,17.5,0.93,109,-7.91,23.58,19.13
Sam Brown,Bedford Town,931,Left Back,Centre Attacking Midfielder,England,30,,1,1,0.28,0.09,3,33,67,0,,0.94,0,0.56,9,0,0.27,7,0,0.28,2,1,0.84,12,0.16,4,3,1,75,7,0,8,4,23,13.71,32,21.99,113,56,0.06,50,27.59,42,143,22,45,69,12.42,26.12,3,47,10,60,24,0,88,50.24,31,21,7,33.21,18,20,8,38,0,0,1,264,51,26,76,22,41,107,11,50,-1,47.17,24,1.39,1.83,151,97,5.05,38,14,8,6,0,7,15,0,14,2,7,0,45,50,5,45,47,8,27.18,22.73,0.74,68,-4.44,20.05,15.51
Sam Collins,King's Lynn Town FC,1003,Right Centre Midfielder,Right Defensive Midfielder,Wales,22,180,0,0,0.24,0.08,3,0,33,0,,0.26,3,1.23,19,3,1.23,19,0,0,0,3,1.47,22,1.53,4,3,1,75,10,0,7,3,12,16.54,15,17.75,206,73,0.02,57,46.55,52,117,19,31,83,24.42,40.96,18,50,4,36,14,0,171,213.05,47,58,18,49.08,84,49,36,62,3,0,0,485,81,25,7,63,24,31,20,71,-10,57.24,57,5.45,6.2,362,99,3.81,192,14,14,0,3,20,34,1,21,7,78,8,22,65,13,23,63,15,19.08,17.84,0.99,101,-1.24,18.91,17.94
Sam Corne,Maidstone United,2557,Right Defensive Midfielder,Left Defensive Midfielder,England,29,178,2,2,1.25,0.08,16,13,31,1,0,2.15,0,1.45,20,0,1.19,16,0,0.26,4,2,2.7,36,-0.7,11,5,6,45,35,1,20,14,38,36.4,50,48.81,447,196,0.05,172,39.82,225,446,59,97,78,59.73,96.13,23,38,17,51,48,1,365,329.61,124,117,48,43.95,133,36,72,62,2,0,0,1130,72,126,14,50,79,221,15,60,-12,53.6,159,13.98,15.26,811,97,5.5,318,34,26,8,2,27,53,3,18,8,38,6,28,58,14,28,66,6,24.13,20.36,0.93,99,-3.77,22.37,20.17
Sam Deadfield,Hampton & Richmond,1976,Left Defensive Midfielder,Centre Attacking Midfielder,England,29,,0,0,1.07,0.06,19,0,26,1,,0.84,1,2.01,22,0,0.73,13,1,1.28,9,1,3.08,41,-2.08,9,6,3,67,34,0,21,22,23,19.81,36,25.61,420,164,0.03,132,42.55,176,322,41,64,72,36.1,55.91,39,38,16,50,67,0,343,293.37,100,112,36,47.14,162,47,76,68,3,0,0,819,67,60,87,40,49,137,21,69,2,53.15,72,6.92,7.48,537,96,3.34,179,38,18,20,3,32,50,1,13,5,23,8,30,58,12,33,54,13,20.55,16.09,0.88,101,-4.46,18.16,16.21
Sam Dreyer,Torquay United,3107,Left Centre Back,Centre Back,England,21,182,2,2,1.46,0.11,13,15,23,0,,1.63,2,3.42,15,2,3.39,14,0,0.03,1,4,4.88,28,-0.88,4,2,2,50,27,1,7,5,37,42.85,284,350.62,337,147,0.09,207,23.05,73,552,28,65,74,36.2,79.05,28,47,10,76,152,2,281,349.89,116,63,20,29.53,47,17,27,43,5,0,0,1580,77,114,22,43,326,223,15,61,-15,34.77,87,14.03,15.76,1074,99,5.12,124,5,4,1,11,46,50,0,0,0,0,11,34,62,4,47,51,2,23.2,21.91,0.9,85,-1.29,20.85,18.64
Sam Fielding,Marine,2265,Left Defensive Midfielder,Right Defensive Midfielder,England,26,180,1,1,2.2,0.08,29,3,31,1,,1.72,2,1.46,20,2,1.43,19,0,0.03,1,3,3.66,49,-0.66,11,6,5,55,13,0,18,11,42,30.81,78,66.16,391,203,0.04,127,39.46,172,360,27,69,59,17.2,48.01,28,26,19,56,62,1,337,240.9,91,114,32,43.06,120,36,65,57,7,0,0,762,58,91,16,42,112,182,23,60,1,48.47,105,8.97,11.88,419,97,4.53,174,19,14,5,4,35,49,2,5,1,14,6,41,52,7,32,63,5,25.38,21.19,0.9,97,-4.19,22.72,20.56
Sam Folarin,Chelmsford City,687,Right Wing,Left Wing Back,England,19,,2,2,0.82,0.1,8,25,63,2,,1.79,1,1.38,16,1,1.38,16,0,0,0,3,2.2,24,0.8,6,4,2,67,7,0,16,18,5,2.83,5,5.11,152,71,0.01,53,48.11,28,58,16,21,55,16.25,19.09,6,21,13,48,13,0,130,131.39,41,42,13,50.72,70,54,35,83,2,0,0,180,66,5,10,50,5,10,26,63,-3,61.61,27,1.54,3.32,166,87,8.2,62,7,7,0,3,17,24,0,57,5,42,4,17,60,22,15,61,24,15.87,12.96,1.03,100,-2.9,16.38,12.99
Sam Graham,Dagenham & Redbridge,2999,Right Centre Back,Centre Back,England,25,191,0,0,1.76,0.1,17,0,24,0,,1.12,3,0.89,10,3,0.89,10,0,0,0,3,2.65,27,0.35,1,1,0,100,21,0,5,5,27,25.36,221,209.21,345,179,0.05,184,25.63,79,482,47,74,89,46.54,71.9,18,82,6,70,141,2,280,256.51,120,69,22,31.1,44,16,26,38,4,0,0,1062,65,110,9,41,262,226,16,53,-12,37.42,94,9.72,11.3,615,99,4.28,109,10,9,1,5,51,60,0,60,7,39,8,44,53,2,43,51,6,26.03,22.43,0.88,91,-3.6,22.96,20.5
Sam Heathcote,Macclesfield Town,1876,Right Centre Back,Left Centre Back,England,28,188,1,1,0.69,0.04,16,6,19,0,,0.05,2,1.37,8,2,1.37,8,0,0,0,3,2.05,24,0.95,3,2,1,67,19,0,3,3,16,18.57,123,150.82,121,50,0.05,80,25.37,39,286,13,29,93,16.31,34.87,20,100,1,69,90,2,88,109.62,45,29,13,34.08,21,24,12,41,10,0,0,932,69,109,9,39,149,250,15,60,-10,36.46,90,6.83,8.29,655,100,5.5,93,8,8,0,3,28,36,1,13,1,33,4,40,58,2,52,47,1,29.32,23.42,0.84,87,-5.9,24.74,20.37
Sam Ling,AFC Hornchurch,584,Left Back,Left Wing Back,England,29,175,0,0,0.05,0.05,1,0,0,0,,0,0,0.32,4,0,0.31,3,0,0.01,1,0,0.37,5,-0.37,1,0,1,0,4,0,3,6,8,6.92,24,21.16,87,32,0.02,32,32.31,23,83,8,16,67,5.35,12.27,1,33,4,52,22,0,78,60.3,23,18,5,38.85,28,36,12,67,0,0,0,173,57,17,34,36,35,36,21,47,-10,51.84,19,1.82,1.82,92,96,3.46,41,9,4,5,2,5,9,0,22,3,50,3,47,44,8,34,54,12,22.54,20.32,0.85,90,-2.22,19.1,18.28
Sam Minihan,Southport,1778,Right Back,Left Back,England,32,185,0,0,0.39,0.04,9,0,11,0,,0.05,1,0.27,7,1,0.27,7,0,0,0,1,0.66,16,0.34,3,2,1,67,8,0,8,3,23,27.57,73,87.56,181,72,0.03,85,28.67,59,213,24,47,83,26.85,54.43,7,50,5,72,33,0,150,171.57,57,35,10,34.64,39,26,24,69,4,0,0,783,75,47,9,42,88,98,12,60,-15,47.85,100,3.96,4.41,567,99,4.38,164,8,8,0,3,21,29,0,38,6,40,6,35,53,12,40,52,8,20.62,20.35,0.9,90,-0.27,18.63,18.41
Sam Newell,Alfreton Town,328,Left Defensive Midfielder,Left Centre Midfielder,England,,,0,0,0.21,0.04,5,0,0,1,,0,1,0.93,4,1,0.93,4,0,0,0,1,1.14,9,-0.14,3,2,1,67,1,0,4,1,2,0.65,5,1.22,91,57,0,30,38.19,27,56,7,9,70,2.57,3.23,7,25,3,73,8,0,77,31.11,25,17,5,39.09,20,26,11,65,1,0,0,91,62,8,26,42,5,19,17,65,2,50.94,8,1.33,1.54,56,96,4.48,21,4,4,0,2,4,8,0,25,2,100,2,26,63,11,29,62,10,23.49,14.19,0.87,106,-9.3,20.39,15.04
Sam Osborne,Hereford FC,1167,Centre Attacking Midfielder,Left Midfielder,England,26,177,2,2,2.99,0.08,36,6,28,5,,2.83,2,0.89,15,2,0.89,14,0,0.01,1,4,3.88,51,0.12,44,30,14,68,13,0,57,53,3,2.99,13,11.46,283,127,0,68,46.97,74,116,33,36,75,32.72,35.71,32,48,11,40,8,0,218,199.91,49,58,15,48.83,98,45,38,66,5,0,0,286,66,13,17,45,17,25,25,64,-2,60.81,35,4.73,6.04,350,81,7.29,95,15,14,1,5,50,64,0,53,11,33,7,18,66,16,16,71,14,17.97,16.19,0.92,98,-1.78,16.6,15.94
Sam Packham,Worthing FC,2577,Left Defensive Midfielder,Centre Defensive Midfielder,England,24,180,1,1,0.31,0.05,6,17,33,0,,0.34,8,4.21,47,5,1.81,27,3,2.41,20,9,4.52,53,4.48,11,8,3,73,30,0,30,26,21,29.32,31,43.9,431,210,0.05,174,36.3,115,377,50,71,75,69.84,99.17,27,43,17,47,34,1,357,508.9,135,119,46,38.23,100,28,51,43,2,0,0,1426,79,134,13,48,63,246,18,78,-2,48.15,156,16.13,17.28,1133,97,4.51,326,60,24,36,4,17,41,1,27,20,40,8,23,69,8,28,64,7,22.14,19.14,0.91,92,-3.01,20.12,17.62
Sam Straughan Brown,Peterborough Sports FC,1640,Right Centre Midfielder,Right Defensive Midfielder,England,19,176,2,2,1.33,0.09,15,13,27,1,,1.27,0,1.65,17,0,1.42,12,0,0.24,5,2,2.98,32,-0.98,16,11,5,69,22,0,27,28,6,5.09,30,28.88,300,148,0.03,117,43.76,104,213,32,38,78,30.6,35.69,16,40,9,32,14,0,253,263.78,88,76,31,47.78,125,49,54,71,3,0,0,675,66,58,12,38,46,137,16,63,-3,54.05,84,9.09,10.01,553,95,6.25,163,24,16,8,4,24,40,0,25,8,24,3,26,57,17,25,61,13,22.41,18.23,0.88,102,-4.18,19.66,18.66
Sam Wedgbury,Worksop Town FC,567,Right Defensive Midfielder,Centre Defensive Midfielder,England,40,183,0,0,0.02,0.02,1,0,100,0,,0.19,0,0.22,3,0,0.21,2,0,0.01,1,0,0.23,4,-0.23,2,1,1,50,8,0,6,1,4,4.12,13,12.36,111,48,0.13,52,36.3,52,100,17,21,81,15.49,19.61,5,50,4,47,8,1,89,82.62,35,30,15,42.57,30,34,17,57,1,0,0,239,75,21,5,55,15,36,13,65,-11,50.84,34,1.47,1.53,144,97,4.08,56,3,3,0,2,6,9,0,33,2,50,2,27,63,10,27,66,7,21.98,20.52,0.92,96,-1.45,20.27,19.8
Samson Esan,Chesham United FC,1497,Left Centre Midfielder,Right Attacking Midfielder,England,27,178,0,0,1.01,0.05,20,0,25,2,,0.83,3,1.47,18,3,1.47,18,0,0,0,3,2.49,38,0.51,39,24,15,62,18,0,47,48,7,7.88,18,18.69,333,112,0,109,55.31,102,151,41,48,87,39.51,47.39,21,50,6,44,29,0,271,259.61,82,84,29,56.7,168,62,68,81,5,0,0,468,72,23,6,53,24,37,24,70,-2,60.7,63,5.5,7.21,450,88,5.46,179,25,23,2,8,37,60,2,12,9,38,11,24,57,19,29,55,16,17.37,14.38,0.97,106,-2.98,16.8,15.24
Samson Robinson,Buxton,2180,Right Back,Left Back,England,24,180,0,0,0.77,0.06,13,0,31,0,,0.7,2,1.25,12,2,1.05,9,0,0.2,3,2,2.03,25,-0.03,12,11,1,92,21,0,19,16,30,33.76,68,72.08,344,148,0.05,142,32.91,85,284,51,81,78,52.97,86.73,36,59,14,62,41,1,257,281.1,87,72,21,39.04,89,35,51,71,7,0,0,893,74,60,13,39,94,126,14,64,-10,47.69,99,6.24,7.4,658,97,5.1,181,15,11,4,4,22,33,2,33,8,24,1,29,59,13,35,50,15,21.14,21.14,0.88,94,-0.01,18.55,19.77
Samuel Kuffour,AFC Hornchurch,540,Right Centre Back,Left Back,England,22,,0,0,0.05,0.02,2,0,0,0,,0,1,0.54,4,1,0.54,4,0,0,0,1,0.59,6,0.41,3,2,1,67,5,0,3,3,12,8.83,28,21.05,66,33,0.11,25,25.8,13,67,8,20,62,8.82,17.66,5,33,5,60,12,0,53,45.26,15,10,3,32.03,9,17,4,40,0,0,0,182,67,18,10,38,39,37,16,65,-2,43.48,17,1.45,1.53,128,100,6.24,28,7,2,5,0,4,6,0,29,2,17,0,39,56,5,43,50,7,26.7,26.7,0.86,88,0,22.9,23.5
Samuel Oguntayo,Maidstone United,328,Left Back,Left Wing,Republic of Ireland,23,177,0,0,0.06,0.06,1,0,0,0,,0,1,0.14,2,1,0.14,2,0,0,0,1,0.19,3,0.81,1,0,1,0,7,0,4,5,13,14.12,7,7.08,63,22,0,26,30.08,15,49,10,23,71,11.39,25.51,3,20,4,38,6,0,50,44.9,18,11,3,32.3,12,24,4,36,1,0,0,162,67,8,82,26,13,25,12,55,-13,52.3,24,0.35,0.49,132,95,5.11,49,6,6,0,0,2,8,0,17,1,11,1,38,54,8,33,51,16,22.53,26.2,0.85,74,3.67,19.05,19.39
Samuel Pearson,Weston-super-Mare AFC,765,Right Wing,Left Midfielder,Wales,24,181,5,5,2.39,0.1,25,20,44,5,,2.78,1,0.64,7,1,0.64,7,0,0,0,6,3.03,32,2.97,12,8,4,67,14,0,27,27,4,3.13,2,1.12,141,45,0,38,56.4,26,50,8,12,80,6.42,9.56,4,33,2,18,6,0,129,117.87,36,41,12,58.03,85,66,35,85,2,0,0,204,72,16,13,57,5,25,22,78,6,61.08,27,2.85,5.03,219,83,6.93,77,7,7,0,5,55,62,1,0,4,33,9,18,66,17,10,74,16,19.9,19.34,0.97,98,-0.56,19.29,19.02
Samuel Sanders,Worksop Town FC,1225,Left Centre Back,,England,24,179,0,0,0.24,0.08,3,0,0,0,,0,0,0.22,3,0,0.22,3,0,0,0,0,0.46,6,-0.46,3,3,0,100,1,0,0,1,11,8.21,91,63.14,133,68,0.08,67,24.14,32,189,14,25,70,10.81,19.01,12,45,6,65,62,0,107,73.79,40,21,9,30.28,19,18,10,48,2,0,0,303,58,40,56,41,111,78,25,54,-5,39.24,26,2.08,2.4,122,99,5.32,38,5,3,2,1,21,24,0,0,0,0,6,51,42,7,37,47,16,27.65,26.37,0.88,95,-1.28,24.41,24.95
Saul Kader,Hampton & Richmond,780,Left Centre Forward,Left Wing,England,22,,0,0,1.48,0.12,12,0,33,4,,1.52,1,0.68,8,1,0.68,8,0,0,0,1,2.16,20,-1.16,7,2,5,29,10,0,8,18,3,2.02,1,0.98,207,75,0,49,60.29,23,52,8,11,62,7.81,9.82,10,38,5,16,4,0,190,171.07,45,52,19,60.75,129,68,44,85,1,0,0,138,64,6,14,33,8,11,25,49,-15,62.16,7,2.33,3.2,128,84,4.5,48,3,3,0,2,28,31,0,33,3,38,9,18,60,23,6,73,21,17.48,18.97,0.84,72,1.49,14.61,13.72
Scot Andrew Bennett,Weston-super-Mare AFC,335,Centre Defensive Midfielder,Right Defensive Midfielder,England,35,178,0,0,0.06,0.06,1,0,0,1,,0,0,0,0,0,0,0,0,0,0,0,0.06,1,-0.06,0,0,0,,1,0,3,2,5,6.45,10,13,68,38,0.15,27,37.05,25,58,6,11,67,6.86,13.3,6,60,3,73,11,0,56,68.4,21,18,5,42.74,17,30,10,56,1,0,0,127,67,12,12,52,15,18,25,62,-5,49.55,14,1.41,1.47,75,97,5.14,26,1,1,0,0,3,4,1,100,1,50,0,34,58,8,35,62,4,20.26,17.52,0.96,98,-2.74,19.42,17.19
Scott Barrow,Darlington,2257,Left Centre Back,Left Back,Wales,37,183,0,0,0.96,0.03,30,0,23,1,,0.71,2,2.28,22,2,2.2,20,0,0.08,2,2,3.23,52,-1.23,8,5,3,63,12,0,9,11,17,16.98,129,128.85,237,108,0.06,123,24.34,104,413,42,59,74,41.76,58.74,9,52,15,53,47,1,186,183.93,77,27,14,28.76,26,14,12,44,2,1,1,1125,65,185,77,43,204,355,16,58,-8,43.56,210,11.89,13.88,836,98,5.92,226,58,28,30,0,17,45,3,34,22,33,0,43,54,4,40,55,4,28.56,28.12,0.87,81,-0.44,24.71,22.68
Scott Davies,Slough Town FC,1220,Centre Back,Left Centre Back,England,39,183,0,0,0.31,0.04,7,0,0,0,,0,0,0.59,5,0,0.53,3,0,0.06,2,0,0.9,12,-0.9,6,6,0,100,15,0,0,5,13,6.76,68,42.71,74,37,0.08,55,21.25,27,175,11,24,69,6.71,13.47,3,29,5,56,14,0,60,39.47,31,10,6,27.48,9,15,3,30,1,0,0,382,63,84,13,44,89,169,14,70,7,37.61,61,4.4,4.51,252,98,4.97,54,10,3,7,1,3,6,1,0,1,33,1,42,54,4,43,56,2,33.81,27.81,0.86,93,-6,29.06,25.85
Scott Myles Davies,Slough Town FC,993,Centre Back,Right Centre Back,Republic of Ireland,38,182,1,1,0.31,0.03,10,10,10,0,,0.91,0,0.03,1,0,0.03,1,0,0,0,1,0.34,11,0.66,7,7,0,100,12,0,4,3,6,6.54,41,40.88,75,52,0.09,56,22.44,21,163,18,24,72,18.95,25.5,2,38,7,70,14,1,55,55.33,27,11,5,25.95,5,9,3,27,1,0,0,406,70,77,12,43,54,168,11,78,9,36.13,64,3.32,3.38,280,98,5.66,47,7,4,3,0,3,7,0,0,0,0,0,38,55,7,55,45,0,32.94,28.55,0.82,86,-4.4,26.94,24.62
Scott Rendell,AFC Totton,1627,Centre Attacking Midfielder,Centre Forward,England,39,185,4,2,2.33,0.12,20,10,30,2,100,1.22,0,1,12,0,1,12,0,0,0,2,3.33,32,-1.33,4,2,2,50,9,0,10,18,10,10.82,28,32.13,212,87,0.02,58,50.43,88,136,10,20,63,9.64,20.46,17,0,6,43,62,1,185,184.32,40,69,16,56.26,121,65,55,80,2,0,0,414,67,17,10,39,41,31,34,63,-4,58.72,41,6.36,7.85,207,94,2.68,125,10,10,0,7,68,78,1,10,1,20,10,25,58,17,24,62,14,17.71,15.98,0.9,85,-1.73,15.94,13.51
Scott Wagstaff,Tonbridge Angels FC,1238,Left Defensive Midfielder,Right Defensive Midfielder,England,36,175,1,1,1.07,0.12,9,11,22,1,,1.24,2,1.56,9,2,1.52,7,0,0.04,2,3,2.63,18,0.37,8,4,4,50,28,0,9,6,16,15.12,31,30.64,228,120,0.06,80,38.96,92,164,18,34,64,17.12,32.24,23,9,10,61,14,0,187,172.86,57,56,19,43.52,67,36,33,59,5,0,0,416,71,23,13,41,40,47,19,69,-2,50.67,34,4.56,5.92,295,98,5.18,97,6,4,2,2,16,20,2,50,5,36,3,28,59,12,24,61,15,21.07,17.42,0.9,102,-3.66,19.01,17.79
Scott Wilson,Weston-super-Mare AFC,566,Left Wing,Right Wing,England,33,182,1,1,2.55,0.21,12,8,33,6,,2.29,1,1.55,4,1,1.55,4,0,0,0,2,4.1,16,-2.1,5,1,4,20,2,0,6,21,3,1.34,8,6.64,109,34,0,33,56.65,22,40,8,11,67,7.12,8.46,7,40,4,14,3,0,94,89.32,26,23,7,62.46,62,66,19,83,0,0,0,97,59,7,15,64,10,9,32,58,-1,62.18,8,2.31,4.99,90,84,6.45,31,3,3,0,3,27,30,0,67,4,44,4,18,68,13,10,68,23,17.52,12.8,1.03,131,-4.73,18.11,16.82
Scott Wilson,Chorley,1221,Left Centre Back,Left Back,England,26,186,1,1,0.35,0.09,4,25,25,0,,0.71,0,0.15,3,0,0.15,3,0,0,0,1,0.5,7,0.5,4,2,2,50,6,0,4,10,10,8.68,86,70.43,106,38,0.08,59,25.54,61,262,9,19,56,6.85,15.53,9,44,7,60,42,0,88,70.03,35,19,6,31.58,20,23,10,53,4,0,0,402,61,31,84,40,98,65,19,64,3,42,36,3.2,3.2,189,95,5.24,52,6,5,1,2,16,21,1,17,1,25,4,42,53,5,42,52,6,23.5,20.07,0.89,87,-3.43,20.98,17.43
Scott Wilson,Bath City,649,Centre Forward,Left Centre Forward,England,33,182,1,1,1.21,0.13,9,11,56,4,,1.17,0,0,0,0,0,0,0,0,0,1,1.21,9,-0.21,8,5,3,63,2,0,16,22,3,2.14,4,2.49,176,64,0,34,68.42,17,26,3,6,75,1.65,3.79,12,50,1,17,8,0,161,113.68,31,34,9,70.11,137,85,31,91,1,0,0,94,51,2,14,29,6,5,41,54,3,66.55,4,0.84,1.82,104,78,4.59,27,2,2,0,0,27,29,0,0,0,0,1,16,67,17,11,70,19,14.52,12.99,0.8,76,-1.53,11.6,9.83
Sean Etaluku,Macclesfield Town,729,Right Midfielder,Right Wing,England,22,174,1,1,0.3,0.04,7,14,29,2,,0.03,2,1.49,11,2,1.47,10,0,0.03,1,3,1.79,18,1.21,29,17,12,59,7,0,22,33,7,5.57,4,4.02,179,75,0,47,48.02,34,63,13,20,68,15.97,21.55,8,50,6,33,7,0,158,181.69,38,31,8,49.39,75,47,23,74,2,0,0,188,61,9,80,27,10,27,23,51,-10,63.37,21,1.8,3.14,220,80,7.85,51,18,14,4,3,22,36,1,33,8,29,6,17,68,15,16,65,20,19.59,17.14,0.85,73,-2.45,16.73,12.55
Sean McGurk,South Shields,959,Left Midfielder,Left Wing,England,23,179,1,1,1.89,0.1,19,5,47,3,,1.69,3,2.61,21,3,2.39,18,0,0.22,3,4,4.5,40,-0.5,13,8,5,62,7,0,13,16,2,2.13,1,1.57,134,67,0,55,52.63,23,49,16,18,70,22.55,24.68,5,40,7,0,0,0,113,166.67,44,43,19,54.04,70,62,35,81,1,0,0,345,67,18,17,30,5,57,15,63,-4,61.73,35,5.56,8.53,331,95,5.38,117,30,23,7,4,50,73,2,13,5,14,9,17,62,21,26,50,24,21.04,17.42,0.86,100,-3.62,18.12,17.4
Sean Shields,Tonbridge Angels FC,532,Left Centre Forward,Centre Attacking Midfielder,Northern Ireland,34,177,3,3,0.8,0.05,16,19,50,6,,2.44,0,0.79,7,0,0.5,4,0,0.29,3,3,1.58,23,1.42,7,3,4,43,2,0,13,11,2,1.32,0,0,125,42,0.01,36,59.96,19,33,4,6,67,1.84,3.16,3,0,2,8,1,0,118,57.76,32,46,16,59.33,83,70,37,80,0,0,0,115,66,16,11,43,6,31,14,55,-11,60.45,22,1.71,3.13,119,92,5.33,44,12,7,5,1,24,31,1,17,2,13,2,22,63,16,34,57,9,25.54,27.87,0.92,91,2.34,23.59,25.27
Sean Tarima,Worksop Town FC,398,Right Back,Right Wing Back,England,21,,0,0,0,,0,,,0,,0,1,0.2,4,1,0.2,4,0,0,0,1,0.2,4,0.8,3,3,0,100,3,0,4,3,9,8.24,15,11.77,77,41,0,25,30.63,20,65,14,23,88,10.65,18.89,4,33,2,54,14,0,59,45.79,19,13,4,32.99,13,22,7,54,1,0,0,144,67,10,20,45,21,16,18,72,5,49.62,19,0.87,1.03,102,94,5.99,30,3,3,0,0,0,3,0,33,1,13,0,36,60,4,30,57,13,20.11,21.2,0.93,88,1.09,18.64,18.73
Seb Thompson,Leamington FC,958,Left Wing,Centre Forward,England,23,181,4,3,1.38,0.04,31,10,39,4,50,1.82,3,1.83,13,1,1.17,8,2,0.67,5,6,3.22,44,2.78,17,11,6,65,25,0,30,33,2,0.45,3,1.47,157,68,0,34,59.48,39,61,8,10,80,4.37,4.82,6,67,2,25,8,0,144,73.57,28,40,9,61.45,106,74,37,93,1,0,0,175,60,19,11,38,12,41,27,59,-1,60.47,34,2.04,3.77,213,86,9.03,45,17,6,11,2,20,26,0,35,6,43,4,18,67,15,18,67,16,23.54,21.32,0.89,92,-2.22,21.04,19.67
Seb Thompson,Kidderminster Harriers,566,Right Wing,Left Wing,England,23,181,1,1,0.99,0.08,12,8,33,3,,1.03,1,1.24,5,1,1.24,5,0,0,0,2,2.23,17,-0.23,10,5,5,50,15,0,17,16,1,1.27,2,1.49,94,32,0,23,65.52,23,31,5,6,71,5.43,6.7,13,33,2,30,7,0,76,87.5,20,24,8,67.15,59,78,23,96,1,0,0,157,66,9,17,53,6,13,32,71,5,64.99,16,2.4,3.98,157,92,5.74,58,6,6,0,2,23,29,0,50,3,23,4,16,63,21,14,59,28,19.1,15.93,0.94,101,-3.18,18,16.01
Shamir Fenelon,Horsham FC,1185,Centre Forward,Right Wing,Republic of Ireland,31,186,3,3,3.87,0.18,21,14,48,3,,4.05,2,1.19,9,2,1.19,9,0,0,0,5,5.05,30,-0.05,8,4,4,50,7,0,22,32,11,11.19,18,16.03,203,76,0,53,57.09,46,74,13,24,76,9.84,21.02,11,50,4,23,17,0,179,151.06,45,41,10,61.52,128,72,32,78,0,0,0,225,69,8,13,50,21,13,29,66,-4,62.8,20,4.58,8.02,189,86,5.28,84,6,6,0,6,54,60,0,0,4,40,13,16,65,19,11,70,19,17.23,14.78,0.95,102,-2.45,16.32,15.14
Shaq Coulthirst,Peterborough Sports FC,1179,Left Centre Forward,Right Centre Forward,England,31,180,5,5,4.08,0.13,32,16,44,6,,4.23,0,0.96,12,0,0.96,12,0,0,0,5,5.04,44,-0.04,7,5,2,71,13,0,33,33,4,5.15,7,7.67,200,70,0.01,38,59.23,50,70,12,16,67,15.7,20.86,23,14,6,28,39,0,165,163.72,29,52,14,62.01,114,69,47,90,0,0,0,252,65,10,18,53,10,16,32,56,-10,62.26,21,6.3,8.52,213,85,4.26,82,5,5,0,3,73,78,0,20,1,17,9,20,66,14,18,71,11,15.09,12,0.97,99,-3.09,14.6,11.92
Shaun Jeffers,Bedford Town,597,Centre Forward,Left Centre Forward,England,34,185,0,0,0.79,0.11,7,0,71,2,,0.27,0,0.16,2,0,0.16,2,0,0,0,0,0.95,9,-0.95,7,4,3,57,9,0,12,9,2,1.35,6,4.8,113,30,0,14,66.34,12,13,0,2,,0,1.35,14,,0,21,6,0,99,54.32,12,16,1,70.36,83,84,14,88,1,0,0,74,69,2,21,50,7,3,30,52,-17,64.18,2,1.3,1.65,74,81,4.2,28,2,2,0,0,15,17,0,50,1,50,1,16,61,23,11,64,25,14.6,12.75,0.99,82,-1.85,14.45,10.5
Shiloh Remy,Chelmsford City,747,Right Midfielder,Right Wing,England,25,170,2,2,2.15,0.14,15,13,33,3,,2.11,0,0.32,5,0,0.32,5,0,0,0,2,2.47,20,-0.47,16,9,7,56,15,0,19,18,1,1.26,8,6.9,158,56,0,51,54.09,24,59,6,7,55,4.85,6.11,10,0,5,0,0,0,142,126.12,42,42,15,56.62,92,65,35,83,1,0,0,222,69,13,70,46,13,23,18,69,0,62.85,29,2.51,4.19,226,92,7.53,84,6,6,0,3,26,32,0,33,3,21,4,21,55,24,20,51,29,18.98,16.05,0.96,111,-2.93,18.22,17.75
Shiloh Remy,Worthing FC,463,Left Wing,Left Midfielder,England,25,170,0,0,1.71,0.24,7,0,29,1,,0.26,0,0.54,4,0,0.54,4,0,0,0,0,2.25,11,-2.25,11,4,7,36,11,0,13,19,1,1.84,0,0,67,19,0,25,51.86,18,31,5,6,63,7.62,9.46,5,50,3,17,1,0,58,90.78,21,29,10,54.02,33,57,22,76,1,0,0,187,79,3,71,38,2,6,24,78,-2,59.72,15,5.59,6.52,183,92,6.96,78,7,6,1,1,18,24,0,14,1,11,3,14,58,28,10,51,38,18.39,19.99,0.96,93,1.61,17.72,18.65
Siju Odelusi,Dover Athletic,567,Right Defensive Midfielder,Right Centre Midfielder,England,27,173,0,0,0.43,0.06,7,0,14,1,,0.11,0,0.45,7,0,0.45,7,0,0,0,0,0.88,14,-0.88,6,3,3,50,6,0,6,12,5,2.47,12,9.31,115,48,0.01,31,40.55,34,73,11,16,85,8.99,11.46,6,60,2,40,12,0,98,79.9,24,33,7,44.26,43,44,22,67,1,0,0,166,69,7,27,29,15,21,19,66,-3,52.81,19,2.46,2.81,128,89,5.64,39,6,6,0,2,19,25,0,0,0,0,2,32,52,16,23,59,18,21.13,14.99,0.9,91,-6.15,19.1,13.67
Simone Troso,King's Lynn Town FC,1062,Left Wing Back,Right Wing Back,England,,,1,1,0.62,0.06,10,10,50,1,,1.09,1,1.15,12,1,0.97,10,0,0.19,2,2,1.78,22,0.22,12,6,6,50,9,0,21,16,16,15.97,20,27.04,281,132,0.01,100,38.98,43,106,27,43,64,34.04,50.02,11,36,15,55,17,0,244,270.88,76,56,19,41.73,85,35,34,61,3,0,0,397,78,21,66,57,20,37,15,74,-4,54.47,30,3.55,3.96,335,93,5.57,115,13,10,3,3,19,29,0,31,7,47,3,22,60,18,22,60,18,17.63,14.34,0.95,104,-3.29,16.76,14.84
Siyabonga Ligendza,Alfreton Town,2166,Right Wing,Centre Forward,South Africa,22,177,4,4,4.07,0.08,50,8,34,5,,6.17,0,0.98,10,0,0.98,10,0,0,0,4,5.05,60,-1.05,52,22,30,42,61,0,78,94,13,8.61,24,14.68,443,160,0.01,84,56.77,105,165,27,40,73,17.44,26.05,53,29,10,42,58,0,363,180.86,72,75,19,59.18,244,67,67,89,7,0,0,311,54,22,9,55,31,33,29,49,-5,60.85,41,6.52,7.98,388,73,8.19,85,19,18,1,1,88,106,1,32,6,30,8,27,53,20,21,62,16,18.12,16.08,1.05,95,-2.04,19.07,15.25
Solomon Wanjau Smith,Chippenham Town,1854,Right Back,Centre Forward,England,27,,1,1,3.04,0.12,26,4,46,3,,2.29,2,2.3,22,2,2.29,21,0,0.01,1,3,5.34,48,-2.34,34,19,15,56,52,2,44,50,10,8.82,27,24.57,316,113,0.02,109,46.96,58,130,15,25,47,12.23,21.05,19,29,17,31,29,0,283,263.18,91,84,27,51.49,154,54,70,83,1,0,0,447,62,21,15,29,36,63,21,58,-4,57.32,64,5.31,8.05,434,88,8.21,127,19,15,4,10,72,87,2,42,12,38,12,30,55,15,23,58,19,20.35,14.68,0.9,99,-5.67,18.37,14.5
Sonnie Davis,Chelmsford City,556,Right Wing Back,Right Back,England,21,,0,0,0.52,0.13,4,0,50,1,,0.59,0,0.63,5,0,0.4,2,0,0.23,3,0,1.15,9,-1.15,7,6,1,86,3,0,8,6,6,4.79,15,15.03,126,58,0,46,30.68,34,84,23,29,72,26.3,31.09,7,53,9,47,9,0,96,95.08,32,24,8,33.69,18,19,12,50,1,0,0,228,70,21,9,43,28,36,14,55,-15,54.77,40,2.52,2.62,186,95,4.78,51,8,2,6,0,4,6,0,38,3,25,0,31,54,15,39,31,29,22.22,26.23,0.89,93,4.01,19.73,24.38
Sonny Blu-Lo Everton,Torquay United,2212,Left Defensive Midfielder,Centre Attacking Midfielder,Scotland,23,171,3,3,2.21,0.06,38,8,39,2,,4.77,2,3.56,39,2,3.05,34,0,0.51,5,5,5.77,77,-0.77,18,11,7,61,20,0,29,24,10,11.14,44,59.44,283,117,0.03,130,41.48,144,268,35,45,73,46.6,57.74,13,35,13,33,14,1,236,287.43,89,70,26,48.41,109,46,40,57,4,0,0,991,78,71,6,50,63,123,16,78,0,56.43,91,8.66,11.27,823,96,4.78,313,39,28,11,8,74,102,5,10,5,19,13,19,66,15,19,69,12,19.69,17.88,0.91,92,-1.81,17.9,16.44
Sonny Finch,South Shields,468,Right Midfielder,Right Wing,England,20,,4,4,1.14,0.1,12,33,42,4,,2.32,1,1.37,3,1,1.37,3,0,0,0,5,2.51,15,2.49,11,6,5,55,5,0,8,17,0,0,5,8.15,64,25,0.02,21,49.23,10,31,10,10,100,16.02,16.02,6,100,0,50,10,0,48,76.35,17,14,6,53.22,26,54,11,79,1,0,0,134,65,5,11,45,7,9,22,44,-21,58.64,17,2.96,4.43,124,94,7.12,39,3,3,0,4,30,33,0,33,4,21,5,17,60,23,13,62,26,17.96,16.94,0.92,79,-1.02,16.57,13.46
Sonny Fish,Torquay United,365,Centre Forward,Right Centre Forward,England,22,187,0,0,0.32,0.05,7,0,43,4,,0.19,0,0.21,5,0,0.21,5,0,0,0,0,0.53,12,-0.53,7,3,4,43,1,0,18,16,0,0,2,2.35,72,23,0,26,57.84,7,16,8,8,80,12.69,12.69,8,0,2,13,2,0,56,66.33,22,15,8,60.57,40,71,14,93,0,0,0,81,80,1,10,100,2,1,28,70,-11,68.1,8,1.56,1.73,103,73,7.06,43,3,3,0,3,25,28,0,0,2,50,2,10,68,22,9,67,23,14.96,13.75,1.08,112,-1.21,16.15,15.34
Sonny Hilton,Southport,2432,Centre Attacking Midfielder,Right Centre Midfielder,England,25,166,4,4,2.38,0.06,40,10,30,2,,1.97,4,1.62,28,3,1.01,19,1,0.61,9,8,4,68,4,26,17,9,65,30,1,30,44,26,30.18,26,29.61,529,219,0.01,167,47.69,133,246,42,68,70,51.69,81.88,30,41,18,27,13,0,458,515.65,133,104,32,49.92,231,50,76,73,2,0,0,962,79,105,15,64,43,146,17,75,-4,55.48,140,9,10.59,869,95,5.7,296,36,18,18,2,55,73,2,19,11,32,10,18,66,16,25,68,7,21.31,17.5,0.97,108,-3.81,20.71,18.83
Sonny Sharples,Spennymoor Town,323,Left Defensive Midfielder,Left Centre Midfielder,England,21,,0,0,0.14,0.04,4,0,25,2,,0.06,0,0.16,1,0,0.16,1,0,0,0,0,0.3,5,-0.3,3,1,2,33,1,0,4,2,1,1.32,7,5.54,82,36,0.05,25,39.54,14,35,11,12,85,8.95,10.27,5,33,2,33,2,0,66,46.72,15,14,4,40.31,20,30,8,57,2,0,0,144,79,9,77,47,9,17,16,83,3,46.85,6,0.34,0.56,113,98,5.58,19,3,3,0,0,0,3,0,33,1,100,0,20,66,14,37,53,11,19.97,18.48,0.92,99,-1.5,18.34,18.33
Stanley Leech,Dagenham & Redbridge,602,Centre Forward,Left Centre Forward,,,,3,3,2.43,0.12,20,15,30,7,,1.95,1,0.52,7,1,0.52,7,0,0,0,4,2.95,27,1.05,1,1,0,100,1,0,8,13,1,1.09,6,6.89,76,17,0,14,67.64,20,28,0,1,0,0,1.09,9,0,1,42,45,0,68,69.94,13,16,7,71.11,62,91,15,94,1,0,1,119,49,0,14,0,7,4,45,42,-7,67.02,8,3.96,5.38,61,87,5.23,37,2,2,0,3,58,60,0,0,1,50,7,17,65,17,11,78,11,13.25,11.33,0.98,108,-1.93,13.03,12.27
Stephen Walker,Scarborough Athletic,2034,Centre Forward,Left Wing,England,25,181,13,10,6.19,0.14,44,23,41,5,75,9.61,0,1.28,10,0,1.28,10,0,0,0,10,7.47,54,2.53,37,30,7,81,18,1,41,61,4,2.95,10,11.74,346,138,0,79,66.36,82,121,13,17,72,12.1,15.06,9,17,5,26,33,0,324,270.64,65,91,20,67.73,274,85,81,89,0,0,0,416,63,18,28,53,19,25,30,62,-2,64.37,31,7.32,11.21,391,85,5.18,149,11,11,0,10,109,120,0,9,5,20,13,19,60,21,13,63,23,16.76,16.29,0.96,108,-0.47,16.05,17.55
Steve Brown,Chesham United FC,600,Right Centre Back,Centre Back,England,37,,0,0,0.54,0.18,3,0,33,0,,0.27,1,1.08,4,1,1.08,4,0,0,0,1,1.62,7,-0.62,2,2,0,100,8,0,0,1,6,6.9,31,32.19,70,20,0.13,46,26.78,16,83,9,15,69,9.63,16.53,9,67,4,51,26,0,52,58.31,26,12,5,29.96,8,15,4,33,1,0,0,226,74,20,7,50,39,32,16,47,-26,37,10,2.01,3.12,138,99,5.08,21,0,0,0,5,25,25,1,,0,,8,35,60,5,29,57,14,22.34,21.85,0.91,71,-0.49,20.36,15.57
T.Byron,Worthing FC,1686,Left Back,Left Centre Back,England,24,189,2,2,0.78,0.09,9,22,67,0,,1.55,4,1.73,15,4,1.73,15,0,0,0,6,2.51,24,3.49,46,35,11,76,22,0,54,28,27,38.75,54,76.06,235,98,0.02,124,34.88,76,265,37,64,80,51.58,90.33,19,70,9,49,39,1,179,251.78,77,67,30,38.9,62,35,31,46,3,0,0,795,72,50,80,40,76,102,17,57,-15,46.46,86,10.5,11.38,719,93,7.1,159,13,12,1,4,31,43,1,38,10,42,6,30,58,12,18,63,19,20.24,19.83,0.91,104,-0.41,18.36,20.53
Taelor O'Kane,Chorley,1179,Left Defensive Midfielder,Right Defensive Midfielder,England,20,,1,1,2.17,0.11,20,5,30,2,,2.29,1,0.88,6,1,0.71,4,0,0.17,2,2,3.05,26,-1.05,8,6,2,75,13,0,8,11,13,9.09,11,9.26,219,89,0,84,42.83,92,183,30,43,81,21.33,30.41,14,55,7,51,32,0,176,141.5,62,59,27,43.55,65,37,38,64,1,0,0,330,71,20,9,56,15,32,22,66,-5,52.59,45,4.42,6.15,209,95,5.32,84,11,9,2,0,33,42,1,9,1,17,2,31,59,10,38,57,5,18.61,15.65,0.95,96,-2.95,17.61,15.04
Tai McLean Fleming,King's Lynn Town FC,1328,Right Centre Back,Centre Back,Scotland,24,185,0,0,0.72,0.07,10,0,60,0,,1.48,1,0.73,8,1,0.48,4,0,0.24,4,1,1.44,18,-0.44,1,0,1,0,10,0,4,2,16,19.83,69,86.48,226,77,0.05,102,31.62,64,215,28,44,80,29.88,49.71,23,36,7,57,43,2,178,207.08,71,38,16,35.58,51,29,23,61,4,0,0,591,65,57,19,37,87,136,13,56,-9,48.51,80,5.44,6.3,371,99,5.01,123,13,5,8,0,15,20,1,54,7,25,2,43,51,6,44,48,8,24.85,21.39,0.85,87,-3.47,21.13,18.7
Tai Sodje,Buxton,1577,Centre Forward,Centre Attacking Midfielder,England,22,179,10,10,5.85,0.15,39,26,49,6,,8.59,2,1.94,15,2,1.94,15,0,0,0,12,7.8,54,4.2,9,3,6,33,38,0,30,39,4,4.83,13,17.04,323,128,0.01,67,63.24,43,66,10,14,67,9.5,14.33,31,44,5,42,42,0,282,306.99,62,72,16,65.88,219,78,61,85,9,0,0,250,63,13,25,57,16,20,32,56,-7,62.53,23,5.97,11.48,227,85,5.92,84,7,7,0,7,94,101,1,29,4,40,14,15,65,20,18,64,18,17.21,13.43,1,106,-3.78,17.22,14.2
Tarik Gidaree,Slough Town FC,1301,Right Back,Right Wing Back,England,23,176,1,1,0.97,0.09,11,9,18,1,,0.61,0,0.33,5,0,0.33,5,0,0,0,1,1.31,16,-0.31,18,13,5,72,17,0,17,20,15,11.39,28,25.53,176,59,0.03,74,35.99,45,139,18,33,82,14.62,26.01,12,56,4,40,18,4,146,115.37,50,46,15,41.09,57,39,32,70,2,0,0,367,71,20,11,31,37,55,15,61,-10,50.95,48,3.43,3.83,328,92,6.81,87,3,3,0,1,28,31,0,100,4,33,4,32,50,18,23,47,30,21.12,16.73,0.89,98,-4.39,18.73,16.34
Tate Campbell,Buxton,1881,Left Defensive Midfielder,Centre Defensive Midfielder,England,23,190,3,3,2.59,0.14,19,16,68,1,,4.8,4,1.92,13,4,1.88,12,0,0.04,1,7,4.51,32,2.49,11,8,3,73,32,0,21,24,14,12.92,28,34.9,292,141,0.02,104,41.01,96,215,44,58,88,47,59.91,26,71,6,52,25,0,223,259.87,79,84,29,44.44,78,35,44,52,3,0,0,882,83,79,12,72,52,86,20,78,-5,47.58,100,8.56,10.63,735,97,5.23,171,12,12,0,6,28,40,0,0,2,18,8,21,67,12,33,58,9,21.13,21.45,0.98,97,0.32,20.76,20.81
Tate Xavier-Jones,Merthyr Town FC,326,Left Centre Forward,Right Centre Forward,England,19,186,1,1,0.74,0.18,4,25,25,3,,0.92,1,1.01,3,1,1.01,3,0,0,0,2,1.75,7,0.25,4,1,3,25,3,0,11,9,1,1.16,6,7.09,65,18,0.04,10,54.5,11,16,3,4,60,3.09,4.26,4,0,2,33,3,0,58,70.01,8,14,2,59.44,39,67,10,71,0,0,0,69,74,3,16,38,7,7,21,73,-1,60.89,5,2.25,3.18,64,91,3.4,27,4,3,1,0,14,17,1,0,1,50,1,19,64,17,30,52,19,16.87,16.98,0.94,94,0.11,15.9,15.91
Taylor Anderson,Alfreton Town,482,Right Back,Right Wing,England,21,,0,0,0.05,0.03,2,0,0,1,,0,0,0.67,5,0,0.63,4,0,0.04,1,0,0.72,7,-0.72,4,4,0,100,3,0,2,1,4,1.77,10,7.1,73,25,0,13,36.1,23,48,4,8,100,3.11,4.88,4,,0,25,3,0,65,33.02,11,13,2,42.25,27,42,10,77,0,0,0,120,56,13,13,42,13,28,18,58,2,51.57,18,0.16,0.8,81,96,6.59,25,8,4,4,0,5,9,0,63,5,31,0,37,53,10,40,52,8,24.19,20.02,0.92,84,-4.16,22.3,16.73
Taylor Clark,Chelmsford City,1128,Left Defensive Midfielder,Right Defensive Midfielder,England,21,,1,1,0.86,0.05,16,6,19,2,,0.15,0,0.63,10,0,0.57,9,0,0.06,1,1,1.48,26,-0.48,17,10,7,59,11,0,28,20,12,10.86,31,28.51,242,108,0.02,74,40.84,90,159,28,40,76,30.24,41.1,16,25,9,37,25,0,198,189.8,54,53,17,43.2,74,37,37,70,3,0,0,374,73,31,14,57,41,44,18,62,-12,56.58,42,2.97,3.6,285,88,6.52,118,9,7,2,2,27,34,0,33,4,33,4,24,60,16,19,69,12,21.19,19.34,0.95,94,-1.85,20.12,18.13
Taylor Clark,Hampton & Richmond,609,Right Centre Midfielder,Right Defensive Midfielder,England,21,,0,0,0.21,0.03,8,0,13,1,,0.04,1,0.38,6,1,0.38,6,0,0,0,1,0.59,14,0.41,5,3,2,60,2,0,10,13,4,4.3,13,16.15,140,53,0.02,35,43.96,49,78,6,10,30,6.8,11.09,14,13,14,46,11,0,120,99.63,23,33,9,45.9,53,44,18,55,4,0,0,216,69,9,16,33,16,24,18,65,-4,53.65,24,1.51,1.89,163,94,6.57,56,5,5,0,2,8,13,0,0,1,33,1,22,66,12,25,68,7,20.01,18.95,0.86,93,-1.06,17.28,17.63
Taylor Foran,Maidstone United,1814,Right Centre Back,Centre Back,England,22,196,0,0,0.89,0.09,10,0,30,0,,0.24,0,0.42,3,0,0.38,2,0,0.04,1,0,1.3,13,-1.3,4,4,0,100,10,0,5,2,11,10.09,146,136.36,123,52,0.05,73,24.03,29,279,16,27,94,15.74,25.83,7,67,1,69,67,0,100,97.21,38,23,11,31.34,17,17,6,26,1,0,0,578,68,70,13,45,156,145,14,64,-4,35.79,45,6.69,7.34,342,99,4.58,49,4,2,2,3,28,30,0,25,1,50,4,40,56,3,51,45,4,27.49,20.43,0.89,94,-7.06,24.38,19.22
Taylor Foran,Salisbury,481,Right Back,Right Centre Back,England,22,196,0,0,0.1,0.05,2,0,50,0,,0.07,0,0,1,0,0,1,0,0,0,0,0.1,3,-0.1,3,1,2,33,3,0,5,2,8,11.86,18,27.66,59,23,0.02,32,31.12,10,45,9,17,82,12.21,24.07,4,60,2,60,9,0,46,68.02,21,14,5,39.25,14,30,9,64,1,1,0,185,73,15,9,38,22,35,13,83,10,42.24,15,1.27,1.37,145,98,4.3,24,5,2,3,0,4,6,0,20,1,25,0,26,66,8,29,58,13,24.18,20,0.9,100,-4.18,21.75,20
Tayt Trusty,Eastbourne Borough,3072,Left Centre Back,Right Defensive Midfielder,Cyprus,22,184,0,0,1.05,0.08,13,0,15,0,,0.25,0,0.62,10,0,0.62,10,0,0,0,0,1.67,23,-1.67,17,15,2,88,21,0,26,20,43,45.73,140,150.68,652,319,0.04,251,32.49,234,616,82,125,73,87.87,133.6,35,41,31,63,110,1,536,553.97,175,138,50,36.68,157,29,84,61,3,0,0,1293,69,107,14,45,172,207,18,60,-9,43.86,147,7.22,8.04,791,96,5.69,206,11,9,2,3,20,29,3,18,3,16,3,35,60,6,37,56,7,23.05,20.35,0.92,95,-2.69,21.16,19.25
Teddy Collis,Farnborough,360,Right Wing,Left Midfielder,England,21,,1,1,0.29,0.06,5,20,60,2,,0.83,2,0.82,7,2,0.76,6,0,0.06,1,3,1.1,12,1.9,11,6,5,55,9,0,5,19,1,1.31,1,0.34,64,25,0,13,60.09,19,28,13,14,87,11.17,12.48,4,67,2,33,6,0,49,37.9,7,16,2,59.48,33,67,14,88,0,0,0,94,57,3,71,33,1,9,29,55,-2,63.2,6,1.87,2.82,97,82,5.16,25,1,1,0,2,23,24,1,0,1,13,4,20,56,24,16,48,36,15.28,11.69,0.9,97,-3.59,13.81,11.3
Teddy Jenks,Worthing FC,1967,Left Centre Midfielder,Left Attacking Midfielder,England,24,191,7,7,6.36,0.11,56,13,39,3,,10.63,4,4.36,28,4,4.36,28,0,0,0,11,10.72,84,0.28,26,15,11,58,21,1,45,49,12,18.73,15,22.78,387,148,0.03,136,51.4,116,225,24,36,69,37.68,56.41,29,38,11,26,15,0,334,488.1,110,106,38,53.4,191,57,77,73,5,0,0,797,76,38,21,59,29,50,23,71,-6,57.27,120,12.28,17.96,670,92,5.88,283,20,19,1,11,106,125,4,5,4,27,25,23,64,13,20,67,13,17.9,16.56,0.98,93,-1.34,17.46,15.48
Teddy Lavelle,Southport,2985,Left Defensive Midfielder,Centre Defensive Midfielder,England,20,189,2,2,2.11,0.06,34,6,35,1,,2.09,3,1,16,3,1,16,0,0,0,5,3.11,50,1.89,16,12,4,75,40,0,23,17,33,38.37,69,77.53,537,238,0.03,199,36.43,142,356,56,89,73,67.93,106.29,38,50,21,53,62,0,444,519.26,141,117,29,39.77,138,31,63,54,5,0,0,1037,73,68,71,50,95,110,21,63,-10,49.31,108,8.75,10.52,763,98,5.14,203,8,7,1,1,26,33,3,13,1,20,4,26,64,10,20,71,8,20.57,19.1,0.94,99,-1.47,19.32,18.96
Teddy Tarbotton,Farnborough,1068,Right Defensive Midfielder,Right Centre Midfielder,England,18,,0,0,0.15,0.03,5,0,60,0,,0.07,0,0.3,7,0,0.3,7,0,0,0,0,0.46,12,-0.46,10,5,5,50,12,0,16,17,12,8.99,23,14.78,338,161,0.02,115,39.87,65,142,51,63,80,43.31,52.3,22,50,13,48,13,0,265,190.66,82,66,24,41.24,90,34,37,56,2,0,0,343,79,20,6,59,29,28,20,69,-9,48.9,34,2.06,2.27,293,91,6.57,65,4,4,0,1,7,11,0,25,1,33,2,18,64,18,18,68,14,19.91,17.43,0.96,95,-2.48,19.13,16.6
Temi Babalola,Worthing FC,681,Right Centre Forward,Left Centre Forward,England,25,194,3,3,3.24,0.18,18,17,28,4,,2.42,2,1.13,6,2,1.13,6,0,0,0,5,4.37,24,0.63,4,2,2,50,13,1,25,38,1,1.24,8,12.55,117,42,0.01,27,65.19,25,34,6,7,75,8.43,9.67,13,33,2,55,16,0,98,144.19,24,36,12,70.71,81,83,29,81,1,0,0,183,72,5,15,83,9,5,32,77,5,68.55,12,5.06,6.7,175,76,4.39,79,3,2,1,12,75,77,0,0,4,57,16,12,65,23,14,58,28,12.79,11.56,1.06,104,-1.23,13.57,12.03
Teo Kurtaran,Maidstone United,326,Right Defensive Midfielder,Centre Attacking Midfielder,England,24,180,1,1,0.19,0.06,3,33,33,1,,0.11,0,0.05,1,0,0.05,1,0,0,0,1,0.23,4,0.77,4,3,1,75,4,0,6,4,9,9.58,8,7.24,100,55,0.06,33,42.74,19,38,8,17,50,7.01,16.59,6,33,8,44,8,0,86,82.47,24,29,8,44.2,35,41,19,66,0,0,0,125,73,8,14,50,11,13,24,65,-8,49.96,14,0.72,0.74,96,96,5.19,28,3,2,1,0,3,5,1,0,0,0,0,29,58,13,21,68,11,20.66,16.26,0.94,87,-4.4,19.48,14.19
Thakgalo Leshabela,AFC Telford United,2764,Left Defensive Midfielder,Right Defensive Midfielder,South Africa,26,175,2,2,1.12,0.08,14,14,36,1,,1.11,4,2.5,31,4,2.5,31,0,0,0,6,3.62,45,2.38,24,15,9,63,31,0,38,36,25,25.51,20,18.11,600,316,0.02,195,45.76,129,263,49,74,72,55.45,80.97,51,41,19,25,14,0,501,485.7,153,155,56,47.9,221,44,91,59,7,0,0,1013,86,47,13,64,32,61,18,81,-5,53.52,168,17.94,19.42,908,96,7.66,306,16,16,0,5,22,38,2,0,1,13,6,20,67,13,24,69,8,18.32,17.4,0.97,99,-0.92,17.78,17.27
Theo Chapman,Scarborough Athletic,435,Left Wing,Left Midfielder,England,21,178,1,1,1.15,0.23,5,20,60,2,,1.14,0,0.32,2,0,0.32,2,0,0,0,1,1.47,7,-0.47,20,13,7,65,13,1,17,11,1,0.95,3,4.27,70,25,0,27,52.31,19,29,7,8,78,4.21,5.16,0,33,2,11,1,0,63,49.9,20,22,9,50.31,29,46,11,50,0,0,0,109,76,7,10,64,6,8,19,67,-9,61.12,15,1.9,1.9,136,85,8.02,43,8,8,0,1,9,17,0,25,3,33,3,11,68,21,14,65,21,16.7,16.77,1,96,0.07,16.69,16.08
Theo Streete,Leamington FC,1471,Left Centre Back,Right Centre Back,England,38,185,0,0,0,,0,,,0,,0,0,0.02,1,0,0.02,1,0,0,0,0,0.02,1,-0.02,4,3,1,75,12,0,2,4,14,9.97,158,102.9,144,78,0.09,87,20.32,17,168,29,43,91,16.91,26.88,10,67,3,65,43,0,106,63.22,35,16,3,23.71,9,8,2,13,1,0,0,314,63,33,16,37,175,73,21,47,-16,33.49,15,2.23,2.23,172,98,3.65,18,1,1,0,1,6,7,0,0,0,,1,43,52,5,61,39,0,28.52,26.3,0.87,84,-2.22,24.81,22.08
Theo Williams,Peterborough Sports FC,366,Right Centre Forward,Right Midfielder,England,22,175,1,1,0.29,0.05,6,17,33,5,,0.04,0,0.03,1,0,0.03,1,0,0,0,1,0.32,7,0.68,1,1,0,100,3,0,9,7,0,0,3,1.7,63,18,0.01,20,60.36,14,22,4,4,67,3.83,3.83,4,33,2,16,3,0,55,48.19,19,12,4,63.01,39,71,10,83,1,0,0,51,69,0,18,0,4,3,35,74,5,61.82,1,1.47,1.68,47,87,5.26,17,0,0,0,0,13,13,0,,0,0,2,22,48,30,6,47,47,16.5,15.36,0.84,71,-1.14,13.88,10.87
Thomas Carr,Chorley,2520,Left Centre Forward,Right Centre Forward,England,24,,6,6,8.93,0.17,54,11,41,4,,7.2,2,2.3,21,2,2.3,21,0,0,0,8,11.23,75,-3.23,30,18,12,60,59,1,67,106,6,3.66,8,3.89,507,172,0.01,110,63.18,97,133,26,32,68,20.04,23.71,53,21,12,32,70,0,430,332.07,92,100,23,64.84,332,77,90,90,3,0,0,465,64,17,20,71,17,15,36,63,-1,69.33,61,10.33,17.52,469,77,6.34,203,13,13,0,19,165,178,2,15,6,40,36,17,65,17,11,71,18,13.87,13.19,1.03,108,-0.68,14.32,14.31
Thomas James Everton Bramble,Maidstone United,3010,Left Defensive Midfielder,Right Defensive Midfielder,Antigua and Barbuda,25,187,3,2,3.21,0.11,29,7,31,1,100,2.74,0,1.16,23,0,1.16,23,0,0,0,2,4.36,52,-2.36,10,7,3,70,24,0,24,18,33,33.66,91,88.23,506,263,0.04,186,37.59,289,616,66,99,83,62.82,96.48,43,43,14,60,109,0,397,371.16,129,131,40,42.3,146,37,79,60,4,0,0,1273,68,96,13,53,116,156,17,52,-16,51.35,142,14.74,16.85,743,97,4.45,270,20,20,0,1,46,66,2,25,5,42,7,33,56,12,30,61,9,21.51,19.59,0.94,98,-1.92,20.28,19.14
Tim Berridge,Leamington FC,1815,Left Wing,Right Wing,England,28,179,3,3,3.34,0.08,40,8,33,6,,5.27,1,2.02,25,0,1.34,16,1,0.68,9,4,5.36,65,-1.36,18,10,8,56,10,0,24,39,6,4.01,12,7.42,291,135,0.01,78,49.6,70,115,14,20,67,8.1,12.11,2,36,7,24,19,1,275,160.89,65,64,23,51.71,149,54,52,81,1,0,0,289,55,29,19,32,22,81,21,66,11,63.22,22,4.02,6.7,284,88,6.19,92,25,9,16,8,80,89,2,20,12,25,10,18,64,18,12,62,26,24.69,18.66,0.79,86,-6.03,19.43,16.13
Timothée Dieng,Dagenham & Redbridge,1805,Right Defensive Midfielder,Right Centre Midfielder,France,34,189,3,3,2.34,0.1,24,13,29,1,,3.01,2,1.32,11,2,1.32,11,0,0,0,5,3.67,35,1.33,6,4,2,67,10,0,12,16,19,16.7,44,44.1,289,119,0.02,95,41.26,122,253,20,39,61,18.68,35.38,21,33,13,59,67,1,249,220.64,76,63,17,47.2,112,45,42,67,1,0,0,713,74,41,20,53,48,74,21,63,-10,50.18,49,6.18,7.93,444,96,3.88,150,11,11,0,4,51,62,3,27,3,17,9,27,63,10,23,64,13,19.68,14.98,0.95,97,-4.7,18.61,14.6
Tobi Joseph,Worksop Town FC,301,Right Defensive Midfielder,Left Defensive Midfielder,England,33,182,0,0,0.1,0.03,3,0,33,2,,0.01,0,0.29,1,0,0.29,1,0,0,0,0,0.39,4,-0.39,0,0,0,,6,0,2,1,2,1.91,8,4.18,101,31,0,35,41.26,19,38,11,13,79,6.66,8.57,12,33,3,33,4,0,80,43.27,24,20,5,42.43,29,36,12,60,3,0,0,56,60,2,23,29,9,6,28,69,9,57.35,3,0.47,0.55,33,97,6.16,13,0,0,0,2,8,8,0,,0,0,2,23,60,18,23,77,0,19.92,18.2,0.91,89,-1.72,18.16,16.11
Tobi Omole,Tonbridge Angels FC,814,Left Centre Back,Left Back,England,26,189,0,0,0.77,0.77,1,0,100,0,,0.85,0,0.11,3,0,0.11,3,0,0,0,0,0.88,4,-0.88,4,3,1,75,3,0,2,4,3,2.17,38,25.69,63,32,0.06,41,26.36,12,90,10,13,91,7.76,9.93,3,67,1,45,13,0,50,34.67,22,13,8,29.76,12,24,6,46,0,0,0,340,76,28,78,39,43,67,11,72,-4,39.43,32,1.34,2.17,261,99,5.24,40,3,1,2,1,7,8,0,33,2,33,2,35,59,6,43,50,8,24.49,19.97,0.89,85,-4.52,21.87,17.05
Tobi Sho-Silva,Kidderminster Harriers,710,Centre Forward,Right Centre Forward,England,31,183,1,1,2.7,0.16,17,6,29,4,,1.96,0,0.53,12,0,0.53,12,0,0,0,1,3.23,29,-2.23,0,0,0,,9,0,7,17,3,2.48,8,7.94,115,31,0.05,29,63.16,19,26,3,6,75,2.52,4.99,12,0,1,41,48,0,100,98.67,27,31,10,68.11,79,79,29,94,0,0,0,136,55,1,8,100,9,0,43,57,2,69.3,5,3.29,4.35,68,76,2.74,47,1,1,0,4,54,55,0,0,1,25,7,25,57,17,13,57,30,13.02,11.55,1.08,113,-1.47,14.03,13.09
Toby Bower,Farnborough,2818,Left Back,Left Wing Back,England,21,176,1,1,1.39,0.05,29,3,31,1,,1.26,4,3.34,31,1,2.04,16,3,1.29,15,5,4.73,60,0.27,21,10,11,48,9,0,21,27,48,40.01,92,76.32,495,228,0.03,179,31.27,95,295,76,124,80,57.77,97.78,20,61,19,47,32,0,399,317.45,126,70,22,35.33,108,27,39,56,6,0,0,996,61,87,81,30,126,257,13,58,-3,51.88,142,6.68,7.96,772,97,4.44,271,56,32,24,3,27,59,1,34,23,28,3,37,55,8,27,61,11,24.47,21.37,0.82,85,-3.11,19.96,18.15
Toby Edser,Ebbsfleet United,2234,Left Defensive Midfielder,Right Defensive Midfielder,England,27,174,3,3,2.41,0.06,39,8,21,1,,1.98,4,3.07,29,4,2.93,28,0,0.14,1,7,5.48,68,1.52,19,15,4,79,47,1,24,28,11,13.38,35,37.79,437,212,0.02,163,47.78,131,269,39,50,71,46.08,59.46,27,29,16,47,25,0,371,418.03,128,115,40,50.41,203,55,84,73,4,0,0,983,82,42,80,48,42,80,19,76,-6,55.94,117,11.16,14.34,859,96,4.92,328,32,29,3,8,78,107,3,28,11,39,17,20,66,14,25,67,9,18.08,14.9,0.94,95,-3.18,17.01,14.16
Toby Lees,Darlington,2553,Centre Back,Right Centre Back,England,29,188,3,3,1.59,0.11,14,21,29,0,,2.62,0,0.63,7,0,0.63,7,0,0,0,3,2.21,21,0.79,3,3,0,100,16,1,5,3,34,28.46,226,225.59,226,90,0.08,134,22.29,61,481,28,62,88,24.98,53.44,21,70,4,68,184,0,178,163.18,70,47,19,29.47,26,15,16,34,6,1,0,922,66,115,9,44,268,220,21,52,-14,35.47,65,13.79,14.57,462,99,6.77,69,2,1,1,4,42,43,0,0,0,0,4,43,54,3,54,41,6,27.09,23.44,0.87,83,-3.64,23.67,19.48
Todd Alcock,South Shields,1153,Right Defensive Midfielder,Left Centre Midfielder,England,21,190,1,1,0.21,0.04,5,20,40,0,,0.02,1,1.04,9,1,1.04,9,0,0,0,2,1.24,14,0.76,1,1,0,100,4,0,14,18,11,15.83,11,16.86,226,103,0.07,76,43.82,69,117,23,34,82,33.49,49.32,21,56,5,40,8,1,182,277.84,62,72,26,45.38,76,42,48,67,1,0,0,564,84,30,9,63,22,37,20,84,0,50.98,54,8.37,8.63,457,96,4.22,148,12,12,0,1,8,20,2,17,2,40,4,20,66,13,26,66,9,17.93,16.89,0.96,103,-1.04,17.22,17.45
Tom Allan,Darlington,1631,Left Wing Back,Right Midfielder,England,26,173,3,3,4.53,0.14,33,9,24,3,,3.16,1,2.2,16,1,1.88,12,0,0.32,4,4,6.73,49,-2.73,17,5,12,29,24,0,33,41,7,4.91,37,35.26,242,112,0.02,71,44.57,54,130,17,24,57,18.32,23.23,22,20,13,35,27,0,203,205.47,47,47,9,49.58,106,52,36,77,3,0,0,386,62,22,19,41,45,46,25,60,-2,60.86,35,5.44,10.21,341,87,6.81,117,21,15,6,10,63,78,0,29,7,26,10,22,61,17,14,60,26,19.61,16.55,0.89,97,-3.06,17.36,16
Tom Broadbent,Spennymoor Town,338,Centre Back,Left Centre Back,England,34,191,0,0,0.21,0.07,3,0,100,0,,1.07,0,0,0,0,0,0,0,0,0,0,0.21,3,-0.21,0,0,0,,5,0,0,1,1,0.42,41,40.71,26,12,0.15,12,14.19,2,47,4,5,80,3.57,3.99,3,100,1,69,24,0,19,16.15,7,1,0,18.51,0,0,0,0,0,0,0,82,64,5,86,36,44,11,23,47,-17,30.92,3,1.11,1.11,44,100,2.58,2,0,0,0,0,5,5,0,,0,,0,32,61,7,50,50,0,23.83,25.32,0.94,90,1.49,22.37,22.89
Tom Dallison,Ebbsfleet United,1350,Left Centre Back,Centre Back,England,30,193,2,2,2,0.13,16,13,13,1,,1.76,0,0.16,2,0,0.16,2,0,0,0,2,2.16,18,-0.16,7,5,2,71,6,0,5,9,10,10.06,92,96.05,140,69,0.08,71,28.04,34,200,15,25,79,17.6,27.66,19,50,4,76,71,0,106,111.02,39,19,6,33.55,22,21,8,42,4,0,0,603,70,59,87,39,122,121,18,59,-11,41.13,71,8.85,9.49,414,98,4.25,76,7,6,1,2,38,44,1,14,2,50,2,38,57,4,47,47,5,26.41,25.11,0.85,76,-1.3,22.48,19.01
Tom Davies,Salisbury,1993,Right Centre Back,Left Centre Back,England,34,185,1,1,1.8,0.09,21,5,29,0,,1.97,0,0.94,8,0,0.94,8,0,0,0,1,2.74,29,-1.74,5,5,0,100,13,0,7,2,19,18.7,165,173.31,157,84,0.07,94,21.94,49,320,30,49,77,31.76,50.46,14,53,9,75,101,0,113,119.5,42,26,8,29.7,16,14,5,19,4,0,0,1049,77,130,10,50,183,241,13,67,-10,36.23,85,7.49,8.66,781,100,4.69,102,9,7,2,2,47,54,0,11,1,50,7,33,62,4,27,72,1,27.07,19.96,0.88,90,-7.12,23.87,17.92
Tom Dickens,King's Lynn Town FC,2503,Left Centre Back,Centre Back,England,23,193,1,1,2.16,0.18,12,8,25,0,,1.66,0,0.06,1,0,0.06,1,0,0,0,1,2.23,13,-1.23,3,2,1,67,16,0,8,4,39,50.68,153,178.48,318,143,0.05,148,26.82,74,380,49,88,84,61.37,112.05,24,47,9,76,118,2,245,285.51,93,50,23,31.88,43,18,20,40,7,0,0,1121,71,95,81,41,180,205,15,54,-16,39.33,110,8.77,9.35,746,99,5.36,128,1,1,0,2,29,30,0,0,0,0,7,37,58,5,44,51,5,24.8,21.03,0.9,97,-3.77,22.39,20.34
Tom Handley,Merthyr Town FC,2793,Right Back,Left Back,England,25,,6,6,5.46,0.09,63,10,37,2,,7.45,5,4.08,26,5,4.07,25,0,0.02,1,11,9.55,89,1.45,19,8,11,42,26,0,26,32,30,36.81,108,139.34,306,132,0.02,128,29.62,88,337,40,70,71,52.31,89.12,25,40,16,51,56,1,243,302.62,87,64,25,35.17,59,24,33,52,2,0,0,1362,70,120,21,36,149,290,14,53,-17,44.6,119,12.88,18.44,1056,97,3.83,251,29,25,4,5,89,114,1,28,13,31,7,34,52,14,32,48,20,23.32,20.32,0.84,87,-2.99,19.61,17.65
Tom Harrison,Chippenham Town,530,Left Centre Back,Right Centre Back,England,25,185,0,0,0,,0,,,0,,0,0,0.83,4,0,0.83,4,0,0,0,0,0.83,4,-0.83,0,0,0,,5,0,3,0,3,4.68,35,49.86,38,8,0,13,22.16,3,65,5,8,83,6.87,11.54,5,100,1,58,15,0,28,40.27,8,7,1,29.71,6,21,4,57,3,0,0,247,80,16,22,37,39,39,10,73,-7,35.94,14,2.56,2.56,172,98,4.1,28,2,2,0,1,3,5,0,0,0,0,1,30,66,5,39,57,4,23.32,22.25,0.85,87,-1.08,19.81,19.44
Tom Leahy,Tonbridge Angels FC,1451,Right Wing,Centre Attacking Midfielder,England,22,177,7,7,5.09,0.23,22,32,59,2,,7.93,2,1.18,10,2,1.18,10,0,0,0,9,6.27,32,2.73,18,12,6,67,17,0,25,50,10,6.24,10,6.55,330,124,0.01,97,54.72,52,102,18,28,72,9.53,15.77,15,13,7,25,22,0,299,164.78,83,78,30,57.37,186,62,60,77,1,0,0,292,59,10,24,34,13,26,23,59,0,65.81,30,5.97,9.55,273,86,5.92,107,5,5,0,8,73,78,0,40,3,23,13,24,61,16,15,69,16,17.16,13.97,0.89,98,-3.19,15.32,13.68
Tom Leak,Chester,2704,Right Centre Back,Left Centre Back,England,25,188,1,1,1.14,0.09,12,8,17,0,,0.66,1,0.2,3,1,0.2,3,0,0,0,2,1.34,15,0.66,1,1,0,100,15,0,8,6,24,22.96,216,208.44,258,111,0.05,152,25.05,52,365,27,51,63,22.83,45.8,16,16,16,61,92,0,215,194.13,90,47,23,31.59,39,18,13,28,4,0,0,1043,75,97,32,44,252,183,14,66,-9,37.08,66,8.68,9.09,691,99,4.92,81,8,6,2,1,38,44,0,13,1,14,3,35,61,4,47,44,9,24.6,25.76,0.9,90,1.17,22.06,23.14
Tom Mark Tweedy,Darlington,542,Left Wing Back,Centre Attacking Midfielder,Wales,21,178,0,0,1.06,0.12,9,0,0,2,,0,1,2.13,14,0,1.44,11,1,0.69,3,1,3.19,23,-2.19,17,8,9,47,9,0,15,20,3,2.8,4,3.63,91,39,0.02,25,46.86,32,53,6,9,100,5.62,8.42,7,,0,21,3,0,78,68.84,21,20,5,48.83,39,50,16,80,0,0,0,161,56,14,72,40,12,27,21,39,-16,62.68,17,3.2,4.21,157,88,6.01,47,13,9,4,5,31,40,0,69,12,32,6,19,72,9,13,74,13,21.51,19.16,0.89,72,-2.35,19.12,13.79
Tom Mehew,Chippenham Town,2934,Left Defensive Midfielder,Right Defensive Midfielder,England,25,181,1,1,2.6,0.07,38,3,29,1,,1.77,1,3.43,31,1,3.32,29,0,0.11,2,2,6.03,69,-4.03,55,32,23,58,26,0,39,56,37,41.91,32,36.91,556,271,0.03,222,39.43,219,472,68,105,58,74.98,116.89,28,30,49,50,19,0,460,516.72,160,141,52,42.11,164,36,88,62,8,0,0,1607,78,106,10,51,64,174,20,73,-5,52.25,233,16.61,19.31,1352,96,5.4,420,42,39,3,12,66,105,1,7,7,41,20,23,65,11,30,62,7,20.38,17.63,0.95,102,-2.74,19.39,17.92
Tom Moore,Southport,3123,Left Centre Back,Right Centre Back,England,27,193,3,3,2.23,0.14,16,19,50,0,,5.1,0,0.76,12,0,0.72,11,0,0.04,1,3,2.99,28,0.01,13,11,2,85,17,0,10,9,33,44.72,257,283.72,302,149,0.08,162,22.45,81,553,33,66,79,36.73,81.45,37,31,9,67,132,3,232,260.65,92,64,27,29.72,36,16,22,34,7,0,0,1638,77,224,11,56,311,349,12,66,-11,34.66,94,8.94,9.9,1209,99,4.6,129,14,7,7,6,54,61,0,7,2,8,8,30,66,4,39,52,9,26.33,24.76,0.89,88,-1.57,23.44,21.76
Tom Owen-Evans,Chippenham Town,2134,Right Midfielder,Left Midfielder,England,29,180,5,4,3.94,0.09,42,10,45,3,50,4.95,2,3.3,28,2,3.26,26,0,0.04,2,6,7.24,70,-1.24,24,13,11,54,32,0,23,47,12,15.02,23,22.64,392,143,0.01,108,52.2,100,163,26,38,58,27.64,42.66,27,21,19,41,33,1,339,357.09,86,102,33,55.79,214,63,83,81,4,0,0,577,76,24,14,38,29,57,26,73,-2,57.64,59,8.2,11.81,458,90,4.68,182,20,14,6,9,91,105,1,30,11,48,18,19,59,21,19,64,18,17.32,13.77,0.92,92,-3.55,15.88,12.7
Tom Peers,Chester,1708,Centre Forward,Left Centre Forward,England,30,178,3,2,4.78,0.13,38,5,26,4,100,4.59,2,1.48,20,2,1.48,20,0,0,0,4,6.26,58,-2.26,12,5,7,42,14,0,37,74,2,0.59,8,8.46,371,125,0.01,83,62.78,57,83,14,16,74,12.02,12.61,27,17,5,30,38,0,333,272.02,77,83,24,63.97,254,76,74,89,4,1,0,381,64,10,14,56,10,16,31,57,-6,62.92,28,6.89,10.68,342,81,4.23,126,7,7,0,7,95,102,0,0,2,25,9,19,64,16,19,62,19,15.52,14.88,1,103,-0.64,15.48,15.29
Tom Platt,Darlington,2356,Left Defensive Midfielder,Right Defensive Midfielder,England,32,185,1,1,1.06,0.11,10,10,10,0,,0.98,2,2.12,19,2,2.12,19,0,0,0,3,3.18,29,-0.18,3,1,2,33,8,0,25,17,21,19.12,83,80.88,490,247,0.03,201,38.76,164,422,55,76,72,51.82,70.95,27,45,21,57,106,1,408,388.94,149,124,48,42.29,147,36,68,55,1,0,0,863,74,54,12,52,103,83,23,68,-7,49.56,86,13.5,14.45,491,95,5.2,177,10,9,1,13,57,66,1,30,6,50,16,32,60,8,32,62,7,19.5,17.61,0.94,95,-1.89,18.31,16.75
Tom Pugh,Spennymoor Town,1157,Right Defensive Midfielder,Centre Attacking Midfielder,Wales,25,169,1,1,1.75,0.08,23,4,26,3,,2.19,0,1.12,13,0,0.18,5,0,0.93,8,1,2.87,36,-1.87,16,7,9,44,15,0,15,26,2,1.29,22,16.92,301,162,0.01,97,44.61,105,162,25,27,69,19.78,21.06,24,31,11,49,18,0,252,193.39,73,70,28,47.6,108,43,40,57,2,0,0,378,70,38,12,49,29,70,21,67,-4,55.09,44,5.24,6.38,301,91,4.57,107,17,4,13,1,35,39,0,6,1,14,6,21,67,12,22,63,15,22.28,17.94,0.92,108,-4.34,20.44,19.37
Tom Scott,Oxford City,1753,Right Defensive Midfielder,Right Attacking Midfielder,England,22,182,5,5,3.88,0.13,31,16,42,3,,3.94,6,3.15,17,6,3.15,17,0,0,0,11,7.03,48,3.97,18,11,7,61,22,0,28,31,16,11.48,30,23.64,435,219,0.02,142,45.92,84,204,34,50,67,28.34,39.82,15,29,17,49,39,1,386,312.03,109,105,28,48.74,177,46,73,70,2,0,0,591,71,36,11,56,36,58,24,65,-5,53.14,67,4.2,9.17,451,92,4.96,162,11,11,0,6,61,72,3,18,7,54,7,29,58,13,30,57,14,18.55,14.97,0.99,109,-3.58,18.3,16.31
Tom Walker,Chorley,687,Right Midfielder,Right Wing,England,30,183,1,1,0.59,0.04,14,7,21,3,,0.21,1,0.82,9,0,0.48,6,1,0.34,3,2,1.41,23,0.59,18,14,4,78,6,0,16,16,3,2.65,8,8.04,134,68,0,37,41.66,46,72,16,19,67,15.42,18.07,4,27,8,40,12,1,114,103.32,23,26,7,44,46,40,18,69,1,0,0,187,57,12,84,26,16,38,23,50,-7,64.92,35,2.14,2.65,172,90,7.84,71,16,9,7,0,12,21,0,31,6,17,0,17,70,13,13,68,20,22.53,17.95,0.85,91,-4.58,19.17,16.27
Tom Whelan,Fylde,2320,Right Centre Midfielder,Right Defensive Midfielder,England,30,172,0,0,2.23,0.07,31,0,26,1,,1.14,7,6.58,71,5,4.22,49,2,2.36,22,7,8.81,102,-1.81,26,15,11,58,37,0,56,50,25,34.7,41,61.58,388,161,0.01,130,45.42,152,329,54,79,78,81.73,116.43,22,44,15,47,27,1,313,464.22,90,105,32,48.58,158,50,69,66,3,0,0,1457,79,116,10,48,64,217,16,77,-2,52.38,179,16.34,18.06,1206,95,4.71,360,49,26,23,10,44,70,5,8,7,21,12,21,65,14,28,62,10,20.69,18.28,0.9,92,-2.41,18.57,16.82
Tom Wilson,King's Lynn Town FC,2434,Right Centre Back,Centre Back,England,25,170,0,0,1.49,0.06,26,0,23,0,,1.26,0,1.31,12,0,1.31,12,0,0,0,0,2.81,38,-2.81,6,5,1,83,12,0,6,3,53,72.08,187,226.42,222,90,0.05,122,27,88,398,32,85,74,40.43,112.51,19,50,11,79,122,1,172,197.41,66,32,14,32.54,28,16,16,50,8,0,0,1156,71,129,8,45,221,251,13,57,-14,42.69,158,11.02,11.99,748,99,4.54,195,16,15,1,4,56,71,0,6,3,20,9,40,56,4,53,43,4,26.6,23.21,0.88,86,-3.39,23.3,19.97
Tom Wraight,AFC Hornchurch,2835,Left Defensive Midfielder,Left Centre Midfielder,England,31,175,4,4,3.3,0.08,42,10,21,2,,3.46,2,4.67,39,1,1.83,15,1,2.84,24,6,7.97,81,-1.97,18,11,7,61,19,0,25,24,21,15.93,66,63.47,457,230,0.06,178,38.19,254,523,65,86,75,60.71,76.64,25,37,22,63,85,0,369,346.32,122,133,41,41.8,124,34,69,52,5,0,0,1093,61,102,83,40,91,227,20,55,-6,53.87,116,15.21,17.2,641,96,3.67,229,62,25,37,6,48,73,0,11,7,27,8,32,58,9,31,62,7,23.13,18.37,0.91,98,-4.76,21.1,18.05
Tommy Buckwell-Willard,Salisbury,1500,Centre Attacking Midfielder,Left Attacking Midfielder,England,25,175,4,4,2.9,0.09,34,12,29,4,,3.43,1,1.47,26,1,0.86,15,0,0.61,11,5,4.37,60,0.63,22,9,13,41,10,0,46,40,4,4.39,4,4.23,226,80,0.01,70,59.21,62,91,12,16,86,12.24,16.63,6,33,2,16,5,0,208,211.26,65,69,19,59.78,145,70,56,81,0,0,0,331,73,25,8,51,8,45,19,73,0,64.16,44,4.41,7.04,378,86,6.63,129,30,17,13,2,62,79,1,30,11,41,4,14,64,22,15,61,24,19.16,17.13,0.95,98,-2.03,18.28,16.8
Tommy Wood,Enfield Town FC,657,Right Centre Forward,Centre Forward,England,27,188,1,1,2.13,0.24,9,11,44,3,,1.35,0,0.43,9,0,0.43,9,0,0,0,1,2.55,18,-1.55,0,0,0,,5,0,9,21,4,2.03,10,5.59,96,27,0,23,56.57,17,29,6,10,60,3.29,5.33,13,0,4,40,32,0,77,37.65,14,22,6,63.83,61,79,20,91,0,0,0,120,47,3,21,100,10,3,38,39,-8,61.46,9,1.51,3.24,67,73,2.95,30,2,2,0,2,35,37,0,0,1,33,3,32,59,9,30,57,13,13.45,11.38,1,102,-2.07,13.48,11.56
Tommy-Lee Higgs,Salisbury,399,Centre Forward,Centre Attacking Midfielder,England,21,176,1,1,1.44,0.12,12,8,8,7,,0.3,0,0.39,2,0,0.39,2,0,0,0,1,1.83,14,-0.83,1,1,0,100,2,0,4,9,0,0,4,4.25,93,39,0,28,65.21,13,20,4,4,67,5.41,5.41,7,50,2,17,2,0,82,98.92,23,18,7,67.99,73,89,18,100,2,0,0,62,64,3,7,38,6,6,27,53,-12,62.63,7,1.2,2.23,57,88,4.94,23,4,4,0,0,24,28,1,0,0,0,3,24,61,14,30,52,17,17.93,15.52,0.93,101,-2.41,16.71,15.73
Tony Craig,Dorking Wanderers FC,1179,Left Centre Back,Centre Back,England,41,184,0,0,0.42,0.14,3,0,33,0,,0.66,0,0.09,2,0,0.09,2,0,0,0,0,0.51,5,-0.51,1,0,1,0,10,0,2,2,10,13.52,94,116.12,104,52,0.07,62,22.99,34,184,19,29,63,24.92,38.44,8,31,11,68,40,1,77,101.61,29,10,3,26.67,9,12,3,30,2,0,0,552,79,62,83,60,105,92,11,52,-27,33.34,20,4.56,4.95,350,99,4.8,26,1,1,0,2,14,15,0,0,1,25,2,28,67,4,38,58,4,24.42,20.33,0.95,96,-4.09,23.16,19.6
Tony Lee,AFC Totton,2636,Centre Forward,Right Centre Forward,England,30,,12,12,11.5,0.14,85,14,38,6,,12.87,4,2.41,20,4,2.41,20,0,0,0,16,13.91,105,2.09,20,10,10,50,49,1,42,66,2,2.48,38,39.16,428,115,0.03,115,59.46,97,123,15,17,63,14.69,17.17,64,20,9,45,130,0,351,360.14,95,102,24,65.52,273,78,85,83,4,0,1,483,47,9,17,33,44,21,40,42,-5,63.73,37,10.4,18.63,306,78,4.51,133,13,12,1,8,171,183,3,8,1,8,18,28,64,8,30,59,11,16.36,15.12,1,94,-1.24,16.44,14.22
Trae Cook-Appiah,Hemel Hempstead Town,781,Centre Forward,Right Centre Forward,England,25,190,1,1,1.39,0.1,14,7,43,4,,1.39,2,0.4,4,2,0.4,4,0,0,0,3,1.79,18,1.21,7,6,1,86,13,1,26,36,1,0.95,0,0,170,48,0.01,43,70.71,22,30,6,7,86,6.36,7.31,14,50,1,22,16,0,150,149.61,37,45,12,71.51,132,88,41,91,1,0,0,88,54,5,4,63,1,7,40,50,-4,68.43,6,1.73,2.79,108,71,7.68,30,0,0,0,3,47,47,0,,1,20,9,14,73,12,10,73,17,15.94,12.69,1.09,103,-3.25,17.41,13.08
Trent Reagen Mahorn Rendall,Dagenham & Redbridge,1063,Right Centre Back,Right Back,England,24,190,1,1,0.33,0.07,5,20,60,0,,0.72,0,0.23,4,0,0.04,2,0,0.19,2,1,0.57,9,0.43,8,4,4,50,10,0,12,8,12,8.27,51,33.05,172,73,0.02,70,29.5,21,126,24,36,89,16.81,25.07,8,83,3,67,28,1,140,94.98,51,31,9,35.1,34,24,20,65,4,0,0,309,60,30,14,29,73,82,20,55,-5,45.5,42,1.75,2.03,226,93,5.26,58,9,4,5,2,15,19,0,22,2,13,2,41,52,7,31,55,14,28.48,27.67,0.8,82,-0.81,22.84,22.63
Tristan Gill,Buxton,358,Left Back,,England,19,,0,0,0.12,0.04,3,0,0,1,,0,0,0.06,1,0,0.06,1,0,0,0,0,0.18,4,-0.18,3,2,1,67,2,0,4,5,4,5.32,13,18.34,71,27,0.08,30,26.56,15,51,10,14,67,13.28,18.61,4,20,5,73,8,0,57,76.73,21,12,1,29.99,14,25,7,58,0,0,0,150,65,20,70,59,17,30,12,56,-9,48.22,22,2.06,2.1,108,95,4.84,35,2,1,1,1,5,6,0,50,1,11,1,37,52,11,31,66,3,23.07,22.98,0.99,110,-0.1,22.83,25.36
T'Sharne Gallimore,Enfield Town FC,2178,Centre Defensive Midfielder,Left Defensive Midfielder,British Virgin Islands,25,170,1,1,0.57,0.04,14,7,21,1,,0.28,1,0.43,11,1,0.43,11,0,0,0,2,0.99,25,1.01,21,10,11,48,22,0,19,27,32,19.44,40,26.31,639,274,0.04,243,38.16,171,370,86,118,79,52.67,72.11,46,44,23,50,37,1,507,316.45,184,155,54,39.53,158,31,76,49,9,0,0,641,67,48,14,50,60,76,23,66,-1,48.69,58,6,6.53,405,93,5.64,115,8,7,1,0,10,17,2,13,1,20,0,34,56,9,33,59,8,20.11,18.71,0.9,91,-1.4,18.05,16.99
Tye Barton,Darlington,568,Right Back,Right Centre Back,USA,21,178,0,0,0.05,0.02,3,0,0,1,,0,0,0.12,2,0,0.12,2,0,0,0,0,0.18,5,-0.18,5,3,2,60,6,0,6,9,6,5.88,20,21.47,71,34,0.04,26,31.96,30,75,7,13,64,7.34,13.22,4,33,4,25,3,0,60,64.91,18,13,5,35.31,16,27,8,62,0,0,1,194,70,16,7,39,25,36,11,61,-8,51.9,29,3.57,3.65,157,94,5.86,47,4,2,2,1,2,4,0,25,1,20,1,34,53,13,19,70,11,22.1,19.68,0.86,92,-2.42,18.97,18.08
Tyler Cordner,AFC Totton,2808,Left Centre Back,Right Centre Back,England,27,188,2,2,2.25,0.09,26,8,35,0,,2.61,2,1.16,13,2,1.13,12,0,0.03,1,4,3.41,39,0.59,15,8,7,53,8,0,15,17,31,38.2,166,185.72,251,101,0.08,132,23.02,63,446,30,61,83,30.81,69.01,18,60,6,64,101,2,203,218.87,83,38,14,28.71,27,13,14,37,7,0,0,1274,77,177,20,54,197,294,15,67,-9,37.05,94,9.67,11.7,956,97,4.68,129,9,7,2,7,53,60,2,22,3,25,9,32,65,4,39,53,8,27.17,22.46,0.9,89,-4.72,24.43,19.88
Tyler Hill,Spennymoor Town,1542,Left Back,Left Centre Back,England,20,190,0,0,0.01,0.01,1,0,0,0,,0,1,0.19,4,1,0.19,4,0,0,0,1,0.19,5,0.81,6,2,4,33,11,0,10,15,23,18.57,75,67.62,242,92,0.05,75,27.63,55,205,44,67,85,44.66,63.23,16,70,8,59,35,0,183,166.83,50,42,14,30.63,38,21,21,50,4,0,1,631,63,57,87,31,102,154,16,63,0,44.22,83,6.38,6.5,468,96,4.77,111,18,15,3,0,1,16,0,11,2,11,0,46,49,5,48,47,5,25.77,22.53,0.83,88,-3.24,21.44,19.92
Tyler James,Radcliffe,320,Left Centre Forward,Left Wing Back,England,22,181,2,2,1.83,0.3,6,33,67,3,,2.63,0,0.21,1,0,0.21,1,0,0,0,2,2.04,7,-0.04,1,1,0,100,2,0,10,2,3,1.91,2,2.2,84,37,0,29,55.39,13,22,6,9,75,4.29,6.21,0,0,2,13,2,0,78,65.91,25,26,5,55.78,45,58,24,92,0,0,0,71,61,3,8,50,2,6,17,46,-14,65.61,6,1.66,2.91,59,92,6.21,25,3,3,0,1,16,19,0,0,1,33,2,28,59,13,28,44,28,17.77,11.05,0.93,113,-6.72,16.61,12.51
Tyrese Dyce,Slough Town FC,1752,Left Back,Left Centre Back,England,25,181,2,2,1.49,0.14,11,18,36,0,,1.24,0,0.57,9,0,0.57,9,0,0,0,2,2.06,20,-0.06,15,9,6,60,28,0,18,18,14,10.27,127,127.99,274,147,0.06,143,26.98,60,293,44,58,90,38.03,48.3,16,50,5,61,71,2,214,178.38,85,49,17,30.4,38,18,19,39,7,0,0,631,65,40,76,38,139,93,16,46,-19,46.24,76,4.51,6.65,485,95,6.58,106,9,9,0,1,22,31,0,56,7,27,2,40,52,9,35,53,12,22.34,18.89,0.89,98,-3.45,19.98,18.55
Tyrique Clarke,Slough Town FC,2525,Left Defensive Midfielder,Right Defensive Midfielder,England,24,175,0,0,2.15,0.06,35,0,20,2,,1.3,4,1.89,23,4,1.74,20,0,0.14,3,4,4.04,58,-0.04,38,25,13,66,33,0,38,43,29,19.03,29,21.55,671,302,0.02,255,45.17,187,331,90,119,82,68.14,87.17,41,35,20,28,21,0,543,395.75,190,156,58,46.75,254,47,113,72,7,0,0,748,73,44,11,49,38,80,20,68,-5,55.16,104,9.19,9.97,605,94,6.41,223,16,12,4,5,45,57,2,44,8,53,6,25,65,10,24,65,11,19.47,16.13,0.94,97,-3.34,18.25,15.64
Tyrone Marsh,Bedford Town,3296,Centre Forward,Left Centre Forward,England,32,180,26,20,12.12,0.14,87,23,49,4,100,16.89,4,2.32,32,4,2.21,30,0,0.1,2,24,14.44,119,9.56,34,21,13,62,50,2,78,92,11,4.59,22,13.18,609,206,0.01,151,61.21,126,172,18,29,62,10.01,14.61,53,9,11,33,69,0,540,303.59,141,120,34,63.87,407,75,105,88,8,1,0,598,67,32,20,55,29,51,27,62,-6,64.28,73,11.93,18.72,589,85,4.61,239,20,19,1,12,192,211,4,25,10,34,26,18,59,22,22,55,23,16.95,14,1,108,-2.95,16.91,15.12
Vaughan Redford,Worksop Town FC,2753,Right Defensive Midfielder,Left Defensive Midfielder,England,27,,2,2,3.57,0.14,26,8,19,1,0,1.85,1,1.78,18,1,1.78,18,0,0,0,3,5.35,44,-2.35,28,18,10,64,49,2,47,48,20,15.32,34,21.55,529,262,0.02,181,45.18,274,456,52,72,60,37.2,52.52,32,30,34,52,74,0,446,354.14,135,145,47,47.28,199,45,95,66,4,0,0,998,70,82,16,53,56,132,26,64,-5,53.08,119,10.76,12.91,706,93,4.23,256,27,25,2,7,56,81,1,7,2,29,12,27,60,13,27,66,8,19.97,16.85,0.94,97,-3.13,18.74,16.27
Victor Akinwale,Eastbourne Borough,317,Right Midfielder,Left Midfielder,England,21,185,0,0,0.48,0.05,9,0,44,5,,0.92,0,0.14,1,0,0.14,1,0,0,0,0,0.62,10,-0.62,0,0,0,,5,0,6,9,0,0,1,0.65,50,18,0,9,52.82,11,23,0,0,0,0,0,3,0,1,33,5,0,47,46.1,8,7,1,53.66,26,55,7,100,0,0,0,50,54,2,35,50,1,4,36,61,7,59.16,3,0.47,0.79,46,76,6.12,15,2,2,0,1,11,13,0,0,0,0,2,34,54,12,27,53,20,18.05,12.65,0.96,100,-5.4,17.33,12.72
W.Glennon,Leamington FC,398,Right Centre Back,,England,23,181,1,1,0.61,0.06,10,10,30,1,,1.15,0,0.03,1,0,0.03,1,0,0,0,1,0.64,11,0.36,2,2,0,100,3,0,4,1,3,2.91,34,36.61,33,19,0.07,17,21.53,17,80,4,7,80,4.07,6.99,4,100,1,62,18,0,25,25.38,8,6,4,27.56,2,8,2,33,0,0,0,163,61,25,8,41,35,60,12,55,-6,37.05,13,1.21,1.39,106,100,5.13,13,0,0,0,0,11,11,0,,0,,0,41,56,3,38,62,0,29.39,18.02,0.83,105,-11.38,24.51,18.85
W.Makowski,Slough Town FC,2261,Centre Forward,Right Wing,Poland,23,181,10,8,7.39,0.15,49,16,49,6,67,6.38,11,4.37,33,11,4.37,33,0,0,0,19,11.76,82,7.24,18,9,9,50,17,1,34,69,2,1.5,2,1.22,370,108,0,72,68.04,66,89,15,17,79,10.98,12.48,37,20,4,23,25,0,319,245.45,61,86,16,68.3,264,83,79,92,1,0,0,317,67,14,20,61,5,20,28,66,0,66.79,31,8.75,15.12,291,80,5.91,140,20,20,0,14,114,134,3,5,4,22,19,19,62,19,16,66,18,16.09,12.08,0.97,97,-4,15.53,11.68
Warren Clarke,Chorley,2709,Left Midfielder,Right Midfielder,England,28,172,2,2,2.67,0.09,30,7,37,1,,3.96,2,2.48,23,2,2.37,21,0,0.11,2,4,5.15,53,-1.15,34,21,13,62,27,1,55,49,31,25.18,55,50.81,594,258,0.01,189,46.87,190,341,98,129,82,76.65,101.82,26,41,22,53,76,0,473,350.41,136,133,41,48.35,221,47,101,76,2,0,0,790,58,42,59,37,65,103,21,57,-1,60.21,97,9.17,10.8,528,89,5.77,234,53,28,25,7,94,122,0,42,26,38,18,35,53,11,24,56,21,20.07,15.51,0.91,96,-4.55,18.32,14.94
Will Armitage,Eastbourne Borough,601,Left Centre Back,Right Centre Back,England,21,,0,0,0.22,0.11,2,0,0,0,,0,0,0,0,0,0,0,0,0,0,0,0.22,2,-0.22,5,2,3,40,4,0,6,5,4,5.81,28,33.38,111,55,0.1,59,23.66,14,117,12,16,63,14.39,20.2,11,33,7,72,43,0,90,110.43,37,18,7,26.01,9,10,6,33,4,1,0,266,75,23,14,48,34,42,21,64,-11,38.5,16,2.02,2.24,175,96,5.19,22,3,1,2,0,7,8,0,0,1,33,0,28,67,4,36,55,9,23.2,19.39,0.91,95,-3.81,21.21,18.52
Will De Havilland,Maidenhead United,2472,Right Centre Back,Centre Back,England,31,191,4,4,2.53,0.17,15,27,53,1,,2.7,0,0.92,4,0,0.92,4,0,0,0,4,3.45,19,0.55,4,3,1,75,12,0,6,8,26,30.65,183,210.43,299,144,0.1,168,26.41,80,389,49,75,78,55.57,86.22,32,54,14,71,131,0,218,249.89,86,56,23,32.08,33,15,18,32,4,0,0,838,70,72,13,45,201,142,17,52,-18,38.12,65,7.42,9.59,464,98,5.37,91,7,7,0,11,65,72,1,0,1,11,11,35,60,5,48,49,2,24.05,18.35,0.92,89,-5.71,22.02,16.26
Will Flint,Buxton,402,Right Centre Back,Centre Back,England,20,,0,0,0.08,0.08,1,0,0,0,,0,0,0.02,1,0,0.02,1,0,0,0,0,0.1,2,-0.1,0,0,0,,2,0,3,0,3,2.94,29,30.76,63,28,0.02,33,29.54,11,55,10,13,83,11.34,14.28,5,67,2,47,7,0,48,48.07,22,12,7,31.32,10,21,4,33,2,0,0,188,77,28,7,55,40,40,14,64,-13,32.31,11,0.69,0.76,141,100,5.89,12,1,1,0,0,3,4,0,0,0,,0,33,61,6,58,42,0,26.58,29.52,0.92,84,2.94,24.45,24.87
Will Greenidge,AFC Hornchurch,776,Left Back,Left Wing Back,England,24,194,1,1,1.13,0.16,7,14,14,2,,1,0,0.56,4,0,0.56,4,0,0,0,1,1.7,11,-0.7,15,7,8,47,18,0,15,18,21,18.82,18,15.05,100,45,0.01,39,36.79,45,105,13,34,72,11.47,30.29,8,29,5,50,14,0,79,69.53,25,20,5,42.7,28,35,8,40,1,0,0,211,68,21,19,38,28,46,18,57,-11,54.14,36,4.72,5.03,180,88,8.55,59,8,7,1,2,12,19,0,25,4,33,3,35,55,11,24,58,19,22.89,22.2,0.85,98,-0.7,19.48,21.8
Will Hatfield,Darlington,749,Right Defensive Midfielder,Right Centre Midfielder,England,34,173,3,3,1.38,0.07,21,14,38,2,,3.25,1,0.65,8,1,0.65,8,0,0,0,4,2.03,29,1.97,4,1,3,25,16,0,9,9,10,8.64,27,26.84,167,83,0.04,51,37.64,42,82,23,33,74,27.97,36.61,11,46,8,47,9,0,133,141.08,34,35,11,40.78,43,32,16,46,2,0,0,227,76,13,30,57,35,15,26,68,-8,58.29,23,3.59,4.44,179,96,4.5,81,9,9,0,2,27,36,1,11,2,50,6,20,64,16,15,67,19,17.74,18.34,0.96,95,0.6,17.08,17.36
Will Jenkins,South Shields,2878,Left Defensive Midfielder,Right Defensive Midfielder,England,24,176,6,6,3.05,0.07,42,14,36,1,,4.66,9,5.35,48,8,4.84,41,1,0.51,7,15,8.4,90,6.6,38,25,13,66,47,0,65,68,19,27.04,47,73.21,722,338,0.04,216,44.74,161,323,78,97,75,118.67,145.71,79,40,26,38,21,1,565,851.73,170,203,69,47.42,247,44,124,61,8,0,0,1562,79,115,7,52,75,193,22,78,-1,51.55,190,21.21,24.95,1321,95,4.95,387,67,55,12,6,65,120,10,12,8,21,12,19,67,14,28,61,11,20.92,18.05,0.93,97,-2.87,19.54,17.51
Will King,Chippenham Town,1900,Left Back,Left Centre Back,England,23,191,0,0,0.25,0.03,8,0,38,0,,0.73,1,0.83,11,1,0.83,11,0,0,0,1,1.08,19,-0.08,15,10,5,67,43,0,15,14,16,19.19,52,54.87,276,129,0.03,123,29.16,71,219,34,50,65,36.67,55.86,15,45,18,53,31,2,227,253.33,81,60,23,32.96,57,25,33,55,5,0,0,807,71,58,79,41,76,117,15,60,-11,49.06,108,8.49,8.91,656,97,4.93,189,26,22,4,0,17,39,2,31,8,30,5,30,57,14,27,58,15,21.47,19.95,0.92,95,-1.52,19.67,18.98
Will Lancaster,Fylde,316,Right Centre Back,Left Centre Back,England,23,185,0,0,0,,0,,,0,,0,0,0.1,1,0,0.1,1,0,0,0,0,0.1,1,-0.1,0,0,0,,2,0,4,1,0,0,22,26.71,25,9,0.03,14,25.17,4,44,7,7,100,8.08,8.08,2,,0,54,15,0,16,21.17,6,2,0,34.3,3,19,2,100,0,0,0,194,87,13,12,59,25,19,20,78,-9,34.94,9,0.44,0.54,161,99,6.95,11,0,0,0,0,0,0,0,,0,,0,24,68,7,27,73,0,21.98,20.74,0.94,89,-1.23,20.58,18.51
Will McGowan,Darlington,2622,Centre Attacking Midfielder,Right Defensive Midfielder,England,23,171,7,7,4.75,0.1,46,15,37,2,,6.88,7,6.51,59,4,5.18,45,3,1.33,14,14,11.26,105,2.74,31,21,10,68,44,0,57,43,13,11.26,19,22.16,610,284,0.01,196,46.89,161,288,55,68,67,56.18,67.45,18,34,27,40,33,0,537,510.1,156,159,51,48.27,257,48,119,75,4,0,0,1040,77,71,83,45,31,145,22,79,2,57.68,139,16.13,21.5,925,94,6.04,378,57,35,22,14,102,137,8,14,11,24,22,18,65,17,22,66,12,19.61,15.21,0.9,97,-4.4,17.69,14.75
Will Shorrock,Leamington FC,452,Left Wing,Right Wing,England,27,168,0,0,0.47,0.12,4,0,25,2,,0.57,1,0.27,5,1,0.17,2,0,0.09,3,1,0.74,9,0.26,1,0,1,0,7,0,6,3,4,1.77,3,1.63,76,25,0.01,19,44.81,17,40,9,13,64,4.34,6.11,6,29,5,23,6,0,62,42.16,15,16,1,45.38,26,42,9,56,0,0,0,97,53,14,13,44,5,30,18,52,-1,52.23,6,0.69,1.03,65,91,6.66,15,5,2,3,1,7,9,0,60,4,40,2,27,59,14,20,40,40,22.86,14.95,0.89,98,-7.92,20.4,14.63
Will Spiers,Merthyr Town FC,786,Right Back,Right Centre Forward,England,20,,0,0,0.56,0.06,9,0,33,1,,0.42,2,0.83,12,2,0.83,12,0,0,0,2,1.39,21,0.61,21,18,3,86,15,0,16,12,9,11.49,20,26.06,153,86,0.02,57,33.29,20,73,19,28,70,24.3,35.78,6,56,8,47,7,1,128,146.15,42,25,10,36.18,36,28,15,60,2,0,0,372,80,47,7,68,28,61,16,74,-6,45.7,43,4.84,5.79,365,95,7.13,85,6,6,0,6,22,28,1,33,2,15,6,24,62,14,28,53,19,21.67,17.31,0.94,98,-4.36,20.4,16.93
Will Trueman,Buxton,1617,Right Defensive Midfielder,Left Defensive Midfielder,England,23,179,0,0,0.79,0.09,9,0,33,0,,1.53,0,0.79,5,0,0.79,5,0,0,0,0,1.58,14,-1.58,12,7,5,58,27,0,23,17,25,33.15,24,26.64,365,188,0.03,127,41.74,81,187,40,65,69,51.52,84.68,14,28,18,42,25,0,312,372.64,95,89,28,45.06,125,40,53,60,2,0,0,654,79,37,7,54,36,56,19,79,0,51.86,60,6.99,7.38,498,97,4.92,159,8,8,0,4,27,35,1,13,4,67,3,21,63,16,16,70,14,19.24,16.79,0.95,101,-2.45,18.25,16.92
Will Van Lier,King's Lynn Town FC,307,Right Wing Back,Right Centre Midfielder,England,21,180,0,0,0,,0,,,0,,0,1,0.25,3,1,0.25,3,0,0,0,1,0.25,3,0.75,3,2,1,67,6,0,1,8,2,2.61,10,14.15,77,29,0,25,43.45,14,31,8,10,67,9.93,12.55,9,57,4,70,7,0,64,82.64,20,19,6,48.18,29,45,13,68,1,0,0,121,72,6,17,43,13,11,19,68,-4,56.25,18,1.68,1.68,111,93,7.44,35,4,3,1,1,2,5,0,25,1,10,1,21,66,13,26,49,26,20.37,18.98,0.93,98,-1.39,18.99,18.64
William Jenkins-Davies,Bath City,2006,Right Midfielder,Right Wing,Wales,21,172,7,5,3.17,0.09,34,15,29,3,100,4.14,4,3.82,32,2,2.71,23,2,1.12,9,9,6.99,66,2.01,31,16,15,52,14,0,45,49,11,7.24,27,18.92,517,238,0.02,156,51.6,132,215,33,44,66,19.24,26.48,18,43,17,32,23,0,466,300.19,125,155,47,53.88,263,56,119,77,4,0,0,495,53,30,18,29,35,97,21,48,-5,64.94,37,5.41,9.22,390,86,6.04,147,44,26,18,7,66,92,3,23,17,37,13,21,66,13,18,64,18,19.77,14.36,0.9,92,-5.41,17.74,13.21
William John Dawes,Weston-super-Mare AFC,1469,Right Midfielder,Centre Attacking Midfielder,England,25,170,3,3,3.68,0.15,25,12,32,2,,4.52,4,3.31,27,4,3.23,26,0,0.08,1,7,6.99,52,0.01,32,21,11,66,46,2,43,45,19,17.49,10,10.46,454,180,0.01,141,50.5,92,181,49,68,73,41.24,58.73,35,39,18,32,28,0,370,351.32,110,109,36,50.81,187,51,79,72,5,0,0,586,63,36,25,37,28,79,23,68,5,59.16,64,8.12,11.41,526,90,5.54,167,20,19,1,7,58,77,1,35,9,17,11,22,61,17,22,54,25,19.61,16.36,0.88,97,-3.26,17.2,15.94
William Thornton,Scarborough Athletic,3222,Left Centre Back,Centre Back,England,28,191,1,1,1.3,0.11,12,8,33,0,,1.65,1,1.22,5,1,1.22,5,0,0,0,2,2.52,17,-0.52,7,6,1,86,36,0,9,8,36,30.43,225,230.89,414,194,0.06,215,25.47,43,461,60,96,80,61.86,92.29,26,56,15,66,173,1,328,303.1,140,95,32,30.37,45,14,28,29,4,0,0,946,64,79,14,40,253,172,20,45,-19,34.81,45,6.86,8.64,539,98,5.69,66,5,5,0,5,61,66,1,0,2,67,8,39,56,5,50,45,5,24.82,20.16,0.92,90,-4.65,22.84,18.13
Xavier Benjamin,Enfield Town FC,2933,Right Centre Back,Right Back,England,22,183,0,0,0.2,0.03,7,0,0,0,,0,1,0.58,4,1,0.58,4,0,0,0,1,0.78,11,0.22,10,8,2,80,27,0,13,12,38,24.45,132,83.48,430,195,0.07,197,27.46,123,427,43,81,84,31.57,56.03,38,65,8,50,57,0,350,219.18,129,84,37,32.97,69,20,34,40,7,1,0,711,63,52,16,41,141,117,18,64,0,44.47,106,5.67,6.3,431,96,5.52,114,8,5,3,3,10,15,1,25,2,22,3,45,48,7,39,58,4,21.75,16.63,0.9,94,-5.12,19.51,15.69
Yacou Traore,Enfield Town FC,403,Centre Defensive Midfielder,Right Defensive Midfielder,Burkina Faso,21,183,0,0,0.07,0.07,1,0,0,1,,0,1,0.75,3,1,0.75,3,0,0,0,1,0.81,4,0.19,2,1,1,50,8,0,1,4,6,3.18,8,4.37,103,56,0.03,32,31.4,24,66,20,26,87,11.76,14.94,6,67,3,40,4,0,78,42.53,21,19,2,34.77,15,19,12,63,1,0,0,123,73,4,10,24,13,12,18,65,-8,49.17,8,1.4,1.4,90,97,5.56,17,2,2,0,2,3,5,0,0,0,,2,27,64,9,24,65,12,21.52,23.08,0.84,95,1.56,18.18,21.95
Zac McEachran,Oxford City,1417,Centre Attacking Midfielder,Left Wing,England,30,171,3,3,2.23,0.12,18,17,44,1,,3.31,5,2.74,19,5,2.74,19,0,0,0,8,4.97,37,3.03,21,18,3,86,32,0,52,24,9,4.88,11,7.52,407,214,0,93,48.43,60,116,28,37,74,17.93,22.82,23,25,10,24,7,0,356,220.46,76,81,21,49.95,181,51,51,63,0,0,0,503,80,28,13,58,22,37,27,80,0,55.94,56,6.36,7.92,508,92,5.65,176,13,13,0,5,38,51,4,8,3,38,8,21,62,16,23,62,15,17.44,16.73,0.95,99,-0.71,16.62,16.63
Zachary Willis,Peterborough Sports FC,892,Right Centre Back,Centre Back,Wales,20,,0,0,0.15,0.05,3,0,33,0,,0.32,0,0.13,2,0,0.13,2,0,0,0,0,0.28,5,-0.28,6,5,1,83,8,0,5,2,6,7.36,56,67,131,69,0,51,25.45,18,122,17,23,68,18.9,26.26,12,50,8,57,23,0,102,114.81,37,21,11,28.69,14,14,7,33,3,0,0,392,73,34,4,40,69,71,15,61,-12,38.56,33,3.45,3.73,301,99,4.85,43,3,3,0,0,3,6,0,33,1,33,0,34,62,4,44,51,5,24.17,22.26,0.88,82,-1.91,21.21,18.24
Zak Gilsenan,Buxton,507,Centre Attacking Midfielder,Left Centre Forward,Australia,23,177,2,2,2.03,0.2,10,20,50,4,,2.59,0,0.43,2,0,0.43,2,0,0,0,2,2.47,12,-0.47,8,6,2,75,7,0,17,14,2,2.33,3,2.17,68,30,0,11,54.82,17,39,8,10,89,7.29,9.62,5,50,1,21,4,0,56,57.54,7,11,2,55.86,34,61,7,64,0,0,0,100,60,7,24,25,5,26,19,54,-6,57.02,17,3.13,3.78,104,90,6.15,31,3,3,0,2,17,20,2,0,1,17,2,23,60,17,19,74,6,22.37,15.14,0.81,72,-7.23,18.03,10.96
Zak Joseph,Chesham United FC,529,Centre Attacking Midfielder,Left Centre Midfielder,England,33,,1,1,0.54,0.05,10,10,40,3,,0.36,0,0.83,6,0,0.83,6,0,0,0,1,1.37,16,-0.37,5,2,3,40,14,0,17,13,3,2.24,1,0.73,108,32,0.01,30,58.04,30,46,8,11,62,6.39,8.63,8,20,5,28,5,0,92,88.47,22,26,9,61.27,68,74,21,81,1,0,0,144,79,2,16,25,1,8,21,75,-4,65.11,19,1.5,2.49,151,90,7.61,56,5,5,0,7,31,36,0,40,2,50,10,20,65,15,25,70,5,15.35,11.71,0.97,108,-3.64,14.93,12.69
Zanda Siziba,Kidderminster Harriers,450,Right Wing,Left Wing,Zimbabwe,22,175,1,1,0.73,0.08,9,11,44,4,,1.35,1,0.62,3,1,0.62,3,0,0,0,2,1.36,12,0.64,12,6,6,50,5,0,12,20,1,0.86,4,5.75,82,31,0.03,20,53.26,24,32,3,4,60,3.11,3.97,2,67,2,17,4,0,77,82.61,17,25,3,56.77,47,61,21,84,0,0,0,104,65,7,15,58,6,10,17,68,3,67.17,8,1.01,1.73,110,80,7.85,42,6,6,0,2,20,26,0,67,5,63,4,15,67,18,12,71,17,17.35,16.22,1.02,117,-1.13,17.71,19.01
